<?xml version="1.0" encoding="UTF-8"?>
<LidcReadMessage uid="1.3.6.1.4.1.14519.5.2.1.6279.6001.1307390712020.0" xmlns="http://www.nih.gov" xmlns:xsi="http://www.w3.org/2001/XMLSchema-instance" xsi:schemaLocation="http://www.nih.gov  http://troll.rad.med.umich.edu/lidc/LidcReadMessage.xsd">
<ResponseHeader>
<Version>1.8.1</Version>
<MessageId>-1601167749</MessageId>
<DateRequest>2008-09-15</DateRequest>
<TimeRequest>10:22:08</TimeRequest>
<RequestingSite>removed</RequestingSite>
<ServicingSite>removed</ServicingSite>
<TaskDescription>Second unblinded read</TaskDescription>
<CtImageFile>removed</CtImageFile>
<SeriesInstanceUid>1.3.6.1.4.1.14519.5.2.1.6279.6001.108197895896446896160048741492</SeriesInstanceUid>
<DateService>2009-05-29</DateService>
<TimeService>08:58:49</TimeService>
<ResponseDescription>1 - Reading complete</ResponseDescription>
<StudyInstanceUID>1.3.6.1.4.1.14519.5.2.1.6279.6001.140459664666732545368292166616</StudyInstanceUID></ResponseHeader>
<readingSession>
    <annotationVersion>3.12</annotationVersion>
    <servicingRadiologistID>-2003963131</servicingRadiologistID>
    <unblindedReadNodule>
      <noduleID>Nodule 001</noduleID>
      <characteristics>
        <subtlety>4</subtlety>
        <internalStructure>1</internalStructure>
        <calcification>6</calcification>
        <sphericity>4</sphericity>
        <margin>5</margin>
        <lobulation>1</lobulation>
        <spiculation>1</spiculation>
        <texture>5</texture>
        <malignancy>3</malignancy>
      </characteristics>
      <roi>
        <imageZposition>-233.750000 </imageZposition>
        <imageSOP_UID>1.3.6.1.4.1.14519.5.2.1.6279.6001.134434030374344811950832102451</imageSOP_UID>
        <inclusion>TRUE</inclusion>
        <edgeMap>
          <xCoord>109</xCoord>
          <yCoord>342</yCoord>
        </edgeMap>
        <edgeMap>
          <xCoord>108</xCoord>
          <yCoord>343</yCoord>
        </edgeMap>
        <edgeMap>
          <xCoord>107</xCoord>
          <yCoord>344</yCoord>
        </edgeMap>
        <edgeMap>
          <xCoord>106</xCoord>
          <yCoord>345</yCoord>
        </edgeMap>
        <edgeMap>
          <xCoord>106</xCoord>
          <yCoord>346</yCoord>
        </edgeMap>
        <edgeMap>
          <xCoord>106</xCoord>
          <yCoord>347</yCoord>
        </edgeMap>
        <edgeMap>
          <xCoord>106</xCoord>
          <yCoord>348</yCoord>
        </edgeMap>
        <edgeMap>
          <xCoord>106</xCoord>
          <yCoord>349</yCoord>
        </edgeMap>
        <edgeMap>
          <xCoord>107</xCoord>
          <yCoord>350</yCoord>
        </edgeMap>
        <edgeMap>
          <xCoord>108</xCoord>
          <yCoord>350</yCoord>
        </edgeMap>
        <edgeMap>
          <xCoord>109</xCoord>
          <yCoord>350</yCoord>
        </edgeMap>
        <edgeMap>
          <xCoord>110</xCoord>
          <yCoord>351</yCoord>
        </edgeMap>
        <edgeMap>
          <xCoord>111</xCoord>
          <yCoord>351</yCoord>
        </edgeMap>
        <edgeMap>
          <xCoord>112</xCoord>
          <yCoord>351</yCoord>
        </edgeMap>
        <edgeMap>
          <xCoord>113</xCoord>
          <yCoord>351</yCoord>
        </edgeMap>
        <edgeMap>
          <xCoord>114</xCoord>
          <yCoord>351</yCoord>
        </edgeMap>
        <edgeMap>
          <xCoord>115</xCoord>
          <yCoord>350</yCoord>
        </edgeMap>
        <edgeMap>
          <xCoord>116</xCoord>
          <yCoord>349</yCoord>
        </edgeMap>
        <edgeMap>
          <xCoord>116</xCoord>
          <yCoord>348</yCoord>
        </edgeMap>
        <edgeMap>
          <xCoord>116</xCoord>
          <yCoord>347</yCoord>
        </edgeMap>
        <edgeMap>
          <xCoord>116</xCoord>
          <yCoord>346</yCoord>
        </edgeMap>
        <edgeMap>
          <xCoord>115</xCoord>
          <yCoord>345</yCoord>
        </edgeMap>
        <edgeMap>
          <xCoord>114</xCoord>
          <yCoord>344</yCoord>
        </edgeMap>
        <edgeMap>
          <xCoord>113</xCoord>
          <yCoord>343</yCoord>
        </edgeMap>
        <edgeMap>
          <xCoord>112</xCoord>
          <yCoord>343</yCoord>
        </edgeMap>
        <edgeMap>
          <xCoord>111</xCoord>
          <yCoord>342</yCoord>
        </edgeMap>
        <edgeMap>
          <xCoord>110</xCoord>
          <yCoord>342</yCoord>
        </edgeMap>
        <edgeMap>
          <xCoord>109</xCoord>
          <yCoord>342</yCoord>
        </edgeMap>
      </roi>
      <roi>
        <imageZposition>-231.250000 </imageZposition>
        <imageSOP_UID>1.3.6.1.4.1.14519.5.2.1.6279.6001.215025312064685589324630399068</imageSOP_UID>
        <inclusion>TRUE</inclusion>
        <edgeMap>
          <xCoord>108</xCoord>
          <yCoord>342</yCoord>
        </edgeMap>
        <edgeMap>
          <xCoord>107</xCoord>
          <yCoord>343</yCoord>
        </edgeMap>
        <edgeMap>
          <xCoord>106</xCoord>
          <yCoord>344</yCoord>
        </edgeMap>
        <edgeMap>
          <xCoord>106</xCoord>
          <yCoord>345</yCoord>
        </edgeMap>
        <edgeMap>
          <xCoord>106</xCoord>
          <yCoord>346</yCoord>
        </edgeMap>
        <edgeMap>
          <xCoord>106</xCoord>
          <yCoord>347</yCoord>
        </edgeMap>
        <edgeMap>
          <xCoord>106</xCoord>
          <yCoord>348</yCoord>
        </edgeMap>
        <edgeMap>
          <xCoord>106</xCoord>
          <yCoord>349</yCoord>
        </edgeMap>
        <edgeMap>
          <xCoord>107</xCoord>
          <yCoord>350</yCoord>
        </edgeMap>
        <edgeMap>
          <xCoord>108</xCoord>
          <yCoord>350</yCoord>
        </edgeMap>
        <edgeMap>
          <xCoord>109</xCoord>
          <yCoord>351</yCoord>
        </edgeMap>
        <edgeMap>
          <xCoord>110</xCoord>
          <yCoord>351</yCoord>
        </edgeMap>
        <edgeMap>
          <xCoord>111</xCoord>
          <yCoord>351</yCoord>
        </edgeMap>
        <edgeMap>
          <xCoord>112</xCoord>
          <yCoord>351</yCoord>
        </edgeMap>
        <edgeMap>
          <xCoord>113</xCoord>
          <yCoord>350</yCoord>
        </edgeMap>
        <edgeMap>
          <xCoord>114</xCoord>
          <yCoord>349</yCoord>
        </edgeMap>
        <edgeMap>
          <xCoord>114</xCoord>
          <yCoord>348</yCoord>
        </edgeMap>
        <edgeMap>
          <xCoord>115</xCoord>
          <yCoord>347</yCoord>
        </edgeMap>
        <edgeMap>
          <xCoord>115</xCoord>
          <yCoord>346</yCoord>
        </edgeMap>
        <edgeMap>
          <xCoord>115</xCoord>
          <yCoord>345</yCoord>
        </edgeMap>
        <edgeMap>
          <xCoord>114</xCoord>
          <yCoord>344</yCoord>
        </edgeMap>
        <edgeMap>
          <xCoord>113</xCoord>
          <yCoord>343</yCoord>
        </edgeMap>
        <edgeMap>
          <xCoord>112</xCoord>
          <yCoord>342</yCoord>
        </edgeMap>
        <edgeMap>
          <xCoord>111</xCoord>
          <yCoord>342</yCoord>
        </edgeMap>
        <edgeMap>
          <xCoord>110</xCoord>
          <yCoord>342</yCoord>
        </edgeMap>
        <edgeMap>
          <xCoord>109</xCoord>
          <yCoord>342</yCoord>
        </edgeMap>
        <edgeMap>
          <xCoord>108</xCoord>
          <yCoord>342</yCoord>
        </edgeMap>
      </roi>
      <roi>
        <imageZposition>-228.750000 </imageZposition>
        <imageSOP_UID>1.3.6.1.4.1.14519.5.2.1.6279.6001.339084258997836887357767093083</imageSOP_UID>
        <inclusion>TRUE</inclusion>
        <edgeMap>
          <xCoord>107</xCoord>
          <yCoord>344</yCoord>
        </edgeMap>
        <edgeMap>
          <xCoord>106</xCoord>
          <yCoord>345</yCoord>
        </edgeMap>
        <edgeMap>
          <xCoord>105</xCoord>
          <yCoord>346</yCoord>
        </edgeMap>
        <edgeMap>
          <xCoord>105</xCoord>
          <yCoord>347</yCoord>
        </edgeMap>
        <edgeMap>
          <xCoord>105</xCoord>
          <yCoord>348</yCoord>
        </edgeMap>
        <edgeMap>
          <xCoord>106</xCoord>
          <yCoord>349</yCoord>
        </edgeMap>
        <edgeMap>
          <xCoord>107</xCoord>
          <yCoord>349</yCoord>
        </edgeMap>
        <edgeMap>
          <xCoord>108</xCoord>
          <yCoord>350</yCoord>
        </edgeMap>
        <edgeMap>
          <xCoord>109</xCoord>
          <yCoord>350</yCoord>
        </edgeMap>
        <edgeMap>
          <xCoord>110</xCoord>
          <yCoord>349</yCoord>
        </edgeMap>
        <edgeMap>
          <xCoord>111</xCoord>
          <yCoord>348</yCoord>
        </edgeMap>
        <edgeMap>
          <xCoord>112</xCoord>
          <yCoord>347</yCoord>
        </edgeMap>
        <edgeMap>
          <xCoord>113</xCoord>
          <yCoord>346</yCoord>
        </edgeMap>
        <edgeMap>
          <xCoord>112</xCoord>
          <yCoord>345</yCoord>
        </edgeMap>
        <edgeMap>
          <xCoord>111</xCoord>
          <yCoord>345</yCoord>
        </edgeMap>
        <edgeMap>
          <xCoord>110</xCoord>
          <yCoord>344</yCoord>
        </edgeMap>
        <edgeMap>
          <xCoord>109</xCoord>
          <yCoord>344</yCoord>
        </edgeMap>
        <edgeMap>
          <xCoord>108</xCoord>
          <yCoord>344</yCoord>
        </edgeMap>
        <edgeMap>
          <xCoord>107</xCoord>
          <yCoord>344</yCoord>
        </edgeMap>
      </roi>
    </unblindedReadNodule>
    <nonNodule>
      <nonNoduleID>_Non-nodule 001</nonNoduleID>
      <imageZposition>-253.750000 </imageZposition>
      <imageSOP_UID>1.3.6.1.4.1.14519.5.2.1.6279.6001.452128282707785913300361296513</imageSOP_UID>
      <locus>
        <xCoord>419</xCoord>
        <yCoord>201</yCoord>
      </locus>
    </nonNodule>
    <nonNodule>
      <nonNoduleID>_Non-nodule 002</nonNoduleID>
      <imageZposition>-276.250000 </imageZposition>
      <imageSOP_UID>1.3.6.1.4.1.14519.5.2.1.6279.6001.322403009562831302111306251566</imageSOP_UID>
      <locus>
        <xCoord>413</xCoord>
        <yCoord>322</yCoord>
      </locus>
    </nonNodule>
    <nonNodule>
      <nonNoduleID>_Non-nodule 003</nonNoduleID>
      <imageZposition>-213.750000 </imageZposition>
      <imageSOP_UID>1.3.6.1.4.1.14519.5.2.1.6279.6001.335181817521638638534919593853</imageSOP_UID>
      <locus>
        <xCoord>68</xCoord>
        <yCoord>269</yCoord>
      </locus>
    </nonNodule>
    <nonNodule>
      <nonNoduleID>_Non-nodule 004</nonNoduleID>
      <imageZposition>-208.750000 </imageZposition>
      <imageSOP_UID>1.3.6.1.4.1.14519.5.2.1.6279.6001.233378436654606616813033951824</imageSOP_UID>
      <locus>
        <xCoord>162</xCoord>
        <yCoord>144</yCoord>
      </locus>
    </nonNodule>
    <nonNodule>
      <nonNoduleID>_Non-nodule 005</nonNoduleID>
      <imageZposition>-46.250000</imageZposition>
      <imageSOP_UID>1.3.6.1.4.1.14519.5.2.1.6279.6001.135026563398379943745957009854</imageSOP_UID>
      <locus>
        <xCoord>323</xCoord>
        <yCoord>266</yCoord>
      </locus>
    </nonNodule>
  </readingSession>
<readingSession>
    <annotationVersion>3.12</annotationVersion>
    <servicingRadiologistID>1222125150</servicingRadiologistID>
    <unblindedReadNodule>
      <noduleID>IL057_196978</noduleID>
      <characteristics>
        <subtlety>3</subtlety>
        <internalStructure>1</internalStructure>
        <calcification>6</calcification>
        <sphericity>5</sphericity>
        <margin>3</margin>
        <lobulation>1</lobulation>
        <spiculation>1</spiculation>
        <texture>5</texture>
        <malignancy>3</malignancy>
      </characteristics>
      <roi>
        <imageZposition>-228.75</imageZposition>
        <imageSOP_UID>1.3.6.1.4.1.14519.5.2.1.6279.6001.339084258997836887357767093083</imageSOP_UID>
        <inclusion>TRUE</inclusion>
        <edgeMap>
          <xCoord>111</xCoord>
          <yCoord>349</yCoord>
        </edgeMap>
        <edgeMap>
          <xCoord>112</xCoord>
          <yCoord>348</yCoord>
        </edgeMap>
        <edgeMap>
          <xCoord>112</xCoord>
          <yCoord>347</yCoord>
        </edgeMap>
        <edgeMap>
          <xCoord>112</xCoord>
          <yCoord>346</yCoord>
        </edgeMap>
        <edgeMap>
          <xCoord>111</xCoord>
          <yCoord>345</yCoord>
        </edgeMap>
        <edgeMap>
          <xCoord>110</xCoord>
          <yCoord>344</yCoord>
        </edgeMap>
        <edgeMap>
          <xCoord>109</xCoord>
          <yCoord>344</yCoord>
        </edgeMap>
        <edgeMap>
          <xCoord>108</xCoord>
          <yCoord>345</yCoord>
        </edgeMap>
        <edgeMap>
          <xCoord>107</xCoord>
          <yCoord>345</yCoord>
        </edgeMap>
        <edgeMap>
          <xCoord>106</xCoord>
          <yCoord>346</yCoord>
        </edgeMap>
        <edgeMap>
          <xCoord>106</xCoord>
          <yCoord>347</yCoord>
        </edgeMap>
        <edgeMap>
          <xCoord>107</xCoord>
          <yCoord>348</yCoord>
        </edgeMap>
        <edgeMap>
          <xCoord>108</xCoord>
          <yCoord>349</yCoord>
        </edgeMap>
        <edgeMap>
          <xCoord>109</xCoord>
          <yCoord>349</yCoord>
        </edgeMap>
        <edgeMap>
          <xCoord>110</xCoord>
          <yCoord>349</yCoord>
        </edgeMap>
        <edgeMap>
          <xCoord>111</xCoord>
          <yCoord>349</yCoord>
        </edgeMap>
      </roi>
      <roi>
        <imageZposition>-231.25</imageZposition>
        <imageSOP_UID>1.3.6.1.4.1.14519.5.2.1.6279.6001.215025312064685589324630399068</imageSOP_UID>
        <inclusion>TRUE</inclusion>
        <edgeMap>
          <xCoord>113</xCoord>
          <yCoord>352</yCoord>
        </edgeMap>
        <edgeMap>
          <xCoord>114</xCoord>
          <yCoord>351</yCoord>
        </edgeMap>
        <edgeMap>
          <xCoord>114</xCoord>
          <yCoord>350</yCoord>
        </edgeMap>
        <edgeMap>
          <xCoord>114</xCoord>
          <yCoord>349</yCoord>
        </edgeMap>
        <edgeMap>
          <xCoord>115</xCoord>
          <yCoord>348</yCoord>
        </edgeMap>
        <edgeMap>
          <xCoord>115</xCoord>
          <yCoord>347</yCoord>
        </edgeMap>
        <edgeMap>
          <xCoord>115</xCoord>
          <yCoord>346</yCoord>
        </edgeMap>
        <edgeMap>
          <xCoord>114</xCoord>
          <yCoord>345</yCoord>
        </edgeMap>
        <edgeMap>
          <xCoord>113</xCoord>
          <yCoord>344</yCoord>
        </edgeMap>
        <edgeMap>
          <xCoord>112</xCoord>
          <yCoord>343</yCoord>
        </edgeMap>
        <edgeMap>
          <xCoord>111</xCoord>
          <yCoord>343</yCoord>
        </edgeMap>
        <edgeMap>
          <xCoord>110</xCoord>
          <yCoord>343</yCoord>
        </edgeMap>
        <edgeMap>
          <xCoord>109</xCoord>
          <yCoord>343</yCoord>
        </edgeMap>
        <edgeMap>
          <xCoord>108</xCoord>
          <yCoord>344</yCoord>
        </edgeMap>
        <edgeMap>
          <xCoord>107</xCoord>
          <yCoord>345</yCoord>
        </edgeMap>
        <edgeMap>
          <xCoord>106</xCoord>
          <yCoord>346</yCoord>
        </edgeMap>
        <edgeMap>
          <xCoord>106</xCoord>
          <yCoord>347</yCoord>
        </edgeMap>
        <edgeMap>
          <xCoord>106</xCoord>
          <yCoord>348</yCoord>
        </edgeMap>
        <edgeMap>
          <xCoord>107</xCoord>
          <yCoord>349</yCoord>
        </edgeMap>
        <edgeMap>
          <xCoord>108</xCoord>
          <yCoord>350</yCoord>
        </edgeMap>
        <edgeMap>
          <xCoord>109</xCoord>
          <yCoord>351</yCoord>
        </edgeMap>
        <edgeMap>
          <xCoord>110</xCoord>
          <yCoord>351</yCoord>
        </edgeMap>
        <edgeMap>
          <xCoord>111</xCoord>
          <yCoord>351</yCoord>
        </edgeMap>
        <edgeMap>
          <xCoord>112</xCoord>
          <yCoord>351</yCoord>
        </edgeMap>
        <edgeMap>
          <xCoord>113</xCoord>
          <yCoord>352</yCoord>
        </edgeMap>
      </roi>
      <roi>
        <imageZposition>-233.75</imageZposition>
        <imageSOP_UID>1.3.6.1.4.1.14519.5.2.1.6279.6001.134434030374344811950832102451</imageSOP_UID>
        <inclusion>TRUE</inclusion>
        <edgeMap>
          <xCoord>112</xCoord>
          <yCoord>350</yCoord>
        </edgeMap>
        <edgeMap>
          <xCoord>113</xCoord>
          <yCoord>349</yCoord>
        </edgeMap>
        <edgeMap>
          <xCoord>114</xCoord>
          <yCoord>349</yCoord>
        </edgeMap>
        <edgeMap>
          <xCoord>115</xCoord>
          <yCoord>348</yCoord>
        </edgeMap>
        <edgeMap>
          <xCoord>116</xCoord>
          <yCoord>347</yCoord>
        </edgeMap>
        <edgeMap>
          <xCoord>116</xCoord>
          <yCoord>346</yCoord>
        </edgeMap>
        <edgeMap>
          <xCoord>116</xCoord>
          <yCoord>345</yCoord>
        </edgeMap>
        <edgeMap>
          <xCoord>115</xCoord>
          <yCoord>344</yCoord>
        </edgeMap>
        <edgeMap>
          <xCoord>115</xCoord>
          <yCoord>343</yCoord>
        </edgeMap>
        <edgeMap>
          <xCoord>114</xCoord>
          <yCoord>342</yCoord>
        </edgeMap>
        <edgeMap>
          <xCoord>113</xCoord>
          <yCoord>343</yCoord>
        </edgeMap>
        <edgeMap>
          <xCoord>112</xCoord>
          <yCoord>343</yCoord>
        </edgeMap>
        <edgeMap>
          <xCoord>111</xCoord>
          <yCoord>343</yCoord>
        </edgeMap>
        <edgeMap>
          <xCoord>110</xCoord>
          <yCoord>343</yCoord>
        </edgeMap>
        <edgeMap>
          <xCoord>109</xCoord>
          <yCoord>344</yCoord>
        </edgeMap>
        <edgeMap>
          <xCoord>108</xCoord>
          <yCoord>345</yCoord>
        </edgeMap>
        <edgeMap>
          <xCoord>107</xCoord>
          <yCoord>346</yCoord>
        </edgeMap>
        <edgeMap>
          <xCoord>107</xCoord>
          <yCoord>347</yCoord>
        </edgeMap>
        <edgeMap>
          <xCoord>107</xCoord>
          <yCoord>348</yCoord>
        </edgeMap>
        <edgeMap>
          <xCoord>108</xCoord>
          <yCoord>349</yCoord>
        </edgeMap>
        <edgeMap>
          <xCoord>109</xCoord>
          <yCoord>350</yCoord>
        </edgeMap>
        <edgeMap>
          <xCoord>110</xCoord>
          <yCoord>350</yCoord>
        </edgeMap>
        <edgeMap>
          <xCoord>111</xCoord>
          <yCoord>350</yCoord>
        </edgeMap>
        <edgeMap>
          <xCoord>112</xCoord>
          <yCoord>350</yCoord>
        </edgeMap>
      </roi>
    </unblindedReadNodule>
  </readingSession>
<readingSession>
<annotationVersion>3.12</annotationVersion>
<servicingRadiologistID>-578451561</servicingRadiologistID>
<unblindedReadNodule>
<noduleID>MI014_14696</noduleID>
<characteristics>
<subtlety>1</subtlety>
<internalStructure>1</internalStructure>
<calcification>6</calcification>
<sphericity>3</sphericity>
<margin>5</margin>
<lobulation>1</lobulation>
<spiculation>1</spiculation>
<texture>5</texture>
<malignancy>3</malignancy>
</characteristics>
<roi>
<imageZposition>-228.75</imageZposition>
<imageSOP_UID>1.3.6.1.4.1.14519.5.2.1.6279.6001.339084258997836887357767093083</imageSOP_UID>
<inclusion>TRUE</inclusion>
<edgeMap>
<xCoord>111</xCoord>
<yCoord>348</yCoord>
</edgeMap>
<edgeMap>
<xCoord>111</xCoord>
<yCoord>347</yCoord>
</edgeMap>
<edgeMap>
<xCoord>111</xCoord>
<yCoord>346</yCoord>
</edgeMap>
<edgeMap>
<xCoord>110</xCoord>
<yCoord>345</yCoord>
</edgeMap>
<edgeMap>
<xCoord>109</xCoord>
<yCoord>345</yCoord>
</edgeMap>
<edgeMap>
<xCoord>108</xCoord>
<yCoord>346</yCoord>
</edgeMap>
<edgeMap>
<xCoord>107</xCoord>
<yCoord>346</yCoord>
</edgeMap>
<edgeMap>
<xCoord>107</xCoord>
<yCoord>347</yCoord>
</edgeMap>
<edgeMap>
<xCoord>108</xCoord>
<yCoord>348</yCoord>
</edgeMap>
<edgeMap>
<xCoord>109</xCoord>
<yCoord>348</yCoord>
</edgeMap>
<edgeMap>
<xCoord>110</xCoord>
<yCoord>348</yCoord>
</edgeMap>
<edgeMap>
<xCoord>111</xCoord>
<yCoord>348</yCoord>
</edgeMap>
</roi>
<roi>
<imageZposition>-231.25</imageZposition>
<imageSOP_UID>1.3.6.1.4.1.14519.5.2.1.6279.6001.215025312064685589324630399068</imageSOP_UID>
<inclusion>TRUE</inclusion>
<edgeMap>
<xCoord>113</xCoord>
<yCoord>350</yCoord>
</edgeMap>
<edgeMap>
<xCoord>113</xCoord>
<yCoord>349</yCoord>
</edgeMap>
<edgeMap>
<xCoord>114</xCoord>
<yCoord>348</yCoord>
</edgeMap>
<edgeMap>
<xCoord>114</xCoord>
<yCoord>347</yCoord>
</edgeMap>
<edgeMap>
<xCoord>114</xCoord>
<yCoord>346</yCoord>
</edgeMap>
<edgeMap>
<xCoord>113</xCoord>
<yCoord>345</yCoord>
</edgeMap>
<edgeMap>
<xCoord>112</xCoord>
<yCoord>344</yCoord>
</edgeMap>
<edgeMap>
<xCoord>111</xCoord>
<yCoord>344</yCoord>
</edgeMap>
<edgeMap>
<xCoord>110</xCoord>
<yCoord>344</yCoord>
</edgeMap>
<edgeMap>
<xCoord>109</xCoord>
<yCoord>344</yCoord>
</edgeMap>
<edgeMap>
<xCoord>108</xCoord>
<yCoord>345</yCoord>
</edgeMap>
<edgeMap>
<xCoord>107</xCoord>
<yCoord>346</yCoord>
</edgeMap>
<edgeMap>
<xCoord>107</xCoord>
<yCoord>347</yCoord>
</edgeMap>
<edgeMap>
<xCoord>107</xCoord>
<yCoord>348</yCoord>
</edgeMap>
<edgeMap>
<xCoord>108</xCoord>
<yCoord>349</yCoord>
</edgeMap>
<edgeMap>
<xCoord>109</xCoord>
<yCoord>350</yCoord>
</edgeMap>
<edgeMap>
<xCoord>110</xCoord>
<yCoord>350</yCoord>
</edgeMap>
<edgeMap>
<xCoord>111</xCoord>
<yCoord>350</yCoord>
</edgeMap>
<edgeMap>
<xCoord>112</xCoord>
<yCoord>350</yCoord>
</edgeMap>
<edgeMap>
<xCoord>113</xCoord>
<yCoord>350</yCoord>
</edgeMap>
</roi>
<roi>
<imageZposition>-233.75</imageZposition>
<imageSOP_UID>1.3.6.1.4.1.14519.5.2.1.6279.6001.134434030374344811950832102451</imageSOP_UID>
<inclusion>TRUE</inclusion>
<edgeMap>
<xCoord>112</xCoord>
<yCoord>349</yCoord>
</edgeMap>
<edgeMap>
<xCoord>113</xCoord>
<yCoord>348</yCoord>
</edgeMap>
<edgeMap>
<xCoord>114</xCoord>
<yCoord>348</yCoord>
</edgeMap>
<edgeMap>
<xCoord>115</xCoord>
<yCoord>347</yCoord>
</edgeMap>
<edgeMap>
<xCoord>115</xCoord>
<yCoord>346</yCoord>
</edgeMap>
<edgeMap>
<xCoord>115</xCoord>
<yCoord>345</yCoord>
</edgeMap>
<edgeMap>
<xCoord>114</xCoord>
<yCoord>346</yCoord>
</edgeMap>
<edgeMap>
<xCoord>113</xCoord>
<yCoord>345</yCoord>
</edgeMap>
<edgeMap>
<xCoord>112</xCoord>
<yCoord>345</yCoord>
</edgeMap>
<edgeMap>
<xCoord>111</xCoord>
<yCoord>344</yCoord>
</edgeMap>
<edgeMap>
<xCoord>110</xCoord>
<yCoord>344</yCoord>
</edgeMap>
<edgeMap>
<xCoord>109</xCoord>
<yCoord>345</yCoord>
</edgeMap>
<edgeMap>
<xCoord>108</xCoord>
<yCoord>346</yCoord>
</edgeMap>
<edgeMap>
<xCoord>108</xCoord>
<yCoord>347</yCoord>
</edgeMap>
<edgeMap>
<xCoord>108</xCoord>
<yCoord>348</yCoord>
</edgeMap>
<edgeMap>
<xCoord>109</xCoord>
<yCoord>349</yCoord>
</edgeMap>
<edgeMap>
<xCoord>110</xCoord>
<yCoord>349</yCoord>
</edgeMap>
<edgeMap>
<xCoord>111</xCoord>
<yCoord>349</yCoord>
</edgeMap>
<edgeMap>
<xCoord>112</xCoord>
<yCoord>349</yCoord>
</edgeMap>
</roi>
</unblindedReadNodule>
<nonNodule>
<nonNoduleID>MI014_14689</nonNoduleID>
<imageZposition>-46.25</imageZposition>
<imageSOP_UID>1.3.6.1.4.1.14519.5.2.1.6279.6001.135026563398379943745957009854</imageSOP_UID>
<locus>
<xCoord>324</xCoord>
<yCoord>266</yCoord>
</locus>
</nonNodule>
<nonNodule>
<nonNoduleID>MI014_14690</nonNoduleID>
<imageZposition>-46.25</imageZposition>
<imageSOP_UID>1.3.6.1.4.1.14519.5.2.1.6279.6001.135026563398379943745957009854</imageSOP_UID>
<locus>
<xCoord>216</xCoord>
<yCoord>269</yCoord>
</locus>
</nonNodule>
<nonNodule>
<nonNoduleID>MI014_14691</nonNoduleID>
<imageZposition>-193.75</imageZposition>
<imageSOP_UID>1.3.6.1.4.1.14519.5.2.1.6279.6001.193232254779112157746271239772</imageSOP_UID>
<locus>
<xCoord>135</xCoord>
<yCoord>151</yCoord>
</locus>
</nonNodule>
<nonNodule>
<nonNoduleID>MI014_14692</nonNoduleID>
<imageZposition>-208.75</imageZposition>
<imageSOP_UID>1.3.6.1.4.1.14519.5.2.1.6279.6001.233378436654606616813033951824</imageSOP_UID>
<locus>
<xCoord>163</xCoord>
<yCoord>145</yCoord>
</locus>
</nonNodule>
<nonNodule>
<nonNoduleID>MI014_14693</nonNoduleID>
<imageZposition>-213.75</imageZposition>
<imageSOP_UID>1.3.6.1.4.1.14519.5.2.1.6279.6001.335181817521638638534919593853</imageSOP_UID>
<locus>
<xCoord>69</xCoord>
<yCoord>271</yCoord>
</locus>
</nonNodule>
<nonNodule>
<nonNoduleID>MI014_14694</nonNoduleID>
<imageZposition>-281.25</imageZposition>
<imageSOP_UID>1.3.6.1.4.1.14519.5.2.1.6279.6001.284424329155316837202094625569</imageSOP_UID>
<locus>
<xCoord>422</xCoord>
<yCoord>321</yCoord>
</locus>
</nonNodule>
<nonNodule>
<nonNoduleID>MI014_14687</nonNoduleID>
<imageZposition>-253.75</imageZposition>
<imageSOP_UID>1.3.6.1.4.1.14519.5.2.1.6279.6001.452128282707785913300361296513</imageSOP_UID>
<locus>
<xCoord>419</xCoord>
<yCoord>201</yCoord>
</locus>
</nonNodule>
<nonNodule>
<nonNoduleID>MI014_14688</nonNoduleID>
<imageZposition>-276.25</imageZposition>
<imageSOP_UID>1.3.6.1.4.1.14519.5.2.1.6279.6001.322403009562831302111306251566</imageSOP_UID>
<locus>
<xCoord>413</xCoord>
<yCoord>322</yCoord>
</locus>
</nonNodule>
</readingSession>
<readingSession>
		<annotationVersion>3.12</annotationVersion>
		<servicingRadiologistID>922578136</servicingRadiologistID>
			<unblindedReadNodule>
				<noduleID>0</noduleID>
				<characteristics>
					<subtlety>3</subtlety>
					<internalStructure>1</internalStructure>
					<calcification>6</calcification>
					<sphericity>5</sphericity>
					<margin>5</margin>
					<lobulation>1</lobulation>
					<spiculation>1</spiculation>
					<texture>5</texture>
					<malignancy>2</malignancy>
				</characteristics>
				<roi>
					<imageZposition>-228.75</imageZposition>
					<imageSOP_UID>1.3.6.1.4.1.14519.5.2.1.6279.6001.339084258997836887357767093083</imageSOP_UID>
					<inclusion>TRUE</inclusion>
					<edgeMap>
					<xCoord>109</xCoord>
					<yCoord>343</yCoord>
					</edgeMap>
					<edgeMap>
					<xCoord>108</xCoord>
					<yCoord>344</yCoord>
					</edgeMap>
					<edgeMap>
					<xCoord>107</xCoord>
					<yCoord>345</yCoord>
					</edgeMap>
					<edgeMap>
					<xCoord>106</xCoord>
					<yCoord>346</yCoord>
					</edgeMap>
					<edgeMap>
					<xCoord>105</xCoord>
					<yCoord>346</yCoord>
					</edgeMap>
					<edgeMap>
					<xCoord>106</xCoord>
					<yCoord>347</yCoord>
					</edgeMap>
					<edgeMap>
					<xCoord>107</xCoord>
					<yCoord>348</yCoord>
					</edgeMap>
					<edgeMap>
					<xCoord>108</xCoord>
					<yCoord>348</yCoord>
					</edgeMap>
					<edgeMap>
					<xCoord>109</xCoord>
					<yCoord>349</yCoord>
					</edgeMap>
					<edgeMap>
					<xCoord>110</xCoord>
					<yCoord>349</yCoord>
					</edgeMap>
					<edgeMap>
					<xCoord>111</xCoord>
					<yCoord>349</yCoord>
					</edgeMap>
					<edgeMap>
					<xCoord>111</xCoord>
					<yCoord>348</yCoord>
					</edgeMap>
					<edgeMap>
					<xCoord>111</xCoord>
					<yCoord>347</yCoord>
					</edgeMap>
					<edgeMap>
					<xCoord>111</xCoord>
					<yCoord>346</yCoord>
					</edgeMap>
					<edgeMap>
					<xCoord>112</xCoord>
					<yCoord>346</yCoord>
					</edgeMap>
					<edgeMap>
					<xCoord>111</xCoord>
					<yCoord>345</yCoord>
					</edgeMap>
					<edgeMap>
					<xCoord>110</xCoord>
					<yCoord>344</yCoord>
					</edgeMap>
					<edgeMap>
					<xCoord>109</xCoord>
					<yCoord>344</yCoord>
					</edgeMap>
					<edgeMap>
					<xCoord>109</xCoord>
					<yCoord>343</yCoord>
					</edgeMap>
				</roi>
				<roi>
					<imageZposition>-231.25</imageZposition>
					<imageSOP_UID>1.3.6.1.4.1.14519.5.2.1.6279.6001.215025312064685589324630399068</imageSOP_UID>
					<inclusion>TRUE</inclusion>
					<edgeMap>
					<xCoord>109</xCoord>
					<yCoord>343</yCoord>
					</edgeMap>
					<edgeMap>
					<xCoord>108</xCoord>
					<yCoord>344</yCoord>
					</edgeMap>
					<edgeMap>
					<xCoord>108</xCoord>
					<yCoord>345</yCoord>
					</edgeMap>
					<edgeMap>
					<xCoord>107</xCoord>
					<yCoord>346</yCoord>
					</edgeMap>
					<edgeMap>
					<xCoord>107</xCoord>
					<yCoord>347</yCoord>
					</edgeMap>
					<edgeMap>
					<xCoord>108</xCoord>
					<yCoord>348</yCoord>
					</edgeMap>
					<edgeMap>
					<xCoord>109</xCoord>
					<yCoord>348</yCoord>
					</edgeMap>
					<edgeMap>
					<xCoord>110</xCoord>
					<yCoord>349</yCoord>
					</edgeMap>
					<edgeMap>
					<xCoord>111</xCoord>
					<yCoord>349</yCoord>
					</edgeMap>
					<edgeMap>
					<xCoord>112</xCoord>
					<yCoord>349</yCoord>
					</edgeMap>
					<edgeMap>
					<xCoord>113</xCoord>
					<yCoord>349</yCoord>
					</edgeMap>
					<edgeMap>
					<xCoord>114</xCoord>
					<yCoord>348</yCoord>
					</edgeMap>
					<edgeMap>
					<xCoord>114</xCoord>
					<yCoord>347</yCoord>
					</edgeMap>
					<edgeMap>
					<xCoord>114</xCoord>
					<yCoord>346</yCoord>
					</edgeMap>
					<edgeMap>
					<xCoord>113</xCoord>
					<yCoord>345</yCoord>
					</edgeMap>
					<edgeMap>
					<xCoord>112</xCoord>
					<yCoord>344</yCoord>
					</edgeMap>
					<edgeMap>
					<xCoord>112</xCoord>
					<yCoord>343</yCoord>
					</edgeMap>
					<edgeMap>
					<xCoord>111</xCoord>
					<yCoord>343</yCoord>
					</edgeMap>
					<edgeMap>
					<xCoord>110</xCoord>
					<yCoord>343</yCoord>
					</edgeMap>
					<edgeMap>
					<xCoord>109</xCoord>
					<yCoord>343</yCoord>
					</edgeMap>
				</roi>
				<roi>
					<imageZposition>-233.75</imageZposition>
					<imageSOP_UID>1.3.6.1.4.1.14519.5.2.1.6279.6001.134434030374344811950832102451</imageSOP_UID>
					<inclusion>TRUE</inclusion>
					<edgeMap>
					<xCoord>111</xCoord>
					<yCoord>342</yCoord>
					</edgeMap>
					<edgeMap>
					<xCoord>110</xCoord>
					<yCoord>343</yCoord>
					</edgeMap>
					<edgeMap>
					<xCoord>109</xCoord>
					<yCoord>344</yCoord>
					</edgeMap>
					<edgeMap>
					<xCoord>108</xCoord>
					<yCoord>345</yCoord>
					</edgeMap>
					<edgeMap>
					<xCoord>107</xCoord>
					<yCoord>346</yCoord>
					</edgeMap>
					<edgeMap>
					<xCoord>108</xCoord>
					<yCoord>347</yCoord>
					</edgeMap>
					<edgeMap>
					<xCoord>109</xCoord>
					<yCoord>348</yCoord>
					</edgeMap>
					<edgeMap>
					<xCoord>110</xCoord>
					<yCoord>349</yCoord>
					</edgeMap>
					<edgeMap>
					<xCoord>111</xCoord>
					<yCoord>348</yCoord>
					</edgeMap>
					<edgeMap>
					<xCoord>112</xCoord>
					<yCoord>348</yCoord>
					</edgeMap>
					<edgeMap>
					<xCoord>113</xCoord>
					<yCoord>347</yCoord>
					</edgeMap>
					<edgeMap>
					<xCoord>114</xCoord>
					<yCoord>347</yCoord>
					</edgeMap>
					<edgeMap>
					<xCoord>114</xCoord>
					<yCoord>346</yCoord>
					</edgeMap>
					<edgeMap>
					<xCoord>114</xCoord>
					<yCoord>345</yCoord>
					</edgeMap>
					<edgeMap>
					<xCoord>113</xCoord>
					<yCoord>344</yCoord>
					</edgeMap>
					<edgeMap>
					<xCoord>112</xCoord>
					<yCoord>344</yCoord>
					</edgeMap>
					<edgeMap>
					<xCoord>111</xCoord>
					<yCoord>343</yCoord>
					</edgeMap>
					<edgeMap>
					<xCoord>111</xCoord>
					<yCoord>342</yCoord>
					</edgeMap>
				</roi>
			</unblindedReadNodule>
			<nonNodule>
				<nonNoduleID>1</nonNoduleID>
				<imageZposition>-276.25</imageZposition>
				<imageSOP_UID>1.3.6.1.4.1.14519.5.2.1.6279.6001.322403009562831302111306251566</imageSOP_UID>
				<locus>
					<xCoord>417</xCoord>
					<yCoord>322</yCoord>
				</locus>
			</nonNodule>
	</readingSession>
</LidcReadMessage>