<?xml version="1.0" encoding="UTF-8"?>
<LidcReadMessage uid="1.3.6.1.4.1.14519.5.2.1.6279.6001.1307390652496.0" xmlns="http://www.nih.gov" xmlns:xsi="http://www.w3.org/2001/XMLSchema-instance" xsi:schemaLocation="http://www.nih.gov  http://troll.rad.med.umich.edu/lidc/LidcReadMessage.xsd">
<ResponseHeader>
<Version>1.8</Version>
<MessageId>2441165</MessageId>
<DateRequest>2005-10-26</DateRequest>
<TimeRequest>00:00:00</TimeRequest>
<RequestingSite>removed</RequestingSite>
<ServicingSite>removed</ServicingSite>
<TaskDescription>Second unblinded read</TaskDescription>

<CtImageFile>removed</CtImageFile>
<SeriesInstanceUid>1.3.6.1.4.1.14519.5.2.1.6279.6001.102962801900681595502684962582</SeriesInstanceUid>
<DateService>2005-10-26</DateService>
<TimeService>00:00:00</TimeService>
<ResponseDescription>1 - Reading complete</ResponseDescription>
<StudyInstanceUID>1.3.6.1.4.1.14519.5.2.1.6279.6001.593684538737645231443136404239</StudyInstanceUID></ResponseHeader>
<readingSession>
<annotationVersion>3.12</annotationVersion>
<servicingRadiologistID>anon</servicingRadiologistID>
<unblindedReadNodule>

<noduleID>70338</noduleID>
<characteristics>
<subtlety>5</subtlety>
<internalStructure>1</internalStructure>
<calcification>6</calcification>
<sphericity>5</sphericity>
<margin>5</margin>
<lobulation>1</lobulation>
<spiculation>1</spiculation>

<texture>5</texture>
<malignancy>5</malignancy>
</characteristics>
<roi>
<imageZposition>1527.5</imageZposition>
<imageSOP_UID>1.3.6.1.4.1.14519.5.2.1.6279.6001.329460858394908713242051424762</imageSOP_UID>
<inclusion>TRUE</inclusion>
<edgeMap>
<xCoord>362</xCoord>
<yCoord>396</yCoord>

</edgeMap>
<edgeMap>
<xCoord>363</xCoord>
<yCoord>395</yCoord>
</edgeMap>
<edgeMap>
<xCoord>364</xCoord>
<yCoord>394</yCoord>
</edgeMap>
<edgeMap>
<xCoord>363</xCoord>
<yCoord>393</yCoord>

</edgeMap>
<edgeMap>
<xCoord>363</xCoord>
<yCoord>392</yCoord>
</edgeMap>
<edgeMap>
<xCoord>362</xCoord>
<yCoord>391</yCoord>
</edgeMap>
<edgeMap>
<xCoord>362</xCoord>
<yCoord>390</yCoord>

</edgeMap>
<edgeMap>
<xCoord>361</xCoord>
<yCoord>389</yCoord>
</edgeMap>
<edgeMap>
<xCoord>360</xCoord>
<yCoord>388</yCoord>
</edgeMap>
<edgeMap>
<xCoord>360</xCoord>
<yCoord>387</yCoord>

</edgeMap>
<edgeMap>
<xCoord>359</xCoord>
<yCoord>386</yCoord>
</edgeMap>
<edgeMap>
<xCoord>358</xCoord>
<yCoord>386</yCoord>
</edgeMap>
<edgeMap>
<xCoord>357</xCoord>
<yCoord>387</yCoord>

</edgeMap>
<edgeMap>
<xCoord>356</xCoord>
<yCoord>387</yCoord>
</edgeMap>
<edgeMap>
<xCoord>355</xCoord>
<yCoord>387</yCoord>
</edgeMap>
<edgeMap>
<xCoord>355</xCoord>
<yCoord>388</yCoord>

</edgeMap>
<edgeMap>
<xCoord>355</xCoord>
<yCoord>389</yCoord>
</edgeMap>
<edgeMap>
<xCoord>354</xCoord>
<yCoord>390</yCoord>
</edgeMap>
<edgeMap>
<xCoord>354</xCoord>
<yCoord>391</yCoord>

</edgeMap>
<edgeMap>
<xCoord>354</xCoord>
<yCoord>392</yCoord>
</edgeMap>
<edgeMap>
<xCoord>354</xCoord>
<yCoord>393</yCoord>
</edgeMap>
<edgeMap>
<xCoord>355</xCoord>
<yCoord>394</yCoord>

</edgeMap>
<edgeMap>
<xCoord>356</xCoord>
<yCoord>395</yCoord>
</edgeMap>
<edgeMap>
<xCoord>357</xCoord>
<yCoord>396</yCoord>
</edgeMap>
<edgeMap>
<xCoord>358</xCoord>
<yCoord>396</yCoord>

</edgeMap>
<edgeMap>
<xCoord>359</xCoord>
<yCoord>396</yCoord>
</edgeMap>
<edgeMap>
<xCoord>360</xCoord>
<yCoord>396</yCoord>
</edgeMap>
<edgeMap>
<xCoord>361</xCoord>
<yCoord>396</yCoord>

</edgeMap>
<edgeMap>
<xCoord>362</xCoord>
<yCoord>396</yCoord>
</edgeMap>
</roi>
<roi>
<imageZposition>1524.5</imageZposition>
<imageSOP_UID>1.3.6.1.4.1.14519.5.2.1.6279.6001.141479014675429749092695387417</imageSOP_UID>
<inclusion>TRUE</inclusion>
<edgeMap>
<xCoord>363</xCoord>

<yCoord>399</yCoord>
</edgeMap>
<edgeMap>
<xCoord>364</xCoord>
<yCoord>398</yCoord>
</edgeMap>
<edgeMap>
<xCoord>365</xCoord>
<yCoord>397</yCoord>
</edgeMap>
<edgeMap>
<xCoord>366</xCoord>

<yCoord>396</yCoord>
</edgeMap>
<edgeMap>
<xCoord>366</xCoord>
<yCoord>395</yCoord>
</edgeMap>
<edgeMap>
<xCoord>367</xCoord>
<yCoord>394</yCoord>
</edgeMap>
<edgeMap>
<xCoord>367</xCoord>

<yCoord>393</yCoord>
</edgeMap>
<edgeMap>
<xCoord>366</xCoord>
<yCoord>392</yCoord>
</edgeMap>
<edgeMap>
<xCoord>366</xCoord>
<yCoord>391</yCoord>
</edgeMap>
<edgeMap>
<xCoord>366</xCoord>

<yCoord>390</yCoord>
</edgeMap>
<edgeMap>
<xCoord>365</xCoord>
<yCoord>389</yCoord>
</edgeMap>
<edgeMap>
<xCoord>365</xCoord>
<yCoord>388</yCoord>
</edgeMap>
<edgeMap>
<xCoord>364</xCoord>

<yCoord>387</yCoord>
</edgeMap>
<edgeMap>
<xCoord>363</xCoord>
<yCoord>387</yCoord>
</edgeMap>
<edgeMap>
<xCoord>362</xCoord>
<yCoord>386</yCoord>
</edgeMap>
<edgeMap>
<xCoord>361</xCoord>

<yCoord>385</yCoord>
</edgeMap>
<edgeMap>
<xCoord>360</xCoord>
<yCoord>385</yCoord>
</edgeMap>
<edgeMap>
<xCoord>359</xCoord>
<yCoord>384</yCoord>
</edgeMap>
<edgeMap>
<xCoord>358</xCoord>

<yCoord>385</yCoord>
</edgeMap>
<edgeMap>
<xCoord>357</xCoord>
<yCoord>385</yCoord>
</edgeMap>
<edgeMap>
<xCoord>356</xCoord>
<yCoord>385</yCoord>
</edgeMap>
<edgeMap>
<xCoord>355</xCoord>

<yCoord>385</yCoord>
</edgeMap>
<edgeMap>
<xCoord>354</xCoord>
<yCoord>386</yCoord>
</edgeMap>
<edgeMap>
<xCoord>353</xCoord>
<yCoord>387</yCoord>
</edgeMap>
<edgeMap>
<xCoord>352</xCoord>

<yCoord>388</yCoord>
</edgeMap>
<edgeMap>
<xCoord>352</xCoord>
<yCoord>389</yCoord>
</edgeMap>
<edgeMap>
<xCoord>352</xCoord>
<yCoord>390</yCoord>
</edgeMap>
<edgeMap>
<xCoord>352</xCoord>

<yCoord>391</yCoord>
</edgeMap>
<edgeMap>
<xCoord>351</xCoord>
<yCoord>392</yCoord>
</edgeMap>
<edgeMap>
<xCoord>351</xCoord>
<yCoord>393</yCoord>
</edgeMap>
<edgeMap>
<xCoord>352</xCoord>

<yCoord>394</yCoord>
</edgeMap>
<edgeMap>
<xCoord>352</xCoord>
<yCoord>395</yCoord>
</edgeMap>
<edgeMap>
<xCoord>352</xCoord>
<yCoord>396</yCoord>
</edgeMap>
<edgeMap>
<xCoord>352</xCoord>

<yCoord>397</yCoord>
</edgeMap>
<edgeMap>
<xCoord>353</xCoord>
<yCoord>398</yCoord>
</edgeMap>
<edgeMap>
<xCoord>354</xCoord>
<yCoord>399</yCoord>
</edgeMap>
<edgeMap>
<xCoord>355</xCoord>

<yCoord>399</yCoord>
</edgeMap>
<edgeMap>
<xCoord>356</xCoord>
<yCoord>399</yCoord>
</edgeMap>
<edgeMap>
<xCoord>357</xCoord>
<yCoord>399</yCoord>
</edgeMap>
<edgeMap>
<xCoord>358</xCoord>

<yCoord>399</yCoord>
</edgeMap>
<edgeMap>
<xCoord>359</xCoord>
<yCoord>399</yCoord>
</edgeMap>
<edgeMap>
<xCoord>360</xCoord>
<yCoord>399</yCoord>
</edgeMap>
<edgeMap>
<xCoord>361</xCoord>

<yCoord>399</yCoord>
</edgeMap>
<edgeMap>
<xCoord>362</xCoord>
<yCoord>399</yCoord>
</edgeMap>
<edgeMap>
<xCoord>363</xCoord>
<yCoord>399</yCoord>
</edgeMap>
</roi>
<roi>

<imageZposition>1521.5</imageZposition>
<imageSOP_UID>1.3.6.1.4.1.14519.5.2.1.6279.6001.339033650020229905128854981709</imageSOP_UID>
<inclusion>TRUE</inclusion>
<edgeMap>
<xCoord>361</xCoord>
<yCoord>400</yCoord>
</edgeMap>
<edgeMap>
<xCoord>362</xCoord>
<yCoord>399</yCoord>

</edgeMap>
<edgeMap>
<xCoord>363</xCoord>
<yCoord>399</yCoord>
</edgeMap>
<edgeMap>
<xCoord>364</xCoord>
<yCoord>398</yCoord>
</edgeMap>
<edgeMap>
<xCoord>364</xCoord>
<yCoord>397</yCoord>

</edgeMap>
<edgeMap>
<xCoord>365</xCoord>
<yCoord>396</yCoord>
</edgeMap>
<edgeMap>
<xCoord>365</xCoord>
<yCoord>395</yCoord>
</edgeMap>
<edgeMap>
<xCoord>365</xCoord>
<yCoord>394</yCoord>

</edgeMap>
<edgeMap>
<xCoord>366</xCoord>
<yCoord>393</yCoord>
</edgeMap>
<edgeMap>
<xCoord>367</xCoord>
<yCoord>392</yCoord>
</edgeMap>
<edgeMap>
<xCoord>368</xCoord>
<yCoord>391</yCoord>

</edgeMap>
<edgeMap>
<xCoord>368</xCoord>
<yCoord>390</yCoord>
</edgeMap>
<edgeMap>
<xCoord>367</xCoord>
<yCoord>389</yCoord>
</edgeMap>
<edgeMap>
<xCoord>366</xCoord>
<yCoord>388</yCoord>

</edgeMap>
<edgeMap>
<xCoord>365</xCoord>
<yCoord>387</yCoord>
</edgeMap>
<edgeMap>
<xCoord>364</xCoord>
<yCoord>386</yCoord>
</edgeMap>
<edgeMap>
<xCoord>363</xCoord>
<yCoord>385</yCoord>

</edgeMap>
<edgeMap>
<xCoord>362</xCoord>
<yCoord>384</yCoord>
</edgeMap>
<edgeMap>
<xCoord>361</xCoord>
<yCoord>384</yCoord>
</edgeMap>
<edgeMap>
<xCoord>360</xCoord>
<yCoord>384</yCoord>

</edgeMap>
<edgeMap>
<xCoord>359</xCoord>
<yCoord>384</yCoord>
</edgeMap>
<edgeMap>
<xCoord>358</xCoord>
<yCoord>384</yCoord>
</edgeMap>
<edgeMap>
<xCoord>357</xCoord>
<yCoord>384</yCoord>

</edgeMap>
<edgeMap>
<xCoord>356</xCoord>
<yCoord>385</yCoord>
</edgeMap>
<edgeMap>
<xCoord>355</xCoord>
<yCoord>385</yCoord>
</edgeMap>
<edgeMap>
<xCoord>354</xCoord>
<yCoord>386</yCoord>

</edgeMap>
<edgeMap>
<xCoord>353</xCoord>
<yCoord>387</yCoord>
</edgeMap>
<edgeMap>
<xCoord>352</xCoord>
<yCoord>388</yCoord>
</edgeMap>
<edgeMap>
<xCoord>352</xCoord>
<yCoord>389</yCoord>

</edgeMap>
<edgeMap>
<xCoord>351</xCoord>
<yCoord>390</yCoord>
</edgeMap>
<edgeMap>
<xCoord>351</xCoord>
<yCoord>391</yCoord>
</edgeMap>
<edgeMap>
<xCoord>350</xCoord>
<yCoord>392</yCoord>

</edgeMap>
<edgeMap>
<xCoord>351</xCoord>
<yCoord>393</yCoord>
</edgeMap>
<edgeMap>
<xCoord>351</xCoord>
<yCoord>394</yCoord>
</edgeMap>
<edgeMap>
<xCoord>351</xCoord>
<yCoord>395</yCoord>

</edgeMap>
<edgeMap>
<xCoord>351</xCoord>
<yCoord>396</yCoord>
</edgeMap>
<edgeMap>
<xCoord>351</xCoord>
<yCoord>397</yCoord>
</edgeMap>
<edgeMap>
<xCoord>351</xCoord>
<yCoord>398</yCoord>

</edgeMap>
<edgeMap>
<xCoord>352</xCoord>
<yCoord>398</yCoord>
</edgeMap>
<edgeMap>
<xCoord>353</xCoord>
<yCoord>399</yCoord>
</edgeMap>
<edgeMap>
<xCoord>354</xCoord>
<yCoord>399</yCoord>

</edgeMap>
<edgeMap>
<xCoord>355</xCoord>
<yCoord>399</yCoord>
</edgeMap>
<edgeMap>
<xCoord>356</xCoord>
<yCoord>399</yCoord>
</edgeMap>
<edgeMap>
<xCoord>357</xCoord>
<yCoord>400</yCoord>

</edgeMap>
<edgeMap>
<xCoord>358</xCoord>
<yCoord>400</yCoord>
</edgeMap>
<edgeMap>
<xCoord>359</xCoord>
<yCoord>400</yCoord>
</edgeMap>
<edgeMap>
<xCoord>360</xCoord>
<yCoord>400</yCoord>

</edgeMap>
<edgeMap>
<xCoord>361</xCoord>
<yCoord>400</yCoord>
</edgeMap>
</roi>
<roi>
<imageZposition>1518.5</imageZposition>
<imageSOP_UID>1.3.6.1.4.1.14519.5.2.1.6279.6001.161894830691630903063907665872</imageSOP_UID>
<inclusion>TRUE</inclusion>
<edgeMap>
<xCoord>364</xCoord>

<yCoord>398</yCoord>
</edgeMap>
<edgeMap>
<xCoord>365</xCoord>
<yCoord>397</yCoord>
</edgeMap>
<edgeMap>
<xCoord>366</xCoord>
<yCoord>396</yCoord>
</edgeMap>
<edgeMap>
<xCoord>367</xCoord>

<yCoord>395</yCoord>
</edgeMap>
<edgeMap>
<xCoord>367</xCoord>
<yCoord>394</yCoord>
</edgeMap>
<edgeMap>
<xCoord>367</xCoord>
<yCoord>393</yCoord>
</edgeMap>
<edgeMap>
<xCoord>367</xCoord>

<yCoord>392</yCoord>
</edgeMap>
<edgeMap>
<xCoord>367</xCoord>
<yCoord>391</yCoord>
</edgeMap>
<edgeMap>
<xCoord>367</xCoord>
<yCoord>390</yCoord>
</edgeMap>
<edgeMap>
<xCoord>366</xCoord>

<yCoord>390</yCoord>
</edgeMap>
<edgeMap>
<xCoord>365</xCoord>
<yCoord>389</yCoord>
</edgeMap>
<edgeMap>
<xCoord>364</xCoord>
<yCoord>388</yCoord>
</edgeMap>
<edgeMap>
<xCoord>363</xCoord>

<yCoord>387</yCoord>
</edgeMap>
<edgeMap>
<xCoord>362</xCoord>
<yCoord>386</yCoord>
</edgeMap>
<edgeMap>
<xCoord>361</xCoord>
<yCoord>386</yCoord>
</edgeMap>
<edgeMap>
<xCoord>360</xCoord>

<yCoord>387</yCoord>
</edgeMap>
<edgeMap>
<xCoord>359</xCoord>
<yCoord>387</yCoord>
</edgeMap>
<edgeMap>
<xCoord>358</xCoord>
<yCoord>387</yCoord>
</edgeMap>
<edgeMap>
<xCoord>357</xCoord>

<yCoord>388</yCoord>
</edgeMap>
<edgeMap>
<xCoord>357</xCoord>
<yCoord>389</yCoord>
</edgeMap>
<edgeMap>
<xCoord>356</xCoord>
<yCoord>390</yCoord>
</edgeMap>
<edgeMap>
<xCoord>356</xCoord>

<yCoord>391</yCoord>
</edgeMap>
<edgeMap>
<xCoord>356</xCoord>
<yCoord>392</yCoord>
</edgeMap>
<edgeMap>
<xCoord>355</xCoord>
<yCoord>393</yCoord>
</edgeMap>
<edgeMap>
<xCoord>355</xCoord>

<yCoord>394</yCoord>
</edgeMap>
<edgeMap>
<xCoord>355</xCoord>
<yCoord>395</yCoord>
</edgeMap>
<edgeMap>
<xCoord>355</xCoord>
<yCoord>396</yCoord>
</edgeMap>
<edgeMap>
<xCoord>356</xCoord>

<yCoord>397</yCoord>
</edgeMap>
<edgeMap>
<xCoord>357</xCoord>
<yCoord>397</yCoord>
</edgeMap>
<edgeMap>
<xCoord>358</xCoord>
<yCoord>398</yCoord>
</edgeMap>
<edgeMap>
<xCoord>359</xCoord>

<yCoord>398</yCoord>
</edgeMap>
<edgeMap>
<xCoord>360</xCoord>
<yCoord>398</yCoord>
</edgeMap>
<edgeMap>
<xCoord>361</xCoord>
<yCoord>398</yCoord>
</edgeMap>
<edgeMap>
<xCoord>362</xCoord>

<yCoord>398</yCoord>
</edgeMap>
<edgeMap>
<xCoord>363</xCoord>
<yCoord>398</yCoord>
</edgeMap>
<edgeMap>
<xCoord>364</xCoord>
<yCoord>398</yCoord>
</edgeMap>
</roi>
</unblindedReadNodule>

<unblindedReadNodule>
<noduleID>70340</noduleID>
<characteristics>
<subtlety>5</subtlety>
<internalStructure>1</internalStructure>
<calcification>6</calcification>
<sphericity>5</sphericity>
<margin>5</margin>
<lobulation>1</lobulation>
<spiculation>1</spiculation>

<texture>5</texture>
<malignancy>5</malignancy>
</characteristics>
<roi>
<imageZposition>1515.5</imageZposition>
<imageSOP_UID>1.3.6.1.4.1.14519.5.2.1.6279.6001.273978497402021707979621787785</imageSOP_UID>
<inclusion>TRUE</inclusion>
<edgeMap>
<xCoord>345</xCoord>
<yCoord>363</yCoord>

</edgeMap>
<edgeMap>
<xCoord>346</xCoord>
<yCoord>362</yCoord>
</edgeMap>
<edgeMap>
<xCoord>347</xCoord>
<yCoord>362</yCoord>
</edgeMap>
<edgeMap>
<xCoord>348</xCoord>
<yCoord>361</yCoord>

</edgeMap>
<edgeMap>
<xCoord>348</xCoord>
<yCoord>360</yCoord>
</edgeMap>
<edgeMap>
<xCoord>348</xCoord>
<yCoord>359</yCoord>
</edgeMap>
<edgeMap>
<xCoord>348</xCoord>
<yCoord>358</yCoord>

</edgeMap>
<edgeMap>
<xCoord>348</xCoord>
<yCoord>357</yCoord>
</edgeMap>
<edgeMap>
<xCoord>348</xCoord>
<yCoord>356</yCoord>
</edgeMap>
<edgeMap>
<xCoord>348</xCoord>
<yCoord>355</yCoord>

</edgeMap>
<edgeMap>
<xCoord>348</xCoord>
<yCoord>354</yCoord>
</edgeMap>
<edgeMap>
<xCoord>348</xCoord>
<yCoord>353</yCoord>
</edgeMap>
<edgeMap>
<xCoord>347</xCoord>
<yCoord>352</yCoord>

</edgeMap>
<edgeMap>
<xCoord>346</xCoord>
<yCoord>351</yCoord>
</edgeMap>
<edgeMap>
<xCoord>345</xCoord>
<yCoord>350</yCoord>
</edgeMap>
<edgeMap>
<xCoord>344</xCoord>
<yCoord>350</yCoord>

</edgeMap>
<edgeMap>
<xCoord>343</xCoord>
<yCoord>350</yCoord>
</edgeMap>
<edgeMap>
<xCoord>342</xCoord>
<yCoord>350</yCoord>
</edgeMap>
<edgeMap>
<xCoord>341</xCoord>
<yCoord>351</yCoord>

</edgeMap>
<edgeMap>
<xCoord>340</xCoord>
<yCoord>352</yCoord>
</edgeMap>
<edgeMap>
<xCoord>339</xCoord>
<yCoord>353</yCoord>
</edgeMap>
<edgeMap>
<xCoord>338</xCoord>
<yCoord>354</yCoord>

</edgeMap>
<edgeMap>
<xCoord>338</xCoord>
<yCoord>355</yCoord>
</edgeMap>
<edgeMap>
<xCoord>338</xCoord>
<yCoord>356</yCoord>
</edgeMap>
<edgeMap>
<xCoord>337</xCoord>
<yCoord>357</yCoord>

</edgeMap>
<edgeMap>
<xCoord>337</xCoord>
<yCoord>358</yCoord>
</edgeMap>
<edgeMap>
<xCoord>337</xCoord>
<yCoord>359</yCoord>
</edgeMap>
<edgeMap>
<xCoord>338</xCoord>
<yCoord>360</yCoord>

</edgeMap>
<edgeMap>
<xCoord>339</xCoord>
<yCoord>361</yCoord>
</edgeMap>
<edgeMap>
<xCoord>340</xCoord>
<yCoord>361</yCoord>
</edgeMap>
<edgeMap>
<xCoord>341</xCoord>
<yCoord>362</yCoord>

</edgeMap>
<edgeMap>
<xCoord>342</xCoord>
<yCoord>362</yCoord>
</edgeMap>
<edgeMap>
<xCoord>343</xCoord>
<yCoord>362</yCoord>
</edgeMap>
<edgeMap>
<xCoord>344</xCoord>
<yCoord>362</yCoord>

</edgeMap>
<edgeMap>
<xCoord>345</xCoord>
<yCoord>363</yCoord>
</edgeMap>
</roi>
<roi>
<imageZposition>1512.5</imageZposition>
<imageSOP_UID>1.3.6.1.4.1.14519.5.2.1.6279.6001.264320951471571220769400595019</imageSOP_UID>
<inclusion>TRUE</inclusion>
<edgeMap>
<xCoord>346</xCoord>

<yCoord>362</yCoord>
</edgeMap>
<edgeMap>
<xCoord>347</xCoord>
<yCoord>361</yCoord>
</edgeMap>
<edgeMap>
<xCoord>347</xCoord>
<yCoord>360</yCoord>
</edgeMap>
<edgeMap>
<xCoord>348</xCoord>

<yCoord>359</yCoord>
</edgeMap>
<edgeMap>
<xCoord>349</xCoord>
<yCoord>358</yCoord>
</edgeMap>
<edgeMap>
<xCoord>349</xCoord>
<yCoord>357</yCoord>
</edgeMap>
<edgeMap>
<xCoord>349</xCoord>

<yCoord>356</yCoord>
</edgeMap>
<edgeMap>
<xCoord>349</xCoord>
<yCoord>355</yCoord>
</edgeMap>
<edgeMap>
<xCoord>348</xCoord>
<yCoord>354</yCoord>
</edgeMap>
<edgeMap>
<xCoord>348</xCoord>

<yCoord>353</yCoord>
</edgeMap>
<edgeMap>
<xCoord>347</xCoord>
<yCoord>352</yCoord>
</edgeMap>
<edgeMap>
<xCoord>346</xCoord>
<yCoord>351</yCoord>
</edgeMap>
<edgeMap>
<xCoord>345</xCoord>

<yCoord>351</yCoord>
</edgeMap>
<edgeMap>
<xCoord>344</xCoord>
<yCoord>350</yCoord>
</edgeMap>
<edgeMap>
<xCoord>343</xCoord>
<yCoord>350</yCoord>
</edgeMap>
<edgeMap>
<xCoord>342</xCoord>

<yCoord>351</yCoord>
</edgeMap>
<edgeMap>
<xCoord>341</xCoord>
<yCoord>351</yCoord>
</edgeMap>
<edgeMap>
<xCoord>340</xCoord>
<yCoord>352</yCoord>
</edgeMap>
<edgeMap>
<xCoord>339</xCoord>

<yCoord>353</yCoord>
</edgeMap>
<edgeMap>
<xCoord>338</xCoord>
<yCoord>353</yCoord>
</edgeMap>
<edgeMap>
<xCoord>337</xCoord>
<yCoord>354</yCoord>
</edgeMap>
<edgeMap>
<xCoord>337</xCoord>

<yCoord>355</yCoord>
</edgeMap>
<edgeMap>
<xCoord>337</xCoord>
<yCoord>356</yCoord>
</edgeMap>
<edgeMap>
<xCoord>337</xCoord>
<yCoord>357</yCoord>
</edgeMap>
<edgeMap>
<xCoord>337</xCoord>

<yCoord>358</yCoord>
</edgeMap>
<edgeMap>
<xCoord>337</xCoord>
<yCoord>359</yCoord>
</edgeMap>
<edgeMap>
<xCoord>337</xCoord>
<yCoord>360</yCoord>
</edgeMap>
<edgeMap>
<xCoord>338</xCoord>

<yCoord>361</yCoord>
</edgeMap>
<edgeMap>
<xCoord>339</xCoord>
<yCoord>361</yCoord>
</edgeMap>
<edgeMap>
<xCoord>340</xCoord>
<yCoord>362</yCoord>
</edgeMap>
<edgeMap>
<xCoord>341</xCoord>

<yCoord>362</yCoord>
</edgeMap>
<edgeMap>
<xCoord>342</xCoord>
<yCoord>362</yCoord>
</edgeMap>
<edgeMap>
<xCoord>343</xCoord>
<yCoord>362</yCoord>
</edgeMap>
<edgeMap>
<xCoord>344</xCoord>

<yCoord>362</yCoord>
</edgeMap>
<edgeMap>
<xCoord>345</xCoord>
<yCoord>362</yCoord>
</edgeMap>
<edgeMap>
<xCoord>346</xCoord>
<yCoord>362</yCoord>
</edgeMap>
</roi>
<roi>

<imageZposition>1509.5</imageZposition>
<imageSOP_UID>1.3.6.1.4.1.14519.5.2.1.6279.6001.104640970510253323307468034083</imageSOP_UID>
<inclusion>TRUE</inclusion>
<edgeMap>
<xCoord>347</xCoord>
<yCoord>360</yCoord>
</edgeMap>
<edgeMap>
<xCoord>348</xCoord>
<yCoord>359</yCoord>

</edgeMap>
<edgeMap>
<xCoord>348</xCoord>
<yCoord>358</yCoord>
</edgeMap>
<edgeMap>
<xCoord>348</xCoord>
<yCoord>357</yCoord>
</edgeMap>
<edgeMap>
<xCoord>348</xCoord>
<yCoord>356</yCoord>

</edgeMap>
<edgeMap>
<xCoord>348</xCoord>
<yCoord>355</yCoord>
</edgeMap>
<edgeMap>
<xCoord>348</xCoord>
<yCoord>354</yCoord>
</edgeMap>
<edgeMap>
<xCoord>348</xCoord>
<yCoord>353</yCoord>

</edgeMap>
<edgeMap>
<xCoord>347</xCoord>
<yCoord>353</yCoord>
</edgeMap>
<edgeMap>
<xCoord>346</xCoord>
<yCoord>353</yCoord>
</edgeMap>
<edgeMap>
<xCoord>345</xCoord>
<yCoord>352</yCoord>

</edgeMap>
<edgeMap>
<xCoord>344</xCoord>
<yCoord>352</yCoord>
</edgeMap>
<edgeMap>
<xCoord>343</xCoord>
<yCoord>351</yCoord>
</edgeMap>
<edgeMap>
<xCoord>342</xCoord>
<yCoord>351</yCoord>

</edgeMap>
<edgeMap>
<xCoord>341</xCoord>
<yCoord>352</yCoord>
</edgeMap>
<edgeMap>
<xCoord>340</xCoord>
<yCoord>352</yCoord>
</edgeMap>
<edgeMap>
<xCoord>339</xCoord>
<yCoord>353</yCoord>

</edgeMap>
<edgeMap>
<xCoord>339</xCoord>
<yCoord>354</yCoord>
</edgeMap>
<edgeMap>
<xCoord>340</xCoord>
<yCoord>355</yCoord>
</edgeMap>
<edgeMap>
<xCoord>340</xCoord>
<yCoord>356</yCoord>

</edgeMap>
<edgeMap>
<xCoord>340</xCoord>
<yCoord>357</yCoord>
</edgeMap>
<edgeMap>
<xCoord>341</xCoord>
<yCoord>358</yCoord>
</edgeMap>
<edgeMap>
<xCoord>342</xCoord>
<yCoord>359</yCoord>

</edgeMap>
<edgeMap>
<xCoord>343</xCoord>
<yCoord>360</yCoord>
</edgeMap>
<edgeMap>
<xCoord>344</xCoord>
<yCoord>360</yCoord>
</edgeMap>
<edgeMap>
<xCoord>345</xCoord>
<yCoord>360</yCoord>

</edgeMap>
<edgeMap>
<xCoord>346</xCoord>
<yCoord>360</yCoord>
</edgeMap>
<edgeMap>
<xCoord>347</xCoord>
<yCoord>360</yCoord>
</edgeMap>
</roi>
</unblindedReadNodule>
<unblindedReadNodule>
<noduleID>70346</noduleID>

<roi>
<imageZposition>1548.5</imageZposition>
<imageSOP_UID>1.3.6.1.4.1.14519.5.2.1.6279.6001.325736998989785048682849397629</imageSOP_UID>
<inclusion>TRUE</inclusion>
<edgeMap>
<xCoord>354</xCoord>
<yCoord>388</yCoord>
</edgeMap>
</roi>
</unblindedReadNodule>
<nonNodule>
<nonNoduleID>70347</nonNoduleID>

<imageZposition>1545.5</imageZposition>
<imageSOP_UID>1.3.6.1.4.1.14519.5.2.1.6279.6001.273303993974790876663118897312</imageSOP_UID>
<locus>
<xCoord>182</xCoord>
<yCoord>335</yCoord>
</locus>
</nonNodule>
<nonNodule>
<nonNoduleID>70344</nonNoduleID>
<imageZposition>1428.5</imageZposition>
<imageSOP_UID>1.3.6.1.4.1.14519.5.2.1.6279.6001.257421000572040275632732573415</imageSOP_UID>

<locus>
<xCoord>412</xCoord>
<yCoord>166</yCoord>
</locus>
</nonNodule>
</readingSession>



  <readingSession>
    <annotationVersion>3.12</annotationVersion>
    <servicingRadiologistID>anon</servicingRadiologistID>
    <unblindedReadNodule>

      <noduleID>69973</noduleID>
      <characteristics>
        <subtlety>4</subtlety>
        <internalStructure>1</internalStructure>
        <calcification>6</calcification>
        <sphericity>5</sphericity>

        <margin>5</margin>
        <lobulation>2</lobulation>
        <spiculation>1</spiculation>
        <texture>5</texture>
        <malignancy>3</malignancy>
      </characteristics>

      <roi>
        <imageZposition>1515.5</imageZposition>
        <imageSOP_UID>1.3.6.1.4.1.14519.5.2.1.6279.6001.273978497402021707979621787785</imageSOP_UID>
        <inclusion>TRUE</inclusion>
        <edgeMap>
          <xCoord>346</xCoord>
          <yCoord>363</yCoord>

        </edgeMap>
        <edgeMap>
          <xCoord>347</xCoord>
          <yCoord>362</yCoord>
        </edgeMap>
        <edgeMap>
          <xCoord>348</xCoord>

          <yCoord>361</yCoord>
        </edgeMap>
        <edgeMap>
          <xCoord>348</xCoord>
          <yCoord>360</yCoord>
        </edgeMap>
        <edgeMap>

          <xCoord>348</xCoord>
          <yCoord>359</yCoord>
        </edgeMap>
        <edgeMap>
          <xCoord>348</xCoord>
          <yCoord>358</yCoord>
        </edgeMap>

        <edgeMap>
          <xCoord>348</xCoord>
          <yCoord>357</yCoord>
        </edgeMap>
        <edgeMap>
          <xCoord>348</xCoord>
          <yCoord>356</yCoord>

        </edgeMap>
        <edgeMap>
          <xCoord>348</xCoord>
          <yCoord>355</yCoord>
        </edgeMap>
        <edgeMap>
          <xCoord>348</xCoord>

          <yCoord>354</yCoord>
        </edgeMap>
        <edgeMap>
          <xCoord>348</xCoord>
          <yCoord>353</yCoord>
        </edgeMap>
        <edgeMap>

          <xCoord>347</xCoord>
          <yCoord>352</yCoord>
        </edgeMap>
        <edgeMap>
          <xCoord>346</xCoord>
          <yCoord>351</yCoord>
        </edgeMap>

        <edgeMap>
          <xCoord>345</xCoord>
          <yCoord>350</yCoord>
        </edgeMap>
        <edgeMap>
          <xCoord>344</xCoord>
          <yCoord>350</yCoord>

        </edgeMap>
        <edgeMap>
          <xCoord>343</xCoord>
          <yCoord>350</yCoord>
        </edgeMap>
        <edgeMap>
          <xCoord>342</xCoord>

          <yCoord>350</yCoord>
        </edgeMap>
        <edgeMap>
          <xCoord>341</xCoord>
          <yCoord>351</yCoord>
        </edgeMap>
        <edgeMap>

          <xCoord>340</xCoord>
          <yCoord>351</yCoord>
        </edgeMap>
        <edgeMap>
          <xCoord>339</xCoord>
          <yCoord>352</yCoord>
        </edgeMap>

        <edgeMap>
          <xCoord>339</xCoord>
          <yCoord>353</yCoord>
        </edgeMap>
        <edgeMap>
          <xCoord>338</xCoord>
          <yCoord>354</yCoord>

        </edgeMap>
        <edgeMap>
          <xCoord>338</xCoord>
          <yCoord>355</yCoord>
        </edgeMap>
        <edgeMap>
          <xCoord>337</xCoord>

          <yCoord>356</yCoord>
        </edgeMap>
        <edgeMap>
          <xCoord>337</xCoord>
          <yCoord>357</yCoord>
        </edgeMap>
        <edgeMap>

          <xCoord>337</xCoord>
          <yCoord>358</yCoord>
        </edgeMap>
        <edgeMap>
          <xCoord>337</xCoord>
          <yCoord>359</yCoord>
        </edgeMap>

        <edgeMap>
          <xCoord>337</xCoord>
          <yCoord>360</yCoord>
        </edgeMap>
        <edgeMap>
          <xCoord>338</xCoord>
          <yCoord>361</yCoord>

        </edgeMap>
        <edgeMap>
          <xCoord>339</xCoord>
          <yCoord>361</yCoord>
        </edgeMap>
        <edgeMap>
          <xCoord>340</xCoord>

          <yCoord>361</yCoord>
        </edgeMap>
        <edgeMap>
          <xCoord>341</xCoord>
          <yCoord>362</yCoord>
        </edgeMap>
        <edgeMap>

          <xCoord>342</xCoord>
          <yCoord>362</yCoord>
        </edgeMap>
        <edgeMap>
          <xCoord>343</xCoord>
          <yCoord>362</yCoord>
        </edgeMap>

        <edgeMap>
          <xCoord>344</xCoord>
          <yCoord>363</yCoord>
        </edgeMap>
        <edgeMap>
          <xCoord>345</xCoord>
          <yCoord>363</yCoord>

        </edgeMap>
        <edgeMap>
          <xCoord>346</xCoord>
          <yCoord>363</yCoord>
        </edgeMap>
      </roi>
      <roi>
        <imageZposition>1512.5</imageZposition>

        <imageSOP_UID>1.3.6.1.4.1.14519.5.2.1.6279.6001.264320951471571220769400595019</imageSOP_UID>
        <inclusion>TRUE</inclusion>
        <edgeMap>
          <xCoord>347</xCoord>
          <yCoord>360</yCoord>
        </edgeMap>
        <edgeMap>

          <xCoord>348</xCoord>
          <yCoord>359</yCoord>
        </edgeMap>
        <edgeMap>
          <xCoord>348</xCoord>
          <yCoord>358</yCoord>
        </edgeMap>

        <edgeMap>
          <xCoord>348</xCoord>
          <yCoord>357</yCoord>
        </edgeMap>
        <edgeMap>
          <xCoord>348</xCoord>
          <yCoord>356</yCoord>

        </edgeMap>
        <edgeMap>
          <xCoord>348</xCoord>
          <yCoord>355</yCoord>
        </edgeMap>
        <edgeMap>
          <xCoord>348</xCoord>

          <yCoord>354</yCoord>
        </edgeMap>
        <edgeMap>
          <xCoord>347</xCoord>
          <yCoord>353</yCoord>
        </edgeMap>
        <edgeMap>

          <xCoord>347</xCoord>
          <yCoord>352</yCoord>
        </edgeMap>
        <edgeMap>
          <xCoord>346</xCoord>
          <yCoord>352</yCoord>
        </edgeMap>

        <edgeMap>
          <xCoord>345</xCoord>
          <yCoord>351</yCoord>
        </edgeMap>
        <edgeMap>
          <xCoord>344</xCoord>
          <yCoord>351</yCoord>

        </edgeMap>
        <edgeMap>
          <xCoord>343</xCoord>
          <yCoord>351</yCoord>
        </edgeMap>
        <edgeMap>
          <xCoord>342</xCoord>

          <yCoord>351</yCoord>
        </edgeMap>
        <edgeMap>
          <xCoord>341</xCoord>
          <yCoord>351</yCoord>
        </edgeMap>
        <edgeMap>

          <xCoord>340</xCoord>
          <yCoord>351</yCoord>
        </edgeMap>
        <edgeMap>
          <xCoord>340</xCoord>
          <yCoord>352</yCoord>
        </edgeMap>

        <edgeMap>
          <xCoord>339</xCoord>
          <yCoord>353</yCoord>
        </edgeMap>
        <edgeMap>
          <xCoord>338</xCoord>
          <yCoord>354</yCoord>

        </edgeMap>
        <edgeMap>
          <xCoord>338</xCoord>
          <yCoord>355</yCoord>
        </edgeMap>
        <edgeMap>
          <xCoord>338</xCoord>

          <yCoord>356</yCoord>
        </edgeMap>
        <edgeMap>
          <xCoord>338</xCoord>
          <yCoord>357</yCoord>
        </edgeMap>
        <edgeMap>

          <xCoord>338</xCoord>
          <yCoord>358</yCoord>
        </edgeMap>
        <edgeMap>
          <xCoord>338</xCoord>
          <yCoord>359</yCoord>
        </edgeMap>

        <edgeMap>
          <xCoord>339</xCoord>
          <yCoord>359</yCoord>
        </edgeMap>
        <edgeMap>
          <xCoord>340</xCoord>
          <yCoord>360</yCoord>

        </edgeMap>
        <edgeMap>
          <xCoord>341</xCoord>
          <yCoord>360</yCoord>
        </edgeMap>
        <edgeMap>
          <xCoord>342</xCoord>

          <yCoord>360</yCoord>
        </edgeMap>
        <edgeMap>
          <xCoord>343</xCoord>
          <yCoord>360</yCoord>
        </edgeMap>
        <edgeMap>

          <xCoord>344</xCoord>
          <yCoord>360</yCoord>
        </edgeMap>
        <edgeMap>
          <xCoord>345</xCoord>
          <yCoord>360</yCoord>
        </edgeMap>

        <edgeMap>
          <xCoord>346</xCoord>
          <yCoord>360</yCoord>
        </edgeMap>
        <edgeMap>
          <xCoord>347</xCoord>
          <yCoord>360</yCoord>

        </edgeMap>
      </roi>
    </unblindedReadNodule>
    <unblindedReadNodule>
      <noduleID>69970</noduleID>
      <characteristics>
        <subtlety>4</subtlety>
        <internalStructure>1</internalStructure>

        <calcification>6</calcification>
        <sphericity>5</sphericity>
        <margin>5</margin>
        <lobulation>1</lobulation>
        <spiculation>1</spiculation>
        <texture>5</texture>

        <malignancy>3</malignancy>
      </characteristics>
      <roi>
        <imageZposition>1527.5</imageZposition>
        <imageSOP_UID>1.3.6.1.4.1.14519.5.2.1.6279.6001.329460858394908713242051424762</imageSOP_UID>
        <inclusion>TRUE</inclusion>
        <edgeMap>

          <xCoord>361</xCoord>
          <yCoord>393</yCoord>
        </edgeMap>
        <edgeMap>
          <xCoord>362</xCoord>
          <yCoord>392</yCoord>
        </edgeMap>

        <edgeMap>
          <xCoord>361</xCoord>
          <yCoord>391</yCoord>
        </edgeMap>
        <edgeMap>
          <xCoord>361</xCoord>
          <yCoord>390</yCoord>

        </edgeMap>
        <edgeMap>
          <xCoord>360</xCoord>
          <yCoord>389</yCoord>
        </edgeMap>
        <edgeMap>
          <xCoord>360</xCoord>

          <yCoord>388</yCoord>
        </edgeMap>
        <edgeMap>
          <xCoord>359</xCoord>
          <yCoord>387</yCoord>
        </edgeMap>
        <edgeMap>

          <xCoord>358</xCoord>
          <yCoord>388</yCoord>
        </edgeMap>
        <edgeMap>
          <xCoord>358</xCoord>
          <yCoord>389</yCoord>
        </edgeMap>

        <edgeMap>
          <xCoord>358</xCoord>
          <yCoord>390</yCoord>
        </edgeMap>
        <edgeMap>
          <xCoord>359</xCoord>
          <yCoord>391</yCoord>

        </edgeMap>
        <edgeMap>
          <xCoord>359</xCoord>
          <yCoord>392</yCoord>
        </edgeMap>
        <edgeMap>
          <xCoord>360</xCoord>

          <yCoord>393</yCoord>
        </edgeMap>
        <edgeMap>
          <xCoord>361</xCoord>
          <yCoord>393</yCoord>
        </edgeMap>
      </roi>

      <roi>
        <imageZposition>1524.5</imageZposition>
        <imageSOP_UID>1.3.6.1.4.1.14519.5.2.1.6279.6001.141479014675429749092695387417</imageSOP_UID>
        <inclusion>TRUE</inclusion>
        <edgeMap>
          <xCoord>363</xCoord>
          <yCoord>398</yCoord>

        </edgeMap>
        <edgeMap>
          <xCoord>364</xCoord>
          <yCoord>397</yCoord>
        </edgeMap>
        <edgeMap>
          <xCoord>365</xCoord>

          <yCoord>396</yCoord>
        </edgeMap>
        <edgeMap>
          <xCoord>366</xCoord>
          <yCoord>395</yCoord>
        </edgeMap>
        <edgeMap>

          <xCoord>365</xCoord>
          <yCoord>394</yCoord>
        </edgeMap>
        <edgeMap>
          <xCoord>365</xCoord>
          <yCoord>393</yCoord>
        </edgeMap>

        <edgeMap>
          <xCoord>365</xCoord>
          <yCoord>392</yCoord>
        </edgeMap>
        <edgeMap>
          <xCoord>364</xCoord>
          <yCoord>391</yCoord>

        </edgeMap>
        <edgeMap>
          <xCoord>364</xCoord>
          <yCoord>390</yCoord>
        </edgeMap>
        <edgeMap>
          <xCoord>363</xCoord>

          <yCoord>389</yCoord>
        </edgeMap>
        <edgeMap>
          <xCoord>363</xCoord>
          <yCoord>388</yCoord>
        </edgeMap>
        <edgeMap>

          <xCoord>362</xCoord>
          <yCoord>387</yCoord>
        </edgeMap>
        <edgeMap>
          <xCoord>361</xCoord>
          <yCoord>387</yCoord>
        </edgeMap>

        <edgeMap>
          <xCoord>360</xCoord>
          <yCoord>386</yCoord>
        </edgeMap>
        <edgeMap>
          <xCoord>359</xCoord>
          <yCoord>386</yCoord>

        </edgeMap>
        <edgeMap>
          <xCoord>358</xCoord>
          <yCoord>386</yCoord>
        </edgeMap>
        <edgeMap>
          <xCoord>357</xCoord>

          <yCoord>386</yCoord>
        </edgeMap>
        <edgeMap>
          <xCoord>356</xCoord>
          <yCoord>387</yCoord>
        </edgeMap>
        <edgeMap>

          <xCoord>355</xCoord>
          <yCoord>387</yCoord>
        </edgeMap>
        <edgeMap>
          <xCoord>354</xCoord>
          <yCoord>388</yCoord>
        </edgeMap>

        <edgeMap>
          <xCoord>354</xCoord>
          <yCoord>389</yCoord>
        </edgeMap>
        <edgeMap>
          <xCoord>353</xCoord>
          <yCoord>390</yCoord>

        </edgeMap>
        <edgeMap>
          <xCoord>353</xCoord>
          <yCoord>391</yCoord>
        </edgeMap>
        <edgeMap>
          <xCoord>353</xCoord>

          <yCoord>392</yCoord>
        </edgeMap>
        <edgeMap>
          <xCoord>353</xCoord>
          <yCoord>393</yCoord>
        </edgeMap>
        <edgeMap>

          <xCoord>353</xCoord>
          <yCoord>394</yCoord>
        </edgeMap>
        <edgeMap>
          <xCoord>354</xCoord>
          <yCoord>395</yCoord>
        </edgeMap>

        <edgeMap>
          <xCoord>354</xCoord>
          <yCoord>396</yCoord>
        </edgeMap>
        <edgeMap>
          <xCoord>355</xCoord>
          <yCoord>397</yCoord>

        </edgeMap>
        <edgeMap>
          <xCoord>356</xCoord>
          <yCoord>397</yCoord>
        </edgeMap>
        <edgeMap>
          <xCoord>357</xCoord>

          <yCoord>398</yCoord>
        </edgeMap>
        <edgeMap>
          <xCoord>358</xCoord>
          <yCoord>398</yCoord>
        </edgeMap>
        <edgeMap>

          <xCoord>359</xCoord>
          <yCoord>398</yCoord>
        </edgeMap>
        <edgeMap>
          <xCoord>360</xCoord>
          <yCoord>398</yCoord>
        </edgeMap>

        <edgeMap>
          <xCoord>361</xCoord>
          <yCoord>398</yCoord>
        </edgeMap>
        <edgeMap>
          <xCoord>362</xCoord>
          <yCoord>398</yCoord>

        </edgeMap>
        <edgeMap>
          <xCoord>363</xCoord>
          <yCoord>398</yCoord>
        </edgeMap>
      </roi>
      <roi>
        <imageZposition>1521.5</imageZposition>

        <imageSOP_UID>1.3.6.1.4.1.14519.5.2.1.6279.6001.339033650020229905128854981709</imageSOP_UID>
        <inclusion>TRUE</inclusion>
        <edgeMap>
          <xCoord>358</xCoord>
          <yCoord>401</yCoord>
        </edgeMap>
        <edgeMap>

          <xCoord>359</xCoord>
          <yCoord>400</yCoord>
        </edgeMap>
        <edgeMap>
          <xCoord>360</xCoord>
          <yCoord>400</yCoord>
        </edgeMap>

        <edgeMap>
          <xCoord>361</xCoord>
          <yCoord>400</yCoord>
        </edgeMap>
        <edgeMap>
          <xCoord>362</xCoord>
          <yCoord>400</yCoord>

        </edgeMap>
        <edgeMap>
          <xCoord>363</xCoord>
          <yCoord>399</yCoord>
        </edgeMap>
        <edgeMap>
          <xCoord>364</xCoord>

          <yCoord>398</yCoord>
        </edgeMap>
        <edgeMap>
          <xCoord>365</xCoord>
          <yCoord>397</yCoord>
        </edgeMap>
        <edgeMap>

          <xCoord>366</xCoord>
          <yCoord>396</yCoord>
        </edgeMap>
        <edgeMap>
          <xCoord>367</xCoord>
          <yCoord>395</yCoord>
        </edgeMap>

        <edgeMap>
          <xCoord>366</xCoord>
          <yCoord>394</yCoord>
        </edgeMap>
        <edgeMap>
          <xCoord>366</xCoord>
          <yCoord>393</yCoord>

        </edgeMap>
        <edgeMap>
          <xCoord>366</xCoord>
          <yCoord>392</yCoord>
        </edgeMap>
        <edgeMap>
          <xCoord>366</xCoord>

          <yCoord>391</yCoord>
        </edgeMap>
        <edgeMap>
          <xCoord>366</xCoord>
          <yCoord>390</yCoord>
        </edgeMap>
        <edgeMap>

          <xCoord>365</xCoord>
          <yCoord>389</yCoord>
        </edgeMap>
        <edgeMap>
          <xCoord>365</xCoord>
          <yCoord>388</yCoord>
        </edgeMap>

        <edgeMap>
          <xCoord>364</xCoord>
          <yCoord>387</yCoord>
        </edgeMap>
        <edgeMap>
          <xCoord>363</xCoord>
          <yCoord>387</yCoord>

        </edgeMap>
        <edgeMap>
          <xCoord>362</xCoord>
          <yCoord>386</yCoord>
        </edgeMap>
        <edgeMap>
          <xCoord>361</xCoord>

          <yCoord>386</yCoord>
        </edgeMap>
        <edgeMap>
          <xCoord>360</xCoord>
          <yCoord>385</yCoord>
        </edgeMap>
        <edgeMap>

          <xCoord>359</xCoord>
          <yCoord>385</yCoord>
        </edgeMap>
        <edgeMap>
          <xCoord>358</xCoord>
          <yCoord>385</yCoord>
        </edgeMap>

        <edgeMap>
          <xCoord>357</xCoord>
          <yCoord>386</yCoord>
        </edgeMap>
        <edgeMap>
          <xCoord>356</xCoord>
          <yCoord>386</yCoord>

        </edgeMap>
        <edgeMap>
          <xCoord>355</xCoord>
          <yCoord>387</yCoord>
        </edgeMap>
        <edgeMap>
          <xCoord>354</xCoord>

          <yCoord>388</yCoord>
        </edgeMap>
        <edgeMap>
          <xCoord>353</xCoord>
          <yCoord>389</yCoord>
        </edgeMap>
        <edgeMap>

          <xCoord>353</xCoord>
          <yCoord>390</yCoord>
        </edgeMap>
        <edgeMap>
          <xCoord>353</xCoord>
          <yCoord>391</yCoord>
        </edgeMap>

        <edgeMap>
          <xCoord>352</xCoord>
          <yCoord>392</yCoord>
        </edgeMap>
        <edgeMap>
          <xCoord>352</xCoord>
          <yCoord>393</yCoord>

        </edgeMap>
        <edgeMap>
          <xCoord>352</xCoord>
          <yCoord>394</yCoord>
        </edgeMap>
        <edgeMap>
          <xCoord>352</xCoord>

          <yCoord>395</yCoord>
        </edgeMap>
        <edgeMap>
          <xCoord>352</xCoord>
          <yCoord>396</yCoord>
        </edgeMap>
        <edgeMap>

          <xCoord>352</xCoord>
          <yCoord>397</yCoord>
        </edgeMap>
        <edgeMap>
          <xCoord>353</xCoord>
          <yCoord>398</yCoord>
        </edgeMap>

        <edgeMap>
          <xCoord>354</xCoord>
          <yCoord>399</yCoord>
        </edgeMap>
        <edgeMap>
          <xCoord>355</xCoord>
          <yCoord>400</yCoord>

        </edgeMap>
        <edgeMap>
          <xCoord>356</xCoord>
          <yCoord>401</yCoord>
        </edgeMap>
        <edgeMap>
          <xCoord>357</xCoord>

          <yCoord>401</yCoord>
        </edgeMap>
        <edgeMap>
          <xCoord>358</xCoord>
          <yCoord>401</yCoord>
        </edgeMap>
      </roi>

      <roi>
        <imageZposition>1518.5</imageZposition>
        <imageSOP_UID>1.3.6.1.4.1.14519.5.2.1.6279.6001.161894830691630903063907665872</imageSOP_UID>
        <inclusion>TRUE</inclusion>
        <edgeMap>
          <xCoord>365</xCoord>
          <yCoord>398</yCoord>

        </edgeMap>
        <edgeMap>
          <xCoord>366</xCoord>
          <yCoord>397</yCoord>
        </edgeMap>
        <edgeMap>
          <xCoord>367</xCoord>

          <yCoord>397</yCoord>
        </edgeMap>
        <edgeMap>
          <xCoord>368</xCoord>
          <yCoord>396</yCoord>
        </edgeMap>
        <edgeMap>

          <xCoord>367</xCoord>
          <yCoord>395</yCoord>
        </edgeMap>
        <edgeMap>
          <xCoord>366</xCoord>
          <yCoord>394</yCoord>
        </edgeMap>

        <edgeMap>
          <xCoord>366</xCoord>
          <yCoord>393</yCoord>
        </edgeMap>
        <edgeMap>
          <xCoord>366</xCoord>
          <yCoord>392</yCoord>

        </edgeMap>
        <edgeMap>
          <xCoord>365</xCoord>
          <yCoord>391</yCoord>
        </edgeMap>
        <edgeMap>
          <xCoord>365</xCoord>

          <yCoord>390</yCoord>
        </edgeMap>
        <edgeMap>
          <xCoord>364</xCoord>
          <yCoord>389</yCoord>
        </edgeMap>
        <edgeMap>

          <xCoord>363</xCoord>
          <yCoord>388</yCoord>
        </edgeMap>
        <edgeMap>
          <xCoord>362</xCoord>
          <yCoord>388</yCoord>
        </edgeMap>

        <edgeMap>
          <xCoord>361</xCoord>
          <yCoord>387</yCoord>
        </edgeMap>
        <edgeMap>
          <xCoord>360</xCoord>
          <yCoord>387</yCoord>

        </edgeMap>
        <edgeMap>
          <xCoord>359</xCoord>
          <yCoord>388</yCoord>
        </edgeMap>
        <edgeMap>
          <xCoord>358</xCoord>

          <yCoord>388</yCoord>
        </edgeMap>
        <edgeMap>
          <xCoord>357</xCoord>
          <yCoord>389</yCoord>
        </edgeMap>
        <edgeMap>

          <xCoord>357</xCoord>
          <yCoord>390</yCoord>
        </edgeMap>
        <edgeMap>
          <xCoord>356</xCoord>
          <yCoord>391</yCoord>
        </edgeMap>

        <edgeMap>
          <xCoord>356</xCoord>
          <yCoord>392</yCoord>
        </edgeMap>
        <edgeMap>
          <xCoord>356</xCoord>
          <yCoord>393</yCoord>

        </edgeMap>
        <edgeMap>
          <xCoord>356</xCoord>
          <yCoord>394</yCoord>
        </edgeMap>
        <edgeMap>
          <xCoord>355</xCoord>

          <yCoord>395</yCoord>
        </edgeMap>
        <edgeMap>
          <xCoord>356</xCoord>
          <yCoord>396</yCoord>
        </edgeMap>
        <edgeMap>

          <xCoord>357</xCoord>
          <yCoord>397</yCoord>
        </edgeMap>
        <edgeMap>
          <xCoord>358</xCoord>
          <yCoord>398</yCoord>
        </edgeMap>

        <edgeMap>
          <xCoord>359</xCoord>
          <yCoord>398</yCoord>
        </edgeMap>
        <edgeMap>
          <xCoord>360</xCoord>
          <yCoord>398</yCoord>

        </edgeMap>
        <edgeMap>
          <xCoord>361</xCoord>
          <yCoord>398</yCoord>
        </edgeMap>
        <edgeMap>
          <xCoord>362</xCoord>

          <yCoord>398</yCoord>
        </edgeMap>
        <edgeMap>
          <xCoord>363</xCoord>
          <yCoord>398</yCoord>
        </edgeMap>
        <edgeMap>

          <xCoord>364</xCoord>
          <yCoord>397</yCoord>
        </edgeMap>
        <edgeMap>
          <xCoord>365</xCoord>
          <yCoord>398</yCoord>
        </edgeMap>

      </roi>
    </unblindedReadNodule>
    <nonNodule>
      <nonNoduleID>69975</nonNoduleID>
      <imageZposition>1428.5</imageZposition>
      <imageSOP_UID>1.3.6.1.4.1.14519.5.2.1.6279.6001.257421000572040275632732573415</imageSOP_UID>
      <locus>

        <xCoord>412</xCoord>
        <yCoord>166</yCoord>
      </locus>
    </nonNodule>
  </readingSession>



<readingSession>
<annotationVersion>3.12</annotationVersion>
<servicingRadiologistID>anon</servicingRadiologistID>
<unblindedReadNodule>
<noduleID>14339</noduleID>
<characteristics>
<subtlety>4</subtlety>
<internalStructure>1</internalStructure>
<calcification>6</calcification>
<sphericity>5</sphericity>
<margin>3</margin>
<lobulation>2</lobulation>
<spiculation>2</spiculation>
<texture>4</texture>
<malignancy>3</malignancy>
</characteristics>
<roi>
<imageZposition>1527.5</imageZposition>
<imageSOP_UID>1.3.6.1.4.1.14519.5.2.1.6279.6001.329460858394908713242051424762</imageSOP_UID>
<inclusion>TRUE</inclusion>
<edgeMap>
<xCoord>361</xCoord>
<yCoord>396</yCoord>
</edgeMap>
<edgeMap>
<xCoord>362</xCoord>
<yCoord>395</yCoord>
</edgeMap>
<edgeMap>
<xCoord>363</xCoord>
<yCoord>395</yCoord>
</edgeMap>
<edgeMap>
<xCoord>364</xCoord>
<yCoord>394</yCoord>
</edgeMap>
<edgeMap>
<xCoord>364</xCoord>
<yCoord>393</yCoord>
</edgeMap>
<edgeMap>
<xCoord>364</xCoord>
<yCoord>392</yCoord>
</edgeMap>
<edgeMap>
<xCoord>364</xCoord>
<yCoord>391</yCoord>
</edgeMap>
<edgeMap>
<xCoord>363</xCoord>
<yCoord>390</yCoord>
</edgeMap>
<edgeMap>
<xCoord>363</xCoord>
<yCoord>389</yCoord>
</edgeMap>
<edgeMap>
<xCoord>362</xCoord>
<yCoord>388</yCoord>
</edgeMap>
<edgeMap>
<xCoord>361</xCoord>
<yCoord>387</yCoord>
</edgeMap>
<edgeMap>
<xCoord>360</xCoord>
<yCoord>386</yCoord>
</edgeMap>
<edgeMap>
<xCoord>359</xCoord>
<yCoord>386</yCoord>
</edgeMap>
<edgeMap>
<xCoord>358</xCoord>
<yCoord>386</yCoord>
</edgeMap>
<edgeMap>
<xCoord>357</xCoord>
<yCoord>386</yCoord>
</edgeMap>
<edgeMap>
<xCoord>356</xCoord>
<yCoord>386</yCoord>
</edgeMap>
<edgeMap>
<xCoord>355</xCoord>
<yCoord>387</yCoord>
</edgeMap>
<edgeMap>
<xCoord>354</xCoord>
<yCoord>388</yCoord>
</edgeMap>
<edgeMap>
<xCoord>353</xCoord>
<yCoord>389</yCoord>
</edgeMap>
<edgeMap>
<xCoord>353</xCoord>
<yCoord>390</yCoord>
</edgeMap>
<edgeMap>
<xCoord>353</xCoord>
<yCoord>391</yCoord>
</edgeMap>
<edgeMap>
<xCoord>354</xCoord>
<yCoord>392</yCoord>
</edgeMap>
<edgeMap>
<xCoord>354</xCoord>
<yCoord>393</yCoord>
</edgeMap>
<edgeMap>
<xCoord>355</xCoord>
<yCoord>393</yCoord>
</edgeMap>
<edgeMap>
<xCoord>356</xCoord>
<yCoord>394</yCoord>
</edgeMap>
<edgeMap>
<xCoord>357</xCoord>
<yCoord>395</yCoord>
</edgeMap>
<edgeMap>
<xCoord>358</xCoord>
<yCoord>396</yCoord>
</edgeMap>
<edgeMap>
<xCoord>359</xCoord>
<yCoord>396</yCoord>
</edgeMap>
<edgeMap>
<xCoord>360</xCoord>
<yCoord>396</yCoord>
</edgeMap>
<edgeMap>
<xCoord>361</xCoord>
<yCoord>396</yCoord>
</edgeMap>
</roi>
<roi>
<imageZposition>1524.5</imageZposition>
<imageSOP_UID>1.3.6.1.4.1.14519.5.2.1.6279.6001.141479014675429749092695387417</imageSOP_UID>
<inclusion>TRUE</inclusion>
<edgeMap>
<xCoord>362</xCoord>
<yCoord>400</yCoord>
</edgeMap>
<edgeMap>
<xCoord>363</xCoord>
<yCoord>399</yCoord>
</edgeMap>
<edgeMap>
<xCoord>364</xCoord>
<yCoord>398</yCoord>
</edgeMap>
<edgeMap>
<xCoord>364</xCoord>
<yCoord>397</yCoord>
</edgeMap>
<edgeMap>
<xCoord>365</xCoord>
<yCoord>396</yCoord>
</edgeMap>
<edgeMap>
<xCoord>365</xCoord>
<yCoord>395</yCoord>
</edgeMap>
<edgeMap>
<xCoord>365</xCoord>
<yCoord>394</yCoord>
</edgeMap>
<edgeMap>
<xCoord>365</xCoord>
<yCoord>393</yCoord>
</edgeMap>
<edgeMap>
<xCoord>365</xCoord>
<yCoord>392</yCoord>
</edgeMap>
<edgeMap>
<xCoord>365</xCoord>
<yCoord>391</yCoord>
</edgeMap>
<edgeMap>
<xCoord>365</xCoord>
<yCoord>390</yCoord>
</edgeMap>
<edgeMap>
<xCoord>366</xCoord>
<yCoord>389</yCoord>
</edgeMap>
<edgeMap>
<xCoord>365</xCoord>
<yCoord>388</yCoord>
</edgeMap>
<edgeMap>
<xCoord>364</xCoord>
<yCoord>387</yCoord>
</edgeMap>
<edgeMap>
<xCoord>363</xCoord>
<yCoord>386</yCoord>
</edgeMap>
<edgeMap>
<xCoord>362</xCoord>
<yCoord>385</yCoord>
</edgeMap>
<edgeMap>
<xCoord>361</xCoord>
<yCoord>384</yCoord>
</edgeMap>
<edgeMap>
<xCoord>360</xCoord>
<yCoord>384</yCoord>
</edgeMap>
<edgeMap>
<xCoord>359</xCoord>
<yCoord>384</yCoord>
</edgeMap>
<edgeMap>
<xCoord>358</xCoord>
<yCoord>384</yCoord>
</edgeMap>
<edgeMap>
<xCoord>357</xCoord>
<yCoord>384</yCoord>
</edgeMap>
<edgeMap>
<xCoord>356</xCoord>
<yCoord>384</yCoord>
</edgeMap>
<edgeMap>
<xCoord>355</xCoord>
<yCoord>385</yCoord>
</edgeMap>
<edgeMap>
<xCoord>354</xCoord>
<yCoord>385</yCoord>
</edgeMap>
<edgeMap>
<xCoord>353</xCoord>
<yCoord>386</yCoord>
</edgeMap>
<edgeMap>
<xCoord>352</xCoord>
<yCoord>387</yCoord>
</edgeMap>
<edgeMap>
<xCoord>352</xCoord>
<yCoord>388</yCoord>
</edgeMap>
<edgeMap>
<xCoord>352</xCoord>
<yCoord>389</yCoord>
</edgeMap>
<edgeMap>
<xCoord>351</xCoord>
<yCoord>390</yCoord>
</edgeMap>
<edgeMap>
<xCoord>351</xCoord>
<yCoord>391</yCoord>
</edgeMap>
<edgeMap>
<xCoord>351</xCoord>
<yCoord>392</yCoord>
</edgeMap>
<edgeMap>
<xCoord>351</xCoord>
<yCoord>393</yCoord>
</edgeMap>
<edgeMap>
<xCoord>352</xCoord>
<yCoord>393</yCoord>
</edgeMap>
<edgeMap>
<xCoord>353</xCoord>
<yCoord>394</yCoord>
</edgeMap>
<edgeMap>
<xCoord>353</xCoord>
<yCoord>395</yCoord>
</edgeMap>
<edgeMap>
<xCoord>353</xCoord>
<yCoord>396</yCoord>
</edgeMap>
<edgeMap>
<xCoord>353</xCoord>
<yCoord>397</yCoord>
</edgeMap>
<edgeMap>
<xCoord>353</xCoord>
<yCoord>398</yCoord>
</edgeMap>
<edgeMap>
<xCoord>353</xCoord>
<yCoord>399</yCoord>
</edgeMap>
<edgeMap>
<xCoord>354</xCoord>
<yCoord>400</yCoord>
</edgeMap>
<edgeMap>
<xCoord>355</xCoord>
<yCoord>400</yCoord>
</edgeMap>
<edgeMap>
<xCoord>356</xCoord>
<yCoord>400</yCoord>
</edgeMap>
<edgeMap>
<xCoord>357</xCoord>
<yCoord>400</yCoord>
</edgeMap>
<edgeMap>
<xCoord>358</xCoord>
<yCoord>400</yCoord>
</edgeMap>
<edgeMap>
<xCoord>359</xCoord>
<yCoord>400</yCoord>
</edgeMap>
<edgeMap>
<xCoord>360</xCoord>
<yCoord>400</yCoord>
</edgeMap>
<edgeMap>
<xCoord>361</xCoord>
<yCoord>400</yCoord>
</edgeMap>
<edgeMap>
<xCoord>362</xCoord>
<yCoord>400</yCoord>
</edgeMap>
</roi>
<roi>
<imageZposition>1521.5</imageZposition>
<imageSOP_UID>1.3.6.1.4.1.14519.5.2.1.6279.6001.339033650020229905128854981709</imageSOP_UID>
<inclusion>TRUE</inclusion>
<edgeMap>
<xCoord>361</xCoord>
<yCoord>401</yCoord>
</edgeMap>
<edgeMap>
<xCoord>362</xCoord>
<yCoord>400</yCoord>
</edgeMap>
<edgeMap>
<xCoord>363</xCoord>
<yCoord>399</yCoord>
</edgeMap>
<edgeMap>
<xCoord>364</xCoord>
<yCoord>398</yCoord>
</edgeMap>
<edgeMap>
<xCoord>365</xCoord>
<yCoord>397</yCoord>
</edgeMap>
<edgeMap>
<xCoord>365</xCoord>
<yCoord>396</yCoord>
</edgeMap>
<edgeMap>
<xCoord>366</xCoord>
<yCoord>395</yCoord>
</edgeMap>
<edgeMap>
<xCoord>366</xCoord>
<yCoord>394</yCoord>
</edgeMap>
<edgeMap>
<xCoord>366</xCoord>
<yCoord>393</yCoord>
</edgeMap>
<edgeMap>
<xCoord>366</xCoord>
<yCoord>392</yCoord>
</edgeMap>
<edgeMap>
<xCoord>366</xCoord>
<yCoord>391</yCoord>
</edgeMap>
<edgeMap>
<xCoord>366</xCoord>
<yCoord>390</yCoord>
</edgeMap>
<edgeMap>
<xCoord>366</xCoord>
<yCoord>389</yCoord>
</edgeMap>
<edgeMap>
<xCoord>366</xCoord>
<yCoord>388</yCoord>
</edgeMap>
<edgeMap>
<xCoord>366</xCoord>
<yCoord>387</yCoord>
</edgeMap>
<edgeMap>
<xCoord>365</xCoord>
<yCoord>386</yCoord>
</edgeMap>
<edgeMap>
<xCoord>364</xCoord>
<yCoord>385</yCoord>
</edgeMap>
<edgeMap>
<xCoord>363</xCoord>
<yCoord>384</yCoord>
</edgeMap>
<edgeMap>
<xCoord>362</xCoord>
<yCoord>384</yCoord>
</edgeMap>
<edgeMap>
<xCoord>361</xCoord>
<yCoord>383</yCoord>
</edgeMap>
<edgeMap>
<xCoord>360</xCoord>
<yCoord>383</yCoord>
</edgeMap>
<edgeMap>
<xCoord>359</xCoord>
<yCoord>383</yCoord>
</edgeMap>
<edgeMap>
<xCoord>358</xCoord>
<yCoord>383</yCoord>
</edgeMap>
<edgeMap>
<xCoord>357</xCoord>
<yCoord>384</yCoord>
</edgeMap>
<edgeMap>
<xCoord>356</xCoord>
<yCoord>384</yCoord>
</edgeMap>
<edgeMap>
<xCoord>355</xCoord>
<yCoord>385</yCoord>
</edgeMap>
<edgeMap>
<xCoord>354</xCoord>
<yCoord>385</yCoord>
</edgeMap>
<edgeMap>
<xCoord>353</xCoord>
<yCoord>386</yCoord>
</edgeMap>
<edgeMap>
<xCoord>352</xCoord>
<yCoord>387</yCoord>
</edgeMap>
<edgeMap>
<xCoord>352</xCoord>
<yCoord>388</yCoord>
</edgeMap>
<edgeMap>
<xCoord>351</xCoord>
<yCoord>389</yCoord>
</edgeMap>
<edgeMap>
<xCoord>351</xCoord>
<yCoord>390</yCoord>
</edgeMap>
<edgeMap>
<xCoord>351</xCoord>
<yCoord>391</yCoord>
</edgeMap>
<edgeMap>
<xCoord>351</xCoord>
<yCoord>392</yCoord>
</edgeMap>
<edgeMap>
<xCoord>351</xCoord>
<yCoord>393</yCoord>
</edgeMap>
<edgeMap>
<xCoord>351</xCoord>
<yCoord>394</yCoord>
</edgeMap>
<edgeMap>
<xCoord>351</xCoord>
<yCoord>395</yCoord>
</edgeMap>
<edgeMap>
<xCoord>351</xCoord>
<yCoord>396</yCoord>
</edgeMap>
<edgeMap>
<xCoord>351</xCoord>
<yCoord>397</yCoord>
</edgeMap>
<edgeMap>
<xCoord>351</xCoord>
<yCoord>398</yCoord>
</edgeMap>
<edgeMap>
<xCoord>352</xCoord>
<yCoord>399</yCoord>
</edgeMap>
<edgeMap>
<xCoord>353</xCoord>
<yCoord>400</yCoord>
</edgeMap>
<edgeMap>
<xCoord>354</xCoord>
<yCoord>400</yCoord>
</edgeMap>
<edgeMap>
<xCoord>355</xCoord>
<yCoord>401</yCoord>
</edgeMap>
<edgeMap>
<xCoord>356</xCoord>
<yCoord>401</yCoord>
</edgeMap>
<edgeMap>
<xCoord>357</xCoord>
<yCoord>401</yCoord>
</edgeMap>
<edgeMap>
<xCoord>358</xCoord>
<yCoord>401</yCoord>
</edgeMap>
<edgeMap>
<xCoord>359</xCoord>
<yCoord>401</yCoord>
</edgeMap>
<edgeMap>
<xCoord>360</xCoord>
<yCoord>401</yCoord>
</edgeMap>
<edgeMap>
<xCoord>361</xCoord>
<yCoord>401</yCoord>
</edgeMap>
</roi>
<roi>
<imageZposition>1518.5</imageZposition>
<imageSOP_UID>1.3.6.1.4.1.14519.5.2.1.6279.6001.161894830691630903063907665872</imageSOP_UID>
<inclusion>TRUE</inclusion>
<edgeMap>
<xCoord>362</xCoord>
<yCoord>399</yCoord>
</edgeMap>
<edgeMap>
<xCoord>363</xCoord>
<yCoord>398</yCoord>
</edgeMap>
<edgeMap>
<xCoord>364</xCoord>
<yCoord>397</yCoord>
</edgeMap>
<edgeMap>
<xCoord>365</xCoord>
<yCoord>396</yCoord>
</edgeMap>
<edgeMap>
<xCoord>366</xCoord>
<yCoord>395</yCoord>
</edgeMap>
<edgeMap>
<xCoord>367</xCoord>
<yCoord>395</yCoord>
</edgeMap>
<edgeMap>
<xCoord>367</xCoord>
<yCoord>394</yCoord>
</edgeMap>
<edgeMap>
<xCoord>367</xCoord>
<yCoord>393</yCoord>
</edgeMap>
<edgeMap>
<xCoord>367</xCoord>
<yCoord>392</yCoord>
</edgeMap>
<edgeMap>
<xCoord>367</xCoord>
<yCoord>391</yCoord>
</edgeMap>
<edgeMap>
<xCoord>367</xCoord>
<yCoord>390</yCoord>
</edgeMap>
<edgeMap>
<xCoord>367</xCoord>
<yCoord>389</yCoord>
</edgeMap>
<edgeMap>
<xCoord>366</xCoord>
<yCoord>388</yCoord>
</edgeMap>
<edgeMap>
<xCoord>365</xCoord>
<yCoord>387</yCoord>
</edgeMap>
<edgeMap>
<xCoord>364</xCoord>
<yCoord>386</yCoord>
</edgeMap>
<edgeMap>
<xCoord>363</xCoord>
<yCoord>385</yCoord>
</edgeMap>
<edgeMap>
<xCoord>362</xCoord>
<yCoord>385</yCoord>
</edgeMap>
<edgeMap>
<xCoord>361</xCoord>
<yCoord>385</yCoord>
</edgeMap>
<edgeMap>
<xCoord>360</xCoord>
<yCoord>385</yCoord>
</edgeMap>
<edgeMap>
<xCoord>359</xCoord>
<yCoord>385</yCoord>
</edgeMap>
<edgeMap>
<xCoord>358</xCoord>
<yCoord>386</yCoord>
</edgeMap>
<edgeMap>
<xCoord>357</xCoord>
<yCoord>387</yCoord>
</edgeMap>
<edgeMap>
<xCoord>356</xCoord>
<yCoord>388</yCoord>
</edgeMap>
<edgeMap>
<xCoord>355</xCoord>
<yCoord>389</yCoord>
</edgeMap>
<edgeMap>
<xCoord>355</xCoord>
<yCoord>390</yCoord>
</edgeMap>
<edgeMap>
<xCoord>354</xCoord>
<yCoord>391</yCoord>
</edgeMap>
<edgeMap>
<xCoord>354</xCoord>
<yCoord>392</yCoord>
</edgeMap>
<edgeMap>
<xCoord>354</xCoord>
<yCoord>393</yCoord>
</edgeMap>
<edgeMap>
<xCoord>354</xCoord>
<yCoord>394</yCoord>
</edgeMap>
<edgeMap>
<xCoord>354</xCoord>
<yCoord>395</yCoord>
</edgeMap>
<edgeMap>
<xCoord>354</xCoord>
<yCoord>396</yCoord>
</edgeMap>
<edgeMap>
<xCoord>355</xCoord>
<yCoord>397</yCoord>
</edgeMap>
<edgeMap>
<xCoord>355</xCoord>
<yCoord>398</yCoord>
</edgeMap>
<edgeMap>
<xCoord>356</xCoord>
<yCoord>399</yCoord>
</edgeMap>
<edgeMap>
<xCoord>357</xCoord>
<yCoord>399</yCoord>
</edgeMap>
<edgeMap>
<xCoord>358</xCoord>
<yCoord>399</yCoord>
</edgeMap>
<edgeMap>
<xCoord>359</xCoord>
<yCoord>399</yCoord>
</edgeMap>
<edgeMap>
<xCoord>360</xCoord>
<yCoord>399</yCoord>
</edgeMap>
<edgeMap>
<xCoord>361</xCoord>
<yCoord>399</yCoord>
</edgeMap>
<edgeMap>
<xCoord>362</xCoord>
<yCoord>399</yCoord>
</edgeMap>
</roi>
<roi>
<imageZposition>1515.5</imageZposition>
<imageSOP_UID>1.3.6.1.4.1.14519.5.2.1.6279.6001.273978497402021707979621787785</imageSOP_UID>
<inclusion>TRUE</inclusion>
<edgeMap>
<xCoord>364</xCoord>
<yCoord>397</yCoord>
</edgeMap>
<edgeMap>
<xCoord>365</xCoord>
<yCoord>396</yCoord>
</edgeMap>
<edgeMap>
<xCoord>365</xCoord>
<yCoord>395</yCoord>
</edgeMap>
<edgeMap>
<xCoord>365</xCoord>
<yCoord>394</yCoord>
</edgeMap>
<edgeMap>
<xCoord>365</xCoord>
<yCoord>393</yCoord>
</edgeMap>
<edgeMap>
<xCoord>365</xCoord>
<yCoord>392</yCoord>
</edgeMap>
<edgeMap>
<xCoord>365</xCoord>
<yCoord>391</yCoord>
</edgeMap>
<edgeMap>
<xCoord>365</xCoord>
<yCoord>390</yCoord>
</edgeMap>
<edgeMap>
<xCoord>365</xCoord>
<yCoord>389</yCoord>
</edgeMap>
<edgeMap>
<xCoord>364</xCoord>
<yCoord>389</yCoord>
</edgeMap>
<edgeMap>
<xCoord>363</xCoord>
<yCoord>389</yCoord>
</edgeMap>
<edgeMap>
<xCoord>362</xCoord>
<yCoord>389</yCoord>
</edgeMap>
<edgeMap>
<xCoord>361</xCoord>
<yCoord>389</yCoord>
</edgeMap>
<edgeMap>
<xCoord>360</xCoord>
<yCoord>389</yCoord>
</edgeMap>
<edgeMap>
<xCoord>359</xCoord>
<yCoord>389</yCoord>
</edgeMap>
<edgeMap>
<xCoord>358</xCoord>
<yCoord>389</yCoord>
</edgeMap>
<edgeMap>
<xCoord>357</xCoord>
<yCoord>390</yCoord>
</edgeMap>
<edgeMap>
<xCoord>357</xCoord>
<yCoord>391</yCoord>
</edgeMap>
<edgeMap>
<xCoord>357</xCoord>
<yCoord>392</yCoord>
</edgeMap>
<edgeMap>
<xCoord>357</xCoord>
<yCoord>393</yCoord>
</edgeMap>
<edgeMap>
<xCoord>357</xCoord>
<yCoord>394</yCoord>
</edgeMap>
<edgeMap>
<xCoord>357</xCoord>
<yCoord>395</yCoord>
</edgeMap>
<edgeMap>
<xCoord>358</xCoord>
<yCoord>396</yCoord>
</edgeMap>
<edgeMap>
<xCoord>359</xCoord>
<yCoord>397</yCoord>
</edgeMap>
<edgeMap>
<xCoord>360</xCoord>
<yCoord>397</yCoord>
</edgeMap>
<edgeMap>
<xCoord>361</xCoord>
<yCoord>397</yCoord>
</edgeMap>
<edgeMap>
<xCoord>362</xCoord>
<yCoord>397</yCoord>
</edgeMap>
<edgeMap>
<xCoord>363</xCoord>
<yCoord>397</yCoord>
</edgeMap>
<edgeMap>
<xCoord>364</xCoord>
<yCoord>397</yCoord>
</edgeMap>
</roi>
</unblindedReadNodule>
<unblindedReadNodule>
<noduleID>14343</noduleID>
<characteristics>
<subtlety>2</subtlety>
<internalStructure>1</internalStructure>
<calcification>6</calcification>
<sphericity>4</sphericity>
<margin>4</margin>
<lobulation>2</lobulation>
<spiculation>1</spiculation>
<texture>3</texture>
<malignancy>3</malignancy>
</characteristics>
<roi>
<imageZposition>1515.5</imageZposition>
<imageSOP_UID>1.3.6.1.4.1.14519.5.2.1.6279.6001.273978497402021707979621787785</imageSOP_UID>
<inclusion>TRUE</inclusion>
<edgeMap>
<xCoord>347</xCoord>
<yCoord>363</yCoord>
</edgeMap>
<edgeMap>
<xCoord>348</xCoord>
<yCoord>362</yCoord>
</edgeMap>
<edgeMap>
<xCoord>349</xCoord>
<yCoord>361</yCoord>
</edgeMap>
<edgeMap>
<xCoord>349</xCoord>
<yCoord>360</yCoord>
</edgeMap>
<edgeMap>
<xCoord>349</xCoord>
<yCoord>359</yCoord>
</edgeMap>
<edgeMap>
<xCoord>349</xCoord>
<yCoord>358</yCoord>
</edgeMap>
<edgeMap>
<xCoord>349</xCoord>
<yCoord>357</yCoord>
</edgeMap>
<edgeMap>
<xCoord>349</xCoord>
<yCoord>356</yCoord>
</edgeMap>
<edgeMap>
<xCoord>349</xCoord>
<yCoord>355</yCoord>
</edgeMap>
<edgeMap>
<xCoord>349</xCoord>
<yCoord>354</yCoord>
</edgeMap>
<edgeMap>
<xCoord>349</xCoord>
<yCoord>353</yCoord>
</edgeMap>
<edgeMap>
<xCoord>348</xCoord>
<yCoord>352</yCoord>
</edgeMap>
<edgeMap>
<xCoord>347</xCoord>
<yCoord>351</yCoord>
</edgeMap>
<edgeMap>
<xCoord>346</xCoord>
<yCoord>350</yCoord>
</edgeMap>
<edgeMap>
<xCoord>345</xCoord>
<yCoord>349</yCoord>
</edgeMap>
<edgeMap>
<xCoord>344</xCoord>
<yCoord>349</yCoord>
</edgeMap>
<edgeMap>
<xCoord>343</xCoord>
<yCoord>349</yCoord>
</edgeMap>
<edgeMap>
<xCoord>342</xCoord>
<yCoord>350</yCoord>
</edgeMap>
<edgeMap>
<xCoord>341</xCoord>
<yCoord>350</yCoord>
</edgeMap>
<edgeMap>
<xCoord>340</xCoord>
<yCoord>351</yCoord>
</edgeMap>
<edgeMap>
<xCoord>339</xCoord>
<yCoord>352</yCoord>
</edgeMap>
<edgeMap>
<xCoord>338</xCoord>
<yCoord>353</yCoord>
</edgeMap>
<edgeMap>
<xCoord>337</xCoord>
<yCoord>354</yCoord>
</edgeMap>
<edgeMap>
<xCoord>337</xCoord>
<yCoord>355</yCoord>
</edgeMap>
<edgeMap>
<xCoord>337</xCoord>
<yCoord>356</yCoord>
</edgeMap>
<edgeMap>
<xCoord>336</xCoord>
<yCoord>357</yCoord>
</edgeMap>
<edgeMap>
<xCoord>336</xCoord>
<yCoord>358</yCoord>
</edgeMap>
<edgeMap>
<xCoord>336</xCoord>
<yCoord>359</yCoord>
</edgeMap>
<edgeMap>
<xCoord>337</xCoord>
<yCoord>360</yCoord>
</edgeMap>
<edgeMap>
<xCoord>338</xCoord>
<yCoord>361</yCoord>
</edgeMap>
<edgeMap>
<xCoord>339</xCoord>
<yCoord>362</yCoord>
</edgeMap>
<edgeMap>
<xCoord>340</xCoord>
<yCoord>362</yCoord>
</edgeMap>
<edgeMap>
<xCoord>341</xCoord>
<yCoord>363</yCoord>
</edgeMap>
<edgeMap>
<xCoord>342</xCoord>
<yCoord>363</yCoord>
</edgeMap>
<edgeMap>
<xCoord>343</xCoord>
<yCoord>363</yCoord>
</edgeMap>
<edgeMap>
<xCoord>344</xCoord>
<yCoord>363</yCoord>
</edgeMap>
<edgeMap>
<xCoord>345</xCoord>
<yCoord>363</yCoord>
</edgeMap>
<edgeMap>
<xCoord>346</xCoord>
<yCoord>363</yCoord>
</edgeMap>
<edgeMap>
<xCoord>347</xCoord>
<yCoord>363</yCoord>
</edgeMap>
</roi>
<roi>
<imageZposition>1512.5</imageZposition>
<imageSOP_UID>1.3.6.1.4.1.14519.5.2.1.6279.6001.264320951471571220769400595019</imageSOP_UID>
<inclusion>TRUE</inclusion>
<edgeMap>
<xCoord>344</xCoord>
<yCoord>363</yCoord>
</edgeMap>
<edgeMap>
<xCoord>345</xCoord>
<yCoord>362</yCoord>
</edgeMap>
<edgeMap>
<xCoord>346</xCoord>
<yCoord>362</yCoord>
</edgeMap>
<edgeMap>
<xCoord>347</xCoord>
<yCoord>361</yCoord>
</edgeMap>
<edgeMap>
<xCoord>348</xCoord>
<yCoord>360</yCoord>
</edgeMap>
<edgeMap>
<xCoord>349</xCoord>
<yCoord>359</yCoord>
</edgeMap>
<edgeMap>
<xCoord>349</xCoord>
<yCoord>358</yCoord>
</edgeMap>
<edgeMap>
<xCoord>350</xCoord>
<yCoord>357</yCoord>
</edgeMap>
<edgeMap>
<xCoord>350</xCoord>
<yCoord>356</yCoord>
</edgeMap>
<edgeMap>
<xCoord>350</xCoord>
<yCoord>355</yCoord>
</edgeMap>
<edgeMap>
<xCoord>349</xCoord>
<yCoord>354</yCoord>
</edgeMap>
<edgeMap>
<xCoord>349</xCoord>
<yCoord>353</yCoord>
</edgeMap>
<edgeMap>
<xCoord>348</xCoord>
<yCoord>352</yCoord>
</edgeMap>
<edgeMap>
<xCoord>347</xCoord>
<yCoord>351</yCoord>
</edgeMap>
<edgeMap>
<xCoord>346</xCoord>
<yCoord>350</yCoord>
</edgeMap>
<edgeMap>
<xCoord>345</xCoord>
<yCoord>350</yCoord>
</edgeMap>
<edgeMap>
<xCoord>344</xCoord>
<yCoord>350</yCoord>
</edgeMap>
<edgeMap>
<xCoord>343</xCoord>
<yCoord>350</yCoord>
</edgeMap>
<edgeMap>
<xCoord>342</xCoord>
<yCoord>350</yCoord>
</edgeMap>
<edgeMap>
<xCoord>341</xCoord>
<yCoord>350</yCoord>
</edgeMap>
<edgeMap>
<xCoord>340</xCoord>
<yCoord>351</yCoord>
</edgeMap>
<edgeMap>
<xCoord>339</xCoord>
<yCoord>352</yCoord>
</edgeMap>
<edgeMap>
<xCoord>338</xCoord>
<yCoord>353</yCoord>
</edgeMap>
<edgeMap>
<xCoord>337</xCoord>
<yCoord>353</yCoord>
</edgeMap>
<edgeMap>
<xCoord>337</xCoord>
<yCoord>354</yCoord>
</edgeMap>
<edgeMap>
<xCoord>337</xCoord>
<yCoord>355</yCoord>
</edgeMap>
<edgeMap>
<xCoord>336</xCoord>
<yCoord>356</yCoord>
</edgeMap>
<edgeMap>
<xCoord>336</xCoord>
<yCoord>357</yCoord>
</edgeMap>
<edgeMap>
<xCoord>335</xCoord>
<yCoord>358</yCoord>
</edgeMap>
<edgeMap>
<xCoord>335</xCoord>
<yCoord>359</yCoord>
</edgeMap>
<edgeMap>
<xCoord>336</xCoord>
<yCoord>360</yCoord>
</edgeMap>
<edgeMap>
<xCoord>337</xCoord>
<yCoord>361</yCoord>
</edgeMap>
<edgeMap>
<xCoord>338</xCoord>
<yCoord>362</yCoord>
</edgeMap>
<edgeMap>
<xCoord>339</xCoord>
<yCoord>362</yCoord>
</edgeMap>
<edgeMap>
<xCoord>340</xCoord>
<yCoord>363</yCoord>
</edgeMap>
<edgeMap>
<xCoord>341</xCoord>
<yCoord>363</yCoord>
</edgeMap>
<edgeMap>
<xCoord>342</xCoord>
<yCoord>363</yCoord>
</edgeMap>
<edgeMap>
<xCoord>343</xCoord>
<yCoord>363</yCoord>
</edgeMap>
<edgeMap>
<xCoord>344</xCoord>
<yCoord>363</yCoord>
</edgeMap>
</roi>
</unblindedReadNodule>
<nonNodule>
<nonNoduleID>14351</nonNoduleID>
<imageZposition>1518.5</imageZposition>
<imageSOP_UID>1.3.6.1.4.1.14519.5.2.1.6279.6001.161894830691630903063907665872</imageSOP_UID>
<locus>
<xCoord>128</xCoord>
<yCoord>241</yCoord>
</locus>
</nonNodule>
<nonNodule>
<nonNoduleID>14352</nonNoduleID>
<imageZposition>1518.5</imageZposition>
<imageSOP_UID>1.3.6.1.4.1.14519.5.2.1.6279.6001.161894830691630903063907665872</imageSOP_UID>
<locus>
<xCoord>163</xCoord>
<yCoord>337</yCoord>
</locus>
</nonNodule>
<nonNodule>
<nonNoduleID>14346</nonNoduleID>
<imageZposition>1428.5</imageZposition>
<imageSOP_UID>1.3.6.1.4.1.14519.5.2.1.6279.6001.257421000572040275632732573415</imageSOP_UID>
<locus>
<xCoord>412</xCoord>
<yCoord>166</yCoord>
</locus>
</nonNodule>
<nonNodule>
<nonNoduleID>14349</nonNoduleID>
<imageZposition>1545.5</imageZposition>
<imageSOP_UID>1.3.6.1.4.1.14519.5.2.1.6279.6001.273303993974790876663118897312</imageSOP_UID>
<locus>
<xCoord>182</xCoord>
<yCoord>335</yCoord>
</locus>
</nonNodule>
</readingSession>


	<readingSession>
		<annotationVersion>3.12</annotationVersion>
		<servicingRadiologistID>anon</servicingRadiologistID>
			<unblindedReadNodule>
				<noduleID>0</noduleID>
				<characteristics>
					<subtlety>5</subtlety>
					<internalStructure>1</internalStructure>
					<calcification>6</calcification>
					<sphericity>5</sphericity>
					<margin>5</margin>
					<lobulation>1</lobulation>
					<spiculation>1</spiculation>
					<texture>5</texture>
					<malignancy>2</malignancy>
				</characteristics>
				<roi>
					<imageZposition>1518.5</imageZposition>
					<imageSOP_UID>1.3.6.1.4.1.14519.5.2.1.6279.6001.161894830691630903063907665872</imageSOP_UID>
					<inclusion>TRUE</inclusion>
					<edgeMap>
					<xCoord>343</xCoord>
					<yCoord>351</yCoord>
					</edgeMap>
					<edgeMap>
					<xCoord>342</xCoord>
					<yCoord>352</yCoord>
					</edgeMap>
					<edgeMap>
					<xCoord>341</xCoord>
					<yCoord>353</yCoord>
					</edgeMap>
					<edgeMap>
					<xCoord>340</xCoord>
					<yCoord>354</yCoord>
					</edgeMap>
					<edgeMap>
					<xCoord>341</xCoord>
					<yCoord>354</yCoord>
					</edgeMap>
					<edgeMap>
					<xCoord>341</xCoord>
					<yCoord>355</yCoord>
					</edgeMap>
					<edgeMap>
					<xCoord>341</xCoord>
					<yCoord>356</yCoord>
					</edgeMap>
					<edgeMap>
					<xCoord>341</xCoord>
					<yCoord>357</yCoord>
					</edgeMap>
					<edgeMap>
					<xCoord>341</xCoord>
					<yCoord>358</yCoord>
					</edgeMap>
					<edgeMap>
					<xCoord>341</xCoord>
					<yCoord>359</yCoord>
					</edgeMap>
					<edgeMap>
					<xCoord>342</xCoord>
					<yCoord>360</yCoord>
					</edgeMap>
					<edgeMap>
					<xCoord>343</xCoord>
					<yCoord>360</yCoord>
					</edgeMap>
					<edgeMap>
					<xCoord>344</xCoord>
					<yCoord>361</yCoord>
					</edgeMap>
					<edgeMap>
					<xCoord>345</xCoord>
					<yCoord>361</yCoord>
					</edgeMap>
					<edgeMap>
					<xCoord>346</xCoord>
					<yCoord>361</yCoord>
					</edgeMap>
					<edgeMap>
					<xCoord>346</xCoord>
					<yCoord>360</yCoord>
					</edgeMap>
					<edgeMap>
					<xCoord>346</xCoord>
					<yCoord>359</yCoord>
					</edgeMap>
					<edgeMap>
					<xCoord>347</xCoord>
					<yCoord>358</yCoord>
					</edgeMap>
					<edgeMap>
					<xCoord>347</xCoord>
					<yCoord>357</yCoord>
					</edgeMap>
					<edgeMap>
					<xCoord>347</xCoord>
					<yCoord>356</yCoord>
					</edgeMap>
					<edgeMap>
					<xCoord>347</xCoord>
					<yCoord>355</yCoord>
					</edgeMap>
					<edgeMap>
					<xCoord>347</xCoord>
					<yCoord>354</yCoord>
					</edgeMap>
					<edgeMap>
					<xCoord>347</xCoord>
					<yCoord>353</yCoord>
					</edgeMap>
					<edgeMap>
					<xCoord>346</xCoord>
					<yCoord>352</yCoord>
					</edgeMap>
					<edgeMap>
					<xCoord>345</xCoord>
					<yCoord>352</yCoord>
					</edgeMap>
					<edgeMap>
					<xCoord>344</xCoord>
					<yCoord>351</yCoord>
					</edgeMap>
					<edgeMap>
					<xCoord>343</xCoord>
					<yCoord>351</yCoord>
					</edgeMap>
				</roi>
				<roi>
					<imageZposition>1515.5</imageZposition>
					<imageSOP_UID>1.3.6.1.4.1.14519.5.2.1.6279.6001.273978497402021707979621787785</imageSOP_UID>
					<inclusion>TRUE</inclusion>
					<edgeMap>
					<xCoord>344</xCoord>
					<yCoord>350</yCoord>
					</edgeMap>
					<edgeMap>
					<xCoord>343</xCoord>
					<yCoord>350</yCoord>
					</edgeMap>
					<edgeMap>
					<xCoord>342</xCoord>
					<yCoord>351</yCoord>
					</edgeMap>
					<edgeMap>
					<xCoord>341</xCoord>
					<yCoord>351</yCoord>
					</edgeMap>
					<edgeMap>
					<xCoord>340</xCoord>
					<yCoord>351</yCoord>
					</edgeMap>
					<edgeMap>
					<xCoord>339</xCoord>
					<yCoord>352</yCoord>
					</edgeMap>
					<edgeMap>
					<xCoord>339</xCoord>
					<yCoord>353</yCoord>
					</edgeMap>
					<edgeMap>
					<xCoord>339</xCoord>
					<yCoord>354</yCoord>
					</edgeMap>
					<edgeMap>
					<xCoord>338</xCoord>
					<yCoord>355</yCoord>
					</edgeMap>
					<edgeMap>
					<xCoord>338</xCoord>
					<yCoord>356</yCoord>
					</edgeMap>
					<edgeMap>
					<xCoord>337</xCoord>
					<yCoord>357</yCoord>
					</edgeMap>
					<edgeMap>
					<xCoord>337</xCoord>
					<yCoord>358</yCoord>
					</edgeMap>
					<edgeMap>
					<xCoord>338</xCoord>
					<yCoord>359</yCoord>
					</edgeMap>
					<edgeMap>
					<xCoord>339</xCoord>
					<yCoord>360</yCoord>
					</edgeMap>
					<edgeMap>
					<xCoord>339</xCoord>
					<yCoord>361</yCoord>
					</edgeMap>
					<edgeMap>
					<xCoord>340</xCoord>
					<yCoord>361</yCoord>
					</edgeMap>
					<edgeMap>
					<xCoord>341</xCoord>
					<yCoord>361</yCoord>
					</edgeMap>
					<edgeMap>
					<xCoord>342</xCoord>
					<yCoord>362</yCoord>
					</edgeMap>
					<edgeMap>
					<xCoord>343</xCoord>
					<yCoord>362</yCoord>
					</edgeMap>
					<edgeMap>
					<xCoord>344</xCoord>
					<yCoord>362</yCoord>
					</edgeMap>
					<edgeMap>
					<xCoord>345</xCoord>
					<yCoord>362</yCoord>
					</edgeMap>
					<edgeMap>
					<xCoord>346</xCoord>
					<yCoord>362</yCoord>
					</edgeMap>
					<edgeMap>
					<xCoord>347</xCoord>
					<yCoord>362</yCoord>
					</edgeMap>
					<edgeMap>
					<xCoord>347</xCoord>
					<yCoord>361</yCoord>
					</edgeMap>
					<edgeMap>
					<xCoord>348</xCoord>
					<yCoord>360</yCoord>
					</edgeMap>
					<edgeMap>
					<xCoord>348</xCoord>
					<yCoord>359</yCoord>
					</edgeMap>
					<edgeMap>
					<xCoord>348</xCoord>
					<yCoord>358</yCoord>
					</edgeMap>
					<edgeMap>
					<xCoord>348</xCoord>
					<yCoord>357</yCoord>
					</edgeMap>
					<edgeMap>
					<xCoord>348</xCoord>
					<yCoord>356</yCoord>
					</edgeMap>
					<edgeMap>
					<xCoord>348</xCoord>
					<yCoord>355</yCoord>
					</edgeMap>
					<edgeMap>
					<xCoord>348</xCoord>
					<yCoord>354</yCoord>
					</edgeMap>
					<edgeMap>
					<xCoord>348</xCoord>
					<yCoord>353</yCoord>
					</edgeMap>
					<edgeMap>
					<xCoord>347</xCoord>
					<yCoord>352</yCoord>
					</edgeMap>
					<edgeMap>
					<xCoord>346</xCoord>
					<yCoord>351</yCoord>
					</edgeMap>
					<edgeMap>
					<xCoord>346</xCoord>
					<yCoord>350</yCoord>
					</edgeMap>
					<edgeMap>
					<xCoord>345</xCoord>
					<yCoord>350</yCoord>
					</edgeMap>
					<edgeMap>
					<xCoord>344</xCoord>
					<yCoord>350</yCoord>
					</edgeMap>
				</roi>
				<roi>
					<imageZposition>1512.5</imageZposition>
					<imageSOP_UID>1.3.6.1.4.1.14519.5.2.1.6279.6001.264320951471571220769400595019</imageSOP_UID>
					<inclusion>TRUE</inclusion>
					<edgeMap>
					<xCoord>340</xCoord>
					<yCoord>350</yCoord>
					</edgeMap>
					<edgeMap>
					<xCoord>340</xCoord>
					<yCoord>351</yCoord>
					</edgeMap>
					<edgeMap>
					<xCoord>339</xCoord>
					<yCoord>352</yCoord>
					</edgeMap>
					<edgeMap>
					<xCoord>338</xCoord>
					<yCoord>353</yCoord>
					</edgeMap>
					<edgeMap>
					<xCoord>338</xCoord>
					<yCoord>354</yCoord>
					</edgeMap>
					<edgeMap>
					<xCoord>338</xCoord>
					<yCoord>355</yCoord>
					</edgeMap>
					<edgeMap>
					<xCoord>337</xCoord>
					<yCoord>356</yCoord>
					</edgeMap>
					<edgeMap>
					<xCoord>337</xCoord>
					<yCoord>357</yCoord>
					</edgeMap>
					<edgeMap>
					<xCoord>337</xCoord>
					<yCoord>358</yCoord>
					</edgeMap>
					<edgeMap>
					<xCoord>338</xCoord>
					<yCoord>359</yCoord>
					</edgeMap>
					<edgeMap>
					<xCoord>339</xCoord>
					<yCoord>360</yCoord>
					</edgeMap>
					<edgeMap>
					<xCoord>340</xCoord>
					<yCoord>360</yCoord>
					</edgeMap>
					<edgeMap>
					<xCoord>341</xCoord>
					<yCoord>360</yCoord>
					</edgeMap>
					<edgeMap>
					<xCoord>342</xCoord>
					<yCoord>361</yCoord>
					</edgeMap>
					<edgeMap>
					<xCoord>343</xCoord>
					<yCoord>361</yCoord>
					</edgeMap>
					<edgeMap>
					<xCoord>344</xCoord>
					<yCoord>361</yCoord>
					</edgeMap>
					<edgeMap>
					<xCoord>345</xCoord>
					<yCoord>361</yCoord>
					</edgeMap>
					<edgeMap>
					<xCoord>346</xCoord>
					<yCoord>361</yCoord>
					</edgeMap>
					<edgeMap>
					<xCoord>347</xCoord>
					<yCoord>360</yCoord>
					</edgeMap>
					<edgeMap>
					<xCoord>348</xCoord>
					<yCoord>360</yCoord>
					</edgeMap>
					<edgeMap>
					<xCoord>348</xCoord>
					<yCoord>359</yCoord>
					</edgeMap>
					<edgeMap>
					<xCoord>349</xCoord>
					<yCoord>358</yCoord>
					</edgeMap>
					<edgeMap>
					<xCoord>349</xCoord>
					<yCoord>357</yCoord>
					</edgeMap>
					<edgeMap>
					<xCoord>350</xCoord>
					<yCoord>356</yCoord>
					</edgeMap>
					<edgeMap>
					<xCoord>349</xCoord>
					<yCoord>355</yCoord>
					</edgeMap>
					<edgeMap>
					<xCoord>349</xCoord>
					<yCoord>354</yCoord>
					</edgeMap>
					<edgeMap>
					<xCoord>348</xCoord>
					<yCoord>353</yCoord>
					</edgeMap>
					<edgeMap>
					<xCoord>347</xCoord>
					<yCoord>352</yCoord>
					</edgeMap>
					<edgeMap>
					<xCoord>346</xCoord>
					<yCoord>351</yCoord>
					</edgeMap>
					<edgeMap>
					<xCoord>345</xCoord>
					<yCoord>350</yCoord>
					</edgeMap>
					<edgeMap>
					<xCoord>344</xCoord>
					<yCoord>349</yCoord>
					</edgeMap>
					<edgeMap>
					<xCoord>343</xCoord>
					<yCoord>350</yCoord>
					</edgeMap>
					<edgeMap>
					<xCoord>342</xCoord>
					<yCoord>350</yCoord>
					</edgeMap>
					<edgeMap>
					<xCoord>341</xCoord>
					<yCoord>350</yCoord>
					</edgeMap>
					<edgeMap>
					<xCoord>340</xCoord>
					<yCoord>350</yCoord>
					</edgeMap>
				</roi>
				<roi>
					<imageZposition>1509.5</imageZposition>
					<imageSOP_UID>1.3.6.1.4.1.14519.5.2.1.6279.6001.104640970510253323307468034083</imageSOP_UID>
					<inclusion>TRUE</inclusion>
					<edgeMap>
					<xCoord>341</xCoord>
					<yCoord>355</yCoord>
					</edgeMap>
					<edgeMap>
					<xCoord>341</xCoord>
					<yCoord>354</yCoord>
					</edgeMap>
					<edgeMap>
					<xCoord>342</xCoord>
					<yCoord>353</yCoord>
					</edgeMap>
					<edgeMap>
					<xCoord>342</xCoord>
					<yCoord>352</yCoord>
					</edgeMap>
					<edgeMap>
					<xCoord>343</xCoord>
					<yCoord>352</yCoord>
					</edgeMap>
					<edgeMap>
					<xCoord>344</xCoord>
					<yCoord>352</yCoord>
					</edgeMap>
					<edgeMap>
					<xCoord>345</xCoord>
					<yCoord>352</yCoord>
					</edgeMap>
					<edgeMap>
					<xCoord>346</xCoord>
					<yCoord>352</yCoord>
					</edgeMap>
					<edgeMap>
					<xCoord>347</xCoord>
					<yCoord>353</yCoord>
					</edgeMap>
					<edgeMap>
					<xCoord>348</xCoord>
					<yCoord>354</yCoord>
					</edgeMap>
					<edgeMap>
					<xCoord>348</xCoord>
					<yCoord>355</yCoord>
					</edgeMap>
					<edgeMap>
					<xCoord>348</xCoord>
					<yCoord>356</yCoord>
					</edgeMap>
					<edgeMap>
					<xCoord>349</xCoord>
					<yCoord>357</yCoord>
					</edgeMap>
					<edgeMap>
					<xCoord>348</xCoord>
					<yCoord>358</yCoord>
					</edgeMap>
					<edgeMap>
					<xCoord>347</xCoord>
					<yCoord>359</yCoord>
					</edgeMap>
					<edgeMap>
					<xCoord>346</xCoord>
					<yCoord>359</yCoord>
					</edgeMap>
					<edgeMap>
					<xCoord>345</xCoord>
					<yCoord>359</yCoord>
					</edgeMap>
					<edgeMap>
					<xCoord>344</xCoord>
					<yCoord>359</yCoord>
					</edgeMap>
					<edgeMap>
					<xCoord>343</xCoord>
					<yCoord>359</yCoord>
					</edgeMap>
					<edgeMap>
					<xCoord>342</xCoord>
					<yCoord>358</yCoord>
					</edgeMap>
					<edgeMap>
					<xCoord>342</xCoord>
					<yCoord>357</yCoord>
					</edgeMap>
					<edgeMap>
					<xCoord>341</xCoord>
					<yCoord>356</yCoord>
					</edgeMap>
					<edgeMap>
					<xCoord>341</xCoord>
					<yCoord>355</yCoord>
					</edgeMap>
				</roi>
			</unblindedReadNodule>
			<unblindedReadNodule>
				<noduleID>1</noduleID>
				<characteristics>
					<subtlety>5</subtlety>
					<internalStructure>1</internalStructure>
					<calcification>6</calcification>
					<sphericity>5</sphericity>
					<margin>5</margin>
					<lobulation>1</lobulation>
					<spiculation>1</spiculation>
					<texture>5</texture>
					<malignancy>3</malignancy>
				</characteristics>
				<roi>
					<imageZposition>1527.5</imageZposition>
					<imageSOP_UID>1.3.6.1.4.1.14519.5.2.1.6279.6001.329460858394908713242051424762</imageSOP_UID>
					<inclusion>TRUE</inclusion>
					<edgeMap>
					<xCoord>354</xCoord>
					<yCoord>391</yCoord>
					</edgeMap>
					<edgeMap>
					<xCoord>354</xCoord>
					<yCoord>390</yCoord>
					</edgeMap>
					<edgeMap>
					<xCoord>354</xCoord>
					<yCoord>389</yCoord>
					</edgeMap>
					<edgeMap>
					<xCoord>354</xCoord>
					<yCoord>388</yCoord>
					</edgeMap>
					<edgeMap>
					<xCoord>355</xCoord>
					<yCoord>387</yCoord>
					</edgeMap>
					<edgeMap>
					<xCoord>356</xCoord>
					<yCoord>387</yCoord>
					</edgeMap>
					<edgeMap>
					<xCoord>357</xCoord>
					<yCoord>386</yCoord>
					</edgeMap>
					<edgeMap>
					<xCoord>358</xCoord>
					<yCoord>386</yCoord>
					</edgeMap>
					<edgeMap>
					<xCoord>358</xCoord>
					<yCoord>385</yCoord>
					</edgeMap>
					<edgeMap>
					<xCoord>359</xCoord>
					<yCoord>386</yCoord>
					</edgeMap>
					<edgeMap>
					<xCoord>360</xCoord>
					<yCoord>386</yCoord>
					</edgeMap>
					<edgeMap>
					<xCoord>361</xCoord>
					<yCoord>387</yCoord>
					</edgeMap>
					<edgeMap>
					<xCoord>361</xCoord>
					<yCoord>386</yCoord>
					</edgeMap>
					<edgeMap>
					<xCoord>362</xCoord>
					<yCoord>388</yCoord>
					</edgeMap>
					<edgeMap>
					<xCoord>362</xCoord>
					<yCoord>389</yCoord>
					</edgeMap>
					<edgeMap>
					<xCoord>363</xCoord>
					<yCoord>390</yCoord>
					</edgeMap>
					<edgeMap>
					<xCoord>363</xCoord>
					<yCoord>391</yCoord>
					</edgeMap>
					<edgeMap>
					<xCoord>364</xCoord>
					<yCoord>392</yCoord>
					</edgeMap>
					<edgeMap>
					<xCoord>364</xCoord>
					<yCoord>393</yCoord>
					</edgeMap>
					<edgeMap>
					<xCoord>363</xCoord>
					<yCoord>393</yCoord>
					</edgeMap>
					<edgeMap>
					<xCoord>362</xCoord>
					<yCoord>394</yCoord>
					</edgeMap>
					<edgeMap>
					<xCoord>361</xCoord>
					<yCoord>394</yCoord>
					</edgeMap>
					<edgeMap>
					<xCoord>360</xCoord>
					<yCoord>394</yCoord>
					</edgeMap>
					<edgeMap>
					<xCoord>359</xCoord>
					<yCoord>394</yCoord>
					</edgeMap>
					<edgeMap>
					<xCoord>358</xCoord>
					<yCoord>394</yCoord>
					</edgeMap>
					<edgeMap>
					<xCoord>357</xCoord>
					<yCoord>394</yCoord>
					</edgeMap>
					<edgeMap>
					<xCoord>356</xCoord>
					<yCoord>394</yCoord>
					</edgeMap>
					<edgeMap>
					<xCoord>355</xCoord>
					<yCoord>393</yCoord>
					</edgeMap>
					<edgeMap>
					<xCoord>354</xCoord>
					<yCoord>392</yCoord>
					</edgeMap>
					<edgeMap>
					<xCoord>354</xCoord>
					<yCoord>391</yCoord>
					</edgeMap>
				</roi>
				<roi>
					<imageZposition>1524.5</imageZposition>
					<imageSOP_UID>1.3.6.1.4.1.14519.5.2.1.6279.6001.141479014675429749092695387417</imageSOP_UID>
					<inclusion>TRUE</inclusion>
					<edgeMap>
					<xCoord>352</xCoord>
					<yCoord>395</yCoord>
					</edgeMap>
					<edgeMap>
					<xCoord>352</xCoord>
					<yCoord>394</yCoord>
					</edgeMap>
					<edgeMap>
					<xCoord>352</xCoord>
					<yCoord>393</yCoord>
					</edgeMap>
					<edgeMap>
					<xCoord>351</xCoord>
					<yCoord>392</yCoord>
					</edgeMap>
					<edgeMap>
					<xCoord>351</xCoord>
					<yCoord>391</yCoord>
					</edgeMap>
					<edgeMap>
					<xCoord>351</xCoord>
					<yCoord>390</yCoord>
					</edgeMap>
					<edgeMap>
					<xCoord>351</xCoord>
					<yCoord>389</yCoord>
					</edgeMap>
					<edgeMap>
					<xCoord>352</xCoord>
					<yCoord>388</yCoord>
					</edgeMap>
					<edgeMap>
					<xCoord>353</xCoord>
					<yCoord>387</yCoord>
					</edgeMap>
					<edgeMap>
					<xCoord>353</xCoord>
					<yCoord>386</yCoord>
					</edgeMap>
					<edgeMap>
					<xCoord>354</xCoord>
					<yCoord>385</yCoord>
					</edgeMap>
					<edgeMap>
					<xCoord>355</xCoord>
					<yCoord>385</yCoord>
					</edgeMap>
					<edgeMap>
					<xCoord>356</xCoord>
					<yCoord>385</yCoord>
					</edgeMap>
					<edgeMap>
					<xCoord>357</xCoord>
					<yCoord>385</yCoord>
					</edgeMap>
					<edgeMap>
					<xCoord>358</xCoord>
					<yCoord>385</yCoord>
					</edgeMap>
					<edgeMap>
					<xCoord>359</xCoord>
					<yCoord>385</yCoord>
					</edgeMap>
					<edgeMap>
					<xCoord>360</xCoord>
					<yCoord>385</yCoord>
					</edgeMap>
					<edgeMap>
					<xCoord>360</xCoord>
					<yCoord>384</yCoord>
					</edgeMap>
					<edgeMap>
					<xCoord>361</xCoord>
					<yCoord>385</yCoord>
					</edgeMap>
					<edgeMap>
					<xCoord>362</xCoord>
					<yCoord>386</yCoord>
					</edgeMap>
					<edgeMap>
					<xCoord>363</xCoord>
					<yCoord>387</yCoord>
					</edgeMap>
					<edgeMap>
					<xCoord>364</xCoord>
					<yCoord>388</yCoord>
					</edgeMap>
					<edgeMap>
					<xCoord>364</xCoord>
					<yCoord>389</yCoord>
					</edgeMap>
					<edgeMap>
					<xCoord>364</xCoord>
					<yCoord>390</yCoord>
					</edgeMap>
					<edgeMap>
					<xCoord>365</xCoord>
					<yCoord>391</yCoord>
					</edgeMap>
					<edgeMap>
					<xCoord>365</xCoord>
					<yCoord>392</yCoord>
					</edgeMap>
					<edgeMap>
					<xCoord>365</xCoord>
					<yCoord>393</yCoord>
					</edgeMap>
					<edgeMap>
					<xCoord>365</xCoord>
					<yCoord>394</yCoord>
					</edgeMap>
					<edgeMap>
					<xCoord>366</xCoord>
					<yCoord>394</yCoord>
					</edgeMap>
					<edgeMap>
					<xCoord>365</xCoord>
					<yCoord>395</yCoord>
					</edgeMap>
					<edgeMap>
					<xCoord>364</xCoord>
					<yCoord>396</yCoord>
					</edgeMap>
					<edgeMap>
					<xCoord>364</xCoord>
					<yCoord>397</yCoord>
					</edgeMap>
					<edgeMap>
					<xCoord>363</xCoord>
					<yCoord>397</yCoord>
					</edgeMap>
					<edgeMap>
					<xCoord>362</xCoord>
					<yCoord>397</yCoord>
					</edgeMap>
					<edgeMap>
					<xCoord>361</xCoord>
					<yCoord>397</yCoord>
					</edgeMap>
					<edgeMap>
					<xCoord>360</xCoord>
					<yCoord>397</yCoord>
					</edgeMap>
					<edgeMap>
					<xCoord>359</xCoord>
					<yCoord>397</yCoord>
					</edgeMap>
					<edgeMap>
					<xCoord>358</xCoord>
					<yCoord>397</yCoord>
					</edgeMap>
					<edgeMap>
					<xCoord>357</xCoord>
					<yCoord>397</yCoord>
					</edgeMap>
					<edgeMap>
					<xCoord>356</xCoord>
					<yCoord>397</yCoord>
					</edgeMap>
					<edgeMap>
					<xCoord>355</xCoord>
					<yCoord>397</yCoord>
					</edgeMap>
					<edgeMap>
					<xCoord>354</xCoord>
					<yCoord>396</yCoord>
					</edgeMap>
					<edgeMap>
					<xCoord>353</xCoord>
					<yCoord>395</yCoord>
					</edgeMap>
					<edgeMap>
					<xCoord>352</xCoord>
					<yCoord>395</yCoord>
					</edgeMap>
				</roi>
				<roi>
					<imageZposition>1521.5</imageZposition>
					<imageSOP_UID>1.3.6.1.4.1.14519.5.2.1.6279.6001.339033650020229905128854981709</imageSOP_UID>
					<inclusion>TRUE</inclusion>
					<edgeMap>
					<xCoord>351</xCoord>
					<yCoord>395</yCoord>
					</edgeMap>
					<edgeMap>
					<xCoord>351</xCoord>
					<yCoord>394</yCoord>
					</edgeMap>
					<edgeMap>
					<xCoord>351</xCoord>
					<yCoord>393</yCoord>
					</edgeMap>
					<edgeMap>
					<xCoord>351</xCoord>
					<yCoord>392</yCoord>
					</edgeMap>
					<edgeMap>
					<xCoord>351</xCoord>
					<yCoord>391</yCoord>
					</edgeMap>
					<edgeMap>
					<xCoord>351</xCoord>
					<yCoord>390</yCoord>
					</edgeMap>
					<edgeMap>
					<xCoord>352</xCoord>
					<yCoord>389</yCoord>
					</edgeMap>
					<edgeMap>
					<xCoord>352</xCoord>
					<yCoord>388</yCoord>
					</edgeMap>
					<edgeMap>
					<xCoord>352</xCoord>
					<yCoord>387</yCoord>
					</edgeMap>
					<edgeMap>
					<xCoord>352</xCoord>
					<yCoord>386</yCoord>
					</edgeMap>
					<edgeMap>
					<xCoord>353</xCoord>
					<yCoord>386</yCoord>
					</edgeMap>
					<edgeMap>
					<xCoord>354</xCoord>
					<yCoord>386</yCoord>
					</edgeMap>
					<edgeMap>
					<xCoord>355</xCoord>
					<yCoord>385</yCoord>
					</edgeMap>
					<edgeMap>
					<xCoord>356</xCoord>
					<yCoord>385</yCoord>
					</edgeMap>
					<edgeMap>
					<xCoord>357</xCoord>
					<yCoord>385</yCoord>
					</edgeMap>
					<edgeMap>
					<xCoord>357</xCoord>
					<yCoord>384</yCoord>
					</edgeMap>
					<edgeMap>
					<xCoord>358</xCoord>
					<yCoord>385</yCoord>
					</edgeMap>
					<edgeMap>
					<xCoord>359</xCoord>
					<yCoord>385</yCoord>
					</edgeMap>
					<edgeMap>
					<xCoord>360</xCoord>
					<yCoord>385</yCoord>
					</edgeMap>
					<edgeMap>
					<xCoord>361</xCoord>
					<yCoord>385</yCoord>
					</edgeMap>
					<edgeMap>
					<xCoord>362</xCoord>
					<yCoord>385</yCoord>
					</edgeMap>
					<edgeMap>
					<xCoord>363</xCoord>
					<yCoord>386</yCoord>
					</edgeMap>
					<edgeMap>
					<xCoord>364</xCoord>
					<yCoord>387</yCoord>
					</edgeMap>
					<edgeMap>
					<xCoord>365</xCoord>
					<yCoord>388</yCoord>
					</edgeMap>
					<edgeMap>
					<xCoord>365</xCoord>
					<yCoord>389</yCoord>
					</edgeMap>
					<edgeMap>
					<xCoord>365</xCoord>
					<yCoord>390</yCoord>
					</edgeMap>
					<edgeMap>
					<xCoord>366</xCoord>
					<yCoord>391</yCoord>
					</edgeMap>
					<edgeMap>
					<xCoord>366</xCoord>
					<yCoord>392</yCoord>
					</edgeMap>
					<edgeMap>
					<xCoord>366</xCoord>
					<yCoord>393</yCoord>
					</edgeMap>
					<edgeMap>
					<xCoord>365</xCoord>
					<yCoord>394</yCoord>
					</edgeMap>
					<edgeMap>
					<xCoord>364</xCoord>
					<yCoord>395</yCoord>
					</edgeMap>
					<edgeMap>
					<xCoord>364</xCoord>
					<yCoord>396</yCoord>
					</edgeMap>
					<edgeMap>
					<xCoord>363</xCoord>
					<yCoord>397</yCoord>
					</edgeMap>
					<edgeMap>
					<xCoord>362</xCoord>
					<yCoord>397</yCoord>
					</edgeMap>
					<edgeMap>
					<xCoord>361</xCoord>
					<yCoord>398</yCoord>
					</edgeMap>
					<edgeMap>
					<xCoord>360</xCoord>
					<yCoord>399</yCoord>
					</edgeMap>
					<edgeMap>
					<xCoord>359</xCoord>
					<yCoord>399</yCoord>
					</edgeMap>
					<edgeMap>
					<xCoord>358</xCoord>
					<yCoord>399</yCoord>
					</edgeMap>
					<edgeMap>
					<xCoord>357</xCoord>
					<yCoord>399</yCoord>
					</edgeMap>
					<edgeMap>
					<xCoord>356</xCoord>
					<yCoord>399</yCoord>
					</edgeMap>
					<edgeMap>
					<xCoord>355</xCoord>
					<yCoord>399</yCoord>
					</edgeMap>
					<edgeMap>
					<xCoord>354</xCoord>
					<yCoord>398</yCoord>
					</edgeMap>
					<edgeMap>
					<xCoord>353</xCoord>
					<yCoord>397</yCoord>
					</edgeMap>
					<edgeMap>
					<xCoord>352</xCoord>
					<yCoord>396</yCoord>
					</edgeMap>
					<edgeMap>
					<xCoord>351</xCoord>
					<yCoord>395</yCoord>
					</edgeMap>
				</roi>
				<roi>
					<imageZposition>1518.5</imageZposition>
					<imageSOP_UID>1.3.6.1.4.1.14519.5.2.1.6279.6001.161894830691630903063907665872</imageSOP_UID>
					<inclusion>TRUE</inclusion>
					<edgeMap>
					<xCoord>357</xCoord>
					<yCoord>398</yCoord>
					</edgeMap>
					<edgeMap>
					<xCoord>356</xCoord>
					<yCoord>397</yCoord>
					</edgeMap>
					<edgeMap>
					<xCoord>356</xCoord>
					<yCoord>396</yCoord>
					</edgeMap>
					<edgeMap>
					<xCoord>356</xCoord>
					<yCoord>395</yCoord>
					</edgeMap>
					<edgeMap>
					<xCoord>355</xCoord>
					<yCoord>394</yCoord>
					</edgeMap>
					<edgeMap>
					<xCoord>355</xCoord>
					<yCoord>393</yCoord>
					</edgeMap>
					<edgeMap>
					<xCoord>355</xCoord>
					<yCoord>392</yCoord>
					</edgeMap>
					<edgeMap>
					<xCoord>355</xCoord>
					<yCoord>391</yCoord>
					</edgeMap>
					<edgeMap>
					<xCoord>355</xCoord>
					<yCoord>390</yCoord>
					</edgeMap>
					<edgeMap>
					<xCoord>355</xCoord>
					<yCoord>389</yCoord>
					</edgeMap>
					<edgeMap>
					<xCoord>355</xCoord>
					<yCoord>388</yCoord>
					</edgeMap>
					<edgeMap>
					<xCoord>355</xCoord>
					<yCoord>387</yCoord>
					</edgeMap>
					<edgeMap>
					<xCoord>355</xCoord>
					<yCoord>386</yCoord>
					</edgeMap>
					<edgeMap>
					<xCoord>356</xCoord>
					<yCoord>386</yCoord>
					</edgeMap>
					<edgeMap>
					<xCoord>357</xCoord>
					<yCoord>386</yCoord>
					</edgeMap>
					<edgeMap>
					<xCoord>358</xCoord>
					<yCoord>386</yCoord>
					</edgeMap>
					<edgeMap>
					<xCoord>359</xCoord>
					<yCoord>386</yCoord>
					</edgeMap>
					<edgeMap>
					<xCoord>360</xCoord>
					<yCoord>385</yCoord>
					</edgeMap>
					<edgeMap>
					<xCoord>361</xCoord>
					<yCoord>385</yCoord>
					</edgeMap>
					<edgeMap>
					<xCoord>362</xCoord>
					<yCoord>386</yCoord>
					</edgeMap>
					<edgeMap>
					<xCoord>363</xCoord>
					<yCoord>386</yCoord>
					</edgeMap>
					<edgeMap>
					<xCoord>364</xCoord>
					<yCoord>386</yCoord>
					</edgeMap>
					<edgeMap>
					<xCoord>364</xCoord>
					<yCoord>387</yCoord>
					</edgeMap>
					<edgeMap>
					<xCoord>365</xCoord>
					<yCoord>388</yCoord>
					</edgeMap>
					<edgeMap>
					<xCoord>365</xCoord>
					<yCoord>389</yCoord>
					</edgeMap>
					<edgeMap>
					<xCoord>366</xCoord>
					<yCoord>390</yCoord>
					</edgeMap>
					<edgeMap>
					<xCoord>366</xCoord>
					<yCoord>391</yCoord>
					</edgeMap>
					<edgeMap>
					<xCoord>366</xCoord>
					<yCoord>392</yCoord>
					</edgeMap>
					<edgeMap>
					<xCoord>366</xCoord>
					<yCoord>393</yCoord>
					</edgeMap>
					<edgeMap>
					<xCoord>366</xCoord>
					<yCoord>394</yCoord>
					</edgeMap>
					<edgeMap>
					<xCoord>365</xCoord>
					<yCoord>395</yCoord>
					</edgeMap>
					<edgeMap>
					<xCoord>364</xCoord>
					<yCoord>396</yCoord>
					</edgeMap>
					<edgeMap>
					<xCoord>363</xCoord>
					<yCoord>397</yCoord>
					</edgeMap>
					<edgeMap>
					<xCoord>362</xCoord>
					<yCoord>398</yCoord>
					</edgeMap>
					<edgeMap>
					<xCoord>361</xCoord>
					<yCoord>398</yCoord>
					</edgeMap>
					<edgeMap>
					<xCoord>360</xCoord>
					<yCoord>399</yCoord>
					</edgeMap>
					<edgeMap>
					<xCoord>359</xCoord>
					<yCoord>399</yCoord>
					</edgeMap>
					<edgeMap>
					<xCoord>358</xCoord>
					<yCoord>399</yCoord>
					</edgeMap>
					<edgeMap>
					<xCoord>357</xCoord>
					<yCoord>398</yCoord>
					</edgeMap>
				</roi>
				<roi>
					<imageZposition>1515.5</imageZposition>
					<imageSOP_UID>1.3.6.1.4.1.14519.5.2.1.6279.6001.273978497402021707979621787785</imageSOP_UID>
					<inclusion>TRUE</inclusion>
					<edgeMap>
					<xCoord>357</xCoord>
					<yCoord>397</yCoord>
					</edgeMap>
					<edgeMap>
					<xCoord>357</xCoord>
					<yCoord>396</yCoord>
					</edgeMap>
					<edgeMap>
					<xCoord>357</xCoord>
					<yCoord>395</yCoord>
					</edgeMap>
					<edgeMap>
					<xCoord>357</xCoord>
					<yCoord>394</yCoord>
					</edgeMap>
					<edgeMap>
					<xCoord>357</xCoord>
					<yCoord>393</yCoord>
					</edgeMap>
					<edgeMap>
					<xCoord>357</xCoord>
					<yCoord>392</yCoord>
					</edgeMap>
					<edgeMap>
					<xCoord>357</xCoord>
					<yCoord>391</yCoord>
					</edgeMap>
					<edgeMap>
					<xCoord>358</xCoord>
					<yCoord>390</yCoord>
					</edgeMap>
					<edgeMap>
					<xCoord>359</xCoord>
					<yCoord>390</yCoord>
					</edgeMap>
					<edgeMap>
					<xCoord>360</xCoord>
					<yCoord>389</yCoord>
					</edgeMap>
					<edgeMap>
					<xCoord>361</xCoord>
					<yCoord>389</yCoord>
					</edgeMap>
					<edgeMap>
					<xCoord>362</xCoord>
					<yCoord>388</yCoord>
					</edgeMap>
					<edgeMap>
					<xCoord>362</xCoord>
					<yCoord>389</yCoord>
					</edgeMap>
					<edgeMap>
					<xCoord>363</xCoord>
					<yCoord>390</yCoord>
					</edgeMap>
					<edgeMap>
					<xCoord>363</xCoord>
					<yCoord>391</yCoord>
					</edgeMap>
					<edgeMap>
					<xCoord>364</xCoord>
					<yCoord>392</yCoord>
					</edgeMap>
					<edgeMap>
					<xCoord>364</xCoord>
					<yCoord>393</yCoord>
					</edgeMap>
					<edgeMap>
					<xCoord>363</xCoord>
					<yCoord>394</yCoord>
					</edgeMap>
					<edgeMap>
					<xCoord>363</xCoord>
					<yCoord>395</yCoord>
					</edgeMap>
					<edgeMap>
					<xCoord>363</xCoord>
					<yCoord>396</yCoord>
					</edgeMap>
					<edgeMap>
					<xCoord>363</xCoord>
					<yCoord>397</yCoord>
					</edgeMap>
					<edgeMap>
					<xCoord>362</xCoord>
					<yCoord>397</yCoord>
					</edgeMap>
					<edgeMap>
					<xCoord>361</xCoord>
					<yCoord>397</yCoord>
					</edgeMap>
					<edgeMap>
					<xCoord>360</xCoord>
					<yCoord>397</yCoord>
					</edgeMap>
					<edgeMap>
					<xCoord>359</xCoord>
					<yCoord>397</yCoord>
					</edgeMap>
					<edgeMap>
					<xCoord>358</xCoord>
					<yCoord>397</yCoord>
					</edgeMap>
					<edgeMap>
					<xCoord>357</xCoord>
					<yCoord>397</yCoord>
					</edgeMap>
				</roi>
			</unblindedReadNodule>
			<unblindedReadNodule>
				<noduleID>3</noduleID>
				<roi>
					<imageZposition>1548.5</imageZposition>
					<imageSOP_UID>1.3.6.1.4.1.14519.5.2.1.6279.6001.325736998989785048682849397629</imageSOP_UID>
					<inclusion>TRUE</inclusion>
					<edgeMap>
					<xCoord>353</xCoord>
					<yCoord>386</yCoord>
					</edgeMap>
				</roi>
			</unblindedReadNodule>
			<unblindedReadNodule>
				<noduleID>4</noduleID>
				<characteristics>
					<subtlety>5</subtlety>
					<internalStructure>1</internalStructure>
					<calcification>3</calcification>
					<sphericity>5</sphericity>
					<margin>5</margin>
					<lobulation>1</lobulation>
					<spiculation>1</spiculation>
					<texture>5</texture>
					<malignancy>1</malignancy>
				</characteristics>
				<roi>
					<imageZposition>1548.5</imageZposition>
					<imageSOP_UID>1.3.6.1.4.1.14519.5.2.1.6279.6001.325736998989785048682849397629</imageSOP_UID>
					<inclusion>TRUE</inclusion>
					<edgeMap>
					<xCoord>173</xCoord>
					<yCoord>186</yCoord>
					</edgeMap>
					<edgeMap>
					<xCoord>172</xCoord>
					<yCoord>187</yCoord>
					</edgeMap>
					<edgeMap>
					<xCoord>171</xCoord>
					<yCoord>187</yCoord>
					</edgeMap>
					<edgeMap>
					<xCoord>171</xCoord>
					<yCoord>188</yCoord>
					</edgeMap>
					<edgeMap>
					<xCoord>171</xCoord>
					<yCoord>189</yCoord>
					</edgeMap>
					<edgeMap>
					<xCoord>171</xCoord>
					<yCoord>190</yCoord>
					</edgeMap>
					<edgeMap>
					<xCoord>171</xCoord>
					<yCoord>191</yCoord>
					</edgeMap>
					<edgeMap>
					<xCoord>172</xCoord>
					<yCoord>191</yCoord>
					</edgeMap>
					<edgeMap>
					<xCoord>173</xCoord>
					<yCoord>192</yCoord>
					</edgeMap>
					<edgeMap>
					<xCoord>174</xCoord>
					<yCoord>192</yCoord>
					</edgeMap>
					<edgeMap>
					<xCoord>174</xCoord>
					<yCoord>191</yCoord>
					</edgeMap>
					<edgeMap>
					<xCoord>175</xCoord>
					<yCoord>190</yCoord>
					</edgeMap>
					<edgeMap>
					<xCoord>175</xCoord>
					<yCoord>189</yCoord>
					</edgeMap>
					<edgeMap>
					<xCoord>175</xCoord>
					<yCoord>188</yCoord>
					</edgeMap>
					<edgeMap>
					<xCoord>175</xCoord>
					<yCoord>187</yCoord>
					</edgeMap>
					<edgeMap>
					<xCoord>174</xCoord>
					<yCoord>187</yCoord>
					</edgeMap>
					<edgeMap>
					<xCoord>173</xCoord>
					<yCoord>187</yCoord>
					</edgeMap>
					<edgeMap>
					<xCoord>173</xCoord>
					<yCoord>186</yCoord>
					</edgeMap>
				</roi>
				<roi>
					<imageZposition>1545.5</imageZposition>
					<imageSOP_UID>1.3.6.1.4.1.14519.5.2.1.6279.6001.273303993974790876663118897312</imageSOP_UID>
					<inclusion>TRUE</inclusion>
					<edgeMap>
					<xCoord>174</xCoord>
					<yCoord>187</yCoord>
					</edgeMap>
					<edgeMap>
					<xCoord>173</xCoord>
					<yCoord>187</yCoord>
					</edgeMap>
					<edgeMap>
					<xCoord>172</xCoord>
					<yCoord>187</yCoord>
					</edgeMap>
					<edgeMap>
					<xCoord>171</xCoord>
					<yCoord>187</yCoord>
					</edgeMap>
					<edgeMap>
					<xCoord>171</xCoord>
					<yCoord>188</yCoord>
					</edgeMap>
					<edgeMap>
					<xCoord>171</xCoord>
					<yCoord>189</yCoord>
					</edgeMap>
					<edgeMap>
					<xCoord>171</xCoord>
					<yCoord>190</yCoord>
					</edgeMap>
					<edgeMap>
					<xCoord>172</xCoord>
					<yCoord>191</yCoord>
					</edgeMap>
					<edgeMap>
					<xCoord>173</xCoord>
					<yCoord>191</yCoord>
					</edgeMap>
					<edgeMap>
					<xCoord>174</xCoord>
					<yCoord>191</yCoord>
					</edgeMap>
					<edgeMap>
					<xCoord>175</xCoord>
					<yCoord>190</yCoord>
					</edgeMap>
					<edgeMap>
					<xCoord>175</xCoord>
					<yCoord>189</yCoord>
					</edgeMap>
					<edgeMap>
					<xCoord>174</xCoord>
					<yCoord>188</yCoord>
					</edgeMap>
					<edgeMap>
					<xCoord>174</xCoord>
					<yCoord>187</yCoord>
					</edgeMap>
				</roi>
			</unblindedReadNodule>
			<nonNodule>
				<nonNoduleID>2</nonNoduleID>
				<imageZposition>1506.5</imageZposition>
				<imageSOP_UID>1.3.6.1.4.1.14519.5.2.1.6279.6001.252865908267359711062664596240</imageSOP_UID>
				<locus>
					<xCoord>301</xCoord>
					<yCoord>162</yCoord>
				</locus>
			</nonNodule>
	</readingSession>


</LidcReadMessage>