<?xml version="1.0" encoding="UTF-8"?>
<LidcReadMessage uid="1.3.6.1.4.1.14519.5.2.1.6279.6001.1307390729020.0" xmlns="http://www.nih.gov" xmlns:xsi="http://www.w3.org/2001/XMLSchema-instance" xsi:schemaLocation="http://www.nih.gov  http://troll.rad.med.umich.edu/lidc/LidcReadMessage.xsd">
<ResponseHeader>
<Version>1.8.1</Version>
<MessageId>-1150947018</MessageId>
<DateRequest>2008-05-30</DateRequest>
<TimeRequest>12:02:06</TimeRequest>
<RequestingSite>removed</RequestingSite>
<ServicingSite>removed</ServicingSite>
<TaskDescription>Second unblinded read</TaskDescription>
<CtImageFile>removed</CtImageFile>
<SeriesInstanceUid>1.3.6.1.4.1.14519.5.2.1.6279.6001.333145094436144085379032922488</SeriesInstanceUid>
<DateService>2009-03-20</DateService>
<TimeService>06:43:31</TimeService>
<ResponseDescription>1 - Reading complete</ResponseDescription>
<StudyInstanceUID>1.3.6.1.4.1.14519.5.2.1.6279.6001.289084067435838460184299744241</StudyInstanceUID></ResponseHeader>
<readingSession>
    <annotationVersion>3.12</annotationVersion>
    <servicingRadiologistID>-780285864</servicingRadiologistID>
    <unblindedReadNodule>
      <noduleID>Nodule 001</noduleID>
      <characteristics>
        <subtlety>4</subtlety>
        <internalStructure>1</internalStructure>
        <calcification>6</calcification>
        <sphericity>4</sphericity>
        <margin>4</margin>
        <lobulation>1</lobulation>
        <spiculation>2</spiculation>
        <texture>5</texture>
        <malignancy>3</malignancy>
      </characteristics>
      <roi>
        <imageZposition>-235.000000 </imageZposition>
        <imageSOP_UID>1.3.6.1.4.1.14519.5.2.1.6279.6001.159585067702712745938010203653</imageSOP_UID>
        <inclusion>TRUE</inclusion>
        <edgeMap>
          <xCoord>185</xCoord>
          <yCoord>358</yCoord>
        </edgeMap>
        <edgeMap>
          <xCoord>184</xCoord>
          <yCoord>359</yCoord>
        </edgeMap>
        <edgeMap>
          <xCoord>184</xCoord>
          <yCoord>360</yCoord>
        </edgeMap>
        <edgeMap>
          <xCoord>184</xCoord>
          <yCoord>361</yCoord>
        </edgeMap>
        <edgeMap>
          <xCoord>184</xCoord>
          <yCoord>362</yCoord>
        </edgeMap>
        <edgeMap>
          <xCoord>184</xCoord>
          <yCoord>363</yCoord>
        </edgeMap>
        <edgeMap>
          <xCoord>185</xCoord>
          <yCoord>364</yCoord>
        </edgeMap>
        <edgeMap>
          <xCoord>186</xCoord>
          <yCoord>365</yCoord>
        </edgeMap>
        <edgeMap>
          <xCoord>187</xCoord>
          <yCoord>366</yCoord>
        </edgeMap>
        <edgeMap>
          <xCoord>188</xCoord>
          <yCoord>366</yCoord>
        </edgeMap>
        <edgeMap>
          <xCoord>189</xCoord>
          <yCoord>366</yCoord>
        </edgeMap>
        <edgeMap>
          <xCoord>190</xCoord>
          <yCoord>365</yCoord>
        </edgeMap>
        <edgeMap>
          <xCoord>190</xCoord>
          <yCoord>364</yCoord>
        </edgeMap>
        <edgeMap>
          <xCoord>190</xCoord>
          <yCoord>363</yCoord>
        </edgeMap>
        <edgeMap>
          <xCoord>190</xCoord>
          <yCoord>362</yCoord>
        </edgeMap>
        <edgeMap>
          <xCoord>189</xCoord>
          <yCoord>361</yCoord>
        </edgeMap>
        <edgeMap>
          <xCoord>189</xCoord>
          <yCoord>360</yCoord>
        </edgeMap>
        <edgeMap>
          <xCoord>189</xCoord>
          <yCoord>359</yCoord>
        </edgeMap>
        <edgeMap>
          <xCoord>188</xCoord>
          <yCoord>358</yCoord>
        </edgeMap>
        <edgeMap>
          <xCoord>187</xCoord>
          <yCoord>358</yCoord>
        </edgeMap>
        <edgeMap>
          <xCoord>186</xCoord>
          <yCoord>358</yCoord>
        </edgeMap>
        <edgeMap>
          <xCoord>185</xCoord>
          <yCoord>358</yCoord>
        </edgeMap>
      </roi>
      <roi>
        <imageZposition>-232.500000 </imageZposition>
        <imageSOP_UID>1.3.6.1.4.1.14519.5.2.1.6279.6001.552834869948796220479504760240</imageSOP_UID>
        <inclusion>TRUE</inclusion>
        <edgeMap>
          <xCoord>185</xCoord>
          <yCoord>356</yCoord>
        </edgeMap>
        <edgeMap>
          <xCoord>184</xCoord>
          <yCoord>357</yCoord>
        </edgeMap>
        <edgeMap>
          <xCoord>183</xCoord>
          <yCoord>358</yCoord>
        </edgeMap>
        <edgeMap>
          <xCoord>182</xCoord>
          <yCoord>359</yCoord>
        </edgeMap>
        <edgeMap>
          <xCoord>181</xCoord>
          <yCoord>360</yCoord>
        </edgeMap>
        <edgeMap>
          <xCoord>182</xCoord>
          <yCoord>361</yCoord>
        </edgeMap>
        <edgeMap>
          <xCoord>182</xCoord>
          <yCoord>362</yCoord>
        </edgeMap>
        <edgeMap>
          <xCoord>183</xCoord>
          <yCoord>363</yCoord>
        </edgeMap>
        <edgeMap>
          <xCoord>184</xCoord>
          <yCoord>364</yCoord>
        </edgeMap>
        <edgeMap>
          <xCoord>185</xCoord>
          <yCoord>364</yCoord>
        </edgeMap>
        <edgeMap>
          <xCoord>186</xCoord>
          <yCoord>365</yCoord>
        </edgeMap>
        <edgeMap>
          <xCoord>187</xCoord>
          <yCoord>366</yCoord>
        </edgeMap>
        <edgeMap>
          <xCoord>188</xCoord>
          <yCoord>366</yCoord>
        </edgeMap>
        <edgeMap>
          <xCoord>189</xCoord>
          <yCoord>365</yCoord>
        </edgeMap>
        <edgeMap>
          <xCoord>189</xCoord>
          <yCoord>364</yCoord>
        </edgeMap>
        <edgeMap>
          <xCoord>190</xCoord>
          <yCoord>364</yCoord>
        </edgeMap>
        <edgeMap>
          <xCoord>191</xCoord>
          <yCoord>363</yCoord>
        </edgeMap>
        <edgeMap>
          <xCoord>192</xCoord>
          <yCoord>362</yCoord>
        </edgeMap>
        <edgeMap>
          <xCoord>191</xCoord>
          <yCoord>361</yCoord>
        </edgeMap>
        <edgeMap>
          <xCoord>191</xCoord>
          <yCoord>360</yCoord>
        </edgeMap>
        <edgeMap>
          <xCoord>190</xCoord>
          <yCoord>359</yCoord>
        </edgeMap>
        <edgeMap>
          <xCoord>189</xCoord>
          <yCoord>358</yCoord>
        </edgeMap>
        <edgeMap>
          <xCoord>188</xCoord>
          <yCoord>358</yCoord>
        </edgeMap>
        <edgeMap>
          <xCoord>188</xCoord>
          <yCoord>357</yCoord>
        </edgeMap>
        <edgeMap>
          <xCoord>187</xCoord>
          <yCoord>356</yCoord>
        </edgeMap>
        <edgeMap>
          <xCoord>186</xCoord>
          <yCoord>356</yCoord>
        </edgeMap>
        <edgeMap>
          <xCoord>185</xCoord>
          <yCoord>356</yCoord>
        </edgeMap>
      </roi>
      <roi>
        <imageZposition>-230.000000 </imageZposition>
        <imageSOP_UID>1.3.6.1.4.1.14519.5.2.1.6279.6001.928539617195295018821858732087</imageSOP_UID>
        <inclusion>TRUE</inclusion>
        <edgeMap>
          <xCoord>186</xCoord>
          <yCoord>356</yCoord>
        </edgeMap>
        <edgeMap>
          <xCoord>185</xCoord>
          <yCoord>357</yCoord>
        </edgeMap>
        <edgeMap>
          <xCoord>184</xCoord>
          <yCoord>358</yCoord>
        </edgeMap>
        <edgeMap>
          <xCoord>183</xCoord>
          <yCoord>359</yCoord>
        </edgeMap>
        <edgeMap>
          <xCoord>182</xCoord>
          <yCoord>360</yCoord>
        </edgeMap>
        <edgeMap>
          <xCoord>182</xCoord>
          <yCoord>361</yCoord>
        </edgeMap>
        <edgeMap>
          <xCoord>182</xCoord>
          <yCoord>362</yCoord>
        </edgeMap>
        <edgeMap>
          <xCoord>182</xCoord>
          <yCoord>363</yCoord>
        </edgeMap>
        <edgeMap>
          <xCoord>183</xCoord>
          <yCoord>364</yCoord>
        </edgeMap>
        <edgeMap>
          <xCoord>184</xCoord>
          <yCoord>364</yCoord>
        </edgeMap>
        <edgeMap>
          <xCoord>185</xCoord>
          <yCoord>364</yCoord>
        </edgeMap>
        <edgeMap>
          <xCoord>186</xCoord>
          <yCoord>364</yCoord>
        </edgeMap>
        <edgeMap>
          <xCoord>187</xCoord>
          <yCoord>364</yCoord>
        </edgeMap>
        <edgeMap>
          <xCoord>188</xCoord>
          <yCoord>364</yCoord>
        </edgeMap>
        <edgeMap>
          <xCoord>189</xCoord>
          <yCoord>364</yCoord>
        </edgeMap>
        <edgeMap>
          <xCoord>190</xCoord>
          <yCoord>363</yCoord>
        </edgeMap>
        <edgeMap>
          <xCoord>191</xCoord>
          <yCoord>363</yCoord>
        </edgeMap>
        <edgeMap>
          <xCoord>192</xCoord>
          <yCoord>362</yCoord>
        </edgeMap>
        <edgeMap>
          <xCoord>192</xCoord>
          <yCoord>361</yCoord>
        </edgeMap>
        <edgeMap>
          <xCoord>191</xCoord>
          <yCoord>360</yCoord>
        </edgeMap>
        <edgeMap>
          <xCoord>191</xCoord>
          <yCoord>359</yCoord>
        </edgeMap>
        <edgeMap>
          <xCoord>190</xCoord>
          <yCoord>358</yCoord>
        </edgeMap>
        <edgeMap>
          <xCoord>190</xCoord>
          <yCoord>357</yCoord>
        </edgeMap>
        <edgeMap>
          <xCoord>189</xCoord>
          <yCoord>356</yCoord>
        </edgeMap>
        <edgeMap>
          <xCoord>188</xCoord>
          <yCoord>356</yCoord>
        </edgeMap>
        <edgeMap>
          <xCoord>187</xCoord>
          <yCoord>356</yCoord>
        </edgeMap>
        <edgeMap>
          <xCoord>186</xCoord>
          <yCoord>356</yCoord>
        </edgeMap>
      </roi>
      <roi>
        <imageZposition>-227.500000 </imageZposition>
        <imageSOP_UID>1.3.6.1.4.1.14519.5.2.1.6279.6001.271200078229849495877978165212</imageSOP_UID>
        <inclusion>TRUE</inclusion>
        <edgeMap>
          <xCoord>185</xCoord>
          <yCoord>356</yCoord>
        </edgeMap>
        <edgeMap>
          <xCoord>184</xCoord>
          <yCoord>357</yCoord>
        </edgeMap>
        <edgeMap>
          <xCoord>183</xCoord>
          <yCoord>358</yCoord>
        </edgeMap>
        <edgeMap>
          <xCoord>183</xCoord>
          <yCoord>359</yCoord>
        </edgeMap>
        <edgeMap>
          <xCoord>183</xCoord>
          <yCoord>360</yCoord>
        </edgeMap>
        <edgeMap>
          <xCoord>183</xCoord>
          <yCoord>361</yCoord>
        </edgeMap>
        <edgeMap>
          <xCoord>183</xCoord>
          <yCoord>362</yCoord>
        </edgeMap>
        <edgeMap>
          <xCoord>183</xCoord>
          <yCoord>363</yCoord>
        </edgeMap>
        <edgeMap>
          <xCoord>184</xCoord>
          <yCoord>364</yCoord>
        </edgeMap>
        <edgeMap>
          <xCoord>185</xCoord>
          <yCoord>364</yCoord>
        </edgeMap>
        <edgeMap>
          <xCoord>186</xCoord>
          <yCoord>364</yCoord>
        </edgeMap>
        <edgeMap>
          <xCoord>187</xCoord>
          <yCoord>364</yCoord>
        </edgeMap>
        <edgeMap>
          <xCoord>188</xCoord>
          <yCoord>363</yCoord>
        </edgeMap>
        <edgeMap>
          <xCoord>189</xCoord>
          <yCoord>362</yCoord>
        </edgeMap>
        <edgeMap>
          <xCoord>190</xCoord>
          <yCoord>361</yCoord>
        </edgeMap>
        <edgeMap>
          <xCoord>191</xCoord>
          <yCoord>360</yCoord>
        </edgeMap>
        <edgeMap>
          <xCoord>190</xCoord>
          <yCoord>359</yCoord>
        </edgeMap>
        <edgeMap>
          <xCoord>190</xCoord>
          <yCoord>358</yCoord>
        </edgeMap>
        <edgeMap>
          <xCoord>189</xCoord>
          <yCoord>357</yCoord>
        </edgeMap>
        <edgeMap>
          <xCoord>188</xCoord>
          <yCoord>356</yCoord>
        </edgeMap>
        <edgeMap>
          <xCoord>187</xCoord>
          <yCoord>356</yCoord>
        </edgeMap>
        <edgeMap>
          <xCoord>186</xCoord>
          <yCoord>356</yCoord>
        </edgeMap>
        <edgeMap>
          <xCoord>185</xCoord>
          <yCoord>356</yCoord>
        </edgeMap>
      </roi>
    </unblindedReadNodule>
    <unblindedReadNodule>
      <noduleID>Nodule 002</noduleID>
      <roi>
        <imageZposition>-162.500000 </imageZposition>
        <imageSOP_UID>1.3.6.1.4.1.14519.5.2.1.6279.6001.241972180325014510695295713899</imageSOP_UID>
        <inclusion>TRUE</inclusion>
        <edgeMap>
          <xCoord>386</xCoord>
          <yCoord>241</yCoord>
        </edgeMap>
      </roi>
    </unblindedReadNodule>
    <unblindedReadNodule>
      <noduleID>Nodule 003</noduleID>
      <roi>
        <imageZposition>-252.500000 </imageZposition>
        <imageSOP_UID>1.3.6.1.4.1.14519.5.2.1.6279.6001.263984381523420698429690110001</imageSOP_UID>
        <inclusion>TRUE</inclusion>
        <edgeMap>
          <xCoord>181</xCoord>
          <yCoord>352</yCoord>
        </edgeMap>
      </roi>
    </unblindedReadNodule>
    <unblindedReadNodule>
      <noduleID>Nodule 004</noduleID>
      <roi>
        <imageZposition>-97.500000</imageZposition>
        <imageSOP_UID>1.3.6.1.4.1.14519.5.2.1.6279.6001.223315152061670793980341735037</imageSOP_UID>
        <inclusion>TRUE</inclusion>
        <edgeMap>
          <xCoord>198</xCoord>
          <yCoord>320</yCoord>
        </edgeMap>
      </roi>
    </unblindedReadNodule>
    <nonNodule>
      <nonNoduleID>_Non-nodule 002</nonNoduleID>
      <imageZposition>-80.000000</imageZposition>
      <imageSOP_UID>1.3.6.1.4.1.14519.5.2.1.6279.6001.411359502397683673859699673114</imageSOP_UID>
      <locus>
        <xCoord>195</xCoord>
        <yCoord>297</yCoord>
      </locus>
    </nonNodule>
    <nonNodule>
      <nonNoduleID>_Non-nodule 003</nonNoduleID>
      <imageZposition>-72.500000</imageZposition>
      <imageSOP_UID>1.3.6.1.4.1.14519.5.2.1.6279.6001.676771632063784960320932681460</imageSOP_UID>
      <locus>
        <xCoord>318</xCoord>
        <yCoord>289</yCoord>
      </locus>
    </nonNodule>
    <nonNodule>
      <nonNoduleID>_Non-nodule 004</nonNoduleID>
      <imageZposition>-87.500000</imageZposition>
      <imageSOP_UID>1.3.6.1.4.1.14519.5.2.1.6279.6001.165594446987678939673546124095</imageSOP_UID>
      <locus>
        <xCoord>297</xCoord>
        <yCoord>310</yCoord>
      </locus>
    </nonNodule>
    <nonNodule>
      <nonNoduleID>_Non-nodule 005</nonNoduleID>
      <imageZposition>-95.000000</imageZposition>
      <imageSOP_UID>1.3.6.1.4.1.14519.5.2.1.6279.6001.715381340896576414057853109677</imageSOP_UID>
      <locus>
        <xCoord>168</xCoord>
        <yCoord>327</yCoord>
      </locus>
    </nonNodule>
  </readingSession>
<readingSession>
    <annotationVersion>3.12</annotationVersion>
    <servicingRadiologistID>765714530</servicingRadiologistID>
    <unblindedReadNodule>
      <noduleID>IL057_167661</noduleID>
      <characteristics>
        <subtlety>4</subtlety>
        <internalStructure>1</internalStructure>
        <calcification>6</calcification>
        <sphericity>5</sphericity>
        <margin>4</margin>
        <lobulation>1</lobulation>
        <spiculation>2</spiculation>
        <texture>5</texture>
        <malignancy>4</malignancy>
      </characteristics>
      <roi>
        <imageZposition>-227.5</imageZposition>
        <imageSOP_UID>1.3.6.1.4.1.14519.5.2.1.6279.6001.271200078229849495877978165212</imageSOP_UID>
        <inclusion>TRUE</inclusion>
        <edgeMap>
          <xCoord>184</xCoord>
          <yCoord>367</yCoord>
        </edgeMap>
        <edgeMap>
          <xCoord>185</xCoord>
          <yCoord>366</yCoord>
        </edgeMap>
        <edgeMap>
          <xCoord>186</xCoord>
          <yCoord>365</yCoord>
        </edgeMap>
        <edgeMap>
          <xCoord>187</xCoord>
          <yCoord>365</yCoord>
        </edgeMap>
        <edgeMap>
          <xCoord>188</xCoord>
          <yCoord>364</yCoord>
        </edgeMap>
        <edgeMap>
          <xCoord>189</xCoord>
          <yCoord>364</yCoord>
        </edgeMap>
        <edgeMap>
          <xCoord>190</xCoord>
          <yCoord>363</yCoord>
        </edgeMap>
        <edgeMap>
          <xCoord>191</xCoord>
          <yCoord>362</yCoord>
        </edgeMap>
        <edgeMap>
          <xCoord>191</xCoord>
          <yCoord>361</yCoord>
        </edgeMap>
        <edgeMap>
          <xCoord>191</xCoord>
          <yCoord>360</yCoord>
        </edgeMap>
        <edgeMap>
          <xCoord>190</xCoord>
          <yCoord>359</yCoord>
        </edgeMap>
        <edgeMap>
          <xCoord>189</xCoord>
          <yCoord>358</yCoord>
        </edgeMap>
        <edgeMap>
          <xCoord>188</xCoord>
          <yCoord>357</yCoord>
        </edgeMap>
        <edgeMap>
          <xCoord>187</xCoord>
          <yCoord>357</yCoord>
        </edgeMap>
        <edgeMap>
          <xCoord>186</xCoord>
          <yCoord>357</yCoord>
        </edgeMap>
        <edgeMap>
          <xCoord>185</xCoord>
          <yCoord>358</yCoord>
        </edgeMap>
        <edgeMap>
          <xCoord>185</xCoord>
          <yCoord>359</yCoord>
        </edgeMap>
        <edgeMap>
          <xCoord>184</xCoord>
          <yCoord>360</yCoord>
        </edgeMap>
        <edgeMap>
          <xCoord>183</xCoord>
          <yCoord>361</yCoord>
        </edgeMap>
        <edgeMap>
          <xCoord>182</xCoord>
          <yCoord>361</yCoord>
        </edgeMap>
        <edgeMap>
          <xCoord>181</xCoord>
          <yCoord>362</yCoord>
        </edgeMap>
        <edgeMap>
          <xCoord>181</xCoord>
          <yCoord>363</yCoord>
        </edgeMap>
        <edgeMap>
          <xCoord>182</xCoord>
          <yCoord>364</yCoord>
        </edgeMap>
        <edgeMap>
          <xCoord>183</xCoord>
          <yCoord>365</yCoord>
        </edgeMap>
        <edgeMap>
          <xCoord>183</xCoord>
          <yCoord>366</yCoord>
        </edgeMap>
        <edgeMap>
          <xCoord>184</xCoord>
          <yCoord>367</yCoord>
        </edgeMap>
      </roi>
      <roi>
        <imageZposition>-230.0</imageZposition>
        <imageSOP_UID>1.3.6.1.4.1.14519.5.2.1.6279.6001.928539617195295018821858732087</imageSOP_UID>
        <inclusion>TRUE</inclusion>
        <edgeMap>
          <xCoord>188</xCoord>
          <yCoord>366</yCoord>
        </edgeMap>
        <edgeMap>
          <xCoord>189</xCoord>
          <yCoord>365</yCoord>
        </edgeMap>
        <edgeMap>
          <xCoord>190</xCoord>
          <yCoord>364</yCoord>
        </edgeMap>
        <edgeMap>
          <xCoord>191</xCoord>
          <yCoord>363</yCoord>
        </edgeMap>
        <edgeMap>
          <xCoord>192</xCoord>
          <yCoord>362</yCoord>
        </edgeMap>
        <edgeMap>
          <xCoord>192</xCoord>
          <yCoord>361</yCoord>
        </edgeMap>
        <edgeMap>
          <xCoord>192</xCoord>
          <yCoord>360</yCoord>
        </edgeMap>
        <edgeMap>
          <xCoord>191</xCoord>
          <yCoord>359</yCoord>
        </edgeMap>
        <edgeMap>
          <xCoord>190</xCoord>
          <yCoord>358</yCoord>
        </edgeMap>
        <edgeMap>
          <xCoord>189</xCoord>
          <yCoord>357</yCoord>
        </edgeMap>
        <edgeMap>
          <xCoord>188</xCoord>
          <yCoord>356</yCoord>
        </edgeMap>
        <edgeMap>
          <xCoord>187</xCoord>
          <yCoord>356</yCoord>
        </edgeMap>
        <edgeMap>
          <xCoord>186</xCoord>
          <yCoord>356</yCoord>
        </edgeMap>
        <edgeMap>
          <xCoord>185</xCoord>
          <yCoord>356</yCoord>
        </edgeMap>
        <edgeMap>
          <xCoord>184</xCoord>
          <yCoord>357</yCoord>
        </edgeMap>
        <edgeMap>
          <xCoord>183</xCoord>
          <yCoord>357</yCoord>
        </edgeMap>
        <edgeMap>
          <xCoord>182</xCoord>
          <yCoord>358</yCoord>
        </edgeMap>
        <edgeMap>
          <xCoord>182</xCoord>
          <yCoord>359</yCoord>
        </edgeMap>
        <edgeMap>
          <xCoord>182</xCoord>
          <yCoord>360</yCoord>
        </edgeMap>
        <edgeMap>
          <xCoord>182</xCoord>
          <yCoord>361</yCoord>
        </edgeMap>
        <edgeMap>
          <xCoord>182</xCoord>
          <yCoord>362</yCoord>
        </edgeMap>
        <edgeMap>
          <xCoord>181</xCoord>
          <yCoord>363</yCoord>
        </edgeMap>
        <edgeMap>
          <xCoord>182</xCoord>
          <yCoord>364</yCoord>
        </edgeMap>
        <edgeMap>
          <xCoord>183</xCoord>
          <yCoord>365</yCoord>
        </edgeMap>
        <edgeMap>
          <xCoord>184</xCoord>
          <yCoord>365</yCoord>
        </edgeMap>
        <edgeMap>
          <xCoord>185</xCoord>
          <yCoord>365</yCoord>
        </edgeMap>
        <edgeMap>
          <xCoord>186</xCoord>
          <yCoord>366</yCoord>
        </edgeMap>
        <edgeMap>
          <xCoord>187</xCoord>
          <yCoord>366</yCoord>
        </edgeMap>
        <edgeMap>
          <xCoord>188</xCoord>
          <yCoord>366</yCoord>
        </edgeMap>
      </roi>
      <roi>
        <imageZposition>-232.5</imageZposition>
        <imageSOP_UID>1.3.6.1.4.1.14519.5.2.1.6279.6001.552834869948796220479504760240</imageSOP_UID>
        <inclusion>TRUE</inclusion>
        <edgeMap>
          <xCoord>188</xCoord>
          <yCoord>366</yCoord>
        </edgeMap>
        <edgeMap>
          <xCoord>189</xCoord>
          <yCoord>365</yCoord>
        </edgeMap>
        <edgeMap>
          <xCoord>190</xCoord>
          <yCoord>365</yCoord>
        </edgeMap>
        <edgeMap>
          <xCoord>191</xCoord>
          <yCoord>364</yCoord>
        </edgeMap>
        <edgeMap>
          <xCoord>192</xCoord>
          <yCoord>363</yCoord>
        </edgeMap>
        <edgeMap>
          <xCoord>192</xCoord>
          <yCoord>362</yCoord>
        </edgeMap>
        <edgeMap>
          <xCoord>192</xCoord>
          <yCoord>361</yCoord>
        </edgeMap>
        <edgeMap>
          <xCoord>192</xCoord>
          <yCoord>360</yCoord>
        </edgeMap>
        <edgeMap>
          <xCoord>191</xCoord>
          <yCoord>359</yCoord>
        </edgeMap>
        <edgeMap>
          <xCoord>190</xCoord>
          <yCoord>358</yCoord>
        </edgeMap>
        <edgeMap>
          <xCoord>189</xCoord>
          <yCoord>357</yCoord>
        </edgeMap>
        <edgeMap>
          <xCoord>188</xCoord>
          <yCoord>357</yCoord>
        </edgeMap>
        <edgeMap>
          <xCoord>187</xCoord>
          <yCoord>357</yCoord>
        </edgeMap>
        <edgeMap>
          <xCoord>186</xCoord>
          <yCoord>356</yCoord>
        </edgeMap>
        <edgeMap>
          <xCoord>185</xCoord>
          <yCoord>356</yCoord>
        </edgeMap>
        <edgeMap>
          <xCoord>184</xCoord>
          <yCoord>357</yCoord>
        </edgeMap>
        <edgeMap>
          <xCoord>183</xCoord>
          <yCoord>357</yCoord>
        </edgeMap>
        <edgeMap>
          <xCoord>182</xCoord>
          <yCoord>358</yCoord>
        </edgeMap>
        <edgeMap>
          <xCoord>182</xCoord>
          <yCoord>359</yCoord>
        </edgeMap>
        <edgeMap>
          <xCoord>182</xCoord>
          <yCoord>360</yCoord>
        </edgeMap>
        <edgeMap>
          <xCoord>182</xCoord>
          <yCoord>361</yCoord>
        </edgeMap>
        <edgeMap>
          <xCoord>182</xCoord>
          <yCoord>362</yCoord>
        </edgeMap>
        <edgeMap>
          <xCoord>182</xCoord>
          <yCoord>363</yCoord>
        </edgeMap>
        <edgeMap>
          <xCoord>182</xCoord>
          <yCoord>364</yCoord>
        </edgeMap>
        <edgeMap>
          <xCoord>183</xCoord>
          <yCoord>365</yCoord>
        </edgeMap>
        <edgeMap>
          <xCoord>184</xCoord>
          <yCoord>365</yCoord>
        </edgeMap>
        <edgeMap>
          <xCoord>185</xCoord>
          <yCoord>365</yCoord>
        </edgeMap>
        <edgeMap>
          <xCoord>186</xCoord>
          <yCoord>366</yCoord>
        </edgeMap>
        <edgeMap>
          <xCoord>187</xCoord>
          <yCoord>366</yCoord>
        </edgeMap>
        <edgeMap>
          <xCoord>188</xCoord>
          <yCoord>366</yCoord>
        </edgeMap>
      </roi>
      <roi>
        <imageZposition>-235.0</imageZposition>
        <imageSOP_UID>1.3.6.1.4.1.14519.5.2.1.6279.6001.159585067702712745938010203653</imageSOP_UID>
        <inclusion>TRUE</inclusion>
        <edgeMap>
          <xCoord>185</xCoord>
          <yCoord>368</yCoord>
        </edgeMap>
        <edgeMap>
          <xCoord>186</xCoord>
          <yCoord>367</yCoord>
        </edgeMap>
        <edgeMap>
          <xCoord>187</xCoord>
          <yCoord>366</yCoord>
        </edgeMap>
        <edgeMap>
          <xCoord>188</xCoord>
          <yCoord>365</yCoord>
        </edgeMap>
        <edgeMap>
          <xCoord>189</xCoord>
          <yCoord>365</yCoord>
        </edgeMap>
        <edgeMap>
          <xCoord>190</xCoord>
          <yCoord>364</yCoord>
        </edgeMap>
        <edgeMap>
          <xCoord>191</xCoord>
          <yCoord>363</yCoord>
        </edgeMap>
        <edgeMap>
          <xCoord>190</xCoord>
          <yCoord>362</yCoord>
        </edgeMap>
        <edgeMap>
          <xCoord>191</xCoord>
          <yCoord>361</yCoord>
        </edgeMap>
        <edgeMap>
          <xCoord>191</xCoord>
          <yCoord>360</yCoord>
        </edgeMap>
        <edgeMap>
          <xCoord>190</xCoord>
          <yCoord>359</yCoord>
        </edgeMap>
        <edgeMap>
          <xCoord>189</xCoord>
          <yCoord>359</yCoord>
        </edgeMap>
        <edgeMap>
          <xCoord>188</xCoord>
          <yCoord>359</yCoord>
        </edgeMap>
        <edgeMap>
          <xCoord>187</xCoord>
          <yCoord>358</yCoord>
        </edgeMap>
        <edgeMap>
          <xCoord>186</xCoord>
          <yCoord>358</yCoord>
        </edgeMap>
        <edgeMap>
          <xCoord>185</xCoord>
          <yCoord>358</yCoord>
        </edgeMap>
        <edgeMap>
          <xCoord>184</xCoord>
          <yCoord>359</yCoord>
        </edgeMap>
        <edgeMap>
          <xCoord>184</xCoord>
          <yCoord>360</yCoord>
        </edgeMap>
        <edgeMap>
          <xCoord>183</xCoord>
          <yCoord>361</yCoord>
        </edgeMap>
        <edgeMap>
          <xCoord>183</xCoord>
          <yCoord>362</yCoord>
        </edgeMap>
        <edgeMap>
          <xCoord>184</xCoord>
          <yCoord>363</yCoord>
        </edgeMap>
        <edgeMap>
          <xCoord>184</xCoord>
          <yCoord>364</yCoord>
        </edgeMap>
        <edgeMap>
          <xCoord>185</xCoord>
          <yCoord>365</yCoord>
        </edgeMap>
        <edgeMap>
          <xCoord>184</xCoord>
          <yCoord>366</yCoord>
        </edgeMap>
        <edgeMap>
          <xCoord>184</xCoord>
          <yCoord>367</yCoord>
        </edgeMap>
        <edgeMap>
          <xCoord>185</xCoord>
          <yCoord>368</yCoord>
        </edgeMap>
      </roi>
    </unblindedReadNodule>
    <unblindedReadNodule>
      <noduleID>IL057_167664</noduleID>
      <characteristics>
        <subtlety>1</subtlety>
        <internalStructure>1</internalStructure>
        <calcification>6</calcification>
        <sphericity>3</sphericity>
        <margin>4</margin>
        <lobulation>1</lobulation>
        <spiculation>1</spiculation>
        <texture>5</texture>
        <malignancy>2</malignancy>
      </characteristics>
      <roi>
        <imageZposition>-250.0</imageZposition>
        <imageSOP_UID>1.3.6.1.4.1.14519.5.2.1.6279.6001.282041245223727889220905734731</imageSOP_UID>
        <inclusion>TRUE</inclusion>
        <edgeMap>
          <xCoord>180</xCoord>
          <yCoord>355</yCoord>
        </edgeMap>
        <edgeMap>
          <xCoord>181</xCoord>
          <yCoord>354</yCoord>
        </edgeMap>
        <edgeMap>
          <xCoord>182</xCoord>
          <yCoord>354</yCoord>
        </edgeMap>
        <edgeMap>
          <xCoord>183</xCoord>
          <yCoord>354</yCoord>
        </edgeMap>
        <edgeMap>
          <xCoord>184</xCoord>
          <yCoord>353</yCoord>
        </edgeMap>
        <edgeMap>
          <xCoord>184</xCoord>
          <yCoord>352</yCoord>
        </edgeMap>
        <edgeMap>
          <xCoord>183</xCoord>
          <yCoord>351</yCoord>
        </edgeMap>
        <edgeMap>
          <xCoord>182</xCoord>
          <yCoord>351</yCoord>
        </edgeMap>
        <edgeMap>
          <xCoord>181</xCoord>
          <yCoord>352</yCoord>
        </edgeMap>
        <edgeMap>
          <xCoord>180</xCoord>
          <yCoord>352</yCoord>
        </edgeMap>
        <edgeMap>
          <xCoord>179</xCoord>
          <yCoord>353</yCoord>
        </edgeMap>
        <edgeMap>
          <xCoord>179</xCoord>
          <yCoord>354</yCoord>
        </edgeMap>
        <edgeMap>
          <xCoord>180</xCoord>
          <yCoord>355</yCoord>
        </edgeMap>
      </roi>
      <roi>
        <imageZposition>-252.5</imageZposition>
        <imageSOP_UID>1.3.6.1.4.1.14519.5.2.1.6279.6001.263984381523420698429690110001</imageSOP_UID>
        <inclusion>TRUE</inclusion>
        <edgeMap>
          <xCoord>183</xCoord>
          <yCoord>355</yCoord>
        </edgeMap>
        <edgeMap>
          <xCoord>184</xCoord>
          <yCoord>354</yCoord>
        </edgeMap>
        <edgeMap>
          <xCoord>184</xCoord>
          <yCoord>353</yCoord>
        </edgeMap>
        <edgeMap>
          <xCoord>185</xCoord>
          <yCoord>352</yCoord>
        </edgeMap>
        <edgeMap>
          <xCoord>184</xCoord>
          <yCoord>351</yCoord>
        </edgeMap>
        <edgeMap>
          <xCoord>183</xCoord>
          <yCoord>350</yCoord>
        </edgeMap>
        <edgeMap>
          <xCoord>182</xCoord>
          <yCoord>350</yCoord>
        </edgeMap>
        <edgeMap>
          <xCoord>181</xCoord>
          <yCoord>350</yCoord>
        </edgeMap>
        <edgeMap>
          <xCoord>180</xCoord>
          <yCoord>351</yCoord>
        </edgeMap>
        <edgeMap>
          <xCoord>179</xCoord>
          <yCoord>352</yCoord>
        </edgeMap>
        <edgeMap>
          <xCoord>178</xCoord>
          <yCoord>353</yCoord>
        </edgeMap>
        <edgeMap>
          <xCoord>178</xCoord>
          <yCoord>354</yCoord>
        </edgeMap>
        <edgeMap>
          <xCoord>179</xCoord>
          <yCoord>355</yCoord>
        </edgeMap>
        <edgeMap>
          <xCoord>180</xCoord>
          <yCoord>355</yCoord>
        </edgeMap>
        <edgeMap>
          <xCoord>181</xCoord>
          <yCoord>355</yCoord>
        </edgeMap>
        <edgeMap>
          <xCoord>182</xCoord>
          <yCoord>355</yCoord>
        </edgeMap>
        <edgeMap>
          <xCoord>183</xCoord>
          <yCoord>355</yCoord>
        </edgeMap>
      </roi>
    </unblindedReadNodule>
    <unblindedReadNodule>
      <noduleID>IL057_167666</noduleID>
      <roi>
        <imageZposition>-162.5</imageZposition>
        <imageSOP_UID>1.3.6.1.4.1.14519.5.2.1.6279.6001.241972180325014510695295713899</imageSOP_UID>
        <inclusion>TRUE</inclusion>
        <edgeMap>
          <xCoord>386</xCoord>
          <yCoord>241</yCoord>
        </edgeMap>
      </roi>
    </unblindedReadNodule>
    <nonNodule>
      <nonNoduleID>IL057_167669</nonNoduleID>
      <imageZposition>-80.0</imageZposition>
      <imageSOP_UID>1.3.6.1.4.1.14519.5.2.1.6279.6001.411359502397683673859699673114</imageSOP_UID>
      <locus>
        <xCoord>194</xCoord>
        <yCoord>297</yCoord>
      </locus>
    </nonNodule>
    <nonNodule>
      <nonNoduleID>IL057_167673</nonNoduleID>
      <imageZposition>-95.0</imageZposition>
      <imageSOP_UID>1.3.6.1.4.1.14519.5.2.1.6279.6001.715381340896576414057853109677</imageSOP_UID>
      <locus>
        <xCoord>168</xCoord>
        <yCoord>327</yCoord>
      </locus>
    </nonNodule>
    <nonNodule>
      <nonNoduleID>IL057_167672</nonNoduleID>
      <imageZposition>-87.5</imageZposition>
      <imageSOP_UID>1.3.6.1.4.1.14519.5.2.1.6279.6001.165594446987678939673546124095</imageSOP_UID>
      <locus>
        <xCoord>296</xCoord>
        <yCoord>311</yCoord>
      </locus>
    </nonNodule>
  </readingSession>
<readingSession>
<annotationVersion>3.12</annotationVersion>
<servicingRadiologistID>1924745662</servicingRadiologistID>
<unblindedReadNodule>
<noduleID>MI014_17942</noduleID>
<characteristics>
<subtlety>3</subtlety>
<internalStructure>1</internalStructure>
<calcification>6</calcification>
<sphericity>5</sphericity>
<margin>3</margin>
<lobulation>3</lobulation>
<spiculation>3</spiculation>
<texture>5</texture>
<malignancy>3</malignancy>
</characteristics>
<roi>
<imageZposition>-227.5</imageZposition>
<imageSOP_UID>1.3.6.1.4.1.14519.5.2.1.6279.6001.271200078229849495877978165212</imageSOP_UID>
<inclusion>TRUE</inclusion>
<edgeMap>
<xCoord>190</xCoord>
<yCoord>364</yCoord>
</edgeMap>
<edgeMap>
<xCoord>191</xCoord>
<yCoord>363</yCoord>
</edgeMap>
<edgeMap>
<xCoord>191</xCoord>
<yCoord>362</yCoord>
</edgeMap>
<edgeMap>
<xCoord>191</xCoord>
<yCoord>361</yCoord>
</edgeMap>
<edgeMap>
<xCoord>191</xCoord>
<yCoord>360</yCoord>
</edgeMap>
<edgeMap>
<xCoord>191</xCoord>
<yCoord>359</yCoord>
</edgeMap>
<edgeMap>
<xCoord>190</xCoord>
<yCoord>358</yCoord>
</edgeMap>
<edgeMap>
<xCoord>189</xCoord>
<yCoord>358</yCoord>
</edgeMap>
<edgeMap>
<xCoord>188</xCoord>
<yCoord>357</yCoord>
</edgeMap>
<edgeMap>
<xCoord>187</xCoord>
<yCoord>357</yCoord>
</edgeMap>
<edgeMap>
<xCoord>186</xCoord>
<yCoord>358</yCoord>
</edgeMap>
<edgeMap>
<xCoord>185</xCoord>
<yCoord>359</yCoord>
</edgeMap>
<edgeMap>
<xCoord>184</xCoord>
<yCoord>360</yCoord>
</edgeMap>
<edgeMap>
<xCoord>184</xCoord>
<yCoord>361</yCoord>
</edgeMap>
<edgeMap>
<xCoord>185</xCoord>
<yCoord>362</yCoord>
</edgeMap>
<edgeMap>
<xCoord>185</xCoord>
<yCoord>363</yCoord>
</edgeMap>
<edgeMap>
<xCoord>186</xCoord>
<yCoord>364</yCoord>
</edgeMap>
<edgeMap>
<xCoord>187</xCoord>
<yCoord>364</yCoord>
</edgeMap>
<edgeMap>
<xCoord>188</xCoord>
<yCoord>364</yCoord>
</edgeMap>
<edgeMap>
<xCoord>189</xCoord>
<yCoord>364</yCoord>
</edgeMap>
<edgeMap>
<xCoord>190</xCoord>
<yCoord>364</yCoord>
</edgeMap>
</roi>
<roi>
<imageZposition>-230.0</imageZposition>
<imageSOP_UID>1.3.6.1.4.1.14519.5.2.1.6279.6001.928539617195295018821858732087</imageSOP_UID>
<inclusion>TRUE</inclusion>
<edgeMap>
<xCoord>187</xCoord>
<yCoord>366</yCoord>
</edgeMap>
<edgeMap>
<xCoord>188</xCoord>
<yCoord>365</yCoord>
</edgeMap>
<edgeMap>
<xCoord>189</xCoord>
<yCoord>365</yCoord>
</edgeMap>
<edgeMap>
<xCoord>190</xCoord>
<yCoord>364</yCoord>
</edgeMap>
<edgeMap>
<xCoord>191</xCoord>
<yCoord>363</yCoord>
</edgeMap>
<edgeMap>
<xCoord>192</xCoord>
<yCoord>362</yCoord>
</edgeMap>
<edgeMap>
<xCoord>192</xCoord>
<yCoord>361</yCoord>
</edgeMap>
<edgeMap>
<xCoord>191</xCoord>
<yCoord>360</yCoord>
</edgeMap>
<edgeMap>
<xCoord>191</xCoord>
<yCoord>359</yCoord>
</edgeMap>
<edgeMap>
<xCoord>190</xCoord>
<yCoord>358</yCoord>
</edgeMap>
<edgeMap>
<xCoord>189</xCoord>
<yCoord>357</yCoord>
</edgeMap>
<edgeMap>
<xCoord>188</xCoord>
<yCoord>356</yCoord>
</edgeMap>
<edgeMap>
<xCoord>187</xCoord>
<yCoord>356</yCoord>
</edgeMap>
<edgeMap>
<xCoord>186</xCoord>
<yCoord>356</yCoord>
</edgeMap>
<edgeMap>
<xCoord>185</xCoord>
<yCoord>356</yCoord>
</edgeMap>
<edgeMap>
<xCoord>184</xCoord>
<yCoord>357</yCoord>
</edgeMap>
<edgeMap>
<xCoord>183</xCoord>
<yCoord>357</yCoord>
</edgeMap>
<edgeMap>
<xCoord>182</xCoord>
<yCoord>358</yCoord>
</edgeMap>
<edgeMap>
<xCoord>182</xCoord>
<yCoord>359</yCoord>
</edgeMap>
<edgeMap>
<xCoord>182</xCoord>
<yCoord>360</yCoord>
</edgeMap>
<edgeMap>
<xCoord>182</xCoord>
<yCoord>361</yCoord>
</edgeMap>
<edgeMap>
<xCoord>182</xCoord>
<yCoord>362</yCoord>
</edgeMap>
<edgeMap>
<xCoord>182</xCoord>
<yCoord>363</yCoord>
</edgeMap>
<edgeMap>
<xCoord>183</xCoord>
<yCoord>364</yCoord>
</edgeMap>
<edgeMap>
<xCoord>184</xCoord>
<yCoord>364</yCoord>
</edgeMap>
<edgeMap>
<xCoord>185</xCoord>
<yCoord>365</yCoord>
</edgeMap>
<edgeMap>
<xCoord>186</xCoord>
<yCoord>366</yCoord>
</edgeMap>
<edgeMap>
<xCoord>187</xCoord>
<yCoord>366</yCoord>
</edgeMap>
</roi>
<roi>
<imageZposition>-232.5</imageZposition>
<imageSOP_UID>1.3.6.1.4.1.14519.5.2.1.6279.6001.552834869948796220479504760240</imageSOP_UID>
<inclusion>TRUE</inclusion>
<edgeMap>
<xCoord>187</xCoord>
<yCoord>366</yCoord>
</edgeMap>
<edgeMap>
<xCoord>188</xCoord>
<yCoord>365</yCoord>
</edgeMap>
<edgeMap>
<xCoord>189</xCoord>
<yCoord>365</yCoord>
</edgeMap>
<edgeMap>
<xCoord>190</xCoord>
<yCoord>364</yCoord>
</edgeMap>
<edgeMap>
<xCoord>191</xCoord>
<yCoord>363</yCoord>
</edgeMap>
<edgeMap>
<xCoord>192</xCoord>
<yCoord>362</yCoord>
</edgeMap>
<edgeMap>
<xCoord>192</xCoord>
<yCoord>361</yCoord>
</edgeMap>
<edgeMap>
<xCoord>191</xCoord>
<yCoord>360</yCoord>
</edgeMap>
<edgeMap>
<xCoord>191</xCoord>
<yCoord>359</yCoord>
</edgeMap>
<edgeMap>
<xCoord>190</xCoord>
<yCoord>358</yCoord>
</edgeMap>
<edgeMap>
<xCoord>189</xCoord>
<yCoord>358</yCoord>
</edgeMap>
<edgeMap>
<xCoord>188</xCoord>
<yCoord>357</yCoord>
</edgeMap>
<edgeMap>
<xCoord>187</xCoord>
<yCoord>357</yCoord>
</edgeMap>
<edgeMap>
<xCoord>186</xCoord>
<yCoord>356</yCoord>
</edgeMap>
<edgeMap>
<xCoord>185</xCoord>
<yCoord>357</yCoord>
</edgeMap>
<edgeMap>
<xCoord>184</xCoord>
<yCoord>357</yCoord>
</edgeMap>
<edgeMap>
<xCoord>183</xCoord>
<yCoord>358</yCoord>
</edgeMap>
<edgeMap>
<xCoord>183</xCoord>
<yCoord>359</yCoord>
</edgeMap>
<edgeMap>
<xCoord>182</xCoord>
<yCoord>360</yCoord>
</edgeMap>
<edgeMap>
<xCoord>182</xCoord>
<yCoord>361</yCoord>
</edgeMap>
<edgeMap>
<xCoord>182</xCoord>
<yCoord>362</yCoord>
</edgeMap>
<edgeMap>
<xCoord>182</xCoord>
<yCoord>363</yCoord>
</edgeMap>
<edgeMap>
<xCoord>183</xCoord>
<yCoord>364</yCoord>
</edgeMap>
<edgeMap>
<xCoord>184</xCoord>
<yCoord>364</yCoord>
</edgeMap>
<edgeMap>
<xCoord>185</xCoord>
<yCoord>365</yCoord>
</edgeMap>
<edgeMap>
<xCoord>186</xCoord>
<yCoord>366</yCoord>
</edgeMap>
<edgeMap>
<xCoord>187</xCoord>
<yCoord>366</yCoord>
</edgeMap>
</roi>
<roi>
<imageZposition>-235.0</imageZposition>
<imageSOP_UID>1.3.6.1.4.1.14519.5.2.1.6279.6001.159585067702712745938010203653</imageSOP_UID>
<inclusion>TRUE</inclusion>
<edgeMap>
<xCoord>187</xCoord>
<yCoord>366</yCoord>
</edgeMap>
<edgeMap>
<xCoord>188</xCoord>
<yCoord>365</yCoord>
</edgeMap>
<edgeMap>
<xCoord>189</xCoord>
<yCoord>365</yCoord>
</edgeMap>
<edgeMap>
<xCoord>190</xCoord>
<yCoord>364</yCoord>
</edgeMap>
<edgeMap>
<xCoord>190</xCoord>
<yCoord>363</yCoord>
</edgeMap>
<edgeMap>
<xCoord>190</xCoord>
<yCoord>362</yCoord>
</edgeMap>
<edgeMap>
<xCoord>190</xCoord>
<yCoord>361</yCoord>
</edgeMap>
<edgeMap>
<xCoord>190</xCoord>
<yCoord>360</yCoord>
</edgeMap>
<edgeMap>
<xCoord>189</xCoord>
<yCoord>359</yCoord>
</edgeMap>
<edgeMap>
<xCoord>188</xCoord>
<yCoord>359</yCoord>
</edgeMap>
<edgeMap>
<xCoord>187</xCoord>
<yCoord>358</yCoord>
</edgeMap>
<edgeMap>
<xCoord>186</xCoord>
<yCoord>358</yCoord>
</edgeMap>
<edgeMap>
<xCoord>185</xCoord>
<yCoord>358</yCoord>
</edgeMap>
<edgeMap>
<xCoord>184</xCoord>
<yCoord>359</yCoord>
</edgeMap>
<edgeMap>
<xCoord>184</xCoord>
<yCoord>360</yCoord>
</edgeMap>
<edgeMap>
<xCoord>184</xCoord>
<yCoord>361</yCoord>
</edgeMap>
<edgeMap>
<xCoord>184</xCoord>
<yCoord>362</yCoord>
</edgeMap>
<edgeMap>
<xCoord>184</xCoord>
<yCoord>363</yCoord>
</edgeMap>
<edgeMap>
<xCoord>185</xCoord>
<yCoord>364</yCoord>
</edgeMap>
<edgeMap>
<xCoord>185</xCoord>
<yCoord>365</yCoord>
</edgeMap>
<edgeMap>
<xCoord>186</xCoord>
<yCoord>366</yCoord>
</edgeMap>
<edgeMap>
<xCoord>187</xCoord>
<yCoord>366</yCoord>
</edgeMap>
</roi>
</unblindedReadNodule>
<unblindedReadNodule>
<noduleID>MI014_17945</noduleID>
<characteristics>
<subtlety>2</subtlety>
<internalStructure>1</internalStructure>
<calcification>6</calcification>
<sphericity>4</sphericity>
<margin>4</margin>
<lobulation>2</lobulation>
<spiculation>1</spiculation>
<texture>5</texture>
<malignancy>3</malignancy>
</characteristics>
<roi>
<imageZposition>-162.5</imageZposition>
<imageSOP_UID>1.3.6.1.4.1.14519.5.2.1.6279.6001.241972180325014510695295713899</imageSOP_UID>
<inclusion>TRUE</inclusion>
<edgeMap>
<xCoord>388</xCoord>
<yCoord>244</yCoord>
</edgeMap>
<edgeMap>
<xCoord>389</xCoord>
<yCoord>243</yCoord>
</edgeMap>
<edgeMap>
<xCoord>389</xCoord>
<yCoord>242</yCoord>
</edgeMap>
<edgeMap>
<xCoord>389</xCoord>
<yCoord>241</yCoord>
</edgeMap>
<edgeMap>
<xCoord>388</xCoord>
<yCoord>240</yCoord>
</edgeMap>
<edgeMap>
<xCoord>387</xCoord>
<yCoord>239</yCoord>
</edgeMap>
<edgeMap>
<xCoord>386</xCoord>
<yCoord>238</yCoord>
</edgeMap>
<edgeMap>
<xCoord>385</xCoord>
<yCoord>239</yCoord>
</edgeMap>
<edgeMap>
<xCoord>384</xCoord>
<yCoord>240</yCoord>
</edgeMap>
<edgeMap>
<xCoord>384</xCoord>
<yCoord>241</yCoord>
</edgeMap>
<edgeMap>
<xCoord>384</xCoord>
<yCoord>242</yCoord>
</edgeMap>
<edgeMap>
<xCoord>384</xCoord>
<yCoord>243</yCoord>
</edgeMap>
<edgeMap>
<xCoord>385</xCoord>
<yCoord>244</yCoord>
</edgeMap>
<edgeMap>
<xCoord>386</xCoord>
<yCoord>244</yCoord>
</edgeMap>
<edgeMap>
<xCoord>387</xCoord>
<yCoord>244</yCoord>
</edgeMap>
<edgeMap>
<xCoord>388</xCoord>
<yCoord>244</yCoord>
</edgeMap>
</roi>
</unblindedReadNodule>
<nonNodule>
<nonNoduleID>MI014_17954</nonNoduleID>
<imageZposition>-77.5</imageZposition>
<imageSOP_UID>1.3.6.1.4.1.14519.5.2.1.6279.6001.196516158026106592686578558626</imageSOP_UID>
<locus>
<xCoord>199</xCoord>
<yCoord>295</yCoord>
</locus>
</nonNodule>
<nonNodule>
<nonNoduleID>MI014_17955</nonNoduleID>
<imageZposition>-200.0</imageZposition>
<imageSOP_UID>1.3.6.1.4.1.14519.5.2.1.6279.6001.316857234496298587983707352974</imageSOP_UID>
<locus>
<xCoord>107</xCoord>
<yCoord>244</yCoord>
</locus>
</nonNodule>
<nonNodule>
<nonNoduleID>MI014_17956</nonNoduleID>
<imageZposition>-72.5</imageZposition>
<imageSOP_UID>1.3.6.1.4.1.14519.5.2.1.6279.6001.676771632063784960320932681460</imageSOP_UID>
<locus>
<xCoord>310</xCoord>
<yCoord>287</yCoord>
</locus>
</nonNodule>
<nonNodule>
<nonNoduleID>MI014_17948</nonNoduleID>
<imageZposition>-80.0</imageZposition>
<imageSOP_UID>1.3.6.1.4.1.14519.5.2.1.6279.6001.411359502397683673859699673114</imageSOP_UID>
<locus>
<xCoord>195</xCoord>
<yCoord>297</yCoord>
</locus>
</nonNodule>
<nonNodule>
<nonNoduleID>MI014_17950</nonNoduleID>
<imageZposition>-72.5</imageZposition>
<imageSOP_UID>1.3.6.1.4.1.14519.5.2.1.6279.6001.676771632063784960320932681460</imageSOP_UID>
<locus>
<xCoord>318</xCoord>
<yCoord>289</yCoord>
</locus>
</nonNodule>
<nonNodule>
<nonNoduleID>MI014_17951</nonNoduleID>
<imageZposition>-87.5</imageZposition>
<imageSOP_UID>1.3.6.1.4.1.14519.5.2.1.6279.6001.165594446987678939673546124095</imageSOP_UID>
<locus>
<xCoord>297</xCoord>
<yCoord>310</yCoord>
</locus>
</nonNodule>
<nonNodule>
<nonNoduleID>MI014_17953</nonNoduleID>
<imageZposition>-95.0</imageZposition>
<imageSOP_UID>1.3.6.1.4.1.14519.5.2.1.6279.6001.715381340896576414057853109677</imageSOP_UID>
<locus>
<xCoord>168</xCoord>
<yCoord>327</yCoord>
</locus>
</nonNodule>
<nonNodule>
<nonNoduleID>MI014_17957</nonNoduleID>
<imageZposition>-77.5</imageZposition>
<imageSOP_UID>1.3.6.1.4.1.14519.5.2.1.6279.6001.196516158026106592686578558626</imageSOP_UID>
<locus>
<xCoord>194</xCoord>
<yCoord>297</yCoord>
</locus>
</nonNodule>
<nonNodule>
<nonNoduleID>MI014_17959</nonNoduleID>
<imageZposition>-87.5</imageZposition>
<imageSOP_UID>1.3.6.1.4.1.14519.5.2.1.6279.6001.165594446987678939673546124095</imageSOP_UID>
<locus>
<xCoord>301</xCoord>
<yCoord>307</yCoord>
</locus>
</nonNodule>
<nonNodule>
<nonNoduleID>MI014_17960</nonNoduleID>
<imageZposition>-95.0</imageZposition>
<imageSOP_UID>1.3.6.1.4.1.14519.5.2.1.6279.6001.715381340896576414057853109677</imageSOP_UID>
<locus>
<xCoord>169</xCoord>
<yCoord>331</yCoord>
</locus>
</nonNodule>
<nonNodule>
<nonNoduleID>MI014_17961</nonNoduleID>
<imageZposition>-197.5</imageZposition>
<imageSOP_UID>1.3.6.1.4.1.14519.5.2.1.6279.6001.271697325848318834795251337818</imageSOP_UID>
<locus>
<xCoord>107</xCoord>
<yCoord>223</yCoord>
</locus>
</nonNodule>
</readingSession>
<readingSession>
		<annotationVersion>3.12</annotationVersion>
		<servicingRadiologistID>-641931220</servicingRadiologistID>
			<unblindedReadNodule>
				<noduleID>0</noduleID>
				<characteristics>
					<subtlety>5</subtlety>
					<internalStructure>1</internalStructure>
					<calcification>6</calcification>
					<sphericity>5</sphericity>
					<margin>4</margin>
					<lobulation>1</lobulation>
					<spiculation>5</spiculation>
					<texture>4</texture>
					<malignancy>4</malignancy>
				</characteristics>
				<roi>
					<imageZposition>-227.5</imageZposition>
					<imageSOP_UID>1.3.6.1.4.1.14519.5.2.1.6279.6001.271200078229849495877978165212</imageSOP_UID>
					<inclusion>TRUE</inclusion>
					<edgeMap>
					<xCoord>184</xCoord>
					<yCoord>359</yCoord>
					</edgeMap>
					<edgeMap>
					<xCoord>185</xCoord>
					<yCoord>358</yCoord>
					</edgeMap>
					<edgeMap>
					<xCoord>186</xCoord>
					<yCoord>357</yCoord>
					</edgeMap>
					<edgeMap>
					<xCoord>187</xCoord>
					<yCoord>357</yCoord>
					</edgeMap>
					<edgeMap>
					<xCoord>188</xCoord>
					<yCoord>357</yCoord>
					</edgeMap>
					<edgeMap>
					<xCoord>189</xCoord>
					<yCoord>357</yCoord>
					</edgeMap>
					<edgeMap>
					<xCoord>190</xCoord>
					<yCoord>357</yCoord>
					</edgeMap>
					<edgeMap>
					<xCoord>190</xCoord>
					<yCoord>358</yCoord>
					</edgeMap>
					<edgeMap>
					<xCoord>191</xCoord>
					<yCoord>358</yCoord>
					</edgeMap>
					<edgeMap>
					<xCoord>192</xCoord>
					<yCoord>359</yCoord>
					</edgeMap>
					<edgeMap>
					<xCoord>192</xCoord>
					<yCoord>360</yCoord>
					</edgeMap>
					<edgeMap>
					<xCoord>192</xCoord>
					<yCoord>361</yCoord>
					</edgeMap>
					<edgeMap>
					<xCoord>192</xCoord>
					<yCoord>362</yCoord>
					</edgeMap>
					<edgeMap>
					<xCoord>192</xCoord>
					<yCoord>363</yCoord>
					</edgeMap>
					<edgeMap>
					<xCoord>191</xCoord>
					<yCoord>364</yCoord>
					</edgeMap>
					<edgeMap>
					<xCoord>191</xCoord>
					<yCoord>365</yCoord>
					</edgeMap>
					<edgeMap>
					<xCoord>190</xCoord>
					<yCoord>366</yCoord>
					</edgeMap>
					<edgeMap>
					<xCoord>189</xCoord>
					<yCoord>367</yCoord>
					</edgeMap>
					<edgeMap>
					<xCoord>188</xCoord>
					<yCoord>367</yCoord>
					</edgeMap>
					<edgeMap>
					<xCoord>187</xCoord>
					<yCoord>367</yCoord>
					</edgeMap>
					<edgeMap>
					<xCoord>186</xCoord>
					<yCoord>367</yCoord>
					</edgeMap>
					<edgeMap>
					<xCoord>185</xCoord>
					<yCoord>367</yCoord>
					</edgeMap>
					<edgeMap>
					<xCoord>184</xCoord>
					<yCoord>367</yCoord>
					</edgeMap>
					<edgeMap>
					<xCoord>184</xCoord>
					<yCoord>366</yCoord>
					</edgeMap>
					<edgeMap>
					<xCoord>183</xCoord>
					<yCoord>365</yCoord>
					</edgeMap>
					<edgeMap>
					<xCoord>182</xCoord>
					<yCoord>364</yCoord>
					</edgeMap>
					<edgeMap>
					<xCoord>181</xCoord>
					<yCoord>364</yCoord>
					</edgeMap>
					<edgeMap>
					<xCoord>181</xCoord>
					<yCoord>363</yCoord>
					</edgeMap>
					<edgeMap>
					<xCoord>180</xCoord>
					<yCoord>363</yCoord>
					</edgeMap>
					<edgeMap>
					<xCoord>180</xCoord>
					<yCoord>362</yCoord>
					</edgeMap>
					<edgeMap>
					<xCoord>181</xCoord>
					<yCoord>362</yCoord>
					</edgeMap>
					<edgeMap>
					<xCoord>182</xCoord>
					<yCoord>361</yCoord>
					</edgeMap>
					<edgeMap>
					<xCoord>182</xCoord>
					<yCoord>360</yCoord>
					</edgeMap>
					<edgeMap>
					<xCoord>183</xCoord>
					<yCoord>360</yCoord>
					</edgeMap>
					<edgeMap>
					<xCoord>184</xCoord>
					<yCoord>359</yCoord>
					</edgeMap>
				</roi>
				<roi>
					<imageZposition>-230.0</imageZposition>
					<imageSOP_UID>1.3.6.1.4.1.14519.5.2.1.6279.6001.928539617195295018821858732087</imageSOP_UID>
					<inclusion>TRUE</inclusion>
					<edgeMap>
					<xCoord>182</xCoord>
					<yCoord>359</yCoord>
					</edgeMap>
					<edgeMap>
					<xCoord>182</xCoord>
					<yCoord>358</yCoord>
					</edgeMap>
					<edgeMap>
					<xCoord>182</xCoord>
					<yCoord>357</yCoord>
					</edgeMap>
					<edgeMap>
					<xCoord>183</xCoord>
					<yCoord>356</yCoord>
					</edgeMap>
					<edgeMap>
					<xCoord>184</xCoord>
					<yCoord>356</yCoord>
					</edgeMap>
					<edgeMap>
					<xCoord>185</xCoord>
					<yCoord>356</yCoord>
					</edgeMap>
					<edgeMap>
					<xCoord>186</xCoord>
					<yCoord>356</yCoord>
					</edgeMap>
					<edgeMap>
					<xCoord>186</xCoord>
					<yCoord>355</yCoord>
					</edgeMap>
					<edgeMap>
					<xCoord>187</xCoord>
					<yCoord>356</yCoord>
					</edgeMap>
					<edgeMap>
					<xCoord>188</xCoord>
					<yCoord>356</yCoord>
					</edgeMap>
					<edgeMap>
					<xCoord>189</xCoord>
					<yCoord>356</yCoord>
					</edgeMap>
					<edgeMap>
					<xCoord>190</xCoord>
					<yCoord>356</yCoord>
					</edgeMap>
					<edgeMap>
					<xCoord>191</xCoord>
					<yCoord>357</yCoord>
					</edgeMap>
					<edgeMap>
					<xCoord>192</xCoord>
					<yCoord>358</yCoord>
					</edgeMap>
					<edgeMap>
					<xCoord>192</xCoord>
					<yCoord>359</yCoord>
					</edgeMap>
					<edgeMap>
					<xCoord>192</xCoord>
					<yCoord>360</yCoord>
					</edgeMap>
					<edgeMap>
					<xCoord>192</xCoord>
					<yCoord>361</yCoord>
					</edgeMap>
					<edgeMap>
					<xCoord>192</xCoord>
					<yCoord>362</yCoord>
					</edgeMap>
					<edgeMap>
					<xCoord>192</xCoord>
					<yCoord>363</yCoord>
					</edgeMap>
					<edgeMap>
					<xCoord>192</xCoord>
					<yCoord>364</yCoord>
					</edgeMap>
					<edgeMap>
					<xCoord>192</xCoord>
					<yCoord>365</yCoord>
					</edgeMap>
					<edgeMap>
					<xCoord>191</xCoord>
					<yCoord>365</yCoord>
					</edgeMap>
					<edgeMap>
					<xCoord>191</xCoord>
					<yCoord>366</yCoord>
					</edgeMap>
					<edgeMap>
					<xCoord>190</xCoord>
					<yCoord>366</yCoord>
					</edgeMap>
					<edgeMap>
					<xCoord>189</xCoord>
					<yCoord>366</yCoord>
					</edgeMap>
					<edgeMap>
					<xCoord>188</xCoord>
					<yCoord>366</yCoord>
					</edgeMap>
					<edgeMap>
					<xCoord>187</xCoord>
					<yCoord>366</yCoord>
					</edgeMap>
					<edgeMap>
					<xCoord>186</xCoord>
					<yCoord>366</yCoord>
					</edgeMap>
					<edgeMap>
					<xCoord>185</xCoord>
					<yCoord>366</yCoord>
					</edgeMap>
					<edgeMap>
					<xCoord>184</xCoord>
					<yCoord>366</yCoord>
					</edgeMap>
					<edgeMap>
					<xCoord>183</xCoord>
					<yCoord>365</yCoord>
					</edgeMap>
					<edgeMap>
					<xCoord>182</xCoord>
					<yCoord>365</yCoord>
					</edgeMap>
					<edgeMap>
					<xCoord>181</xCoord>
					<yCoord>365</yCoord>
					</edgeMap>
					<edgeMap>
					<xCoord>181</xCoord>
					<yCoord>364</yCoord>
					</edgeMap>
					<edgeMap>
					<xCoord>181</xCoord>
					<yCoord>363</yCoord>
					</edgeMap>
					<edgeMap>
					<xCoord>181</xCoord>
					<yCoord>362</yCoord>
					</edgeMap>
					<edgeMap>
					<xCoord>182</xCoord>
					<yCoord>362</yCoord>
					</edgeMap>
					<edgeMap>
					<xCoord>182</xCoord>
					<yCoord>361</yCoord>
					</edgeMap>
					<edgeMap>
					<xCoord>182</xCoord>
					<yCoord>360</yCoord>
					</edgeMap>
					<edgeMap>
					<xCoord>182</xCoord>
					<yCoord>359</yCoord>
					</edgeMap>
				</roi>
				<roi>
					<imageZposition>-232.5</imageZposition>
					<imageSOP_UID>1.3.6.1.4.1.14519.5.2.1.6279.6001.552834869948796220479504760240</imageSOP_UID>
					<inclusion>TRUE</inclusion>
					<edgeMap>
					<xCoord>183</xCoord>
					<yCoord>361</yCoord>
					</edgeMap>
					<edgeMap>
					<xCoord>182</xCoord>
					<yCoord>360</yCoord>
					</edgeMap>
					<edgeMap>
					<xCoord>182</xCoord>
					<yCoord>359</yCoord>
					</edgeMap>
					<edgeMap>
					<xCoord>182</xCoord>
					<yCoord>358</yCoord>
					</edgeMap>
					<edgeMap>
					<xCoord>182</xCoord>
					<yCoord>357</yCoord>
					</edgeMap>
					<edgeMap>
					<xCoord>183</xCoord>
					<yCoord>357</yCoord>
					</edgeMap>
					<edgeMap>
					<xCoord>184</xCoord>
					<yCoord>357</yCoord>
					</edgeMap>
					<edgeMap>
					<xCoord>185</xCoord>
					<yCoord>356</yCoord>
					</edgeMap>
					<edgeMap>
					<xCoord>186</xCoord>
					<yCoord>357</yCoord>
					</edgeMap>
					<edgeMap>
					<xCoord>187</xCoord>
					<yCoord>357</yCoord>
					</edgeMap>
					<edgeMap>
					<xCoord>188</xCoord>
					<yCoord>357</yCoord>
					</edgeMap>
					<edgeMap>
					<xCoord>189</xCoord>
					<yCoord>358</yCoord>
					</edgeMap>
					<edgeMap>
					<xCoord>190</xCoord>
					<yCoord>358</yCoord>
					</edgeMap>
					<edgeMap>
					<xCoord>191</xCoord>
					<yCoord>359</yCoord>
					</edgeMap>
					<edgeMap>
					<xCoord>192</xCoord>
					<yCoord>360</yCoord>
					</edgeMap>
					<edgeMap>
					<xCoord>192</xCoord>
					<yCoord>361</yCoord>
					</edgeMap>
					<edgeMap>
					<xCoord>192</xCoord>
					<yCoord>362</yCoord>
					</edgeMap>
					<edgeMap>
					<xCoord>192</xCoord>
					<yCoord>363</yCoord>
					</edgeMap>
					<edgeMap>
					<xCoord>192</xCoord>
					<yCoord>364</yCoord>
					</edgeMap>
					<edgeMap>
					<xCoord>191</xCoord>
					<yCoord>365</yCoord>
					</edgeMap>
					<edgeMap>
					<xCoord>190</xCoord>
					<yCoord>366</yCoord>
					</edgeMap>
					<edgeMap>
					<xCoord>189</xCoord>
					<yCoord>366</yCoord>
					</edgeMap>
					<edgeMap>
					<xCoord>188</xCoord>
					<yCoord>366</yCoord>
					</edgeMap>
					<edgeMap>
					<xCoord>187</xCoord>
					<yCoord>366</yCoord>
					</edgeMap>
					<edgeMap>
					<xCoord>186</xCoord>
					<yCoord>365</yCoord>
					</edgeMap>
					<edgeMap>
					<xCoord>185</xCoord>
					<yCoord>365</yCoord>
					</edgeMap>
					<edgeMap>
					<xCoord>184</xCoord>
					<yCoord>365</yCoord>
					</edgeMap>
					<edgeMap>
					<xCoord>183</xCoord>
					<yCoord>365</yCoord>
					</edgeMap>
					<edgeMap>
					<xCoord>182</xCoord>
					<yCoord>365</yCoord>
					</edgeMap>
					<edgeMap>
					<xCoord>182</xCoord>
					<yCoord>364</yCoord>
					</edgeMap>
					<edgeMap>
					<xCoord>182</xCoord>
					<yCoord>363</yCoord>
					</edgeMap>
					<edgeMap>
					<xCoord>182</xCoord>
					<yCoord>362</yCoord>
					</edgeMap>
					<edgeMap>
					<xCoord>183</xCoord>
					<yCoord>361</yCoord>
					</edgeMap>
				</roi>
				<roi>
					<imageZposition>-235.0</imageZposition>
					<imageSOP_UID>1.3.6.1.4.1.14519.5.2.1.6279.6001.159585067702712745938010203653</imageSOP_UID>
					<inclusion>TRUE</inclusion>
					<edgeMap>
					<xCoord>183</xCoord>
					<yCoord>359</yCoord>
					</edgeMap>
					<edgeMap>
					<xCoord>184</xCoord>
					<yCoord>358</yCoord>
					</edgeMap>
					<edgeMap>
					<xCoord>184</xCoord>
					<yCoord>357</yCoord>
					</edgeMap>
					<edgeMap>
					<xCoord>185</xCoord>
					<yCoord>357</yCoord>
					</edgeMap>
					<edgeMap>
					<xCoord>186</xCoord>
					<yCoord>357</yCoord>
					</edgeMap>
					<edgeMap>
					<xCoord>187</xCoord>
					<yCoord>358</yCoord>
					</edgeMap>
					<edgeMap>
					<xCoord>188</xCoord>
					<yCoord>358</yCoord>
					</edgeMap>
					<edgeMap>
					<xCoord>189</xCoord>
					<yCoord>358</yCoord>
					</edgeMap>
					<edgeMap>
					<xCoord>190</xCoord>
					<yCoord>359</yCoord>
					</edgeMap>
					<edgeMap>
					<xCoord>191</xCoord>
					<yCoord>359</yCoord>
					</edgeMap>
					<edgeMap>
					<xCoord>191</xCoord>
					<yCoord>360</yCoord>
					</edgeMap>
					<edgeMap>
					<xCoord>191</xCoord>
					<yCoord>361</yCoord>
					</edgeMap>
					<edgeMap>
					<xCoord>191</xCoord>
					<yCoord>362</yCoord>
					</edgeMap>
					<edgeMap>
					<xCoord>191</xCoord>
					<yCoord>363</yCoord>
					</edgeMap>
					<edgeMap>
					<xCoord>190</xCoord>
					<yCoord>364</yCoord>
					</edgeMap>
					<edgeMap>
					<xCoord>190</xCoord>
					<yCoord>365</yCoord>
					</edgeMap>
					<edgeMap>
					<xCoord>189</xCoord>
					<yCoord>365</yCoord>
					</edgeMap>
					<edgeMap>
					<xCoord>188</xCoord>
					<yCoord>365</yCoord>
					</edgeMap>
					<edgeMap>
					<xCoord>187</xCoord>
					<yCoord>366</yCoord>
					</edgeMap>
					<edgeMap>
					<xCoord>187</xCoord>
					<yCoord>367</yCoord>
					</edgeMap>
					<edgeMap>
					<xCoord>186</xCoord>
					<yCoord>367</yCoord>
					</edgeMap>
					<edgeMap>
					<xCoord>185</xCoord>
					<yCoord>368</yCoord>
					</edgeMap>
					<edgeMap>
					<xCoord>184</xCoord>
					<yCoord>367</yCoord>
					</edgeMap>
					<edgeMap>
					<xCoord>183</xCoord>
					<yCoord>366</yCoord>
					</edgeMap>
					<edgeMap>
					<xCoord>182</xCoord>
					<yCoord>366</yCoord>
					</edgeMap>
					<edgeMap>
					<xCoord>182</xCoord>
					<yCoord>365</yCoord>
					</edgeMap>
					<edgeMap>
					<xCoord>182</xCoord>
					<yCoord>364</yCoord>
					</edgeMap>
					<edgeMap>
					<xCoord>182</xCoord>
					<yCoord>363</yCoord>
					</edgeMap>
					<edgeMap>
					<xCoord>182</xCoord>
					<yCoord>362</yCoord>
					</edgeMap>
					<edgeMap>
					<xCoord>183</xCoord>
					<yCoord>362</yCoord>
					</edgeMap>
					<edgeMap>
					<xCoord>183</xCoord>
					<yCoord>361</yCoord>
					</edgeMap>
					<edgeMap>
					<xCoord>183</xCoord>
					<yCoord>360</yCoord>
					</edgeMap>
					<edgeMap>
					<xCoord>183</xCoord>
					<yCoord>359</yCoord>
					</edgeMap>
				</roi>
			</unblindedReadNodule>
			<unblindedReadNodule>
				<noduleID>2</noduleID>
				<roi>
					<imageZposition>-162.5</imageZposition>
					<imageSOP_UID>1.3.6.1.4.1.14519.5.2.1.6279.6001.241972180325014510695295713899</imageSOP_UID>
					<inclusion>TRUE</inclusion>
					<edgeMap>
					<xCoord>385</xCoord>
					<yCoord>242</yCoord>
					</edgeMap>
				</roi>
			</unblindedReadNodule>
			<unblindedReadNodule>
				<noduleID>5</noduleID>
				<roi>
					<imageZposition>-252.5</imageZposition>
					<imageSOP_UID>1.3.6.1.4.1.14519.5.2.1.6279.6001.263984381523420698429690110001</imageSOP_UID>
					<inclusion>TRUE</inclusion>
					<edgeMap>
					<xCoord>181</xCoord>
					<yCoord>352</yCoord>
					</edgeMap>
				</roi>
			</unblindedReadNodule>
			<nonNodule>
				<nonNoduleID>1</nonNoduleID>
				<imageZposition>-197.5</imageZposition>
				<imageSOP_UID>1.3.6.1.4.1.14519.5.2.1.6279.6001.271697325848318834795251337818</imageSOP_UID>
				<locus>
					<xCoord>107</xCoord>
					<yCoord>223</yCoord>
				</locus>
			</nonNodule>
			<nonNodule>
				<nonNoduleID>3</nonNoduleID>
				<imageZposition>-77.5</imageZposition>
				<imageSOP_UID>1.3.6.1.4.1.14519.5.2.1.6279.6001.196516158026106592686578558626</imageSOP_UID>
				<locus>
					<xCoord>194</xCoord>
					<yCoord>297</yCoord>
				</locus>
			</nonNodule>
			<nonNodule>
				<nonNoduleID>4</nonNoduleID>
				<imageZposition>-87.5</imageZposition>
				<imageSOP_UID>1.3.6.1.4.1.14519.5.2.1.6279.6001.165594446987678939673546124095</imageSOP_UID>
				<locus>
					<xCoord>301</xCoord>
					<yCoord>307</yCoord>
				</locus>
			</nonNodule>
			<nonNodule>
				<nonNoduleID>6</nonNoduleID>
				<imageZposition>-95.0</imageZposition>
				<imageSOP_UID>1.3.6.1.4.1.14519.5.2.1.6279.6001.715381340896576414057853109677</imageSOP_UID>
				<locus>
					<xCoord>169</xCoord>
					<yCoord>331</yCoord>
				</locus>
			</nonNodule>
	</readingSession>
</LidcReadMessage>