<?xml version="1.0" encoding="UTF-8"?>
<LidcReadMessage uid="1.3.6.1.4.1.14519.5.2.1.6279.6001.1307390731356.0" xmlns="http://www.nih.gov" xmlns:xsi="http://www.w3.org/2001/XMLSchema-instance" xsi:schemaLocation="http://www.nih.gov  http://troll.rad.med.umich.edu/lidc/LidcReadMessage.xsd">
<ResponseHeader>
<Version>1.8.1</Version>
<MessageId>-1758688614</MessageId>
<DateRequest>2008-05-30</DateRequest>
<TimeRequest>12:05:58</TimeRequest>
<RequestingSite>removed</RequestingSite>
<ServicingSite>removed</ServicingSite>
<TaskDescription>Second unblinded read</TaskDescription>
<CtImageFile>removed</CtImageFile>
<SeriesInstanceUid>1.3.6.1.4.1.14519.5.2.1.6279.6001.724562063158320418413995627171</SeriesInstanceUid>
<DateService>2008-12-16</DateService>
<TimeService>08:00:01</TimeService>
<ResponseDescription>1 - Reading complete</ResponseDescription>
<StudyInstanceUID>1.3.6.1.4.1.14519.5.2.1.6279.6001.662868666186676193600672178489</StudyInstanceUID></ResponseHeader>
<readingSession>
    <annotationVersion>3.12</annotationVersion>
    <servicingRadiologistID>1375435802</servicingRadiologistID>
    <unblindedReadNodule>
      <noduleID>Nodule 001</noduleID>
      <characteristics>
        <subtlety>4</subtlety>
        <internalStructure>1</internalStructure>
        <calcification>6</calcification>
        <sphericity>4</sphericity>
        <margin>5</margin>
        <lobulation>1</lobulation>
        <spiculation>1</spiculation>
        <texture>5</texture>
        <malignancy>2</malignancy>
      </characteristics>
      <roi>
        <imageZposition>-220.500000 </imageZposition>
        <imageSOP_UID>1.3.6.1.4.1.14519.5.2.1.6279.6001.124371350035320267021561884360</imageSOP_UID>
        <inclusion>TRUE</inclusion>
        <edgeMap>
          <xCoord>213</xCoord>
          <yCoord>195</yCoord>
        </edgeMap>
        <edgeMap>
          <xCoord>212</xCoord>
          <yCoord>196</yCoord>
        </edgeMap>
        <edgeMap>
          <xCoord>211</xCoord>
          <yCoord>197</yCoord>
        </edgeMap>
        <edgeMap>
          <xCoord>211</xCoord>
          <yCoord>198</yCoord>
        </edgeMap>
        <edgeMap>
          <xCoord>211</xCoord>
          <yCoord>199</yCoord>
        </edgeMap>
        <edgeMap>
          <xCoord>211</xCoord>
          <yCoord>200</yCoord>
        </edgeMap>
        <edgeMap>
          <xCoord>212</xCoord>
          <yCoord>201</yCoord>
        </edgeMap>
        <edgeMap>
          <xCoord>213</xCoord>
          <yCoord>202</yCoord>
        </edgeMap>
        <edgeMap>
          <xCoord>214</xCoord>
          <yCoord>202</yCoord>
        </edgeMap>
        <edgeMap>
          <xCoord>215</xCoord>
          <yCoord>203</yCoord>
        </edgeMap>
        <edgeMap>
          <xCoord>216</xCoord>
          <yCoord>203</yCoord>
        </edgeMap>
        <edgeMap>
          <xCoord>217</xCoord>
          <yCoord>204</yCoord>
        </edgeMap>
        <edgeMap>
          <xCoord>218</xCoord>
          <yCoord>204</yCoord>
        </edgeMap>
        <edgeMap>
          <xCoord>219</xCoord>
          <yCoord>204</yCoord>
        </edgeMap>
        <edgeMap>
          <xCoord>220</xCoord>
          <yCoord>203</yCoord>
        </edgeMap>
        <edgeMap>
          <xCoord>221</xCoord>
          <yCoord>202</yCoord>
        </edgeMap>
        <edgeMap>
          <xCoord>222</xCoord>
          <yCoord>202</yCoord>
        </edgeMap>
        <edgeMap>
          <xCoord>223</xCoord>
          <yCoord>201</yCoord>
        </edgeMap>
        <edgeMap>
          <xCoord>222</xCoord>
          <yCoord>200</yCoord>
        </edgeMap>
        <edgeMap>
          <xCoord>222</xCoord>
          <yCoord>199</yCoord>
        </edgeMap>
        <edgeMap>
          <xCoord>221</xCoord>
          <yCoord>198</yCoord>
        </edgeMap>
        <edgeMap>
          <xCoord>221</xCoord>
          <yCoord>197</yCoord>
        </edgeMap>
        <edgeMap>
          <xCoord>220</xCoord>
          <yCoord>196</yCoord>
        </edgeMap>
        <edgeMap>
          <xCoord>219</xCoord>
          <yCoord>195</yCoord>
        </edgeMap>
        <edgeMap>
          <xCoord>218</xCoord>
          <yCoord>195</yCoord>
        </edgeMap>
        <edgeMap>
          <xCoord>217</xCoord>
          <yCoord>195</yCoord>
        </edgeMap>
        <edgeMap>
          <xCoord>216</xCoord>
          <yCoord>195</yCoord>
        </edgeMap>
        <edgeMap>
          <xCoord>215</xCoord>
          <yCoord>195</yCoord>
        </edgeMap>
        <edgeMap>
          <xCoord>214</xCoord>
          <yCoord>195</yCoord>
        </edgeMap>
        <edgeMap>
          <xCoord>213</xCoord>
          <yCoord>195</yCoord>
        </edgeMap>
      </roi>
      <roi>
        <imageZposition>-218.000000 </imageZposition>
        <imageSOP_UID>1.3.6.1.4.1.14519.5.2.1.6279.6001.889402590453821323505641482089</imageSOP_UID>
        <inclusion>TRUE</inclusion>
        <edgeMap>
          <xCoord>213</xCoord>
          <yCoord>193</yCoord>
        </edgeMap>
        <edgeMap>
          <xCoord>212</xCoord>
          <yCoord>194</yCoord>
        </edgeMap>
        <edgeMap>
          <xCoord>212</xCoord>
          <yCoord>195</yCoord>
        </edgeMap>
        <edgeMap>
          <xCoord>211</xCoord>
          <yCoord>196</yCoord>
        </edgeMap>
        <edgeMap>
          <xCoord>210</xCoord>
          <yCoord>197</yCoord>
        </edgeMap>
        <edgeMap>
          <xCoord>210</xCoord>
          <yCoord>198</yCoord>
        </edgeMap>
        <edgeMap>
          <xCoord>211</xCoord>
          <yCoord>199</yCoord>
        </edgeMap>
        <edgeMap>
          <xCoord>211</xCoord>
          <yCoord>200</yCoord>
        </edgeMap>
        <edgeMap>
          <xCoord>211</xCoord>
          <yCoord>201</yCoord>
        </edgeMap>
        <edgeMap>
          <xCoord>212</xCoord>
          <yCoord>202</yCoord>
        </edgeMap>
        <edgeMap>
          <xCoord>213</xCoord>
          <yCoord>203</yCoord>
        </edgeMap>
        <edgeMap>
          <xCoord>214</xCoord>
          <yCoord>204</yCoord>
        </edgeMap>
        <edgeMap>
          <xCoord>215</xCoord>
          <yCoord>204</yCoord>
        </edgeMap>
        <edgeMap>
          <xCoord>216</xCoord>
          <yCoord>204</yCoord>
        </edgeMap>
        <edgeMap>
          <xCoord>217</xCoord>
          <yCoord>204</yCoord>
        </edgeMap>
        <edgeMap>
          <xCoord>218</xCoord>
          <yCoord>204</yCoord>
        </edgeMap>
        <edgeMap>
          <xCoord>219</xCoord>
          <yCoord>203</yCoord>
        </edgeMap>
        <edgeMap>
          <xCoord>220</xCoord>
          <yCoord>202</yCoord>
        </edgeMap>
        <edgeMap>
          <xCoord>221</xCoord>
          <yCoord>201</yCoord>
        </edgeMap>
        <edgeMap>
          <xCoord>222</xCoord>
          <yCoord>200</yCoord>
        </edgeMap>
        <edgeMap>
          <xCoord>222</xCoord>
          <yCoord>199</yCoord>
        </edgeMap>
        <edgeMap>
          <xCoord>221</xCoord>
          <yCoord>198</yCoord>
        </edgeMap>
        <edgeMap>
          <xCoord>221</xCoord>
          <yCoord>197</yCoord>
        </edgeMap>
        <edgeMap>
          <xCoord>221</xCoord>
          <yCoord>196</yCoord>
        </edgeMap>
        <edgeMap>
          <xCoord>220</xCoord>
          <yCoord>195</yCoord>
        </edgeMap>
        <edgeMap>
          <xCoord>219</xCoord>
          <yCoord>194</yCoord>
        </edgeMap>
        <edgeMap>
          <xCoord>218</xCoord>
          <yCoord>194</yCoord>
        </edgeMap>
        <edgeMap>
          <xCoord>217</xCoord>
          <yCoord>193</yCoord>
        </edgeMap>
        <edgeMap>
          <xCoord>216</xCoord>
          <yCoord>193</yCoord>
        </edgeMap>
        <edgeMap>
          <xCoord>215</xCoord>
          <yCoord>193</yCoord>
        </edgeMap>
        <edgeMap>
          <xCoord>214</xCoord>
          <yCoord>193</yCoord>
        </edgeMap>
        <edgeMap>
          <xCoord>213</xCoord>
          <yCoord>193</yCoord>
        </edgeMap>
      </roi>
      <roi>
        <imageZposition>-215.500000 </imageZposition>
        <imageSOP_UID>1.3.6.1.4.1.14519.5.2.1.6279.6001.474420989969983971486687029615</imageSOP_UID>
        <inclusion>TRUE</inclusion>
        <edgeMap>
          <xCoord>213</xCoord>
          <yCoord>192</yCoord>
        </edgeMap>
        <edgeMap>
          <xCoord>212</xCoord>
          <yCoord>193</yCoord>
        </edgeMap>
        <edgeMap>
          <xCoord>211</xCoord>
          <yCoord>194</yCoord>
        </edgeMap>
        <edgeMap>
          <xCoord>210</xCoord>
          <yCoord>195</yCoord>
        </edgeMap>
        <edgeMap>
          <xCoord>209</xCoord>
          <yCoord>196</yCoord>
        </edgeMap>
        <edgeMap>
          <xCoord>209</xCoord>
          <yCoord>197</yCoord>
        </edgeMap>
        <edgeMap>
          <xCoord>208</xCoord>
          <yCoord>198</yCoord>
        </edgeMap>
        <edgeMap>
          <xCoord>208</xCoord>
          <yCoord>199</yCoord>
        </edgeMap>
        <edgeMap>
          <xCoord>208</xCoord>
          <yCoord>200</yCoord>
        </edgeMap>
        <edgeMap>
          <xCoord>208</xCoord>
          <yCoord>201</yCoord>
        </edgeMap>
        <edgeMap>
          <xCoord>209</xCoord>
          <yCoord>202</yCoord>
        </edgeMap>
        <edgeMap>
          <xCoord>210</xCoord>
          <yCoord>203</yCoord>
        </edgeMap>
        <edgeMap>
          <xCoord>211</xCoord>
          <yCoord>203</yCoord>
        </edgeMap>
        <edgeMap>
          <xCoord>212</xCoord>
          <yCoord>203</yCoord>
        </edgeMap>
        <edgeMap>
          <xCoord>213</xCoord>
          <yCoord>203</yCoord>
        </edgeMap>
        <edgeMap>
          <xCoord>214</xCoord>
          <yCoord>203</yCoord>
        </edgeMap>
        <edgeMap>
          <xCoord>215</xCoord>
          <yCoord>203</yCoord>
        </edgeMap>
        <edgeMap>
          <xCoord>216</xCoord>
          <yCoord>203</yCoord>
        </edgeMap>
        <edgeMap>
          <xCoord>217</xCoord>
          <yCoord>203</yCoord>
        </edgeMap>
        <edgeMap>
          <xCoord>218</xCoord>
          <yCoord>202</yCoord>
        </edgeMap>
        <edgeMap>
          <xCoord>219</xCoord>
          <yCoord>202</yCoord>
        </edgeMap>
        <edgeMap>
          <xCoord>220</xCoord>
          <yCoord>202</yCoord>
        </edgeMap>
        <edgeMap>
          <xCoord>221</xCoord>
          <yCoord>201</yCoord>
        </edgeMap>
        <edgeMap>
          <xCoord>222</xCoord>
          <yCoord>200</yCoord>
        </edgeMap>
        <edgeMap>
          <xCoord>222</xCoord>
          <yCoord>199</yCoord>
        </edgeMap>
        <edgeMap>
          <xCoord>222</xCoord>
          <yCoord>198</yCoord>
        </edgeMap>
        <edgeMap>
          <xCoord>221</xCoord>
          <yCoord>197</yCoord>
        </edgeMap>
        <edgeMap>
          <xCoord>220</xCoord>
          <yCoord>196</yCoord>
        </edgeMap>
        <edgeMap>
          <xCoord>219</xCoord>
          <yCoord>195</yCoord>
        </edgeMap>
        <edgeMap>
          <xCoord>218</xCoord>
          <yCoord>194</yCoord>
        </edgeMap>
        <edgeMap>
          <xCoord>217</xCoord>
          <yCoord>194</yCoord>
        </edgeMap>
        <edgeMap>
          <xCoord>217</xCoord>
          <yCoord>193</yCoord>
        </edgeMap>
        <edgeMap>
          <xCoord>216</xCoord>
          <yCoord>192</yCoord>
        </edgeMap>
        <edgeMap>
          <xCoord>215</xCoord>
          <yCoord>192</yCoord>
        </edgeMap>
        <edgeMap>
          <xCoord>214</xCoord>
          <yCoord>192</yCoord>
        </edgeMap>
        <edgeMap>
          <xCoord>213</xCoord>
          <yCoord>192</yCoord>
        </edgeMap>
      </roi>
      <roi>
        <imageZposition>-213.000000 </imageZposition>
        <imageSOP_UID>1.3.6.1.4.1.14519.5.2.1.6279.6001.978487190034236138033144600834</imageSOP_UID>
        <inclusion>TRUE</inclusion>
        <edgeMap>
          <xCoord>211</xCoord>
          <yCoord>193</yCoord>
        </edgeMap>
        <edgeMap>
          <xCoord>210</xCoord>
          <yCoord>194</yCoord>
        </edgeMap>
        <edgeMap>
          <xCoord>210</xCoord>
          <yCoord>195</yCoord>
        </edgeMap>
        <edgeMap>
          <xCoord>210</xCoord>
          <yCoord>196</yCoord>
        </edgeMap>
        <edgeMap>
          <xCoord>211</xCoord>
          <yCoord>197</yCoord>
        </edgeMap>
        <edgeMap>
          <xCoord>212</xCoord>
          <yCoord>198</yCoord>
        </edgeMap>
        <edgeMap>
          <xCoord>213</xCoord>
          <yCoord>199</yCoord>
        </edgeMap>
        <edgeMap>
          <xCoord>214</xCoord>
          <yCoord>200</yCoord>
        </edgeMap>
        <edgeMap>
          <xCoord>215</xCoord>
          <yCoord>199</yCoord>
        </edgeMap>
        <edgeMap>
          <xCoord>216</xCoord>
          <yCoord>199</yCoord>
        </edgeMap>
        <edgeMap>
          <xCoord>217</xCoord>
          <yCoord>198</yCoord>
        </edgeMap>
        <edgeMap>
          <xCoord>217</xCoord>
          <yCoord>197</yCoord>
        </edgeMap>
        <edgeMap>
          <xCoord>216</xCoord>
          <yCoord>196</yCoord>
        </edgeMap>
        <edgeMap>
          <xCoord>216</xCoord>
          <yCoord>195</yCoord>
        </edgeMap>
        <edgeMap>
          <xCoord>215</xCoord>
          <yCoord>194</yCoord>
        </edgeMap>
        <edgeMap>
          <xCoord>214</xCoord>
          <yCoord>193</yCoord>
        </edgeMap>
        <edgeMap>
          <xCoord>213</xCoord>
          <yCoord>193</yCoord>
        </edgeMap>
        <edgeMap>
          <xCoord>212</xCoord>
          <yCoord>193</yCoord>
        </edgeMap>
        <edgeMap>
          <xCoord>211</xCoord>
          <yCoord>193</yCoord>
        </edgeMap>
      </roi>
    </unblindedReadNodule>
  </readingSession>
<readingSession>
    <annotationVersion>3.12</annotationVersion>
    <servicingRadiologistID>75868388</servicingRadiologistID>
    <unblindedReadNodule>
      <noduleID>IL057_162037</noduleID>
      <characteristics>
        <subtlety>2</subtlety>
        <internalStructure>1</internalStructure>
        <calcification>6</calcification>
        <sphericity>5</sphericity>
        <margin>5</margin>
        <lobulation>1</lobulation>
        <spiculation>1</spiculation>
        <texture>5</texture>
        <malignancy>3</malignancy>
      </characteristics>
      <roi>
        <imageZposition>-213.0</imageZposition>
        <imageSOP_UID>1.3.6.1.4.1.14519.5.2.1.6279.6001.978487190034236138033144600834</imageSOP_UID>
        <inclusion>TRUE</inclusion>
        <edgeMap>
          <xCoord>215</xCoord>
          <yCoord>199</yCoord>
        </edgeMap>
        <edgeMap>
          <xCoord>216</xCoord>
          <yCoord>198</yCoord>
        </edgeMap>
        <edgeMap>
          <xCoord>217</xCoord>
          <yCoord>197</yCoord>
        </edgeMap>
        <edgeMap>
          <xCoord>217</xCoord>
          <yCoord>196</yCoord>
        </edgeMap>
        <edgeMap>
          <xCoord>217</xCoord>
          <yCoord>195</yCoord>
        </edgeMap>
        <edgeMap>
          <xCoord>217</xCoord>
          <yCoord>194</yCoord>
        </edgeMap>
        <edgeMap>
          <xCoord>216</xCoord>
          <yCoord>193</yCoord>
        </edgeMap>
        <edgeMap>
          <xCoord>215</xCoord>
          <yCoord>192</yCoord>
        </edgeMap>
        <edgeMap>
          <xCoord>214</xCoord>
          <yCoord>193</yCoord>
        </edgeMap>
        <edgeMap>
          <xCoord>213</xCoord>
          <yCoord>194</yCoord>
        </edgeMap>
        <edgeMap>
          <xCoord>212</xCoord>
          <yCoord>195</yCoord>
        </edgeMap>
        <edgeMap>
          <xCoord>211</xCoord>
          <yCoord>196</yCoord>
        </edgeMap>
        <edgeMap>
          <xCoord>211</xCoord>
          <yCoord>197</yCoord>
        </edgeMap>
        <edgeMap>
          <xCoord>212</xCoord>
          <yCoord>198</yCoord>
        </edgeMap>
        <edgeMap>
          <xCoord>213</xCoord>
          <yCoord>199</yCoord>
        </edgeMap>
        <edgeMap>
          <xCoord>214</xCoord>
          <yCoord>199</yCoord>
        </edgeMap>
        <edgeMap>
          <xCoord>215</xCoord>
          <yCoord>199</yCoord>
        </edgeMap>
      </roi>
      <roi>
        <imageZposition>-215.5</imageZposition>
        <imageSOP_UID>1.3.6.1.4.1.14519.5.2.1.6279.6001.474420989969983971486687029615</imageSOP_UID>
        <inclusion>TRUE</inclusion>
        <edgeMap>
          <xCoord>215</xCoord>
          <yCoord>204</yCoord>
        </edgeMap>
        <edgeMap>
          <xCoord>216</xCoord>
          <yCoord>203</yCoord>
        </edgeMap>
        <edgeMap>
          <xCoord>217</xCoord>
          <yCoord>203</yCoord>
        </edgeMap>
        <edgeMap>
          <xCoord>218</xCoord>
          <yCoord>203</yCoord>
        </edgeMap>
        <edgeMap>
          <xCoord>219</xCoord>
          <yCoord>203</yCoord>
        </edgeMap>
        <edgeMap>
          <xCoord>220</xCoord>
          <yCoord>202</yCoord>
        </edgeMap>
        <edgeMap>
          <xCoord>221</xCoord>
          <yCoord>201</yCoord>
        </edgeMap>
        <edgeMap>
          <xCoord>221</xCoord>
          <yCoord>200</yCoord>
        </edgeMap>
        <edgeMap>
          <xCoord>221</xCoord>
          <yCoord>199</yCoord>
        </edgeMap>
        <edgeMap>
          <xCoord>221</xCoord>
          <yCoord>198</yCoord>
        </edgeMap>
        <edgeMap>
          <xCoord>221</xCoord>
          <yCoord>197</yCoord>
        </edgeMap>
        <edgeMap>
          <xCoord>220</xCoord>
          <yCoord>196</yCoord>
        </edgeMap>
        <edgeMap>
          <xCoord>220</xCoord>
          <yCoord>195</yCoord>
        </edgeMap>
        <edgeMap>
          <xCoord>219</xCoord>
          <yCoord>194</yCoord>
        </edgeMap>
        <edgeMap>
          <xCoord>218</xCoord>
          <yCoord>193</yCoord>
        </edgeMap>
        <edgeMap>
          <xCoord>217</xCoord>
          <yCoord>192</yCoord>
        </edgeMap>
        <edgeMap>
          <xCoord>216</xCoord>
          <yCoord>192</yCoord>
        </edgeMap>
        <edgeMap>
          <xCoord>215</xCoord>
          <yCoord>192</yCoord>
        </edgeMap>
        <edgeMap>
          <xCoord>214</xCoord>
          <yCoord>192</yCoord>
        </edgeMap>
        <edgeMap>
          <xCoord>213</xCoord>
          <yCoord>192</yCoord>
        </edgeMap>
        <edgeMap>
          <xCoord>212</xCoord>
          <yCoord>193</yCoord>
        </edgeMap>
        <edgeMap>
          <xCoord>211</xCoord>
          <yCoord>194</yCoord>
        </edgeMap>
        <edgeMap>
          <xCoord>210</xCoord>
          <yCoord>195</yCoord>
        </edgeMap>
        <edgeMap>
          <xCoord>210</xCoord>
          <yCoord>196</yCoord>
        </edgeMap>
        <edgeMap>
          <xCoord>209</xCoord>
          <yCoord>197</yCoord>
        </edgeMap>
        <edgeMap>
          <xCoord>209</xCoord>
          <yCoord>198</yCoord>
        </edgeMap>
        <edgeMap>
          <xCoord>210</xCoord>
          <yCoord>199</yCoord>
        </edgeMap>
        <edgeMap>
          <xCoord>210</xCoord>
          <yCoord>200</yCoord>
        </edgeMap>
        <edgeMap>
          <xCoord>210</xCoord>
          <yCoord>201</yCoord>
        </edgeMap>
        <edgeMap>
          <xCoord>211</xCoord>
          <yCoord>202</yCoord>
        </edgeMap>
        <edgeMap>
          <xCoord>212</xCoord>
          <yCoord>203</yCoord>
        </edgeMap>
        <edgeMap>
          <xCoord>213</xCoord>
          <yCoord>203</yCoord>
        </edgeMap>
        <edgeMap>
          <xCoord>214</xCoord>
          <yCoord>204</yCoord>
        </edgeMap>
        <edgeMap>
          <xCoord>215</xCoord>
          <yCoord>204</yCoord>
        </edgeMap>
      </roi>
      <roi>
        <imageZposition>-218.0</imageZposition>
        <imageSOP_UID>1.3.6.1.4.1.14519.5.2.1.6279.6001.889402590453821323505641482089</imageSOP_UID>
        <inclusion>TRUE</inclusion>
        <edgeMap>
          <xCoord>218</xCoord>
          <yCoord>205</yCoord>
        </edgeMap>
        <edgeMap>
          <xCoord>219</xCoord>
          <yCoord>204</yCoord>
        </edgeMap>
        <edgeMap>
          <xCoord>220</xCoord>
          <yCoord>203</yCoord>
        </edgeMap>
        <edgeMap>
          <xCoord>221</xCoord>
          <yCoord>202</yCoord>
        </edgeMap>
        <edgeMap>
          <xCoord>222</xCoord>
          <yCoord>201</yCoord>
        </edgeMap>
        <edgeMap>
          <xCoord>223</xCoord>
          <yCoord>200</yCoord>
        </edgeMap>
        <edgeMap>
          <xCoord>223</xCoord>
          <yCoord>199</yCoord>
        </edgeMap>
        <edgeMap>
          <xCoord>223</xCoord>
          <yCoord>198</yCoord>
        </edgeMap>
        <edgeMap>
          <xCoord>223</xCoord>
          <yCoord>197</yCoord>
        </edgeMap>
        <edgeMap>
          <xCoord>223</xCoord>
          <yCoord>196</yCoord>
        </edgeMap>
        <edgeMap>
          <xCoord>222</xCoord>
          <yCoord>195</yCoord>
        </edgeMap>
        <edgeMap>
          <xCoord>221</xCoord>
          <yCoord>194</yCoord>
        </edgeMap>
        <edgeMap>
          <xCoord>220</xCoord>
          <yCoord>193</yCoord>
        </edgeMap>
        <edgeMap>
          <xCoord>219</xCoord>
          <yCoord>193</yCoord>
        </edgeMap>
        <edgeMap>
          <xCoord>218</xCoord>
          <yCoord>193</yCoord>
        </edgeMap>
        <edgeMap>
          <xCoord>217</xCoord>
          <yCoord>193</yCoord>
        </edgeMap>
        <edgeMap>
          <xCoord>216</xCoord>
          <yCoord>192</yCoord>
        </edgeMap>
        <edgeMap>
          <xCoord>215</xCoord>
          <yCoord>192</yCoord>
        </edgeMap>
        <edgeMap>
          <xCoord>214</xCoord>
          <yCoord>192</yCoord>
        </edgeMap>
        <edgeMap>
          <xCoord>213</xCoord>
          <yCoord>193</yCoord>
        </edgeMap>
        <edgeMap>
          <xCoord>212</xCoord>
          <yCoord>194</yCoord>
        </edgeMap>
        <edgeMap>
          <xCoord>211</xCoord>
          <yCoord>195</yCoord>
        </edgeMap>
        <edgeMap>
          <xCoord>210</xCoord>
          <yCoord>196</yCoord>
        </edgeMap>
        <edgeMap>
          <xCoord>210</xCoord>
          <yCoord>197</yCoord>
        </edgeMap>
        <edgeMap>
          <xCoord>210</xCoord>
          <yCoord>198</yCoord>
        </edgeMap>
        <edgeMap>
          <xCoord>210</xCoord>
          <yCoord>199</yCoord>
        </edgeMap>
        <edgeMap>
          <xCoord>210</xCoord>
          <yCoord>200</yCoord>
        </edgeMap>
        <edgeMap>
          <xCoord>210</xCoord>
          <yCoord>201</yCoord>
        </edgeMap>
        <edgeMap>
          <xCoord>211</xCoord>
          <yCoord>202</yCoord>
        </edgeMap>
        <edgeMap>
          <xCoord>212</xCoord>
          <yCoord>203</yCoord>
        </edgeMap>
        <edgeMap>
          <xCoord>213</xCoord>
          <yCoord>204</yCoord>
        </edgeMap>
        <edgeMap>
          <xCoord>214</xCoord>
          <yCoord>204</yCoord>
        </edgeMap>
        <edgeMap>
          <xCoord>215</xCoord>
          <yCoord>205</yCoord>
        </edgeMap>
        <edgeMap>
          <xCoord>216</xCoord>
          <yCoord>205</yCoord>
        </edgeMap>
        <edgeMap>
          <xCoord>217</xCoord>
          <yCoord>205</yCoord>
        </edgeMap>
        <edgeMap>
          <xCoord>218</xCoord>
          <yCoord>205</yCoord>
        </edgeMap>
      </roi>
      <roi>
        <imageZposition>-220.5</imageZposition>
        <imageSOP_UID>1.3.6.1.4.1.14519.5.2.1.6279.6001.124371350035320267021561884360</imageSOP_UID>
        <inclusion>TRUE</inclusion>
        <edgeMap>
          <xCoord>217</xCoord>
          <yCoord>205</yCoord>
        </edgeMap>
        <edgeMap>
          <xCoord>218</xCoord>
          <yCoord>204</yCoord>
        </edgeMap>
        <edgeMap>
          <xCoord>219</xCoord>
          <yCoord>204</yCoord>
        </edgeMap>
        <edgeMap>
          <xCoord>220</xCoord>
          <yCoord>204</yCoord>
        </edgeMap>
        <edgeMap>
          <xCoord>221</xCoord>
          <yCoord>203</yCoord>
        </edgeMap>
        <edgeMap>
          <xCoord>222</xCoord>
          <yCoord>202</yCoord>
        </edgeMap>
        <edgeMap>
          <xCoord>222</xCoord>
          <yCoord>201</yCoord>
        </edgeMap>
        <edgeMap>
          <xCoord>222</xCoord>
          <yCoord>200</yCoord>
        </edgeMap>
        <edgeMap>
          <xCoord>222</xCoord>
          <yCoord>199</yCoord>
        </edgeMap>
        <edgeMap>
          <xCoord>222</xCoord>
          <yCoord>198</yCoord>
        </edgeMap>
        <edgeMap>
          <xCoord>222</xCoord>
          <yCoord>197</yCoord>
        </edgeMap>
        <edgeMap>
          <xCoord>221</xCoord>
          <yCoord>196</yCoord>
        </edgeMap>
        <edgeMap>
          <xCoord>220</xCoord>
          <yCoord>195</yCoord>
        </edgeMap>
        <edgeMap>
          <xCoord>219</xCoord>
          <yCoord>194</yCoord>
        </edgeMap>
        <edgeMap>
          <xCoord>218</xCoord>
          <yCoord>194</yCoord>
        </edgeMap>
        <edgeMap>
          <xCoord>217</xCoord>
          <yCoord>194</yCoord>
        </edgeMap>
        <edgeMap>
          <xCoord>216</xCoord>
          <yCoord>194</yCoord>
        </edgeMap>
        <edgeMap>
          <xCoord>215</xCoord>
          <yCoord>194</yCoord>
        </edgeMap>
        <edgeMap>
          <xCoord>214</xCoord>
          <yCoord>195</yCoord>
        </edgeMap>
        <edgeMap>
          <xCoord>213</xCoord>
          <yCoord>196</yCoord>
        </edgeMap>
        <edgeMap>
          <xCoord>212</xCoord>
          <yCoord>197</yCoord>
        </edgeMap>
        <edgeMap>
          <xCoord>212</xCoord>
          <yCoord>198</yCoord>
        </edgeMap>
        <edgeMap>
          <xCoord>212</xCoord>
          <yCoord>199</yCoord>
        </edgeMap>
        <edgeMap>
          <xCoord>212</xCoord>
          <yCoord>200</yCoord>
        </edgeMap>
        <edgeMap>
          <xCoord>212</xCoord>
          <yCoord>201</yCoord>
        </edgeMap>
        <edgeMap>
          <xCoord>212</xCoord>
          <yCoord>202</yCoord>
        </edgeMap>
        <edgeMap>
          <xCoord>213</xCoord>
          <yCoord>203</yCoord>
        </edgeMap>
        <edgeMap>
          <xCoord>214</xCoord>
          <yCoord>204</yCoord>
        </edgeMap>
        <edgeMap>
          <xCoord>215</xCoord>
          <yCoord>204</yCoord>
        </edgeMap>
        <edgeMap>
          <xCoord>216</xCoord>
          <yCoord>205</yCoord>
        </edgeMap>
        <edgeMap>
          <xCoord>217</xCoord>
          <yCoord>205</yCoord>
        </edgeMap>
      </roi>
    </unblindedReadNodule>
  </readingSession>
<readingSession>
<annotationVersion>3.12</annotationVersion>
<servicingRadiologistID>833944670</servicingRadiologistID>
<unblindedReadNodule>
<noduleID>MI014_20076</noduleID>
<characteristics>
<subtlety>5</subtlety>
<internalStructure>1</internalStructure>
<calcification>6</calcification>
<sphericity>5</sphericity>
<margin>5</margin>
<lobulation>1</lobulation>
<spiculation>1</spiculation>
<texture>5</texture>
<malignancy>4</malignancy>
</characteristics>
<roi>
<imageZposition>-213.0</imageZposition>
<imageSOP_UID>1.3.6.1.4.1.14519.5.2.1.6279.6001.978487190034236138033144600834</imageSOP_UID>
<inclusion>TRUE</inclusion>
<edgeMap>
<xCoord>215</xCoord>
<yCoord>199</yCoord>
</edgeMap>
<edgeMap>
<xCoord>216</xCoord>
<yCoord>198</yCoord>
</edgeMap>
<edgeMap>
<xCoord>216</xCoord>
<yCoord>197</yCoord>
</edgeMap>
<edgeMap>
<xCoord>216</xCoord>
<yCoord>196</yCoord>
</edgeMap>
<edgeMap>
<xCoord>216</xCoord>
<yCoord>195</yCoord>
</edgeMap>
<edgeMap>
<xCoord>216</xCoord>
<yCoord>194</yCoord>
</edgeMap>
<edgeMap>
<xCoord>215</xCoord>
<yCoord>194</yCoord>
</edgeMap>
<edgeMap>
<xCoord>214</xCoord>
<yCoord>194</yCoord>
</edgeMap>
<edgeMap>
<xCoord>213</xCoord>
<yCoord>194</yCoord>
</edgeMap>
<edgeMap>
<xCoord>212</xCoord>
<yCoord>194</yCoord>
</edgeMap>
<edgeMap>
<xCoord>211</xCoord>
<yCoord>195</yCoord>
</edgeMap>
<edgeMap>
<xCoord>211</xCoord>
<yCoord>196</yCoord>
</edgeMap>
<edgeMap>
<xCoord>211</xCoord>
<yCoord>197</yCoord>
</edgeMap>
<edgeMap>
<xCoord>211</xCoord>
<yCoord>198</yCoord>
</edgeMap>
<edgeMap>
<xCoord>212</xCoord>
<yCoord>199</yCoord>
</edgeMap>
<edgeMap>
<xCoord>213</xCoord>
<yCoord>199</yCoord>
</edgeMap>
<edgeMap>
<xCoord>214</xCoord>
<yCoord>199</yCoord>
</edgeMap>
<edgeMap>
<xCoord>215</xCoord>
<yCoord>199</yCoord>
</edgeMap>
</roi>
<roi>
<imageZposition>-215.5</imageZposition>
<imageSOP_UID>1.3.6.1.4.1.14519.5.2.1.6279.6001.474420989969983971486687029615</imageSOP_UID>
<inclusion>TRUE</inclusion>
<edgeMap>
<xCoord>215</xCoord>
<yCoord>203</yCoord>
</edgeMap>
<edgeMap>
<xCoord>216</xCoord>
<yCoord>202</yCoord>
</edgeMap>
<edgeMap>
<xCoord>217</xCoord>
<yCoord>202</yCoord>
</edgeMap>
<edgeMap>
<xCoord>218</xCoord>
<yCoord>202</yCoord>
</edgeMap>
<edgeMap>
<xCoord>219</xCoord>
<yCoord>201</yCoord>
</edgeMap>
<edgeMap>
<xCoord>220</xCoord>
<yCoord>200</yCoord>
</edgeMap>
<edgeMap>
<xCoord>220</xCoord>
<yCoord>199</yCoord>
</edgeMap>
<edgeMap>
<xCoord>220</xCoord>
<yCoord>198</yCoord>
</edgeMap>
<edgeMap>
<xCoord>220</xCoord>
<yCoord>197</yCoord>
</edgeMap>
<edgeMap>
<xCoord>220</xCoord>
<yCoord>196</yCoord>
</edgeMap>
<edgeMap>
<xCoord>220</xCoord>
<yCoord>195</yCoord>
</edgeMap>
<edgeMap>
<xCoord>219</xCoord>
<yCoord>194</yCoord>
</edgeMap>
<edgeMap>
<xCoord>218</xCoord>
<yCoord>193</yCoord>
</edgeMap>
<edgeMap>
<xCoord>217</xCoord>
<yCoord>192</yCoord>
</edgeMap>
<edgeMap>
<xCoord>216</xCoord>
<yCoord>192</yCoord>
</edgeMap>
<edgeMap>
<xCoord>215</xCoord>
<yCoord>192</yCoord>
</edgeMap>
<edgeMap>
<xCoord>214</xCoord>
<yCoord>192</yCoord>
</edgeMap>
<edgeMap>
<xCoord>213</xCoord>
<yCoord>192</yCoord>
</edgeMap>
<edgeMap>
<xCoord>212</xCoord>
<yCoord>193</yCoord>
</edgeMap>
<edgeMap>
<xCoord>212</xCoord>
<yCoord>194</yCoord>
</edgeMap>
<edgeMap>
<xCoord>211</xCoord>
<yCoord>195</yCoord>
</edgeMap>
<edgeMap>
<xCoord>210</xCoord>
<yCoord>196</yCoord>
</edgeMap>
<edgeMap>
<xCoord>210</xCoord>
<yCoord>197</yCoord>
</edgeMap>
<edgeMap>
<xCoord>210</xCoord>
<yCoord>198</yCoord>
</edgeMap>
<edgeMap>
<xCoord>210</xCoord>
<yCoord>199</yCoord>
</edgeMap>
<edgeMap>
<xCoord>210</xCoord>
<yCoord>200</yCoord>
</edgeMap>
<edgeMap>
<xCoord>210</xCoord>
<yCoord>201</yCoord>
</edgeMap>
<edgeMap>
<xCoord>211</xCoord>
<yCoord>201</yCoord>
</edgeMap>
<edgeMap>
<xCoord>212</xCoord>
<yCoord>202</yCoord>
</edgeMap>
<edgeMap>
<xCoord>213</xCoord>
<yCoord>203</yCoord>
</edgeMap>
<edgeMap>
<xCoord>214</xCoord>
<yCoord>203</yCoord>
</edgeMap>
<edgeMap>
<xCoord>215</xCoord>
<yCoord>203</yCoord>
</edgeMap>
</roi>
<roi>
<imageZposition>-218.0</imageZposition>
<imageSOP_UID>1.3.6.1.4.1.14519.5.2.1.6279.6001.889402590453821323505641482089</imageSOP_UID>
<inclusion>TRUE</inclusion>
<edgeMap>
<xCoord>218</xCoord>
<yCoord>204</yCoord>
</edgeMap>
<edgeMap>
<xCoord>219</xCoord>
<yCoord>203</yCoord>
</edgeMap>
<edgeMap>
<xCoord>220</xCoord>
<yCoord>202</yCoord>
</edgeMap>
<edgeMap>
<xCoord>221</xCoord>
<yCoord>201</yCoord>
</edgeMap>
<edgeMap>
<xCoord>222</xCoord>
<yCoord>200</yCoord>
</edgeMap>
<edgeMap>
<xCoord>222</xCoord>
<yCoord>199</yCoord>
</edgeMap>
<edgeMap>
<xCoord>222</xCoord>
<yCoord>198</yCoord>
</edgeMap>
<edgeMap>
<xCoord>222</xCoord>
<yCoord>197</yCoord>
</edgeMap>
<edgeMap>
<xCoord>221</xCoord>
<yCoord>196</yCoord>
</edgeMap>
<edgeMap>
<xCoord>221</xCoord>
<yCoord>195</yCoord>
</edgeMap>
<edgeMap>
<xCoord>220</xCoord>
<yCoord>194</yCoord>
</edgeMap>
<edgeMap>
<xCoord>219</xCoord>
<yCoord>193</yCoord>
</edgeMap>
<edgeMap>
<xCoord>218</xCoord>
<yCoord>193</yCoord>
</edgeMap>
<edgeMap>
<xCoord>217</xCoord>
<yCoord>193</yCoord>
</edgeMap>
<edgeMap>
<xCoord>216</xCoord>
<yCoord>193</yCoord>
</edgeMap>
<edgeMap>
<xCoord>215</xCoord>
<yCoord>193</yCoord>
</edgeMap>
<edgeMap>
<xCoord>214</xCoord>
<yCoord>193</yCoord>
</edgeMap>
<edgeMap>
<xCoord>213</xCoord>
<yCoord>193</yCoord>
</edgeMap>
<edgeMap>
<xCoord>212</xCoord>
<yCoord>194</yCoord>
</edgeMap>
<edgeMap>
<xCoord>211</xCoord>
<yCoord>195</yCoord>
</edgeMap>
<edgeMap>
<xCoord>211</xCoord>
<yCoord>196</yCoord>
</edgeMap>
<edgeMap>
<xCoord>211</xCoord>
<yCoord>197</yCoord>
</edgeMap>
<edgeMap>
<xCoord>211</xCoord>
<yCoord>198</yCoord>
</edgeMap>
<edgeMap>
<xCoord>211</xCoord>
<yCoord>199</yCoord>
</edgeMap>
<edgeMap>
<xCoord>211</xCoord>
<yCoord>200</yCoord>
</edgeMap>
<edgeMap>
<xCoord>211</xCoord>
<yCoord>201</yCoord>
</edgeMap>
<edgeMap>
<xCoord>211</xCoord>
<yCoord>202</yCoord>
</edgeMap>
<edgeMap>
<xCoord>212</xCoord>
<yCoord>203</yCoord>
</edgeMap>
<edgeMap>
<xCoord>213</xCoord>
<yCoord>204</yCoord>
</edgeMap>
<edgeMap>
<xCoord>214</xCoord>
<yCoord>204</yCoord>
</edgeMap>
<edgeMap>
<xCoord>215</xCoord>
<yCoord>204</yCoord>
</edgeMap>
<edgeMap>
<xCoord>216</xCoord>
<yCoord>204</yCoord>
</edgeMap>
<edgeMap>
<xCoord>217</xCoord>
<yCoord>204</yCoord>
</edgeMap>
<edgeMap>
<xCoord>218</xCoord>
<yCoord>204</yCoord>
</edgeMap>
</roi>
<roi>
<imageZposition>-220.5</imageZposition>
<imageSOP_UID>1.3.6.1.4.1.14519.5.2.1.6279.6001.124371350035320267021561884360</imageSOP_UID>
<inclusion>TRUE</inclusion>
<edgeMap>
<xCoord>219</xCoord>
<yCoord>203</yCoord>
</edgeMap>
<edgeMap>
<xCoord>220</xCoord>
<yCoord>202</yCoord>
</edgeMap>
<edgeMap>
<xCoord>221</xCoord>
<yCoord>201</yCoord>
</edgeMap>
<edgeMap>
<xCoord>221</xCoord>
<yCoord>200</yCoord>
</edgeMap>
<edgeMap>
<xCoord>221</xCoord>
<yCoord>199</yCoord>
</edgeMap>
<edgeMap>
<xCoord>221</xCoord>
<yCoord>198</yCoord>
</edgeMap>
<edgeMap>
<xCoord>221</xCoord>
<yCoord>197</yCoord>
</edgeMap>
<edgeMap>
<xCoord>221</xCoord>
<yCoord>196</yCoord>
</edgeMap>
<edgeMap>
<xCoord>220</xCoord>
<yCoord>195</yCoord>
</edgeMap>
<edgeMap>
<xCoord>219</xCoord>
<yCoord>194</yCoord>
</edgeMap>
<edgeMap>
<xCoord>218</xCoord>
<yCoord>194</yCoord>
</edgeMap>
<edgeMap>
<xCoord>217</xCoord>
<yCoord>194</yCoord>
</edgeMap>
<edgeMap>
<xCoord>216</xCoord>
<yCoord>194</yCoord>
</edgeMap>
<edgeMap>
<xCoord>215</xCoord>
<yCoord>194</yCoord>
</edgeMap>
<edgeMap>
<xCoord>214</xCoord>
<yCoord>194</yCoord>
</edgeMap>
<edgeMap>
<xCoord>213</xCoord>
<yCoord>195</yCoord>
</edgeMap>
<edgeMap>
<xCoord>212</xCoord>
<yCoord>196</yCoord>
</edgeMap>
<edgeMap>
<xCoord>212</xCoord>
<yCoord>197</yCoord>
</edgeMap>
<edgeMap>
<xCoord>212</xCoord>
<yCoord>198</yCoord>
</edgeMap>
<edgeMap>
<xCoord>212</xCoord>
<yCoord>199</yCoord>
</edgeMap>
<edgeMap>
<xCoord>212</xCoord>
<yCoord>200</yCoord>
</edgeMap>
<edgeMap>
<xCoord>212</xCoord>
<yCoord>201</yCoord>
</edgeMap>
<edgeMap>
<xCoord>212</xCoord>
<yCoord>202</yCoord>
</edgeMap>
<edgeMap>
<xCoord>213</xCoord>
<yCoord>203</yCoord>
</edgeMap>
<edgeMap>
<xCoord>214</xCoord>
<yCoord>203</yCoord>
</edgeMap>
<edgeMap>
<xCoord>215</xCoord>
<yCoord>203</yCoord>
</edgeMap>
<edgeMap>
<xCoord>216</xCoord>
<yCoord>203</yCoord>
</edgeMap>
<edgeMap>
<xCoord>217</xCoord>
<yCoord>203</yCoord>
</edgeMap>
<edgeMap>
<xCoord>218</xCoord>
<yCoord>203</yCoord>
</edgeMap>
<edgeMap>
<xCoord>219</xCoord>
<yCoord>203</yCoord>
</edgeMap>
</roi>
</unblindedReadNodule>
</readingSession>
<readingSession>
		<annotationVersion>3.12</annotationVersion>
		<servicingRadiologistID>-718457490</servicingRadiologistID>
			<unblindedReadNodule>
				<noduleID>0</noduleID>
				<characteristics>
					<subtlety>3</subtlety>
					<internalStructure>1</internalStructure>
					<calcification>6</calcification>
					<sphericity>5</sphericity>
					<margin>5</margin>
					<lobulation>1</lobulation>
					<spiculation>1</spiculation>
					<texture>5</texture>
					<malignancy>2</malignancy>
				</characteristics>
				<roi>
					<imageZposition>-213.0</imageZposition>
					<imageSOP_UID>1.3.6.1.4.1.14519.5.2.1.6279.6001.978487190034236138033144600834</imageSOP_UID>
					<inclusion>TRUE</inclusion>
					<edgeMap>
					<xCoord>211</xCoord>
					<yCoord>199</yCoord>
					</edgeMap>
					<edgeMap>
					<xCoord>211</xCoord>
					<yCoord>198</yCoord>
					</edgeMap>
					<edgeMap>
					<xCoord>211</xCoord>
					<yCoord>197</yCoord>
					</edgeMap>
					<edgeMap>
					<xCoord>211</xCoord>
					<yCoord>196</yCoord>
					</edgeMap>
					<edgeMap>
					<xCoord>212</xCoord>
					<yCoord>195</yCoord>
					</edgeMap>
					<edgeMap>
					<xCoord>213</xCoord>
					<yCoord>194</yCoord>
					</edgeMap>
					<edgeMap>
					<xCoord>214</xCoord>
					<yCoord>194</yCoord>
					</edgeMap>
					<edgeMap>
					<xCoord>215</xCoord>
					<yCoord>195</yCoord>
					</edgeMap>
					<edgeMap>
					<xCoord>216</xCoord>
					<yCoord>195</yCoord>
					</edgeMap>
					<edgeMap>
					<xCoord>217</xCoord>
					<yCoord>195</yCoord>
					</edgeMap>
					<edgeMap>
					<xCoord>218</xCoord>
					<yCoord>196</yCoord>
					</edgeMap>
					<edgeMap>
					<xCoord>218</xCoord>
					<yCoord>197</yCoord>
					</edgeMap>
					<edgeMap>
					<xCoord>218</xCoord>
					<yCoord>198</yCoord>
					</edgeMap>
					<edgeMap>
					<xCoord>217</xCoord>
					<yCoord>199</yCoord>
					</edgeMap>
					<edgeMap>
					<xCoord>217</xCoord>
					<yCoord>200</yCoord>
					</edgeMap>
					<edgeMap>
					<xCoord>216</xCoord>
					<yCoord>200</yCoord>
					</edgeMap>
					<edgeMap>
					<xCoord>215</xCoord>
					<yCoord>201</yCoord>
					</edgeMap>
					<edgeMap>
					<xCoord>214</xCoord>
					<yCoord>201</yCoord>
					</edgeMap>
					<edgeMap>
					<xCoord>213</xCoord>
					<yCoord>201</yCoord>
					</edgeMap>
					<edgeMap>
					<xCoord>212</xCoord>
					<yCoord>200</yCoord>
					</edgeMap>
					<edgeMap>
					<xCoord>211</xCoord>
					<yCoord>199</yCoord>
					</edgeMap>
				</roi>
				<roi>
					<imageZposition>-215.5</imageZposition>
					<imageSOP_UID>1.3.6.1.4.1.14519.5.2.1.6279.6001.474420989969983971486687029615</imageSOP_UID>
					<inclusion>TRUE</inclusion>
					<edgeMap>
					<xCoord>210</xCoord>
					<yCoord>201</yCoord>
					</edgeMap>
					<edgeMap>
					<xCoord>210</xCoord>
					<yCoord>200</yCoord>
					</edgeMap>
					<edgeMap>
					<xCoord>210</xCoord>
					<yCoord>199</yCoord>
					</edgeMap>
					<edgeMap>
					<xCoord>210</xCoord>
					<yCoord>198</yCoord>
					</edgeMap>
					<edgeMap>
					<xCoord>210</xCoord>
					<yCoord>197</yCoord>
					</edgeMap>
					<edgeMap>
					<xCoord>210</xCoord>
					<yCoord>196</yCoord>
					</edgeMap>
					<edgeMap>
					<xCoord>210</xCoord>
					<yCoord>195</yCoord>
					</edgeMap>
					<edgeMap>
					<xCoord>211</xCoord>
					<yCoord>194</yCoord>
					</edgeMap>
					<edgeMap>
					<xCoord>212</xCoord>
					<yCoord>193</yCoord>
					</edgeMap>
					<edgeMap>
					<xCoord>213</xCoord>
					<yCoord>193</yCoord>
					</edgeMap>
					<edgeMap>
					<xCoord>214</xCoord>
					<yCoord>193</yCoord>
					</edgeMap>
					<edgeMap>
					<xCoord>215</xCoord>
					<yCoord>193</yCoord>
					</edgeMap>
					<edgeMap>
					<xCoord>216</xCoord>
					<yCoord>193</yCoord>
					</edgeMap>
					<edgeMap>
					<xCoord>217</xCoord>
					<yCoord>193</yCoord>
					</edgeMap>
					<edgeMap>
					<xCoord>218</xCoord>
					<yCoord>194</yCoord>
					</edgeMap>
					<edgeMap>
					<xCoord>219</xCoord>
					<yCoord>194</yCoord>
					</edgeMap>
					<edgeMap>
					<xCoord>220</xCoord>
					<yCoord>195</yCoord>
					</edgeMap>
					<edgeMap>
					<xCoord>220</xCoord>
					<yCoord>196</yCoord>
					</edgeMap>
					<edgeMap>
					<xCoord>221</xCoord>
					<yCoord>196</yCoord>
					</edgeMap>
					<edgeMap>
					<xCoord>221</xCoord>
					<yCoord>197</yCoord>
					</edgeMap>
					<edgeMap>
					<xCoord>221</xCoord>
					<yCoord>198</yCoord>
					</edgeMap>
					<edgeMap>
					<xCoord>222</xCoord>
					<yCoord>199</yCoord>
					</edgeMap>
					<edgeMap>
					<xCoord>222</xCoord>
					<yCoord>200</yCoord>
					</edgeMap>
					<edgeMap>
					<xCoord>223</xCoord>
					<yCoord>201</yCoord>
					</edgeMap>
					<edgeMap>
					<xCoord>223</xCoord>
					<yCoord>202</yCoord>
					</edgeMap>
					<edgeMap>
					<xCoord>222</xCoord>
					<yCoord>202</yCoord>
					</edgeMap>
					<edgeMap>
					<xCoord>221</xCoord>
					<yCoord>202</yCoord>
					</edgeMap>
					<edgeMap>
					<xCoord>220</xCoord>
					<yCoord>202</yCoord>
					</edgeMap>
					<edgeMap>
					<xCoord>219</xCoord>
					<yCoord>203</yCoord>
					</edgeMap>
					<edgeMap>
					<xCoord>218</xCoord>
					<yCoord>203</yCoord>
					</edgeMap>
					<edgeMap>
					<xCoord>217</xCoord>
					<yCoord>203</yCoord>
					</edgeMap>
					<edgeMap>
					<xCoord>216</xCoord>
					<yCoord>203</yCoord>
					</edgeMap>
					<edgeMap>
					<xCoord>215</xCoord>
					<yCoord>203</yCoord>
					</edgeMap>
					<edgeMap>
					<xCoord>214</xCoord>
					<yCoord>203</yCoord>
					</edgeMap>
					<edgeMap>
					<xCoord>213</xCoord>
					<yCoord>204</yCoord>
					</edgeMap>
					<edgeMap>
					<xCoord>212</xCoord>
					<yCoord>204</yCoord>
					</edgeMap>
					<edgeMap>
					<xCoord>211</xCoord>
					<yCoord>204</yCoord>
					</edgeMap>
					<edgeMap>
					<xCoord>210</xCoord>
					<yCoord>203</yCoord>
					</edgeMap>
					<edgeMap>
					<xCoord>210</xCoord>
					<yCoord>202</yCoord>
					</edgeMap>
					<edgeMap>
					<xCoord>210</xCoord>
					<yCoord>201</yCoord>
					</edgeMap>
				</roi>
				<roi>
					<imageZposition>-218.0</imageZposition>
					<imageSOP_UID>1.3.6.1.4.1.14519.5.2.1.6279.6001.889402590453821323505641482089</imageSOP_UID>
					<inclusion>TRUE</inclusion>
					<edgeMap>
					<xCoord>211</xCoord>
					<yCoord>201</yCoord>
					</edgeMap>
					<edgeMap>
					<xCoord>211</xCoord>
					<yCoord>200</yCoord>
					</edgeMap>
					<edgeMap>
					<xCoord>211</xCoord>
					<yCoord>199</yCoord>
					</edgeMap>
					<edgeMap>
					<xCoord>212</xCoord>
					<yCoord>198</yCoord>
					</edgeMap>
					<edgeMap>
					<xCoord>212</xCoord>
					<yCoord>197</yCoord>
					</edgeMap>
					<edgeMap>
					<xCoord>212</xCoord>
					<yCoord>196</yCoord>
					</edgeMap>
					<edgeMap>
					<xCoord>212</xCoord>
					<yCoord>195</yCoord>
					</edgeMap>
					<edgeMap>
					<xCoord>213</xCoord>
					<yCoord>194</yCoord>
					</edgeMap>
					<edgeMap>
					<xCoord>213</xCoord>
					<yCoord>193</yCoord>
					</edgeMap>
					<edgeMap>
					<xCoord>214</xCoord>
					<yCoord>193</yCoord>
					</edgeMap>
					<edgeMap>
					<xCoord>215</xCoord>
					<yCoord>193</yCoord>
					</edgeMap>
					<edgeMap>
					<xCoord>216</xCoord>
					<yCoord>194</yCoord>
					</edgeMap>
					<edgeMap>
					<xCoord>217</xCoord>
					<yCoord>194</yCoord>
					</edgeMap>
					<edgeMap>
					<xCoord>218</xCoord>
					<yCoord>194</yCoord>
					</edgeMap>
					<edgeMap>
					<xCoord>219</xCoord>
					<yCoord>194</yCoord>
					</edgeMap>
					<edgeMap>
					<xCoord>220</xCoord>
					<yCoord>194</yCoord>
					</edgeMap>
					<edgeMap>
					<xCoord>221</xCoord>
					<yCoord>195</yCoord>
					</edgeMap>
					<edgeMap>
					<xCoord>222</xCoord>
					<yCoord>196</yCoord>
					</edgeMap>
					<edgeMap>
					<xCoord>222</xCoord>
					<yCoord>197</yCoord>
					</edgeMap>
					<edgeMap>
					<xCoord>222</xCoord>
					<yCoord>198</yCoord>
					</edgeMap>
					<edgeMap>
					<xCoord>222</xCoord>
					<yCoord>199</yCoord>
					</edgeMap>
					<edgeMap>
					<xCoord>221</xCoord>
					<yCoord>200</yCoord>
					</edgeMap>
					<edgeMap>
					<xCoord>220</xCoord>
					<yCoord>201</yCoord>
					</edgeMap>
					<edgeMap>
					<xCoord>219</xCoord>
					<yCoord>202</yCoord>
					</edgeMap>
					<edgeMap>
					<xCoord>218</xCoord>
					<yCoord>203</yCoord>
					</edgeMap>
					<edgeMap>
					<xCoord>217</xCoord>
					<yCoord>204</yCoord>
					</edgeMap>
					<edgeMap>
					<xCoord>216</xCoord>
					<yCoord>204</yCoord>
					</edgeMap>
					<edgeMap>
					<xCoord>215</xCoord>
					<yCoord>204</yCoord>
					</edgeMap>
					<edgeMap>
					<xCoord>214</xCoord>
					<yCoord>204</yCoord>
					</edgeMap>
					<edgeMap>
					<xCoord>213</xCoord>
					<yCoord>204</yCoord>
					</edgeMap>
					<edgeMap>
					<xCoord>213</xCoord>
					<yCoord>203</yCoord>
					</edgeMap>
					<edgeMap>
					<xCoord>212</xCoord>
					<yCoord>202</yCoord>
					</edgeMap>
					<edgeMap>
					<xCoord>211</xCoord>
					<yCoord>201</yCoord>
					</edgeMap>
				</roi>
				<roi>
					<imageZposition>-220.5</imageZposition>
					<imageSOP_UID>1.3.6.1.4.1.14519.5.2.1.6279.6001.124371350035320267021561884360</imageSOP_UID>
					<inclusion>TRUE</inclusion>
					<edgeMap>
					<xCoord>212</xCoord>
					<yCoord>199</yCoord>
					</edgeMap>
					<edgeMap>
					<xCoord>212</xCoord>
					<yCoord>198</yCoord>
					</edgeMap>
					<edgeMap>
					<xCoord>212</xCoord>
					<yCoord>197</yCoord>
					</edgeMap>
					<edgeMap>
					<xCoord>212</xCoord>
					<yCoord>196</yCoord>
					</edgeMap>
					<edgeMap>
					<xCoord>213</xCoord>
					<yCoord>195</yCoord>
					</edgeMap>
					<edgeMap>
					<xCoord>213</xCoord>
					<yCoord>194</yCoord>
					</edgeMap>
					<edgeMap>
					<xCoord>214</xCoord>
					<yCoord>194</yCoord>
					</edgeMap>
					<edgeMap>
					<xCoord>215</xCoord>
					<yCoord>194</yCoord>
					</edgeMap>
					<edgeMap>
					<xCoord>216</xCoord>
					<yCoord>194</yCoord>
					</edgeMap>
					<edgeMap>
					<xCoord>217</xCoord>
					<yCoord>194</yCoord>
					</edgeMap>
					<edgeMap>
					<xCoord>218</xCoord>
					<yCoord>194</yCoord>
					</edgeMap>
					<edgeMap>
					<xCoord>219</xCoord>
					<yCoord>194</yCoord>
					</edgeMap>
					<edgeMap>
					<xCoord>220</xCoord>
					<yCoord>195</yCoord>
					</edgeMap>
					<edgeMap>
					<xCoord>221</xCoord>
					<yCoord>195</yCoord>
					</edgeMap>
					<edgeMap>
					<xCoord>221</xCoord>
					<yCoord>196</yCoord>
					</edgeMap>
					<edgeMap>
					<xCoord>221</xCoord>
					<yCoord>197</yCoord>
					</edgeMap>
					<edgeMap>
					<xCoord>221</xCoord>
					<yCoord>198</yCoord>
					</edgeMap>
					<edgeMap>
					<xCoord>221</xCoord>
					<yCoord>199</yCoord>
					</edgeMap>
					<edgeMap>
					<xCoord>221</xCoord>
					<yCoord>200</yCoord>
					</edgeMap>
					<edgeMap>
					<xCoord>221</xCoord>
					<yCoord>201</yCoord>
					</edgeMap>
					<edgeMap>
					<xCoord>221</xCoord>
					<yCoord>202</yCoord>
					</edgeMap>
					<edgeMap>
					<xCoord>220</xCoord>
					<yCoord>203</yCoord>
					</edgeMap>
					<edgeMap>
					<xCoord>219</xCoord>
					<yCoord>203</yCoord>
					</edgeMap>
					<edgeMap>
					<xCoord>218</xCoord>
					<yCoord>204</yCoord>
					</edgeMap>
					<edgeMap>
					<xCoord>217</xCoord>
					<yCoord>204</yCoord>
					</edgeMap>
					<edgeMap>
					<xCoord>216</xCoord>
					<yCoord>204</yCoord>
					</edgeMap>
					<edgeMap>
					<xCoord>215</xCoord>
					<yCoord>204</yCoord>
					</edgeMap>
					<edgeMap>
					<xCoord>214</xCoord>
					<yCoord>203</yCoord>
					</edgeMap>
					<edgeMap>
					<xCoord>213</xCoord>
					<yCoord>203</yCoord>
					</edgeMap>
					<edgeMap>
					<xCoord>212</xCoord>
					<yCoord>202</yCoord>
					</edgeMap>
					<edgeMap>
					<xCoord>212</xCoord>
					<yCoord>201</yCoord>
					</edgeMap>
					<edgeMap>
					<xCoord>212</xCoord>
					<yCoord>200</yCoord>
					</edgeMap>
					<edgeMap>
					<xCoord>212</xCoord>
					<yCoord>199</yCoord>
					</edgeMap>
				</roi>
			</unblindedReadNodule>
	</readingSession>
</LidcReadMessage>