<?xml version="1.0" encoding="UTF-8"?>
<LidcReadMessage uid="1.3.6.1.4.1.14519.5.2.1.6279.6001.1307390695303.0" xmlns="http://www.nih.gov" xmlns:xsi="http://www.w3.org/2001/XMLSchema-instance" xsi:schemaLocation="http://www.nih.gov       http://troll.rad.med.umich.edu/lidc/LidcReadMessage.xsd">
  <ResponseHeader>
    <Version>1.8</Version>
    <MessageId>UM1.3.6.1.4.1.9328.50.12.305049</MessageId>
    <DateRequest>2008-12-10</DateRequest>
    <TimeRequest>00:00:00</TimeRequest>
    <RequestingSite>removed</RequestingSite>
    <ServicingSite>removed</ServicingSite>
    <TaskDescription>Second unblinded read</TaskDescription>
    <CtImageFile>removed</CtImageFile>
    <SeriesInstanceUid>1.3.6.1.4.1.14519.5.2.1.6279.6001.837810280808122125183730411210</SeriesInstanceUid>
    <DateService>2008-12-10</DateService>
    <TimeService>00:00:00</TimeService>
    <ResponseDescription>1 - Reading complete</ResponseDescription>
  <StudyInstanceUID>1.3.6.1.4.1.14519.5.2.1.6279.6001.100063870746088919758706456900</StudyInstanceUID></ResponseHeader>
	<readingSession>
		<annotationVersion>3.12</annotationVersion>
		<servicingRadiologistID>anon</servicingRadiologistID>
			<unblindedReadNodule>
				<noduleID>0</noduleID>
				<roi>
					<imageZposition>-92.75</imageZposition>
					<imageSOP_UID>1.3.6.1.4.1.14519.5.2.1.6279.6001.171540643517318101457640805589</imageSOP_UID>
					<inclusion>TRUE</inclusion>
					<edgeMap>
					<xCoord>320</xCoord>
					<yCoord>352</yCoord>
					</edgeMap>
				</roi>
			</unblindedReadNodule>
			<unblindedReadNodule>
				<noduleID>1</noduleID>
				<roi>
					<imageZposition>-87.75</imageZposition>
					<imageSOP_UID>1.3.6.1.4.1.14519.5.2.1.6279.6001.270977470341446363541806377232</imageSOP_UID>
					<inclusion>TRUE</inclusion>
					<edgeMap>
					<xCoord>304</xCoord>
					<yCoord>335</yCoord>
					</edgeMap>
				</roi>
			</unblindedReadNodule>
			<unblindedReadNodule>
				<noduleID>2</noduleID>
				<characteristics>
					<subtlety>1</subtlety>
					<internalStructure>1</internalStructure>
					<calcification>6</calcification>
					<sphericity>5</sphericity>
					<margin>2</margin>
					<lobulation>1</lobulation>
					<spiculation>1</spiculation>
					<texture>1</texture>
					<malignancy>2</malignancy>
				</characteristics>
				<roi>
					<imageZposition>-150.25</imageZposition>
					<imageSOP_UID>1.3.6.1.4.1.14519.5.2.1.6279.6001.227120953759503358084711519760</imageSOP_UID>
					<inclusion>TRUE</inclusion>
					<edgeMap>
					<xCoord>146</xCoord>
					<yCoord>208</yCoord>
					</edgeMap>
					<edgeMap>
					<xCoord>147</xCoord>
					<yCoord>208</yCoord>
					</edgeMap>
					<edgeMap>
					<xCoord>148</xCoord>
					<yCoord>208</yCoord>
					</edgeMap>
					<edgeMap>
					<xCoord>149</xCoord>
					<yCoord>208</yCoord>
					</edgeMap>
					<edgeMap>
					<xCoord>150</xCoord>
					<yCoord>208</yCoord>
					</edgeMap>
					<edgeMap>
					<xCoord>151</xCoord>
					<yCoord>209</yCoord>
					</edgeMap>
					<edgeMap>
					<xCoord>152</xCoord>
					<yCoord>209</yCoord>
					</edgeMap>
					<edgeMap>
					<xCoord>153</xCoord>
					<yCoord>210</yCoord>
					</edgeMap>
					<edgeMap>
					<xCoord>154</xCoord>
					<yCoord>211</yCoord>
					</edgeMap>
					<edgeMap>
					<xCoord>155</xCoord>
					<yCoord>212</yCoord>
					</edgeMap>
					<edgeMap>
					<xCoord>155</xCoord>
					<yCoord>213</yCoord>
					</edgeMap>
					<edgeMap>
					<xCoord>155</xCoord>
					<yCoord>214</yCoord>
					</edgeMap>
					<edgeMap>
					<xCoord>155</xCoord>
					<yCoord>215</yCoord>
					</edgeMap>
					<edgeMap>
					<xCoord>155</xCoord>
					<yCoord>216</yCoord>
					</edgeMap>
					<edgeMap>
					<xCoord>155</xCoord>
					<yCoord>217</yCoord>
					</edgeMap>
					<edgeMap>
					<xCoord>155</xCoord>
					<yCoord>218</yCoord>
					</edgeMap>
					<edgeMap>
					<xCoord>156</xCoord>
					<yCoord>218</yCoord>
					</edgeMap>
					<edgeMap>
					<xCoord>155</xCoord>
					<yCoord>219</yCoord>
					</edgeMap>
					<edgeMap>
					<xCoord>154</xCoord>
					<yCoord>219</yCoord>
					</edgeMap>
					<edgeMap>
					<xCoord>153</xCoord>
					<yCoord>220</yCoord>
					</edgeMap>
					<edgeMap>
					<xCoord>153</xCoord>
					<yCoord>221</yCoord>
					</edgeMap>
					<edgeMap>
					<xCoord>152</xCoord>
					<yCoord>221</yCoord>
					</edgeMap>
					<edgeMap>
					<xCoord>151</xCoord>
					<yCoord>221</yCoord>
					</edgeMap>
					<edgeMap>
					<xCoord>150</xCoord>
					<yCoord>220</yCoord>
					</edgeMap>
					<edgeMap>
					<xCoord>150</xCoord>
					<yCoord>219</yCoord>
					</edgeMap>
					<edgeMap>
					<xCoord>150</xCoord>
					<yCoord>218</yCoord>
					</edgeMap>
					<edgeMap>
					<xCoord>150</xCoord>
					<yCoord>217</yCoord>
					</edgeMap>
					<edgeMap>
					<xCoord>150</xCoord>
					<yCoord>216</yCoord>
					</edgeMap>
					<edgeMap>
					<xCoord>149</xCoord>
					<yCoord>216</yCoord>
					</edgeMap>
					<edgeMap>
					<xCoord>149</xCoord>
					<yCoord>215</yCoord>
					</edgeMap>
					<edgeMap>
					<xCoord>148</xCoord>
					<yCoord>214</yCoord>
					</edgeMap>
					<edgeMap>
					<xCoord>147</xCoord>
					<yCoord>213</yCoord>
					</edgeMap>
					<edgeMap>
					<xCoord>146</xCoord>
					<yCoord>213</yCoord>
					</edgeMap>
					<edgeMap>
					<xCoord>145</xCoord>
					<yCoord>213</yCoord>
					</edgeMap>
					<edgeMap>
					<xCoord>144</xCoord>
					<yCoord>214</yCoord>
					</edgeMap>
					<edgeMap>
					<xCoord>143</xCoord>
					<yCoord>215</yCoord>
					</edgeMap>
					<edgeMap>
					<xCoord>143</xCoord>
					<yCoord>216</yCoord>
					</edgeMap>
					<edgeMap>
					<xCoord>142</xCoord>
					<yCoord>215</yCoord>
					</edgeMap>
					<edgeMap>
					<xCoord>141</xCoord>
					<yCoord>215</yCoord>
					</edgeMap>
					<edgeMap>
					<xCoord>141</xCoord>
					<yCoord>214</yCoord>
					</edgeMap>
					<edgeMap>
					<xCoord>141</xCoord>
					<yCoord>213</yCoord>
					</edgeMap>
					<edgeMap>
					<xCoord>141</xCoord>
					<yCoord>212</yCoord>
					</edgeMap>
					<edgeMap>
					<xCoord>141</xCoord>
					<yCoord>211</yCoord>
					</edgeMap>
					<edgeMap>
					<xCoord>141</xCoord>
					<yCoord>210</yCoord>
					</edgeMap>
					<edgeMap>
					<xCoord>141</xCoord>
					<yCoord>209</yCoord>
					</edgeMap>
					<edgeMap>
					<xCoord>142</xCoord>
					<yCoord>209</yCoord>
					</edgeMap>
					<edgeMap>
					<xCoord>142</xCoord>
					<yCoord>208</yCoord>
					</edgeMap>
					<edgeMap>
					<xCoord>143</xCoord>
					<yCoord>208</yCoord>
					</edgeMap>
					<edgeMap>
					<xCoord>144</xCoord>
					<yCoord>208</yCoord>
					</edgeMap>
					<edgeMap>
					<xCoord>144</xCoord>
					<yCoord>207</yCoord>
					</edgeMap>
					<edgeMap>
					<xCoord>145</xCoord>
					<yCoord>207</yCoord>
					</edgeMap>
					<edgeMap>
					<xCoord>146</xCoord>
					<yCoord>208</yCoord>
					</edgeMap>
				</roi>
				<roi>
					<imageZposition>-152.75</imageZposition>
					<imageSOP_UID>1.3.6.1.4.1.14519.5.2.1.6279.6001.117656545988982362259572565870</imageSOP_UID>
					<inclusion>TRUE</inclusion>
					<edgeMap>
					<xCoord>146</xCoord>
					<yCoord>204</yCoord>
					</edgeMap>
					<edgeMap>
					<xCoord>147</xCoord>
					<yCoord>205</yCoord>
					</edgeMap>
					<edgeMap>
					<xCoord>148</xCoord>
					<yCoord>206</yCoord>
					</edgeMap>
					<edgeMap>
					<xCoord>149</xCoord>
					<yCoord>206</yCoord>
					</edgeMap>
					<edgeMap>
					<xCoord>150</xCoord>
					<yCoord>207</yCoord>
					</edgeMap>
					<edgeMap>
					<xCoord>151</xCoord>
					<yCoord>207</yCoord>
					</edgeMap>
					<edgeMap>
					<xCoord>152</xCoord>
					<yCoord>208</yCoord>
					</edgeMap>
					<edgeMap>
					<xCoord>153</xCoord>
					<yCoord>209</yCoord>
					</edgeMap>
					<edgeMap>
					<xCoord>154</xCoord>
					<yCoord>210</yCoord>
					</edgeMap>
					<edgeMap>
					<xCoord>155</xCoord>
					<yCoord>210</yCoord>
					</edgeMap>
					<edgeMap>
					<xCoord>156</xCoord>
					<yCoord>211</yCoord>
					</edgeMap>
					<edgeMap>
					<xCoord>156</xCoord>
					<yCoord>212</yCoord>
					</edgeMap>
					<edgeMap>
					<xCoord>156</xCoord>
					<yCoord>213</yCoord>
					</edgeMap>
					<edgeMap>
					<xCoord>156</xCoord>
					<yCoord>214</yCoord>
					</edgeMap>
					<edgeMap>
					<xCoord>156</xCoord>
					<yCoord>215</yCoord>
					</edgeMap>
					<edgeMap>
					<xCoord>156</xCoord>
					<yCoord>216</yCoord>
					</edgeMap>
					<edgeMap>
					<xCoord>155</xCoord>
					<yCoord>217</yCoord>
					</edgeMap>
					<edgeMap>
					<xCoord>154</xCoord>
					<yCoord>218</yCoord>
					</edgeMap>
					<edgeMap>
					<xCoord>153</xCoord>
					<yCoord>218</yCoord>
					</edgeMap>
					<edgeMap>
					<xCoord>152</xCoord>
					<yCoord>218</yCoord>
					</edgeMap>
					<edgeMap>
					<xCoord>151</xCoord>
					<yCoord>218</yCoord>
					</edgeMap>
					<edgeMap>
					<xCoord>150</xCoord>
					<yCoord>217</yCoord>
					</edgeMap>
					<edgeMap>
					<xCoord>149</xCoord>
					<yCoord>216</yCoord>
					</edgeMap>
					<edgeMap>
					<xCoord>148</xCoord>
					<yCoord>215</yCoord>
					</edgeMap>
					<edgeMap>
					<xCoord>147</xCoord>
					<yCoord>215</yCoord>
					</edgeMap>
					<edgeMap>
					<xCoord>146</xCoord>
					<yCoord>215</yCoord>
					</edgeMap>
					<edgeMap>
					<xCoord>145</xCoord>
					<yCoord>215</yCoord>
					</edgeMap>
					<edgeMap>
					<xCoord>144</xCoord>
					<yCoord>214</yCoord>
					</edgeMap>
					<edgeMap>
					<xCoord>143</xCoord>
					<yCoord>214</yCoord>
					</edgeMap>
					<edgeMap>
					<xCoord>142</xCoord>
					<yCoord>213</yCoord>
					</edgeMap>
					<edgeMap>
					<xCoord>142</xCoord>
					<yCoord>212</yCoord>
					</edgeMap>
					<edgeMap>
					<xCoord>142</xCoord>
					<yCoord>211</yCoord>
					</edgeMap>
					<edgeMap>
					<xCoord>142</xCoord>
					<yCoord>210</yCoord>
					</edgeMap>
					<edgeMap>
					<xCoord>142</xCoord>
					<yCoord>209</yCoord>
					</edgeMap>
					<edgeMap>
					<xCoord>142</xCoord>
					<yCoord>208</yCoord>
					</edgeMap>
					<edgeMap>
					<xCoord>143</xCoord>
					<yCoord>207</yCoord>
					</edgeMap>
					<edgeMap>
					<xCoord>144</xCoord>
					<yCoord>206</yCoord>
					</edgeMap>
					<edgeMap>
					<xCoord>145</xCoord>
					<yCoord>205</yCoord>
					</edgeMap>
					<edgeMap>
					<xCoord>146</xCoord>
					<yCoord>204</yCoord>
					</edgeMap>
				</roi>
				<roi>
					<imageZposition>-155.25</imageZposition>
					<imageSOP_UID>1.3.6.1.4.1.14519.5.2.1.6279.6001.244309970104897615519020068025</imageSOP_UID>
					<inclusion>TRUE</inclusion>
					<edgeMap>
					<xCoord>149</xCoord>
					<yCoord>217</yCoord>
					</edgeMap>
					<edgeMap>
					<xCoord>150</xCoord>
					<yCoord>218</yCoord>
					</edgeMap>
					<edgeMap>
					<xCoord>151</xCoord>
					<yCoord>219</yCoord>
					</edgeMap>
					<edgeMap>
					<xCoord>152</xCoord>
					<yCoord>219</yCoord>
					</edgeMap>
					<edgeMap>
					<xCoord>153</xCoord>
					<yCoord>219</yCoord>
					</edgeMap>
					<edgeMap>
					<xCoord>154</xCoord>
					<yCoord>219</yCoord>
					</edgeMap>
					<edgeMap>
					<xCoord>155</xCoord>
					<yCoord>219</yCoord>
					</edgeMap>
					<edgeMap>
					<xCoord>155</xCoord>
					<yCoord>218</yCoord>
					</edgeMap>
					<edgeMap>
					<xCoord>156</xCoord>
					<yCoord>218</yCoord>
					</edgeMap>
					<edgeMap>
					<xCoord>156</xCoord>
					<yCoord>217</yCoord>
					</edgeMap>
					<edgeMap>
					<xCoord>156</xCoord>
					<yCoord>216</yCoord>
					</edgeMap>
					<edgeMap>
					<xCoord>156</xCoord>
					<yCoord>215</yCoord>
					</edgeMap>
					<edgeMap>
					<xCoord>157</xCoord>
					<yCoord>215</yCoord>
					</edgeMap>
					<edgeMap>
					<xCoord>158</xCoord>
					<yCoord>215</yCoord>
					</edgeMap>
					<edgeMap>
					<xCoord>158</xCoord>
					<yCoord>214</yCoord>
					</edgeMap>
					<edgeMap>
					<xCoord>157</xCoord>
					<yCoord>213</yCoord>
					</edgeMap>
					<edgeMap>
					<xCoord>156</xCoord>
					<yCoord>213</yCoord>
					</edgeMap>
					<edgeMap>
					<xCoord>156</xCoord>
					<yCoord>212</yCoord>
					</edgeMap>
					<edgeMap>
					<xCoord>155</xCoord>
					<yCoord>211</yCoord>
					</edgeMap>
					<edgeMap>
					<xCoord>155</xCoord>
					<yCoord>210</yCoord>
					</edgeMap>
					<edgeMap>
					<xCoord>154</xCoord>
					<yCoord>209</yCoord>
					</edgeMap>
					<edgeMap>
					<xCoord>154</xCoord>
					<yCoord>208</yCoord>
					</edgeMap>
					<edgeMap>
					<xCoord>153</xCoord>
					<yCoord>208</yCoord>
					</edgeMap>
					<edgeMap>
					<xCoord>152</xCoord>
					<yCoord>207</yCoord>
					</edgeMap>
					<edgeMap>
					<xCoord>151</xCoord>
					<yCoord>207</yCoord>
					</edgeMap>
					<edgeMap>
					<xCoord>151</xCoord>
					<yCoord>206</yCoord>
					</edgeMap>
					<edgeMap>
					<xCoord>151</xCoord>
					<yCoord>205</yCoord>
					</edgeMap>
					<edgeMap>
					<xCoord>150</xCoord>
					<yCoord>205</yCoord>
					</edgeMap>
					<edgeMap>
					<xCoord>149</xCoord>
					<yCoord>205</yCoord>
					</edgeMap>
					<edgeMap>
					<xCoord>148</xCoord>
					<yCoord>205</yCoord>
					</edgeMap>
					<edgeMap>
					<xCoord>147</xCoord>
					<yCoord>205</yCoord>
					</edgeMap>
					<edgeMap>
					<xCoord>146</xCoord>
					<yCoord>204</yCoord>
					</edgeMap>
					<edgeMap>
					<xCoord>145</xCoord>
					<yCoord>204</yCoord>
					</edgeMap>
					<edgeMap>
					<xCoord>144</xCoord>
					<yCoord>203</yCoord>
					</edgeMap>
					<edgeMap>
					<xCoord>143</xCoord>
					<yCoord>204</yCoord>
					</edgeMap>
					<edgeMap>
					<xCoord>142</xCoord>
					<yCoord>204</yCoord>
					</edgeMap>
					<edgeMap>
					<xCoord>141</xCoord>
					<yCoord>204</yCoord>
					</edgeMap>
					<edgeMap>
					<xCoord>140</xCoord>
					<yCoord>205</yCoord>
					</edgeMap>
					<edgeMap>
					<xCoord>140</xCoord>
					<yCoord>206</yCoord>
					</edgeMap>
					<edgeMap>
					<xCoord>140</xCoord>
					<yCoord>207</yCoord>
					</edgeMap>
					<edgeMap>
					<xCoord>141</xCoord>
					<yCoord>208</yCoord>
					</edgeMap>
					<edgeMap>
					<xCoord>142</xCoord>
					<yCoord>208</yCoord>
					</edgeMap>
					<edgeMap>
					<xCoord>142</xCoord>
					<yCoord>209</yCoord>
					</edgeMap>
					<edgeMap>
					<xCoord>142</xCoord>
					<yCoord>210</yCoord>
					</edgeMap>
					<edgeMap>
					<xCoord>142</xCoord>
					<yCoord>211</yCoord>
					</edgeMap>
					<edgeMap>
					<xCoord>142</xCoord>
					<yCoord>212</yCoord>
					</edgeMap>
					<edgeMap>
					<xCoord>141</xCoord>
					<yCoord>213</yCoord>
					</edgeMap>
					<edgeMap>
					<xCoord>141</xCoord>
					<yCoord>214</yCoord>
					</edgeMap>
					<edgeMap>
					<xCoord>142</xCoord>
					<yCoord>215</yCoord>
					</edgeMap>
					<edgeMap>
					<xCoord>143</xCoord>
					<yCoord>215</yCoord>
					</edgeMap>
					<edgeMap>
					<xCoord>144</xCoord>
					<yCoord>216</yCoord>
					</edgeMap>
					<edgeMap>
					<xCoord>145</xCoord>
					<yCoord>217</yCoord>
					</edgeMap>
					<edgeMap>
					<xCoord>145</xCoord>
					<yCoord>218</yCoord>
					</edgeMap>
					<edgeMap>
					<xCoord>146</xCoord>
					<yCoord>219</yCoord>
					</edgeMap>
					<edgeMap>
					<xCoord>147</xCoord>
					<yCoord>219</yCoord>
					</edgeMap>
					<edgeMap>
					<xCoord>148</xCoord>
					<yCoord>219</yCoord>
					</edgeMap>
					<edgeMap>
					<xCoord>149</xCoord>
					<yCoord>219</yCoord>
					</edgeMap>
					<edgeMap>
					<xCoord>149</xCoord>
					<yCoord>218</yCoord>
					</edgeMap>
					<edgeMap>
					<xCoord>149</xCoord>
					<yCoord>217</yCoord>
					</edgeMap>
				</roi>
				<roi>
					<imageZposition>-157.75</imageZposition>
					<imageSOP_UID>1.3.6.1.4.1.14519.5.2.1.6279.6001.435930038045490375455317719377</imageSOP_UID>
					<inclusion>TRUE</inclusion>
					<edgeMap>
					<xCoord>147</xCoord>
					<yCoord>208</yCoord>
					</edgeMap>
					<edgeMap>
					<xCoord>147</xCoord>
					<yCoord>207</yCoord>
					</edgeMap>
					<edgeMap>
					<xCoord>148</xCoord>
					<yCoord>206</yCoord>
					</edgeMap>
					<edgeMap>
					<xCoord>149</xCoord>
					<yCoord>207</yCoord>
					</edgeMap>
					<edgeMap>
					<xCoord>150</xCoord>
					<yCoord>207</yCoord>
					</edgeMap>
					<edgeMap>
					<xCoord>151</xCoord>
					<yCoord>208</yCoord>
					</edgeMap>
					<edgeMap>
					<xCoord>152</xCoord>
					<yCoord>208</yCoord>
					</edgeMap>
					<edgeMap>
					<xCoord>152</xCoord>
					<yCoord>209</yCoord>
					</edgeMap>
					<edgeMap>
					<xCoord>152</xCoord>
					<yCoord>210</yCoord>
					</edgeMap>
					<edgeMap>
					<xCoord>152</xCoord>
					<yCoord>211</yCoord>
					</edgeMap>
					<edgeMap>
					<xCoord>152</xCoord>
					<yCoord>212</yCoord>
					</edgeMap>
					<edgeMap>
					<xCoord>152</xCoord>
					<yCoord>213</yCoord>
					</edgeMap>
					<edgeMap>
					<xCoord>153</xCoord>
					<yCoord>214</yCoord>
					</edgeMap>
					<edgeMap>
					<xCoord>153</xCoord>
					<yCoord>215</yCoord>
					</edgeMap>
					<edgeMap>
					<xCoord>154</xCoord>
					<yCoord>216</yCoord>
					</edgeMap>
					<edgeMap>
					<xCoord>154</xCoord>
					<yCoord>217</yCoord>
					</edgeMap>
					<edgeMap>
					<xCoord>153</xCoord>
					<yCoord>218</yCoord>
					</edgeMap>
					<edgeMap>
					<xCoord>152</xCoord>
					<yCoord>218</yCoord>
					</edgeMap>
					<edgeMap>
					<xCoord>151</xCoord>
					<yCoord>218</yCoord>
					</edgeMap>
					<edgeMap>
					<xCoord>150</xCoord>
					<yCoord>218</yCoord>
					</edgeMap>
					<edgeMap>
					<xCoord>149</xCoord>
					<yCoord>218</yCoord>
					</edgeMap>
					<edgeMap>
					<xCoord>148</xCoord>
					<yCoord>218</yCoord>
					</edgeMap>
					<edgeMap>
					<xCoord>147</xCoord>
					<yCoord>217</yCoord>
					</edgeMap>
					<edgeMap>
					<xCoord>146</xCoord>
					<yCoord>217</yCoord>
					</edgeMap>
					<edgeMap>
					<xCoord>145</xCoord>
					<yCoord>217</yCoord>
					</edgeMap>
					<edgeMap>
					<xCoord>144</xCoord>
					<yCoord>216</yCoord>
					</edgeMap>
					<edgeMap>
					<xCoord>144</xCoord>
					<yCoord>215</yCoord>
					</edgeMap>
					<edgeMap>
					<xCoord>143</xCoord>
					<yCoord>214</yCoord>
					</edgeMap>
					<edgeMap>
					<xCoord>143</xCoord>
					<yCoord>213</yCoord>
					</edgeMap>
					<edgeMap>
					<xCoord>143</xCoord>
					<yCoord>212</yCoord>
					</edgeMap>
					<edgeMap>
					<xCoord>143</xCoord>
					<yCoord>211</yCoord>
					</edgeMap>
					<edgeMap>
					<xCoord>143</xCoord>
					<yCoord>210</yCoord>
					</edgeMap>
					<edgeMap>
					<xCoord>143</xCoord>
					<yCoord>209</yCoord>
					</edgeMap>
					<edgeMap>
					<xCoord>143</xCoord>
					<yCoord>208</yCoord>
					</edgeMap>
					<edgeMap>
					<xCoord>144</xCoord>
					<yCoord>208</yCoord>
					</edgeMap>
					<edgeMap>
					<xCoord>144</xCoord>
					<yCoord>207</yCoord>
					</edgeMap>
					<edgeMap>
					<xCoord>145</xCoord>
					<yCoord>208</yCoord>
					</edgeMap>
					<edgeMap>
					<xCoord>145</xCoord>
					<yCoord>209</yCoord>
					</edgeMap>
					<edgeMap>
					<xCoord>146</xCoord>
					<yCoord>208</yCoord>
					</edgeMap>
					<edgeMap>
					<xCoord>147</xCoord>
					<yCoord>208</yCoord>
					</edgeMap>
				</roi>
			</unblindedReadNodule>
			<unblindedReadNodule>
				<noduleID>3</noduleID>
				<roi>
					<imageZposition>-162.75</imageZposition>
					<imageSOP_UID>1.3.6.1.4.1.14519.5.2.1.6279.6001.382638059960854620128795710405</imageSOP_UID>
					<inclusion>TRUE</inclusion>
					<edgeMap>
					<xCoord>421</xCoord>
					<yCoord>245</yCoord>
					</edgeMap>
				</roi>
			</unblindedReadNodule>
			<unblindedReadNodule>
				<noduleID>4</noduleID>
				<roi>
					<imageZposition>-207.75</imageZposition>
					<imageSOP_UID>1.3.6.1.4.1.14519.5.2.1.6279.6001.169925396182674759109991861928</imageSOP_UID>
					<inclusion>TRUE</inclusion>
					<edgeMap>
					<xCoord>134</xCoord>
					<yCoord>167</yCoord>
					</edgeMap>
				</roi>
			</unblindedReadNodule>
			<unblindedReadNodule>
				<noduleID>5</noduleID>
				<roi>
					<imageZposition>-205.25</imageZposition>
					<imageSOP_UID>1.3.6.1.4.1.14519.5.2.1.6279.6001.320057043495985027144403816213</imageSOP_UID>
					<inclusion>TRUE</inclusion>
					<edgeMap>
					<xCoord>417</xCoord>
					<yCoord>213</yCoord>
					</edgeMap>
				</roi>
			</unblindedReadNodule>
			<unblindedReadNodule>
				<noduleID>6</noduleID>
				<roi>
					<imageZposition>-150.25</imageZposition>
					<imageSOP_UID>1.3.6.1.4.1.14519.5.2.1.6279.6001.227120953759503358084711519760</imageSOP_UID>
					<inclusion>TRUE</inclusion>
					<edgeMap>
					<xCoord>413</xCoord>
					<yCoord>243</yCoord>
					</edgeMap>
				</roi>
			</unblindedReadNodule>
	</readingSession>
  <readingSession>
    <annotationVersion>3.12</annotationVersion>
    <servicingRadiologistID>anon</servicingRadiologistID>
    <unblindedReadNodule>
      <noduleID>160412</noduleID>
      <characteristics>
        <subtlety>3</subtlety>
        <internalStructure>1</internalStructure>
        <calcification>6</calcification>
        <sphericity>3</sphericity>
        <margin>4</margin>
        <lobulation>2</lobulation>
        <spiculation>2</spiculation>
        <texture>5</texture>
        <malignancy>4</malignancy>
      </characteristics>
      <roi>
        <imageZposition>-152.75</imageZposition>
        <imageSOP_UID>1.3.6.1.4.1.14519.5.2.1.6279.6001.117656545988982362259572565870</imageSOP_UID>
        <inclusion>TRUE</inclusion>
        <edgeMap>
          <xCoord>150</xCoord>
          <yCoord>219</yCoord>
        </edgeMap>
        <edgeMap>
          <xCoord>151</xCoord>
          <yCoord>218</yCoord>
        </edgeMap>
        <edgeMap>
          <xCoord>152</xCoord>
          <yCoord>218</yCoord>
        </edgeMap>
        <edgeMap>
          <xCoord>153</xCoord>
          <yCoord>218</yCoord>
        </edgeMap>
        <edgeMap>
          <xCoord>154</xCoord>
          <yCoord>217</yCoord>
        </edgeMap>
        <edgeMap>
          <xCoord>155</xCoord>
          <yCoord>216</yCoord>
        </edgeMap>
        <edgeMap>
          <xCoord>155</xCoord>
          <yCoord>215</yCoord>
        </edgeMap>
        <edgeMap>
          <xCoord>155</xCoord>
          <yCoord>214</yCoord>
        </edgeMap>
        <edgeMap>
          <xCoord>155</xCoord>
          <yCoord>213</yCoord>
        </edgeMap>
        <edgeMap>
          <xCoord>155</xCoord>
          <yCoord>212</yCoord>
        </edgeMap>
        <edgeMap>
          <xCoord>155</xCoord>
          <yCoord>211</yCoord>
        </edgeMap>
        <edgeMap>
          <xCoord>154</xCoord>
          <yCoord>210</yCoord>
        </edgeMap>
        <edgeMap>
          <xCoord>153</xCoord>
          <yCoord>209</yCoord>
        </edgeMap>
        <edgeMap>
          <xCoord>152</xCoord>
          <yCoord>208</yCoord>
        </edgeMap>
        <edgeMap>
          <xCoord>151</xCoord>
          <yCoord>208</yCoord>
        </edgeMap>
        <edgeMap>
          <xCoord>150</xCoord>
          <yCoord>207</yCoord>
        </edgeMap>
        <edgeMap>
          <xCoord>149</xCoord>
          <yCoord>206</yCoord>
        </edgeMap>
        <edgeMap>
          <xCoord>148</xCoord>
          <yCoord>206</yCoord>
        </edgeMap>
        <edgeMap>
          <xCoord>147</xCoord>
          <yCoord>206</yCoord>
        </edgeMap>
        <edgeMap>
          <xCoord>146</xCoord>
          <yCoord>206</yCoord>
        </edgeMap>
        <edgeMap>
          <xCoord>145</xCoord>
          <yCoord>206</yCoord>
        </edgeMap>
        <edgeMap>
          <xCoord>144</xCoord>
          <yCoord>207</yCoord>
        </edgeMap>
        <edgeMap>
          <xCoord>144</xCoord>
          <yCoord>208</yCoord>
        </edgeMap>
        <edgeMap>
          <xCoord>143</xCoord>
          <yCoord>209</yCoord>
        </edgeMap>
        <edgeMap>
          <xCoord>143</xCoord>
          <yCoord>210</yCoord>
        </edgeMap>
        <edgeMap>
          <xCoord>143</xCoord>
          <yCoord>211</yCoord>
        </edgeMap>
        <edgeMap>
          <xCoord>143</xCoord>
          <yCoord>212</yCoord>
        </edgeMap>
        <edgeMap>
          <xCoord>143</xCoord>
          <yCoord>213</yCoord>
        </edgeMap>
        <edgeMap>
          <xCoord>144</xCoord>
          <yCoord>214</yCoord>
        </edgeMap>
        <edgeMap>
          <xCoord>145</xCoord>
          <yCoord>215</yCoord>
        </edgeMap>
        <edgeMap>
          <xCoord>146</xCoord>
          <yCoord>215</yCoord>
        </edgeMap>
        <edgeMap>
          <xCoord>147</xCoord>
          <yCoord>216</yCoord>
        </edgeMap>
        <edgeMap>
          <xCoord>148</xCoord>
          <yCoord>217</yCoord>
        </edgeMap>
        <edgeMap>
          <xCoord>149</xCoord>
          <yCoord>218</yCoord>
        </edgeMap>
        <edgeMap>
          <xCoord>150</xCoord>
          <yCoord>219</yCoord>
        </edgeMap>
      </roi>
      <roi>
        <imageZposition>-155.25</imageZposition>
        <imageSOP_UID>1.3.6.1.4.1.14519.5.2.1.6279.6001.244309970104897615519020068025</imageSOP_UID>
        <inclusion>TRUE</inclusion>
        <edgeMap>
          <xCoord>155</xCoord>
          <yCoord>219</yCoord>
        </edgeMap>
        <edgeMap>
          <xCoord>156</xCoord>
          <yCoord>218</yCoord>
        </edgeMap>
        <edgeMap>
          <xCoord>156</xCoord>
          <yCoord>217</yCoord>
        </edgeMap>
        <edgeMap>
          <xCoord>156</xCoord>
          <yCoord>216</yCoord>
        </edgeMap>
        <edgeMap>
          <xCoord>156</xCoord>
          <yCoord>215</yCoord>
        </edgeMap>
        <edgeMap>
          <xCoord>157</xCoord>
          <yCoord>214</yCoord>
        </edgeMap>
        <edgeMap>
          <xCoord>156</xCoord>
          <yCoord>213</yCoord>
        </edgeMap>
        <edgeMap>
          <xCoord>156</xCoord>
          <yCoord>212</yCoord>
        </edgeMap>
        <edgeMap>
          <xCoord>155</xCoord>
          <yCoord>211</yCoord>
        </edgeMap>
        <edgeMap>
          <xCoord>154</xCoord>
          <yCoord>210</yCoord>
        </edgeMap>
        <edgeMap>
          <xCoord>153</xCoord>
          <yCoord>209</yCoord>
        </edgeMap>
        <edgeMap>
          <xCoord>152</xCoord>
          <yCoord>208</yCoord>
        </edgeMap>
        <edgeMap>
          <xCoord>151</xCoord>
          <yCoord>208</yCoord>
        </edgeMap>
        <edgeMap>
          <xCoord>150</xCoord>
          <yCoord>207</yCoord>
        </edgeMap>
        <edgeMap>
          <xCoord>149</xCoord>
          <yCoord>206</yCoord>
        </edgeMap>
        <edgeMap>
          <xCoord>148</xCoord>
          <yCoord>205</yCoord>
        </edgeMap>
        <edgeMap>
          <xCoord>147</xCoord>
          <yCoord>205</yCoord>
        </edgeMap>
        <edgeMap>
          <xCoord>146</xCoord>
          <yCoord>205</yCoord>
        </edgeMap>
        <edgeMap>
          <xCoord>145</xCoord>
          <yCoord>205</yCoord>
        </edgeMap>
        <edgeMap>
          <xCoord>144</xCoord>
          <yCoord>205</yCoord>
        </edgeMap>
        <edgeMap>
          <xCoord>143</xCoord>
          <yCoord>204</yCoord>
        </edgeMap>
        <edgeMap>
          <xCoord>142</xCoord>
          <yCoord>204</yCoord>
        </edgeMap>
        <edgeMap>
          <xCoord>141</xCoord>
          <yCoord>204</yCoord>
        </edgeMap>
        <edgeMap>
          <xCoord>140</xCoord>
          <yCoord>205</yCoord>
        </edgeMap>
        <edgeMap>
          <xCoord>141</xCoord>
          <yCoord>206</yCoord>
        </edgeMap>
        <edgeMap>
          <xCoord>142</xCoord>
          <yCoord>207</yCoord>
        </edgeMap>
        <edgeMap>
          <xCoord>142</xCoord>
          <yCoord>208</yCoord>
        </edgeMap>
        <edgeMap>
          <xCoord>142</xCoord>
          <yCoord>209</yCoord>
        </edgeMap>
        <edgeMap>
          <xCoord>142</xCoord>
          <yCoord>210</yCoord>
        </edgeMap>
        <edgeMap>
          <xCoord>143</xCoord>
          <yCoord>211</yCoord>
        </edgeMap>
        <edgeMap>
          <xCoord>142</xCoord>
          <yCoord>212</yCoord>
        </edgeMap>
        <edgeMap>
          <xCoord>143</xCoord>
          <yCoord>213</yCoord>
        </edgeMap>
        <edgeMap>
          <xCoord>143</xCoord>
          <yCoord>214</yCoord>
        </edgeMap>
        <edgeMap>
          <xCoord>144</xCoord>
          <yCoord>215</yCoord>
        </edgeMap>
        <edgeMap>
          <xCoord>145</xCoord>
          <yCoord>216</yCoord>
        </edgeMap>
        <edgeMap>
          <xCoord>146</xCoord>
          <yCoord>217</yCoord>
        </edgeMap>
        <edgeMap>
          <xCoord>147</xCoord>
          <yCoord>218</yCoord>
        </edgeMap>
        <edgeMap>
          <xCoord>148</xCoord>
          <yCoord>218</yCoord>
        </edgeMap>
        <edgeMap>
          <xCoord>149</xCoord>
          <yCoord>218</yCoord>
        </edgeMap>
        <edgeMap>
          <xCoord>150</xCoord>
          <yCoord>218</yCoord>
        </edgeMap>
        <edgeMap>
          <xCoord>151</xCoord>
          <yCoord>218</yCoord>
        </edgeMap>
        <edgeMap>
          <xCoord>152</xCoord>
          <yCoord>219</yCoord>
        </edgeMap>
        <edgeMap>
          <xCoord>153</xCoord>
          <yCoord>219</yCoord>
        </edgeMap>
        <edgeMap>
          <xCoord>154</xCoord>
          <yCoord>219</yCoord>
        </edgeMap>
        <edgeMap>
          <xCoord>155</xCoord>
          <yCoord>219</yCoord>
        </edgeMap>
      </roi>
    </unblindedReadNodule>
    <unblindedReadNodule>
      <noduleID>160419</noduleID>
      <roi>
        <imageZposition>-92.75</imageZposition>
        <imageSOP_UID>1.3.6.1.4.1.14519.5.2.1.6279.6001.171540643517318101457640805589</imageSOP_UID>
        <inclusion>TRUE</inclusion>
        <edgeMap>
          <xCoord>321</xCoord>
          <yCoord>354</yCoord>
        </edgeMap>
      </roi>
    </unblindedReadNodule>
    <nonNodule>
      <nonNoduleID>160416</nonNoduleID>
      <imageZposition>-162.75</imageZposition>
      <imageSOP_UID>1.3.6.1.4.1.14519.5.2.1.6279.6001.382638059960854620128795710405</imageSOP_UID>
      <locus>
        <xCoord>421</xCoord>
        <yCoord>248</yCoord>
      </locus>
    </nonNodule>
    <nonNodule>
      <nonNoduleID>160425</nonNoduleID>
      <imageZposition>-150.25</imageZposition>
      <imageSOP_UID>1.3.6.1.4.1.14519.5.2.1.6279.6001.227120953759503358084711519760</imageSOP_UID>
      <locus>
        <xCoord>415</xCoord>
        <yCoord>245</yCoord>
      </locus>
    </nonNodule>
  </readingSession>
<readingSession>
<annotationVersion>3.12</annotationVersion>
<servicingRadiologistID>anon</servicingRadiologistID>
<unblindedReadNodule>
<noduleID>162774</noduleID>
<roi>
<imageZposition>-162.75</imageZposition>
<imageSOP_UID>1.3.6.1.4.1.14519.5.2.1.6279.6001.382638059960854620128795710405</imageSOP_UID>
<inclusion>TRUE</inclusion>
<edgeMap>
<xCoord>420</xCoord>
<yCoord>247</yCoord>
</edgeMap>
</roi>
</unblindedReadNodule>
<unblindedReadNodule>
<noduleID>162780</noduleID>
<roi>
<imageZposition>-87.75</imageZposition>
<imageSOP_UID>1.3.6.1.4.1.14519.5.2.1.6279.6001.270977470341446363541806377232</imageSOP_UID>
<inclusion>TRUE</inclusion>
<edgeMap>
<xCoord>302</xCoord>
<yCoord>335</yCoord>
</edgeMap>
</roi>
</unblindedReadNodule>
<unblindedReadNodule>
<noduleID>162777</noduleID>
<roi>
<imageZposition>-92.75</imageZposition>
<imageSOP_UID>1.3.6.1.4.1.14519.5.2.1.6279.6001.171540643517318101457640805589</imageSOP_UID>
<inclusion>TRUE</inclusion>
<edgeMap>
<xCoord>321</xCoord>
<yCoord>354</yCoord>
</edgeMap>
</roi>
</unblindedReadNodule>
<unblindedReadNodule>
<noduleID>162770</noduleID>
<characteristics>
<subtlety>5</subtlety>
<internalStructure>1</internalStructure>
<calcification>6</calcification>
<sphericity>2</sphericity>
<margin>3</margin>
<lobulation>3</lobulation>
<spiculation>2</spiculation>
<texture>5</texture>
<malignancy>3</malignancy>
</characteristics>
<roi>
<imageZposition>-150.25</imageZposition>
<imageSOP_UID>1.3.6.1.4.1.14519.5.2.1.6279.6001.227120953759503358084711519760</imageSOP_UID>
<inclusion>TRUE</inclusion>
<edgeMap>
<xCoord>152</xCoord>
<yCoord>218</yCoord>
</edgeMap>
<edgeMap>
<xCoord>153</xCoord>
<yCoord>217</yCoord>
</edgeMap>
<edgeMap>
<xCoord>153</xCoord>
<yCoord>216</yCoord>
</edgeMap>
<edgeMap>
<xCoord>153</xCoord>
<yCoord>215</yCoord>
</edgeMap>
<edgeMap>
<xCoord>153</xCoord>
<yCoord>214</yCoord>
</edgeMap>
<edgeMap>
<xCoord>153</xCoord>
<yCoord>213</yCoord>
</edgeMap>
<edgeMap>
<xCoord>153</xCoord>
<yCoord>212</yCoord>
</edgeMap>
<edgeMap>
<xCoord>153</xCoord>
<yCoord>211</yCoord>
</edgeMap>
<edgeMap>
<xCoord>153</xCoord>
<yCoord>210</yCoord>
</edgeMap>
<edgeMap>
<xCoord>152</xCoord>
<yCoord>209</yCoord>
</edgeMap>
<edgeMap>
<xCoord>151</xCoord>
<yCoord>209</yCoord>
</edgeMap>
<edgeMap>
<xCoord>150</xCoord>
<yCoord>208</yCoord>
</edgeMap>
<edgeMap>
<xCoord>149</xCoord>
<yCoord>208</yCoord>
</edgeMap>
<edgeMap>
<xCoord>148</xCoord>
<yCoord>208</yCoord>
</edgeMap>
<edgeMap>
<xCoord>147</xCoord>
<yCoord>208</yCoord>
</edgeMap>
<edgeMap>
<xCoord>146</xCoord>
<yCoord>209</yCoord>
</edgeMap>
<edgeMap>
<xCoord>145</xCoord>
<yCoord>210</yCoord>
</edgeMap>
<edgeMap>
<xCoord>144</xCoord>
<yCoord>211</yCoord>
</edgeMap>
<edgeMap>
<xCoord>144</xCoord>
<yCoord>212</yCoord>
</edgeMap>
<edgeMap>
<xCoord>144</xCoord>
<yCoord>213</yCoord>
</edgeMap>
<edgeMap>
<xCoord>144</xCoord>
<yCoord>214</yCoord>
</edgeMap>
<edgeMap>
<xCoord>144</xCoord>
<yCoord>215</yCoord>
</edgeMap>
<edgeMap>
<xCoord>145</xCoord>
<yCoord>216</yCoord>
</edgeMap>
<edgeMap>
<xCoord>146</xCoord>
<yCoord>217</yCoord>
</edgeMap>
<edgeMap>
<xCoord>147</xCoord>
<yCoord>218</yCoord>
</edgeMap>
<edgeMap>
<xCoord>148</xCoord>
<yCoord>218</yCoord>
</edgeMap>
<edgeMap>
<xCoord>149</xCoord>
<yCoord>218</yCoord>
</edgeMap>
<edgeMap>
<xCoord>150</xCoord>
<yCoord>218</yCoord>
</edgeMap>
<edgeMap>
<xCoord>151</xCoord>
<yCoord>218</yCoord>
</edgeMap>
<edgeMap>
<xCoord>152</xCoord>
<yCoord>218</yCoord>
</edgeMap>
</roi>
<roi>
<imageZposition>-152.75</imageZposition>
<imageSOP_UID>1.3.6.1.4.1.14519.5.2.1.6279.6001.117656545988982362259572565870</imageSOP_UID>
<inclusion>TRUE</inclusion>
<edgeMap>
<xCoord>150</xCoord>
<yCoord>219</yCoord>
</edgeMap>
<edgeMap>
<xCoord>151</xCoord>
<yCoord>218</yCoord>
</edgeMap>
<edgeMap>
<xCoord>152</xCoord>
<yCoord>218</yCoord>
</edgeMap>
<edgeMap>
<xCoord>153</xCoord>
<yCoord>218</yCoord>
</edgeMap>
<edgeMap>
<xCoord>154</xCoord>
<yCoord>217</yCoord>
</edgeMap>
<edgeMap>
<xCoord>155</xCoord>
<yCoord>216</yCoord>
</edgeMap>
<edgeMap>
<xCoord>155</xCoord>
<yCoord>215</yCoord>
</edgeMap>
<edgeMap>
<xCoord>155</xCoord>
<yCoord>214</yCoord>
</edgeMap>
<edgeMap>
<xCoord>155</xCoord>
<yCoord>213</yCoord>
</edgeMap>
<edgeMap>
<xCoord>155</xCoord>
<yCoord>212</yCoord>
</edgeMap>
<edgeMap>
<xCoord>155</xCoord>
<yCoord>211</yCoord>
</edgeMap>
<edgeMap>
<xCoord>154</xCoord>
<yCoord>210</yCoord>
</edgeMap>
<edgeMap>
<xCoord>153</xCoord>
<yCoord>209</yCoord>
</edgeMap>
<edgeMap>
<xCoord>152</xCoord>
<yCoord>208</yCoord>
</edgeMap>
<edgeMap>
<xCoord>151</xCoord>
<yCoord>208</yCoord>
</edgeMap>
<edgeMap>
<xCoord>150</xCoord>
<yCoord>207</yCoord>
</edgeMap>
<edgeMap>
<xCoord>149</xCoord>
<yCoord>206</yCoord>
</edgeMap>
<edgeMap>
<xCoord>148</xCoord>
<yCoord>206</yCoord>
</edgeMap>
<edgeMap>
<xCoord>147</xCoord>
<yCoord>206</yCoord>
</edgeMap>
<edgeMap>
<xCoord>146</xCoord>
<yCoord>205</yCoord>
</edgeMap>
<edgeMap>
<xCoord>145</xCoord>
<yCoord>206</yCoord>
</edgeMap>
<edgeMap>
<xCoord>144</xCoord>
<yCoord>207</yCoord>
</edgeMap>
<edgeMap>
<xCoord>144</xCoord>
<yCoord>208</yCoord>
</edgeMap>
<edgeMap>
<xCoord>143</xCoord>
<yCoord>209</yCoord>
</edgeMap>
<edgeMap>
<xCoord>143</xCoord>
<yCoord>210</yCoord>
</edgeMap>
<edgeMap>
<xCoord>143</xCoord>
<yCoord>211</yCoord>
</edgeMap>
<edgeMap>
<xCoord>143</xCoord>
<yCoord>212</yCoord>
</edgeMap>
<edgeMap>
<xCoord>143</xCoord>
<yCoord>213</yCoord>
</edgeMap>
<edgeMap>
<xCoord>144</xCoord>
<yCoord>214</yCoord>
</edgeMap>
<edgeMap>
<xCoord>145</xCoord>
<yCoord>215</yCoord>
</edgeMap>
<edgeMap>
<xCoord>146</xCoord>
<yCoord>215</yCoord>
</edgeMap>
<edgeMap>
<xCoord>147</xCoord>
<yCoord>215</yCoord>
</edgeMap>
<edgeMap>
<xCoord>148</xCoord>
<yCoord>216</yCoord>
</edgeMap>
<edgeMap>
<xCoord>148</xCoord>
<yCoord>217</yCoord>
</edgeMap>
<edgeMap>
<xCoord>149</xCoord>
<yCoord>218</yCoord>
</edgeMap>
<edgeMap>
<xCoord>150</xCoord>
<yCoord>219</yCoord>
</edgeMap>
</roi>
<roi>
<imageZposition>-155.25</imageZposition>
<imageSOP_UID>1.3.6.1.4.1.14519.5.2.1.6279.6001.244309970104897615519020068025</imageSOP_UID>
<inclusion>TRUE</inclusion>
<edgeMap>
<xCoord>155</xCoord>
<yCoord>219</yCoord>
</edgeMap>
<edgeMap>
<xCoord>156</xCoord>
<yCoord>218</yCoord>
</edgeMap>
<edgeMap>
<xCoord>156</xCoord>
<yCoord>217</yCoord>
</edgeMap>
<edgeMap>
<xCoord>156</xCoord>
<yCoord>216</yCoord>
</edgeMap>
<edgeMap>
<xCoord>156</xCoord>
<yCoord>215</yCoord>
</edgeMap>
<edgeMap>
<xCoord>156</xCoord>
<yCoord>214</yCoord>
</edgeMap>
<edgeMap>
<xCoord>156</xCoord>
<yCoord>213</yCoord>
</edgeMap>
<edgeMap>
<xCoord>156</xCoord>
<yCoord>212</yCoord>
</edgeMap>
<edgeMap>
<xCoord>155</xCoord>
<yCoord>211</yCoord>
</edgeMap>
<edgeMap>
<xCoord>154</xCoord>
<yCoord>210</yCoord>
</edgeMap>
<edgeMap>
<xCoord>153</xCoord>
<yCoord>209</yCoord>
</edgeMap>
<edgeMap>
<xCoord>152</xCoord>
<yCoord>208</yCoord>
</edgeMap>
<edgeMap>
<xCoord>151</xCoord>
<yCoord>208</yCoord>
</edgeMap>
<edgeMap>
<xCoord>150</xCoord>
<yCoord>207</yCoord>
</edgeMap>
<edgeMap>
<xCoord>149</xCoord>
<yCoord>206</yCoord>
</edgeMap>
<edgeMap>
<xCoord>148</xCoord>
<yCoord>205</yCoord>
</edgeMap>
<edgeMap>
<xCoord>147</xCoord>
<yCoord>205</yCoord>
</edgeMap>
<edgeMap>
<xCoord>146</xCoord>
<yCoord>205</yCoord>
</edgeMap>
<edgeMap>
<xCoord>145</xCoord>
<yCoord>205</yCoord>
</edgeMap>
<edgeMap>
<xCoord>144</xCoord>
<yCoord>205</yCoord>
</edgeMap>
<edgeMap>
<xCoord>143</xCoord>
<yCoord>206</yCoord>
</edgeMap>
<edgeMap>
<xCoord>143</xCoord>
<yCoord>207</yCoord>
</edgeMap>
<edgeMap>
<xCoord>142</xCoord>
<yCoord>208</yCoord>
</edgeMap>
<edgeMap>
<xCoord>142</xCoord>
<yCoord>209</yCoord>
</edgeMap>
<edgeMap>
<xCoord>142</xCoord>
<yCoord>210</yCoord>
</edgeMap>
<edgeMap>
<xCoord>142</xCoord>
<yCoord>211</yCoord>
</edgeMap>
<edgeMap>
<xCoord>142</xCoord>
<yCoord>212</yCoord>
</edgeMap>
<edgeMap>
<xCoord>142</xCoord>
<yCoord>213</yCoord>
</edgeMap>
<edgeMap>
<xCoord>143</xCoord>
<yCoord>214</yCoord>
</edgeMap>
<edgeMap>
<xCoord>144</xCoord>
<yCoord>215</yCoord>
</edgeMap>
<edgeMap>
<xCoord>145</xCoord>
<yCoord>216</yCoord>
</edgeMap>
<edgeMap>
<xCoord>146</xCoord>
<yCoord>217</yCoord>
</edgeMap>
<edgeMap>
<xCoord>147</xCoord>
<yCoord>218</yCoord>
</edgeMap>
<edgeMap>
<xCoord>148</xCoord>
<yCoord>218</yCoord>
</edgeMap>
<edgeMap>
<xCoord>149</xCoord>
<yCoord>218</yCoord>
</edgeMap>
<edgeMap>
<xCoord>150</xCoord>
<yCoord>218</yCoord>
</edgeMap>
<edgeMap>
<xCoord>151</xCoord>
<yCoord>218</yCoord>
</edgeMap>
<edgeMap>
<xCoord>152</xCoord>
<yCoord>219</yCoord>
</edgeMap>
<edgeMap>
<xCoord>153</xCoord>
<yCoord>219</yCoord>
</edgeMap>
<edgeMap>
<xCoord>154</xCoord>
<yCoord>219</yCoord>
</edgeMap>
<edgeMap>
<xCoord>155</xCoord>
<yCoord>219</yCoord>
</edgeMap>
</roi>
<roi>
<imageZposition>-157.75</imageZposition>
<imageSOP_UID>1.3.6.1.4.1.14519.5.2.1.6279.6001.435930038045490375455317719377</imageSOP_UID>
<inclusion>TRUE</inclusion>
<edgeMap>
<xCoord>151</xCoord>
<yCoord>217</yCoord>
</edgeMap>
<edgeMap>
<xCoord>152</xCoord>
<yCoord>216</yCoord>
</edgeMap>
<edgeMap>
<xCoord>153</xCoord>
<yCoord>215</yCoord>
</edgeMap>
<edgeMap>
<xCoord>153</xCoord>
<yCoord>214</yCoord>
</edgeMap>
<edgeMap>
<xCoord>153</xCoord>
<yCoord>213</yCoord>
</edgeMap>
<edgeMap>
<xCoord>153</xCoord>
<yCoord>212</yCoord>
</edgeMap>
<edgeMap>
<xCoord>153</xCoord>
<yCoord>211</yCoord>
</edgeMap>
<edgeMap>
<xCoord>153</xCoord>
<yCoord>210</yCoord>
</edgeMap>
<edgeMap>
<xCoord>152</xCoord>
<yCoord>209</yCoord>
</edgeMap>
<edgeMap>
<xCoord>151</xCoord>
<yCoord>208</yCoord>
</edgeMap>
<edgeMap>
<xCoord>150</xCoord>
<yCoord>207</yCoord>
</edgeMap>
<edgeMap>
<xCoord>149</xCoord>
<yCoord>207</yCoord>
</edgeMap>
<edgeMap>
<xCoord>148</xCoord>
<yCoord>207</yCoord>
</edgeMap>
<edgeMap>
<xCoord>147</xCoord>
<yCoord>208</yCoord>
</edgeMap>
<edgeMap>
<xCoord>146</xCoord>
<yCoord>208</yCoord>
</edgeMap>
<edgeMap>
<xCoord>145</xCoord>
<yCoord>208</yCoord>
</edgeMap>
<edgeMap>
<xCoord>144</xCoord>
<yCoord>209</yCoord>
</edgeMap>
<edgeMap>
<xCoord>143</xCoord>
<yCoord>210</yCoord>
</edgeMap>
<edgeMap>
<xCoord>143</xCoord>
<yCoord>211</yCoord>
</edgeMap>
<edgeMap>
<xCoord>143</xCoord>
<yCoord>212</yCoord>
</edgeMap>
<edgeMap>
<xCoord>143</xCoord>
<yCoord>213</yCoord>
</edgeMap>
<edgeMap>
<xCoord>144</xCoord>
<yCoord>214</yCoord>
</edgeMap>
<edgeMap>
<xCoord>144</xCoord>
<yCoord>215</yCoord>
</edgeMap>
<edgeMap>
<xCoord>145</xCoord>
<yCoord>216</yCoord>
</edgeMap>
<edgeMap>
<xCoord>146</xCoord>
<yCoord>216</yCoord>
</edgeMap>
<edgeMap>
<xCoord>147</xCoord>
<yCoord>217</yCoord>
</edgeMap>
<edgeMap>
<xCoord>148</xCoord>
<yCoord>217</yCoord>
</edgeMap>
<edgeMap>
<xCoord>149</xCoord>
<yCoord>217</yCoord>
</edgeMap>
<edgeMap>
<xCoord>150</xCoord>
<yCoord>217</yCoord>
</edgeMap>
<edgeMap>
<xCoord>151</xCoord>
<yCoord>217</yCoord>
</edgeMap>
</roi>
</unblindedReadNodule>
<unblindedReadNodule>
<noduleID>162782</noduleID>
<roi>
<imageZposition>-205.25</imageZposition>
<imageSOP_UID>1.3.6.1.4.1.14519.5.2.1.6279.6001.320057043495985027144403816213</imageSOP_UID>
<inclusion>TRUE</inclusion>
<edgeMap>
<xCoord>417</xCoord>
<yCoord>213</yCoord>
</edgeMap>
</roi>
</unblindedReadNodule>
<nonNodule>
<nonNoduleID>162784</nonNoduleID>
<imageZposition>-150.25</imageZposition>
<imageSOP_UID>1.3.6.1.4.1.14519.5.2.1.6279.6001.227120953759503358084711519760</imageSOP_UID>
<locus>
<xCoord>415</xCoord>
<yCoord>245</yCoord>
</locus>
</nonNodule>
<nonNodule>
<nonNoduleID>162785</nonNoduleID>
<imageZposition>-205.25</imageZposition>
<imageSOP_UID>1.3.6.1.4.1.14519.5.2.1.6279.6001.320057043495985027144403816213</imageSOP_UID>
<locus>
<xCoord>135</xCoord>
<yCoord>169</yCoord>
</locus>
</nonNodule>
</readingSession>
  <readingSession>
    <annotationVersion>3.12</annotationVersion>
    <servicingRadiologistID>anon</servicingRadiologistID>
    <unblindedReadNodule>
      <noduleID>Nodule 001</noduleID>
      <characteristics>
        <subtlety>3</subtlety>
        <internalStructure>1</internalStructure>
        <calcification>6</calcification>
        <sphericity>4</sphericity>
        <margin>5</margin>
        <lobulation>1</lobulation>
        <spiculation>1</spiculation>
        <texture>5</texture>
        <malignancy>2</malignancy>
      </characteristics>
      <roi>
        <imageZposition>-162.750000 </imageZposition>
        <imageSOP_UID>1.3.6.1.4.1.14519.5.2.1.6279.6001.382638059960854620128795710405</imageSOP_UID>
        <inclusion>TRUE</inclusion>
        <edgeMap>
          <xCoord>421</xCoord>
          <yCoord>242</yCoord>
        </edgeMap>
        <edgeMap>
          <xCoord>420</xCoord>
          <yCoord>243</yCoord>
        </edgeMap>
        <edgeMap>
          <xCoord>419</xCoord>
          <yCoord>244</yCoord>
        </edgeMap>
        <edgeMap>
          <xCoord>418</xCoord>
          <yCoord>245</yCoord>
        </edgeMap>
        <edgeMap>
          <xCoord>417</xCoord>
          <yCoord>246</yCoord>
        </edgeMap>
        <edgeMap>
          <xCoord>417</xCoord>
          <yCoord>247</yCoord>
        </edgeMap>
        <edgeMap>
          <xCoord>417</xCoord>
          <yCoord>248</yCoord>
        </edgeMap>
        <edgeMap>
          <xCoord>418</xCoord>
          <yCoord>249</yCoord>
        </edgeMap>
        <edgeMap>
          <xCoord>419</xCoord>
          <yCoord>250</yCoord>
        </edgeMap>
        <edgeMap>
          <xCoord>420</xCoord>
          <yCoord>250</yCoord>
        </edgeMap>
        <edgeMap>
          <xCoord>421</xCoord>
          <yCoord>249</yCoord>
        </edgeMap>
        <edgeMap>
          <xCoord>422</xCoord>
          <yCoord>248</yCoord>
        </edgeMap>
        <edgeMap>
          <xCoord>423</xCoord>
          <yCoord>247</yCoord>
        </edgeMap>
        <edgeMap>
          <xCoord>424</xCoord>
          <yCoord>246</yCoord>
        </edgeMap>
        <edgeMap>
          <xCoord>424</xCoord>
          <yCoord>245</yCoord>
        </edgeMap>
        <edgeMap>
          <xCoord>423</xCoord>
          <yCoord>244</yCoord>
        </edgeMap>
        <edgeMap>
          <xCoord>423</xCoord>
          <yCoord>243</yCoord>
        </edgeMap>
        <edgeMap>
          <xCoord>422</xCoord>
          <yCoord>242</yCoord>
        </edgeMap>
        <edgeMap>
          <xCoord>421</xCoord>
          <yCoord>242</yCoord>
        </edgeMap>
      </roi>
      <roi>
        <imageZposition>-160.250000 </imageZposition>
        <imageSOP_UID>1.3.6.1.4.1.14519.5.2.1.6279.6001.307346053223467822919471771038</imageSOP_UID>
        <inclusion>TRUE</inclusion>
        <edgeMap>
          <xCoord>420</xCoord>
          <yCoord>244</yCoord>
        </edgeMap>
        <edgeMap>
          <xCoord>419</xCoord>
          <yCoord>245</yCoord>
        </edgeMap>
        <edgeMap>
          <xCoord>418</xCoord>
          <yCoord>246</yCoord>
        </edgeMap>
        <edgeMap>
          <xCoord>419</xCoord>
          <yCoord>247</yCoord>
        </edgeMap>
        <edgeMap>
          <xCoord>420</xCoord>
          <yCoord>248</yCoord>
        </edgeMap>
        <edgeMap>
          <xCoord>421</xCoord>
          <yCoord>249</yCoord>
        </edgeMap>
        <edgeMap>
          <xCoord>422</xCoord>
          <yCoord>249</yCoord>
        </edgeMap>
        <edgeMap>
          <xCoord>423</xCoord>
          <yCoord>248</yCoord>
        </edgeMap>
        <edgeMap>
          <xCoord>422</xCoord>
          <yCoord>247</yCoord>
        </edgeMap>
        <edgeMap>
          <xCoord>422</xCoord>
          <yCoord>246</yCoord>
        </edgeMap>
        <edgeMap>
          <xCoord>421</xCoord>
          <yCoord>245</yCoord>
        </edgeMap>
        <edgeMap>
          <xCoord>420</xCoord>
          <yCoord>244</yCoord>
        </edgeMap>
      </roi>
    </unblindedReadNodule>
    <unblindedReadNodule>
      <noduleID>Nodule 005</noduleID>
      <characteristics>
        <subtlety>3</subtlety>
        <internalStructure>1</internalStructure>
        <calcification>6</calcification>
        <sphericity>3</sphericity>
        <margin>5</margin>
        <lobulation>1</lobulation>
        <spiculation>1</spiculation>
        <texture>5</texture>
        <malignancy>2</malignancy>
      </characteristics>
      <roi>
        <imageZposition>-157.750000 </imageZposition>
        <imageSOP_UID>1.3.6.1.4.1.14519.5.2.1.6279.6001.435930038045490375455317719377</imageSOP_UID>
        <inclusion>TRUE</inclusion>
        <edgeMap>
          <xCoord>146</xCoord>
          <yCoord>207</yCoord>
        </edgeMap>
        <edgeMap>
          <xCoord>145</xCoord>
          <yCoord>208</yCoord>
        </edgeMap>
        <edgeMap>
          <xCoord>144</xCoord>
          <yCoord>209</yCoord>
        </edgeMap>
        <edgeMap>
          <xCoord>144</xCoord>
          <yCoord>210</yCoord>
        </edgeMap>
        <edgeMap>
          <xCoord>144</xCoord>
          <yCoord>211</yCoord>
        </edgeMap>
        <edgeMap>
          <xCoord>144</xCoord>
          <yCoord>212</yCoord>
        </edgeMap>
        <edgeMap>
          <xCoord>145</xCoord>
          <yCoord>213</yCoord>
        </edgeMap>
        <edgeMap>
          <xCoord>145</xCoord>
          <yCoord>214</yCoord>
        </edgeMap>
        <edgeMap>
          <xCoord>146</xCoord>
          <yCoord>215</yCoord>
        </edgeMap>
        <edgeMap>
          <xCoord>147</xCoord>
          <yCoord>215</yCoord>
        </edgeMap>
        <edgeMap>
          <xCoord>148</xCoord>
          <yCoord>216</yCoord>
        </edgeMap>
        <edgeMap>
          <xCoord>149</xCoord>
          <yCoord>217</yCoord>
        </edgeMap>
        <edgeMap>
          <xCoord>150</xCoord>
          <yCoord>217</yCoord>
        </edgeMap>
        <edgeMap>
          <xCoord>151</xCoord>
          <yCoord>217</yCoord>
        </edgeMap>
        <edgeMap>
          <xCoord>152</xCoord>
          <yCoord>217</yCoord>
        </edgeMap>
        <edgeMap>
          <xCoord>153</xCoord>
          <yCoord>216</yCoord>
        </edgeMap>
        <edgeMap>
          <xCoord>153</xCoord>
          <yCoord>215</yCoord>
        </edgeMap>
        <edgeMap>
          <xCoord>153</xCoord>
          <yCoord>214</yCoord>
        </edgeMap>
        <edgeMap>
          <xCoord>152</xCoord>
          <yCoord>213</yCoord>
        </edgeMap>
        <edgeMap>
          <xCoord>152</xCoord>
          <yCoord>212</yCoord>
        </edgeMap>
        <edgeMap>
          <xCoord>151</xCoord>
          <yCoord>211</yCoord>
        </edgeMap>
        <edgeMap>
          <xCoord>150</xCoord>
          <yCoord>210</yCoord>
        </edgeMap>
        <edgeMap>
          <xCoord>150</xCoord>
          <yCoord>209</yCoord>
        </edgeMap>
        <edgeMap>
          <xCoord>150</xCoord>
          <yCoord>208</yCoord>
        </edgeMap>
        <edgeMap>
          <xCoord>149</xCoord>
          <yCoord>207</yCoord>
        </edgeMap>
        <edgeMap>
          <xCoord>148</xCoord>
          <yCoord>207</yCoord>
        </edgeMap>
        <edgeMap>
          <xCoord>147</xCoord>
          <yCoord>207</yCoord>
        </edgeMap>
        <edgeMap>
          <xCoord>146</xCoord>
          <yCoord>207</yCoord>
        </edgeMap>
      </roi>
      <roi>
        <imageZposition>-155.250000 </imageZposition>
        <imageSOP_UID>1.3.6.1.4.1.14519.5.2.1.6279.6001.244309970104897615519020068025</imageSOP_UID>
        <inclusion>TRUE</inclusion>
        <edgeMap>
          <xCoord>144</xCoord>
          <yCoord>206</yCoord>
        </edgeMap>
        <edgeMap>
          <xCoord>143</xCoord>
          <yCoord>207</yCoord>
        </edgeMap>
        <edgeMap>
          <xCoord>143</xCoord>
          <yCoord>208</yCoord>
        </edgeMap>
        <edgeMap>
          <xCoord>143</xCoord>
          <yCoord>209</yCoord>
        </edgeMap>
        <edgeMap>
          <xCoord>143</xCoord>
          <yCoord>210</yCoord>
        </edgeMap>
        <edgeMap>
          <xCoord>143</xCoord>
          <yCoord>211</yCoord>
        </edgeMap>
        <edgeMap>
          <xCoord>143</xCoord>
          <yCoord>212</yCoord>
        </edgeMap>
        <edgeMap>
          <xCoord>144</xCoord>
          <yCoord>213</yCoord>
        </edgeMap>
        <edgeMap>
          <xCoord>145</xCoord>
          <yCoord>214</yCoord>
        </edgeMap>
        <edgeMap>
          <xCoord>146</xCoord>
          <yCoord>215</yCoord>
        </edgeMap>
        <edgeMap>
          <xCoord>147</xCoord>
          <yCoord>216</yCoord>
        </edgeMap>
        <edgeMap>
          <xCoord>148</xCoord>
          <yCoord>217</yCoord>
        </edgeMap>
        <edgeMap>
          <xCoord>149</xCoord>
          <yCoord>218</yCoord>
        </edgeMap>
        <edgeMap>
          <xCoord>150</xCoord>
          <yCoord>218</yCoord>
        </edgeMap>
        <edgeMap>
          <xCoord>151</xCoord>
          <yCoord>218</yCoord>
        </edgeMap>
        <edgeMap>
          <xCoord>152</xCoord>
          <yCoord>218</yCoord>
        </edgeMap>
        <edgeMap>
          <xCoord>153</xCoord>
          <yCoord>218</yCoord>
        </edgeMap>
        <edgeMap>
          <xCoord>154</xCoord>
          <yCoord>218</yCoord>
        </edgeMap>
        <edgeMap>
          <xCoord>155</xCoord>
          <yCoord>217</yCoord>
        </edgeMap>
        <edgeMap>
          <xCoord>155</xCoord>
          <yCoord>216</yCoord>
        </edgeMap>
        <edgeMap>
          <xCoord>155</xCoord>
          <yCoord>215</yCoord>
        </edgeMap>
        <edgeMap>
          <xCoord>155</xCoord>
          <yCoord>214</yCoord>
        </edgeMap>
        <edgeMap>
          <xCoord>155</xCoord>
          <yCoord>213</yCoord>
        </edgeMap>
        <edgeMap>
          <xCoord>154</xCoord>
          <yCoord>212</yCoord>
        </edgeMap>
        <edgeMap>
          <xCoord>154</xCoord>
          <yCoord>211</yCoord>
        </edgeMap>
        <edgeMap>
          <xCoord>153</xCoord>
          <yCoord>210</yCoord>
        </edgeMap>
        <edgeMap>
          <xCoord>152</xCoord>
          <yCoord>209</yCoord>
        </edgeMap>
        <edgeMap>
          <xCoord>151</xCoord>
          <yCoord>208</yCoord>
        </edgeMap>
        <edgeMap>
          <xCoord>151</xCoord>
          <yCoord>207</yCoord>
        </edgeMap>
        <edgeMap>
          <xCoord>150</xCoord>
          <yCoord>206</yCoord>
        </edgeMap>
        <edgeMap>
          <xCoord>149</xCoord>
          <yCoord>206</yCoord>
        </edgeMap>
        <edgeMap>
          <xCoord>148</xCoord>
          <yCoord>206</yCoord>
        </edgeMap>
        <edgeMap>
          <xCoord>147</xCoord>
          <yCoord>206</yCoord>
        </edgeMap>
        <edgeMap>
          <xCoord>146</xCoord>
          <yCoord>206</yCoord>
        </edgeMap>
        <edgeMap>
          <xCoord>145</xCoord>
          <yCoord>206</yCoord>
        </edgeMap>
        <edgeMap>
          <xCoord>144</xCoord>
          <yCoord>206</yCoord>
        </edgeMap>
      </roi>
      <roi>
        <imageZposition>-152.750000 </imageZposition>
        <imageSOP_UID>1.3.6.1.4.1.14519.5.2.1.6279.6001.117656545988982362259572565870</imageSOP_UID>
        <inclusion>TRUE</inclusion>
        <edgeMap>
          <xCoord>146</xCoord>
          <yCoord>206</yCoord>
        </edgeMap>
        <edgeMap>
          <xCoord>145</xCoord>
          <yCoord>207</yCoord>
        </edgeMap>
        <edgeMap>
          <xCoord>144</xCoord>
          <yCoord>208</yCoord>
        </edgeMap>
        <edgeMap>
          <xCoord>144</xCoord>
          <yCoord>209</yCoord>
        </edgeMap>
        <edgeMap>
          <xCoord>144</xCoord>
          <yCoord>210</yCoord>
        </edgeMap>
        <edgeMap>
          <xCoord>143</xCoord>
          <yCoord>211</yCoord>
        </edgeMap>
        <edgeMap>
          <xCoord>144</xCoord>
          <yCoord>212</yCoord>
        </edgeMap>
        <edgeMap>
          <xCoord>144</xCoord>
          <yCoord>213</yCoord>
        </edgeMap>
        <edgeMap>
          <xCoord>145</xCoord>
          <yCoord>214</yCoord>
        </edgeMap>
        <edgeMap>
          <xCoord>146</xCoord>
          <yCoord>215</yCoord>
        </edgeMap>
        <edgeMap>
          <xCoord>147</xCoord>
          <yCoord>216</yCoord>
        </edgeMap>
        <edgeMap>
          <xCoord>148</xCoord>
          <yCoord>217</yCoord>
        </edgeMap>
        <edgeMap>
          <xCoord>149</xCoord>
          <yCoord>218</yCoord>
        </edgeMap>
        <edgeMap>
          <xCoord>150</xCoord>
          <yCoord>218</yCoord>
        </edgeMap>
        <edgeMap>
          <xCoord>151</xCoord>
          <yCoord>219</yCoord>
        </edgeMap>
        <edgeMap>
          <xCoord>152</xCoord>
          <yCoord>219</yCoord>
        </edgeMap>
        <edgeMap>
          <xCoord>153</xCoord>
          <yCoord>219</yCoord>
        </edgeMap>
        <edgeMap>
          <xCoord>154</xCoord>
          <yCoord>218</yCoord>
        </edgeMap>
        <edgeMap>
          <xCoord>155</xCoord>
          <yCoord>217</yCoord>
        </edgeMap>
        <edgeMap>
          <xCoord>155</xCoord>
          <yCoord>216</yCoord>
        </edgeMap>
        <edgeMap>
          <xCoord>155</xCoord>
          <yCoord>215</yCoord>
        </edgeMap>
        <edgeMap>
          <xCoord>154</xCoord>
          <yCoord>214</yCoord>
        </edgeMap>
        <edgeMap>
          <xCoord>154</xCoord>
          <yCoord>213</yCoord>
        </edgeMap>
        <edgeMap>
          <xCoord>153</xCoord>
          <yCoord>212</yCoord>
        </edgeMap>
        <edgeMap>
          <xCoord>153</xCoord>
          <yCoord>211</yCoord>
        </edgeMap>
        <edgeMap>
          <xCoord>153</xCoord>
          <yCoord>210</yCoord>
        </edgeMap>
        <edgeMap>
          <xCoord>152</xCoord>
          <yCoord>209</yCoord>
        </edgeMap>
        <edgeMap>
          <xCoord>152</xCoord>
          <yCoord>208</yCoord>
        </edgeMap>
        <edgeMap>
          <xCoord>151</xCoord>
          <yCoord>207</yCoord>
        </edgeMap>
        <edgeMap>
          <xCoord>150</xCoord>
          <yCoord>206</yCoord>
        </edgeMap>
        <edgeMap>
          <xCoord>149</xCoord>
          <yCoord>206</yCoord>
        </edgeMap>
        <edgeMap>
          <xCoord>148</xCoord>
          <yCoord>206</yCoord>
        </edgeMap>
        <edgeMap>
          <xCoord>147</xCoord>
          <yCoord>206</yCoord>
        </edgeMap>
        <edgeMap>
          <xCoord>146</xCoord>
          <yCoord>206</yCoord>
        </edgeMap>
      </roi>
      <roi>
        <imageZposition>-150.250000 </imageZposition>
        <imageSOP_UID>1.3.6.1.4.1.14519.5.2.1.6279.6001.227120953759503358084711519760</imageSOP_UID>
        <inclusion>TRUE</inclusion>
        <edgeMap>
          <xCoord>147</xCoord>
          <yCoord>209</yCoord>
        </edgeMap>
        <edgeMap>
          <xCoord>146</xCoord>
          <yCoord>210</yCoord>
        </edgeMap>
        <edgeMap>
          <xCoord>145</xCoord>
          <yCoord>211</yCoord>
        </edgeMap>
        <edgeMap>
          <xCoord>144</xCoord>
          <yCoord>212</yCoord>
        </edgeMap>
        <edgeMap>
          <xCoord>144</xCoord>
          <yCoord>213</yCoord>
        </edgeMap>
        <edgeMap>
          <xCoord>144</xCoord>
          <yCoord>214</yCoord>
        </edgeMap>
        <edgeMap>
          <xCoord>145</xCoord>
          <yCoord>215</yCoord>
        </edgeMap>
        <edgeMap>
          <xCoord>146</xCoord>
          <yCoord>216</yCoord>
        </edgeMap>
        <edgeMap>
          <xCoord>147</xCoord>
          <yCoord>217</yCoord>
        </edgeMap>
        <edgeMap>
          <xCoord>148</xCoord>
          <yCoord>218</yCoord>
        </edgeMap>
        <edgeMap>
          <xCoord>149</xCoord>
          <yCoord>218</yCoord>
        </edgeMap>
        <edgeMap>
          <xCoord>150</xCoord>
          <yCoord>218</yCoord>
        </edgeMap>
        <edgeMap>
          <xCoord>151</xCoord>
          <yCoord>218</yCoord>
        </edgeMap>
        <edgeMap>
          <xCoord>152</xCoord>
          <yCoord>217</yCoord>
        </edgeMap>
        <edgeMap>
          <xCoord>152</xCoord>
          <yCoord>216</yCoord>
        </edgeMap>
        <edgeMap>
          <xCoord>152</xCoord>
          <yCoord>215</yCoord>
        </edgeMap>
        <edgeMap>
          <xCoord>152</xCoord>
          <yCoord>214</yCoord>
        </edgeMap>
        <edgeMap>
          <xCoord>152</xCoord>
          <yCoord>213</yCoord>
        </edgeMap>
        <edgeMap>
          <xCoord>152</xCoord>
          <yCoord>212</yCoord>
        </edgeMap>
        <edgeMap>
          <xCoord>152</xCoord>
          <yCoord>211</yCoord>
        </edgeMap>
        <edgeMap>
          <xCoord>152</xCoord>
          <yCoord>210</yCoord>
        </edgeMap>
        <edgeMap>
          <xCoord>151</xCoord>
          <yCoord>209</yCoord>
        </edgeMap>
        <edgeMap>
          <xCoord>150</xCoord>
          <yCoord>209</yCoord>
        </edgeMap>
        <edgeMap>
          <xCoord>149</xCoord>
          <yCoord>209</yCoord>
        </edgeMap>
        <edgeMap>
          <xCoord>148</xCoord>
          <yCoord>209</yCoord>
        </edgeMap>
        <edgeMap>
          <xCoord>147</xCoord>
          <yCoord>209</yCoord>
        </edgeMap>
      </roi>
    </unblindedReadNodule>
    <unblindedReadNodule>
      <noduleID>Nodule 002</noduleID>
      <roi>
        <imageZposition>-92.750000</imageZposition>
        <imageSOP_UID>1.3.6.1.4.1.14519.5.2.1.6279.6001.171540643517318101457640805589</imageSOP_UID>
        <inclusion>TRUE</inclusion>
        <edgeMap>
          <xCoord>321</xCoord>
          <yCoord>354</yCoord>
        </edgeMap>
      </roi>
    </unblindedReadNodule>
    <unblindedReadNodule>
      <noduleID>Nodule 003</noduleID>
      <roi>
        <imageZposition>-87.750000</imageZposition>
        <imageSOP_UID>1.3.6.1.4.1.14519.5.2.1.6279.6001.270977470341446363541806377232</imageSOP_UID>
        <inclusion>TRUE</inclusion>
        <edgeMap>
          <xCoord>302</xCoord>
          <yCoord>335</yCoord>
        </edgeMap>
      </roi>
    </unblindedReadNodule>
    <unblindedReadNodule>
      <noduleID>Nodule 004</noduleID>
      <roi>
        <imageZposition>-150.250000 </imageZposition>
        <imageSOP_UID>1.3.6.1.4.1.14519.5.2.1.6279.6001.227120953759503358084711519760</imageSOP_UID>
        <inclusion>TRUE</inclusion>
        <edgeMap>
          <xCoord>413</xCoord>
          <yCoord>244</yCoord>
        </edgeMap>
      </roi>
    </unblindedReadNodule>
    <nonNodule>
      <nonNoduleID>_Non-nodule 001</nonNoduleID>
      <imageZposition>-205.250000 </imageZposition>
      <imageSOP_UID>1.3.6.1.4.1.14519.5.2.1.6279.6001.320057043495985027144403816213</imageSOP_UID>
      <locus>
        <xCoord>135</xCoord>
        <yCoord>169</yCoord>
      </locus>
    </nonNodule>
  </readingSession>
</LidcReadMessage>