<?xml version="1.0" encoding="UTF-8"?>
<LidcReadMessage uid="1.3.6.1.4.1.14519.5.2.1.6279.6001.1307390714129.0" xmlns="http://www.nih.gov" xmlns:xsi="http://www.w3.org/2001/XMLSchema-instance" xsi:schemaLocation="http://www.nih.gov       http://troll.rad.med.umich.edu/lidc/LidcReadMessage.xsd">
  <ResponseHeader>
    <Version>1.8</Version>
    <MessageId>UM1.3.6.1.4.1.9328.50.12.366618</MessageId>
    <DateRequest>2008-12-10</DateRequest>
    <TimeRequest>00:00:00</TimeRequest>
    <RequestingSite>removed</RequestingSite>
    <ServicingSite>removed</ServicingSite>
    <TaskDescription>Second unblinded read</TaskDescription>
    <CtImageFile>removed</CtImageFile>
    <SeriesInstanceUid>1.3.6.1.4.1.14519.5.2.1.6279.6001.268838889380981659524993261082</SeriesInstanceUid>
    <DateService>2008-12-10</DateService>
    <TimeService>00:00:00</TimeService>
    <ResponseDescription>1 - Reading complete</ResponseDescription>
  <StudyInstanceUID>1.3.6.1.4.1.14519.5.2.1.6279.6001.178508585973524477692282321864</StudyInstanceUID></ResponseHeader>
	<readingSession>
		<annotationVersion>3.12</annotationVersion>
		<servicingRadiologistID>anon</servicingRadiologistID>
			<unblindedReadNodule>
				<noduleID>0</noduleID>
				<roi>
					<imageZposition>-63.75</imageZposition>
					<imageSOP_UID>1.3.6.1.4.1.14519.5.2.1.6279.6001.284169596975163844874284887564</imageSOP_UID>
					<inclusion>TRUE</inclusion>
					<edgeMap>
					<xCoord>163</xCoord>
					<yCoord>222</yCoord>
					</edgeMap>
				</roi>
			</unblindedReadNodule>
			<unblindedReadNodule>
				<noduleID>1</noduleID>
				<roi>
					<imageZposition>-181.25</imageZposition>
					<imageSOP_UID>1.3.6.1.4.1.14519.5.2.1.6279.6001.317041049015012628639462177952</imageSOP_UID>
					<inclusion>TRUE</inclusion>
					<edgeMap>
					<xCoord>285</xCoord>
					<yCoord>349</yCoord>
					</edgeMap>
				</roi>
			</unblindedReadNodule>
			<nonNodule>
				<nonNoduleID>2</nonNoduleID>
				<imageZposition>-111.25</imageZposition>
				<imageSOP_UID>1.3.6.1.4.1.14519.5.2.1.6279.6001.154631428950449975627311567036</imageSOP_UID>
				<locus>
					<xCoord>219</xCoord>
					<yCoord>302</yCoord>
				</locus>
			</nonNodule>
			<nonNodule>
				<nonNoduleID>3</nonNoduleID>
				<imageZposition>-141.25</imageZposition>
				<imageSOP_UID>1.3.6.1.4.1.14519.5.2.1.6279.6001.596717447787480616783176752050</imageSOP_UID>
				<locus>
					<xCoord>211</xCoord>
					<yCoord>320</yCoord>
				</locus>
			</nonNodule>
	</readingSession>
  <readingSession>
    <annotationVersion>3.12</annotationVersion>
    <servicingRadiologistID>anon</servicingRadiologistID>
    <unblindedReadNodule>
      <noduleID>160532</noduleID>
      <roi>
        <imageZposition>-63.75</imageZposition>
        <imageSOP_UID>1.3.6.1.4.1.14519.5.2.1.6279.6001.284169596975163844874284887564</imageSOP_UID>
        <inclusion>TRUE</inclusion>
        <edgeMap>
          <xCoord>163</xCoord>
          <yCoord>221</yCoord>
        </edgeMap>
      </roi>
    </unblindedReadNodule>
    <unblindedReadNodule>
      <noduleID>160533</noduleID>
      <roi>
        <imageZposition>-181.25</imageZposition>
        <imageSOP_UID>1.3.6.1.4.1.14519.5.2.1.6279.6001.317041049015012628639462177952</imageSOP_UID>
        <inclusion>TRUE</inclusion>
        <edgeMap>
          <xCoord>285</xCoord>
          <yCoord>349</yCoord>
        </edgeMap>
      </roi>
    </unblindedReadNodule>
    <nonNodule>
      <nonNoduleID>160538</nonNoduleID>
      <imageZposition>-108.75</imageZposition>
      <imageSOP_UID>1.3.6.1.4.1.14519.5.2.1.6279.6001.105173620468190449329558186301</imageSOP_UID>
      <locus>
        <xCoord>217</xCoord>
        <yCoord>299</yCoord>
      </locus>
    </nonNodule>
    <nonNodule>
      <nonNoduleID>160539</nonNoduleID>
      <imageZposition>-148.75</imageZposition>
      <imageSOP_UID>1.3.6.1.4.1.14519.5.2.1.6279.6001.303979622677301154469558807044</imageSOP_UID>
      <locus>
        <xCoord>213</xCoord>
        <yCoord>322</yCoord>
      </locus>
    </nonNodule>
  </readingSession>
<readingSession>
<annotationVersion>3.12</annotationVersion>
<servicingRadiologistID>anon</servicingRadiologistID>
<unblindedReadNodule>
<noduleID>163024</noduleID>
<roi>
<imageZposition>-181.25</imageZposition>
<imageSOP_UID>1.3.6.1.4.1.14519.5.2.1.6279.6001.317041049015012628639462177952</imageSOP_UID>
<inclusion>TRUE</inclusion>
<edgeMap>
<xCoord>285</xCoord>
<yCoord>349</yCoord>
</edgeMap>
</roi>
</unblindedReadNodule>
<nonNodule>
<nonNoduleID>163027</nonNoduleID>
<imageZposition>-138.75</imageZposition>
<imageSOP_UID>1.3.6.1.4.1.14519.5.2.1.6279.6001.318031379384087713819115223381</imageSOP_UID>
<locus>
<xCoord>210</xCoord>
<yCoord>317</yCoord>
</locus>
</nonNodule>
<nonNodule>
<nonNoduleID>163028</nonNoduleID>
<imageZposition>-108.75</imageZposition>
<imageSOP_UID>1.3.6.1.4.1.14519.5.2.1.6279.6001.105173620468190449329558186301</imageSOP_UID>
<locus>
<xCoord>218</xCoord>
<yCoord>297</yCoord>
</locus>
</nonNodule>
<nonNodule>
<nonNoduleID>163025</nonNoduleID>
<imageZposition>-111.25</imageZposition>
<imageSOP_UID>1.3.6.1.4.1.14519.5.2.1.6279.6001.154631428950449975627311567036</imageSOP_UID>
<locus>
<xCoord>219</xCoord>
<yCoord>302</yCoord>
</locus>
</nonNodule>
<nonNodule>
<nonNoduleID>163026</nonNoduleID>
<imageZposition>-141.25</imageZposition>
<imageSOP_UID>1.3.6.1.4.1.14519.5.2.1.6279.6001.596717447787480616783176752050</imageSOP_UID>
<locus>
<xCoord>211</xCoord>
<yCoord>320</yCoord>
</locus>
</nonNodule>
<nonNodule>
<nonNoduleID>163030</nonNoduleID>
<imageZposition>-148.75</imageZposition>
<imageSOP_UID>1.3.6.1.4.1.14519.5.2.1.6279.6001.303979622677301154469558807044</imageSOP_UID>
<locus>
<xCoord>213</xCoord>
<yCoord>322</yCoord>
</locus>
</nonNodule>
<nonNodule>
<nonNoduleID>163031</nonNoduleID>
<imageZposition>-146.25</imageZposition>
<imageSOP_UID>1.3.6.1.4.1.14519.5.2.1.6279.6001.489767442916986017151397605262</imageSOP_UID>
<locus>
<xCoord>212</xCoord>
<yCoord>323</yCoord>
</locus>
</nonNodule>
</readingSession>
  <readingSession>
    <annotationVersion>3.12</annotationVersion>
    <servicingRadiologistID>anon</servicingRadiologistID>
    <unblindedReadNodule>
      <noduleID>Nodule 001</noduleID>
      <roi>
        <imageZposition>-63.750000</imageZposition>
        <imageSOP_UID>1.3.6.1.4.1.14519.5.2.1.6279.6001.284169596975163844874284887564</imageSOP_UID>
        <inclusion>TRUE</inclusion>
        <edgeMap>
          <xCoord>163</xCoord>
          <yCoord>221</yCoord>
        </edgeMap>
      </roi>
    </unblindedReadNodule>
    <nonNodule>
      <nonNoduleID>_Non-nodule 001</nonNoduleID>
      <imageZposition>-146.250000 </imageZposition>
      <imageSOP_UID>1.3.6.1.4.1.14519.5.2.1.6279.6001.489767442916986017151397605262</imageSOP_UID>
      <locus>
        <xCoord>212</xCoord>
        <yCoord>323</yCoord>
      </locus>
    </nonNodule>
  </readingSession>
</LidcReadMessage>