<?xml version="1.0" encoding="UTF-8"?>
<LidcReadMessage uid="1.3.6.1.4.1.14519.5.2.1.6279.6001.1307390733146.0" xmlns="http://www.nih.gov" xmlns:xsi="http://www.w3.org/2001/XMLSchema-instance" xsi:schemaLocation="http://www.nih.gov       http://troll.rad.med.umich.edu/lidc/LidcReadMessage.xsd">
  <ResponseHeader>
    <Version>1.8</Version>
    <MessageId>UM1.3.6.1.4.1.9328.50.12.253910</MessageId>
    <DateRequest>2008-04-28</DateRequest>
    <TimeRequest>00:00:00</TimeRequest>
    <RequestingSite>removed</RequestingSite>
    <ServicingSite>removed</ServicingSite>
    <TaskDescription>Second unblinded read</TaskDescription>
    <CtImageFile>removed</CtImageFile>
    <SeriesInstanceUid>1.3.6.1.4.1.14519.5.2.1.6279.6001.339142594937666268384335506819</SeriesInstanceUid>
    <DateService>2008-04-28</DateService>
    <TimeService>00:00:00</TimeService>
    <ResponseDescription>1 - Reading complete</ResponseDescription>
  <StudyInstanceUID>1.3.6.1.4.1.14519.5.2.1.6279.6001.337712862699308652663458299448</StudyInstanceUID></ResponseHeader>
	<readingSession>
		<annotationVersion>3.12</annotationVersion>
		<servicingRadiologistID>anon</servicingRadiologistID>
			<unblindedReadNodule>
				<noduleID>0</noduleID>
				<characteristics>
					<subtlety>3</subtlety>
					<internalStructure>1</internalStructure>
					<calcification>6</calcification>
					<sphericity>5</sphericity>
					<margin>5</margin>
					<lobulation>1</lobulation>
					<spiculation>1</spiculation>
					<texture>5</texture>
					<malignancy>2</malignancy>
				</characteristics>
				<roi>
					<imageZposition>-123.25</imageZposition>
					<imageSOP_UID>1.3.6.1.4.1.14519.5.2.1.6279.6001.117920443508761499663297914873</imageSOP_UID>
					<inclusion>TRUE</inclusion>
					<edgeMap>
					<xCoord>405</xCoord>
					<yCoord>242</yCoord>
					</edgeMap>
					<edgeMap>
					<xCoord>406</xCoord>
					<yCoord>241</yCoord>
					</edgeMap>
					<edgeMap>
					<xCoord>407</xCoord>
					<yCoord>240</yCoord>
					</edgeMap>
					<edgeMap>
					<xCoord>408</xCoord>
					<yCoord>239</yCoord>
					</edgeMap>
					<edgeMap>
					<xCoord>409</xCoord>
					<yCoord>239</yCoord>
					</edgeMap>
					<edgeMap>
					<xCoord>410</xCoord>
					<yCoord>239</yCoord>
					</edgeMap>
					<edgeMap>
					<xCoord>411</xCoord>
					<yCoord>239</yCoord>
					</edgeMap>
					<edgeMap>
					<xCoord>411</xCoord>
					<yCoord>238</yCoord>
					</edgeMap>
					<edgeMap>
					<xCoord>412</xCoord>
					<yCoord>239</yCoord>
					</edgeMap>
					<edgeMap>
					<xCoord>413</xCoord>
					<yCoord>239</yCoord>
					</edgeMap>
					<edgeMap>
					<xCoord>414</xCoord>
					<yCoord>240</yCoord>
					</edgeMap>
					<edgeMap>
					<xCoord>415</xCoord>
					<yCoord>240</yCoord>
					</edgeMap>
					<edgeMap>
					<xCoord>415</xCoord>
					<yCoord>241</yCoord>
					</edgeMap>
					<edgeMap>
					<xCoord>415</xCoord>
					<yCoord>242</yCoord>
					</edgeMap>
					<edgeMap>
					<xCoord>415</xCoord>
					<yCoord>243</yCoord>
					</edgeMap>
					<edgeMap>
					<xCoord>415</xCoord>
					<yCoord>244</yCoord>
					</edgeMap>
					<edgeMap>
					<xCoord>414</xCoord>
					<yCoord>245</yCoord>
					</edgeMap>
					<edgeMap>
					<xCoord>413</xCoord>
					<yCoord>246</yCoord>
					</edgeMap>
					<edgeMap>
					<xCoord>412</xCoord>
					<yCoord>246</yCoord>
					</edgeMap>
					<edgeMap>
					<xCoord>411</xCoord>
					<yCoord>247</yCoord>
					</edgeMap>
					<edgeMap>
					<xCoord>410</xCoord>
					<yCoord>246</yCoord>
					</edgeMap>
					<edgeMap>
					<xCoord>409</xCoord>
					<yCoord>246</yCoord>
					</edgeMap>
					<edgeMap>
					<xCoord>408</xCoord>
					<yCoord>246</yCoord>
					</edgeMap>
					<edgeMap>
					<xCoord>407</xCoord>
					<yCoord>245</yCoord>
					</edgeMap>
					<edgeMap>
					<xCoord>406</xCoord>
					<yCoord>244</yCoord>
					</edgeMap>
					<edgeMap>
					<xCoord>405</xCoord>
					<yCoord>243</yCoord>
					</edgeMap>
					<edgeMap>
					<xCoord>405</xCoord>
					<yCoord>242</yCoord>
					</edgeMap>
				</roi>
				<roi>
					<imageZposition>-125.75</imageZposition>
					<imageSOP_UID>1.3.6.1.4.1.14519.5.2.1.6279.6001.172786142387299102459391646712</imageSOP_UID>
					<inclusion>TRUE</inclusion>
					<edgeMap>
					<xCoord>404</xCoord>
					<yCoord>242</yCoord>
					</edgeMap>
					<edgeMap>
					<xCoord>404</xCoord>
					<yCoord>241</yCoord>
					</edgeMap>
					<edgeMap>
					<xCoord>405</xCoord>
					<yCoord>240</yCoord>
					</edgeMap>
					<edgeMap>
					<xCoord>406</xCoord>
					<yCoord>239</yCoord>
					</edgeMap>
					<edgeMap>
					<xCoord>406</xCoord>
					<yCoord>238</yCoord>
					</edgeMap>
					<edgeMap>
					<xCoord>407</xCoord>
					<yCoord>238</yCoord>
					</edgeMap>
					<edgeMap>
					<xCoord>408</xCoord>
					<yCoord>237</yCoord>
					</edgeMap>
					<edgeMap>
					<xCoord>409</xCoord>
					<yCoord>237</yCoord>
					</edgeMap>
					<edgeMap>
					<xCoord>410</xCoord>
					<yCoord>237</yCoord>
					</edgeMap>
					<edgeMap>
					<xCoord>411</xCoord>
					<yCoord>237</yCoord>
					</edgeMap>
					<edgeMap>
					<xCoord>412</xCoord>
					<yCoord>237</yCoord>
					</edgeMap>
					<edgeMap>
					<xCoord>413</xCoord>
					<yCoord>237</yCoord>
					</edgeMap>
					<edgeMap>
					<xCoord>414</xCoord>
					<yCoord>237</yCoord>
					</edgeMap>
					<edgeMap>
					<xCoord>415</xCoord>
					<yCoord>238</yCoord>
					</edgeMap>
					<edgeMap>
					<xCoord>415</xCoord>
					<yCoord>239</yCoord>
					</edgeMap>
					<edgeMap>
					<xCoord>416</xCoord>
					<yCoord>240</yCoord>
					</edgeMap>
					<edgeMap>
					<xCoord>417</xCoord>
					<yCoord>241</yCoord>
					</edgeMap>
					<edgeMap>
					<xCoord>417</xCoord>
					<yCoord>242</yCoord>
					</edgeMap>
					<edgeMap>
					<xCoord>417</xCoord>
					<yCoord>243</yCoord>
					</edgeMap>
					<edgeMap>
					<xCoord>417</xCoord>
					<yCoord>244</yCoord>
					</edgeMap>
					<edgeMap>
					<xCoord>417</xCoord>
					<yCoord>245</yCoord>
					</edgeMap>
					<edgeMap>
					<xCoord>416</xCoord>
					<yCoord>246</yCoord>
					</edgeMap>
					<edgeMap>
					<xCoord>415</xCoord>
					<yCoord>247</yCoord>
					</edgeMap>
					<edgeMap>
					<xCoord>414</xCoord>
					<yCoord>248</yCoord>
					</edgeMap>
					<edgeMap>
					<xCoord>413</xCoord>
					<yCoord>249</yCoord>
					</edgeMap>
					<edgeMap>
					<xCoord>412</xCoord>
					<yCoord>250</yCoord>
					</edgeMap>
					<edgeMap>
					<xCoord>411</xCoord>
					<yCoord>250</yCoord>
					</edgeMap>
					<edgeMap>
					<xCoord>410</xCoord>
					<yCoord>250</yCoord>
					</edgeMap>
					<edgeMap>
					<xCoord>409</xCoord>
					<yCoord>250</yCoord>
					</edgeMap>
					<edgeMap>
					<xCoord>408</xCoord>
					<yCoord>250</yCoord>
					</edgeMap>
					<edgeMap>
					<xCoord>407</xCoord>
					<yCoord>249</yCoord>
					</edgeMap>
					<edgeMap>
					<xCoord>406</xCoord>
					<yCoord>248</yCoord>
					</edgeMap>
					<edgeMap>
					<xCoord>405</xCoord>
					<yCoord>247</yCoord>
					</edgeMap>
					<edgeMap>
					<xCoord>405</xCoord>
					<yCoord>246</yCoord>
					</edgeMap>
					<edgeMap>
					<xCoord>405</xCoord>
					<yCoord>245</yCoord>
					</edgeMap>
					<edgeMap>
					<xCoord>404</xCoord>
					<yCoord>244</yCoord>
					</edgeMap>
					<edgeMap>
					<xCoord>404</xCoord>
					<yCoord>243</yCoord>
					</edgeMap>
					<edgeMap>
					<xCoord>404</xCoord>
					<yCoord>242</yCoord>
					</edgeMap>
				</roi>
				<roi>
					<imageZposition>-128.25</imageZposition>
					<imageSOP_UID>1.3.6.1.4.1.14519.5.2.1.6279.6001.256159254116378667795300557049</imageSOP_UID>
					<inclusion>TRUE</inclusion>
					<edgeMap>
					<xCoord>405</xCoord>
					<yCoord>248</yCoord>
					</edgeMap>
					<edgeMap>
					<xCoord>404</xCoord>
					<yCoord>247</yCoord>
					</edgeMap>
					<edgeMap>
					<xCoord>403</xCoord>
					<yCoord>246</yCoord>
					</edgeMap>
					<edgeMap>
					<xCoord>403</xCoord>
					<yCoord>245</yCoord>
					</edgeMap>
					<edgeMap>
					<xCoord>403</xCoord>
					<yCoord>244</yCoord>
					</edgeMap>
					<edgeMap>
					<xCoord>403</xCoord>
					<yCoord>243</yCoord>
					</edgeMap>
					<edgeMap>
					<xCoord>403</xCoord>
					<yCoord>242</yCoord>
					</edgeMap>
					<edgeMap>
					<xCoord>403</xCoord>
					<yCoord>241</yCoord>
					</edgeMap>
					<edgeMap>
					<xCoord>404</xCoord>
					<yCoord>240</yCoord>
					</edgeMap>
					<edgeMap>
					<xCoord>404</xCoord>
					<yCoord>239</yCoord>
					</edgeMap>
					<edgeMap>
					<xCoord>405</xCoord>
					<yCoord>239</yCoord>
					</edgeMap>
					<edgeMap>
					<xCoord>405</xCoord>
					<yCoord>238</yCoord>
					</edgeMap>
					<edgeMap>
					<xCoord>406</xCoord>
					<yCoord>237</yCoord>
					</edgeMap>
					<edgeMap>
					<xCoord>407</xCoord>
					<yCoord>237</yCoord>
					</edgeMap>
					<edgeMap>
					<xCoord>408</xCoord>
					<yCoord>236</yCoord>
					</edgeMap>
					<edgeMap>
					<xCoord>409</xCoord>
					<yCoord>236</yCoord>
					</edgeMap>
					<edgeMap>
					<xCoord>409</xCoord>
					<yCoord>235</yCoord>
					</edgeMap>
					<edgeMap>
					<xCoord>410</xCoord>
					<yCoord>235</yCoord>
					</edgeMap>
					<edgeMap>
					<xCoord>411</xCoord>
					<yCoord>235</yCoord>
					</edgeMap>
					<edgeMap>
					<xCoord>412</xCoord>
					<yCoord>235</yCoord>
					</edgeMap>
					<edgeMap>
					<xCoord>413</xCoord>
					<yCoord>236</yCoord>
					</edgeMap>
					<edgeMap>
					<xCoord>414</xCoord>
					<yCoord>236</yCoord>
					</edgeMap>
					<edgeMap>
					<xCoord>415</xCoord>
					<yCoord>236</yCoord>
					</edgeMap>
					<edgeMap>
					<xCoord>416</xCoord>
					<yCoord>237</yCoord>
					</edgeMap>
					<edgeMap>
					<xCoord>416</xCoord>
					<yCoord>238</yCoord>
					</edgeMap>
					<edgeMap>
					<xCoord>417</xCoord>
					<yCoord>239</yCoord>
					</edgeMap>
					<edgeMap>
					<xCoord>417</xCoord>
					<yCoord>240</yCoord>
					</edgeMap>
					<edgeMap>
					<xCoord>417</xCoord>
					<yCoord>241</yCoord>
					</edgeMap>
					<edgeMap>
					<xCoord>417</xCoord>
					<yCoord>242</yCoord>
					</edgeMap>
					<edgeMap>
					<xCoord>417</xCoord>
					<yCoord>243</yCoord>
					</edgeMap>
					<edgeMap>
					<xCoord>417</xCoord>
					<yCoord>244</yCoord>
					</edgeMap>
					<edgeMap>
					<xCoord>416</xCoord>
					<yCoord>245</yCoord>
					</edgeMap>
					<edgeMap>
					<xCoord>416</xCoord>
					<yCoord>246</yCoord>
					</edgeMap>
					<edgeMap>
					<xCoord>415</xCoord>
					<yCoord>247</yCoord>
					</edgeMap>
					<edgeMap>
					<xCoord>415</xCoord>
					<yCoord>248</yCoord>
					</edgeMap>
					<edgeMap>
					<xCoord>414</xCoord>
					<yCoord>248</yCoord>
					</edgeMap>
					<edgeMap>
					<xCoord>413</xCoord>
					<yCoord>249</yCoord>
					</edgeMap>
					<edgeMap>
					<xCoord>412</xCoord>
					<yCoord>250</yCoord>
					</edgeMap>
					<edgeMap>
					<xCoord>411</xCoord>
					<yCoord>251</yCoord>
					</edgeMap>
					<edgeMap>
					<xCoord>410</xCoord>
					<yCoord>251</yCoord>
					</edgeMap>
					<edgeMap>
					<xCoord>410</xCoord>
					<yCoord>252</yCoord>
					</edgeMap>
					<edgeMap>
					<xCoord>409</xCoord>
					<yCoord>252</yCoord>
					</edgeMap>
					<edgeMap>
					<xCoord>408</xCoord>
					<yCoord>252</yCoord>
					</edgeMap>
					<edgeMap>
					<xCoord>407</xCoord>
					<yCoord>252</yCoord>
					</edgeMap>
					<edgeMap>
					<xCoord>407</xCoord>
					<yCoord>251</yCoord>
					</edgeMap>
					<edgeMap>
					<xCoord>406</xCoord>
					<yCoord>250</yCoord>
					</edgeMap>
					<edgeMap>
					<xCoord>405</xCoord>
					<yCoord>249</yCoord>
					</edgeMap>
					<edgeMap>
					<xCoord>405</xCoord>
					<yCoord>248</yCoord>
					</edgeMap>
				</roi>
				<roi>
					<imageZposition>-130.75</imageZposition>
					<imageSOP_UID>1.3.6.1.4.1.14519.5.2.1.6279.6001.158420660979299660924096500126</imageSOP_UID>
					<inclusion>TRUE</inclusion>
					<edgeMap>
					<xCoord>403</xCoord>
					<yCoord>242</yCoord>
					</edgeMap>
					<edgeMap>
					<xCoord>403</xCoord>
					<yCoord>241</yCoord>
					</edgeMap>
					<edgeMap>
					<xCoord>403</xCoord>
					<yCoord>240</yCoord>
					</edgeMap>
					<edgeMap>
					<xCoord>404</xCoord>
					<yCoord>239</yCoord>
					</edgeMap>
					<edgeMap>
					<xCoord>405</xCoord>
					<yCoord>238</yCoord>
					</edgeMap>
					<edgeMap>
					<xCoord>406</xCoord>
					<yCoord>238</yCoord>
					</edgeMap>
					<edgeMap>
					<xCoord>407</xCoord>
					<yCoord>238</yCoord>
					</edgeMap>
					<edgeMap>
					<xCoord>408</xCoord>
					<yCoord>237</yCoord>
					</edgeMap>
					<edgeMap>
					<xCoord>409</xCoord>
					<yCoord>237</yCoord>
					</edgeMap>
					<edgeMap>
					<xCoord>410</xCoord>
					<yCoord>237</yCoord>
					</edgeMap>
					<edgeMap>
					<xCoord>411</xCoord>
					<yCoord>237</yCoord>
					</edgeMap>
					<edgeMap>
					<xCoord>412</xCoord>
					<yCoord>237</yCoord>
					</edgeMap>
					<edgeMap>
					<xCoord>413</xCoord>
					<yCoord>237</yCoord>
					</edgeMap>
					<edgeMap>
					<xCoord>414</xCoord>
					<yCoord>238</yCoord>
					</edgeMap>
					<edgeMap>
					<xCoord>414</xCoord>
					<yCoord>239</yCoord>
					</edgeMap>
					<edgeMap>
					<xCoord>415</xCoord>
					<yCoord>240</yCoord>
					</edgeMap>
					<edgeMap>
					<xCoord>415</xCoord>
					<yCoord>241</yCoord>
					</edgeMap>
					<edgeMap>
					<xCoord>414</xCoord>
					<yCoord>242</yCoord>
					</edgeMap>
					<edgeMap>
					<xCoord>414</xCoord>
					<yCoord>243</yCoord>
					</edgeMap>
					<edgeMap>
					<xCoord>413</xCoord>
					<yCoord>244</yCoord>
					</edgeMap>
					<edgeMap>
					<xCoord>413</xCoord>
					<yCoord>245</yCoord>
					</edgeMap>
					<edgeMap>
					<xCoord>412</xCoord>
					<yCoord>246</yCoord>
					</edgeMap>
					<edgeMap>
					<xCoord>412</xCoord>
					<yCoord>247</yCoord>
					</edgeMap>
					<edgeMap>
					<xCoord>412</xCoord>
					<yCoord>248</yCoord>
					</edgeMap>
					<edgeMap>
					<xCoord>411</xCoord>
					<yCoord>248</yCoord>
					</edgeMap>
					<edgeMap>
					<xCoord>411</xCoord>
					<yCoord>249</yCoord>
					</edgeMap>
					<edgeMap>
					<xCoord>410</xCoord>
					<yCoord>250</yCoord>
					</edgeMap>
					<edgeMap>
					<xCoord>409</xCoord>
					<yCoord>250</yCoord>
					</edgeMap>
					<edgeMap>
					<xCoord>408</xCoord>
					<yCoord>250</yCoord>
					</edgeMap>
					<edgeMap>
					<xCoord>407</xCoord>
					<yCoord>250</yCoord>
					</edgeMap>
					<edgeMap>
					<xCoord>406</xCoord>
					<yCoord>250</yCoord>
					</edgeMap>
					<edgeMap>
					<xCoord>406</xCoord>
					<yCoord>249</yCoord>
					</edgeMap>
					<edgeMap>
					<xCoord>405</xCoord>
					<yCoord>248</yCoord>
					</edgeMap>
					<edgeMap>
					<xCoord>404</xCoord>
					<yCoord>248</yCoord>
					</edgeMap>
					<edgeMap>
					<xCoord>404</xCoord>
					<yCoord>247</yCoord>
					</edgeMap>
					<edgeMap>
					<xCoord>403</xCoord>
					<yCoord>246</yCoord>
					</edgeMap>
					<edgeMap>
					<xCoord>403</xCoord>
					<yCoord>245</yCoord>
					</edgeMap>
					<edgeMap>
					<xCoord>403</xCoord>
					<yCoord>244</yCoord>
					</edgeMap>
					<edgeMap>
					<xCoord>403</xCoord>
					<yCoord>243</yCoord>
					</edgeMap>
					<edgeMap>
					<xCoord>403</xCoord>
					<yCoord>242</yCoord>
					</edgeMap>
				</roi>
			</unblindedReadNodule>
			<nonNodule>
				<nonNoduleID>1</nonNoduleID>
				<imageZposition>-20.75</imageZposition>
				<imageSOP_UID>1.3.6.1.4.1.14519.5.2.1.6279.6001.257724955595126209249495400941</imageSOP_UID>
				<locus>
					<xCoord>331</xCoord>
					<yCoord>302</yCoord>
				</locus>
			</nonNodule>
			<nonNodule>
				<nonNoduleID>2</nonNoduleID>
				<imageZposition>-40.75</imageZposition>
				<imageSOP_UID>1.3.6.1.4.1.14519.5.2.1.6279.6001.217999434884825824104635842967</imageSOP_UID>
				<locus>
					<xCoord>179</xCoord>
					<yCoord>324</yCoord>
				</locus>
			</nonNodule>
			<nonNodule>
				<nonNoduleID>3</nonNoduleID>
				<imageZposition>-50.75</imageZposition>
				<imageSOP_UID>1.3.6.1.4.1.14519.5.2.1.6279.6001.197919277041994432653754406659</imageSOP_UID>
				<locus>
					<xCoord>149</xCoord>
					<yCoord>322</yCoord>
				</locus>
			</nonNodule>
	</readingSession>
<readingSession>
<annotationVersion>3.12</annotationVersion>
<servicingRadiologistID>anon</servicingRadiologistID>
<unblindedReadNodule>
<noduleID>115555</noduleID>
<characteristics>
<subtlety>5</subtlety>
<internalStructure>1</internalStructure>
<calcification>6</calcification>
<sphericity>4</sphericity>
<margin>4</margin>
<lobulation>2</lobulation>
<spiculation>2</spiculation>
<texture>5</texture>
<malignancy>3</malignancy>
</characteristics>
<roi>
<imageZposition>-123.25</imageZposition>
<imageSOP_UID>1.3.6.1.4.1.14519.5.2.1.6279.6001.117920443508761499663297914873</imageSOP_UID>
<inclusion>TRUE</inclusion>
<edgeMap>
<xCoord>412</xCoord>
<yCoord>245</yCoord>
</edgeMap>
<edgeMap>
<xCoord>413</xCoord>
<yCoord>244</yCoord>
</edgeMap>
<edgeMap>
<xCoord>414</xCoord>
<yCoord>243</yCoord>
</edgeMap>
<edgeMap>
<xCoord>414</xCoord>
<yCoord>242</yCoord>
</edgeMap>
<edgeMap>
<xCoord>413</xCoord>
<yCoord>241</yCoord>
</edgeMap>
<edgeMap>
<xCoord>412</xCoord>
<yCoord>241</yCoord>
</edgeMap>
<edgeMap>
<xCoord>411</xCoord>
<yCoord>241</yCoord>
</edgeMap>
<edgeMap>
<xCoord>410</xCoord>
<yCoord>241</yCoord>
</edgeMap>
<edgeMap>
<xCoord>409</xCoord>
<yCoord>241</yCoord>
</edgeMap>
<edgeMap>
<xCoord>408</xCoord>
<yCoord>241</yCoord>
</edgeMap>
<edgeMap>
<xCoord>407</xCoord>
<yCoord>242</yCoord>
</edgeMap>
<edgeMap>
<xCoord>407</xCoord>
<yCoord>243</yCoord>
</edgeMap>
<edgeMap>
<xCoord>407</xCoord>
<yCoord>244</yCoord>
</edgeMap>
<edgeMap>
<xCoord>408</xCoord>
<yCoord>245</yCoord>
</edgeMap>
<edgeMap>
<xCoord>409</xCoord>
<yCoord>245</yCoord>
</edgeMap>
<edgeMap>
<xCoord>410</xCoord>
<yCoord>245</yCoord>
</edgeMap>
<edgeMap>
<xCoord>411</xCoord>
<yCoord>245</yCoord>
</edgeMap>
<edgeMap>
<xCoord>412</xCoord>
<yCoord>245</yCoord>
</edgeMap>
</roi>
<roi>
<imageZposition>-125.75</imageZposition>
<imageSOP_UID>1.3.6.1.4.1.14519.5.2.1.6279.6001.172786142387299102459391646712</imageSOP_UID>
<inclusion>TRUE</inclusion>
<edgeMap>
<xCoord>411</xCoord>
<yCoord>250</yCoord>
</edgeMap>
<edgeMap>
<xCoord>412</xCoord>
<yCoord>249</yCoord>
</edgeMap>
<edgeMap>
<xCoord>413</xCoord>
<yCoord>249</yCoord>
</edgeMap>
<edgeMap>
<xCoord>414</xCoord>
<yCoord>248</yCoord>
</edgeMap>
<edgeMap>
<xCoord>415</xCoord>
<yCoord>247</yCoord>
</edgeMap>
<edgeMap>
<xCoord>416</xCoord>
<yCoord>246</yCoord>
</edgeMap>
<edgeMap>
<xCoord>417</xCoord>
<yCoord>245</yCoord>
</edgeMap>
<edgeMap>
<xCoord>417</xCoord>
<yCoord>244</yCoord>
</edgeMap>
<edgeMap>
<xCoord>417</xCoord>
<yCoord>243</yCoord>
</edgeMap>
<edgeMap>
<xCoord>417</xCoord>
<yCoord>242</yCoord>
</edgeMap>
<edgeMap>
<xCoord>417</xCoord>
<yCoord>241</yCoord>
</edgeMap>
<edgeMap>
<xCoord>416</xCoord>
<yCoord>240</yCoord>
</edgeMap>
<edgeMap>
<xCoord>415</xCoord>
<yCoord>239</yCoord>
</edgeMap>
<edgeMap>
<xCoord>414</xCoord>
<yCoord>238</yCoord>
</edgeMap>
<edgeMap>
<xCoord>413</xCoord>
<yCoord>238</yCoord>
</edgeMap>
<edgeMap>
<xCoord>412</xCoord>
<yCoord>237</yCoord>
</edgeMap>
<edgeMap>
<xCoord>411</xCoord>
<yCoord>237</yCoord>
</edgeMap>
<edgeMap>
<xCoord>410</xCoord>
<yCoord>237</yCoord>
</edgeMap>
<edgeMap>
<xCoord>409</xCoord>
<yCoord>237</yCoord>
</edgeMap>
<edgeMap>
<xCoord>408</xCoord>
<yCoord>237</yCoord>
</edgeMap>
<edgeMap>
<xCoord>407</xCoord>
<yCoord>238</yCoord>
</edgeMap>
<edgeMap>
<xCoord>406</xCoord>
<yCoord>239</yCoord>
</edgeMap>
<edgeMap>
<xCoord>405</xCoord>
<yCoord>240</yCoord>
</edgeMap>
<edgeMap>
<xCoord>405</xCoord>
<yCoord>241</yCoord>
</edgeMap>
<edgeMap>
<xCoord>404</xCoord>
<yCoord>242</yCoord>
</edgeMap>
<edgeMap>
<xCoord>404</xCoord>
<yCoord>243</yCoord>
</edgeMap>
<edgeMap>
<xCoord>404</xCoord>
<yCoord>244</yCoord>
</edgeMap>
<edgeMap>
<xCoord>404</xCoord>
<yCoord>245</yCoord>
</edgeMap>
<edgeMap>
<xCoord>405</xCoord>
<yCoord>246</yCoord>
</edgeMap>
<edgeMap>
<xCoord>406</xCoord>
<yCoord>247</yCoord>
</edgeMap>
<edgeMap>
<xCoord>406</xCoord>
<yCoord>248</yCoord>
</edgeMap>
<edgeMap>
<xCoord>407</xCoord>
<yCoord>249</yCoord>
</edgeMap>
<edgeMap>
<xCoord>408</xCoord>
<yCoord>249</yCoord>
</edgeMap>
<edgeMap>
<xCoord>409</xCoord>
<yCoord>250</yCoord>
</edgeMap>
<edgeMap>
<xCoord>410</xCoord>
<yCoord>250</yCoord>
</edgeMap>
<edgeMap>
<xCoord>411</xCoord>
<yCoord>250</yCoord>
</edgeMap>
</roi>
<roi>
<imageZposition>-128.25</imageZposition>
<imageSOP_UID>1.3.6.1.4.1.14519.5.2.1.6279.6001.256159254116378667795300557049</imageSOP_UID>
<inclusion>TRUE</inclusion>
<edgeMap>
<xCoord>411</xCoord>
<yCoord>251</yCoord>
</edgeMap>
<edgeMap>
<xCoord>412</xCoord>
<yCoord>250</yCoord>
</edgeMap>
<edgeMap>
<xCoord>413</xCoord>
<yCoord>250</yCoord>
</edgeMap>
<edgeMap>
<xCoord>414</xCoord>
<yCoord>249</yCoord>
</edgeMap>
<edgeMap>
<xCoord>415</xCoord>
<yCoord>248</yCoord>
</edgeMap>
<edgeMap>
<xCoord>415</xCoord>
<yCoord>247</yCoord>
</edgeMap>
<edgeMap>
<xCoord>416</xCoord>
<yCoord>246</yCoord>
</edgeMap>
<edgeMap>
<xCoord>416</xCoord>
<yCoord>245</yCoord>
</edgeMap>
<edgeMap>
<xCoord>417</xCoord>
<yCoord>244</yCoord>
</edgeMap>
<edgeMap>
<xCoord>417</xCoord>
<yCoord>243</yCoord>
</edgeMap>
<edgeMap>
<xCoord>417</xCoord>
<yCoord>242</yCoord>
</edgeMap>
<edgeMap>
<xCoord>416</xCoord>
<yCoord>241</yCoord>
</edgeMap>
<edgeMap>
<xCoord>416</xCoord>
<yCoord>240</yCoord>
</edgeMap>
<edgeMap>
<xCoord>416</xCoord>
<yCoord>239</yCoord>
</edgeMap>
<edgeMap>
<xCoord>415</xCoord>
<yCoord>238</yCoord>
</edgeMap>
<edgeMap>
<xCoord>414</xCoord>
<yCoord>237</yCoord>
</edgeMap>
<edgeMap>
<xCoord>413</xCoord>
<yCoord>237</yCoord>
</edgeMap>
<edgeMap>
<xCoord>412</xCoord>
<yCoord>237</yCoord>
</edgeMap>
<edgeMap>
<xCoord>411</xCoord>
<yCoord>237</yCoord>
</edgeMap>
<edgeMap>
<xCoord>410</xCoord>
<yCoord>237</yCoord>
</edgeMap>
<edgeMap>
<xCoord>409</xCoord>
<yCoord>237</yCoord>
</edgeMap>
<edgeMap>
<xCoord>408</xCoord>
<yCoord>237</yCoord>
</edgeMap>
<edgeMap>
<xCoord>407</xCoord>
<yCoord>238</yCoord>
</edgeMap>
<edgeMap>
<xCoord>406</xCoord>
<yCoord>238</yCoord>
</edgeMap>
<edgeMap>
<xCoord>405</xCoord>
<yCoord>239</yCoord>
</edgeMap>
<edgeMap>
<xCoord>404</xCoord>
<yCoord>240</yCoord>
</edgeMap>
<edgeMap>
<xCoord>404</xCoord>
<yCoord>241</yCoord>
</edgeMap>
<edgeMap>
<xCoord>403</xCoord>
<yCoord>242</yCoord>
</edgeMap>
<edgeMap>
<xCoord>403</xCoord>
<yCoord>243</yCoord>
</edgeMap>
<edgeMap>
<xCoord>403</xCoord>
<yCoord>244</yCoord>
</edgeMap>
<edgeMap>
<xCoord>403</xCoord>
<yCoord>245</yCoord>
</edgeMap>
<edgeMap>
<xCoord>404</xCoord>
<yCoord>246</yCoord>
</edgeMap>
<edgeMap>
<xCoord>404</xCoord>
<yCoord>247</yCoord>
</edgeMap>
<edgeMap>
<xCoord>405</xCoord>
<yCoord>248</yCoord>
</edgeMap>
<edgeMap>
<xCoord>405</xCoord>
<yCoord>249</yCoord>
</edgeMap>
<edgeMap>
<xCoord>406</xCoord>
<yCoord>250</yCoord>
</edgeMap>
<edgeMap>
<xCoord>407</xCoord>
<yCoord>251</yCoord>
</edgeMap>
<edgeMap>
<xCoord>408</xCoord>
<yCoord>251</yCoord>
</edgeMap>
<edgeMap>
<xCoord>409</xCoord>
<yCoord>251</yCoord>
</edgeMap>
<edgeMap>
<xCoord>410</xCoord>
<yCoord>251</yCoord>
</edgeMap>
<edgeMap>
<xCoord>411</xCoord>
<yCoord>251</yCoord>
</edgeMap>
</roi>
<roi>
<imageZposition>-130.75</imageZposition>
<imageSOP_UID>1.3.6.1.4.1.14519.5.2.1.6279.6001.158420660979299660924096500126</imageSOP_UID>
<inclusion>TRUE</inclusion>
<edgeMap>
<xCoord>410</xCoord>
<yCoord>248</yCoord>
</edgeMap>
<edgeMap>
<xCoord>411</xCoord>
<yCoord>247</yCoord>
</edgeMap>
<edgeMap>
<xCoord>412</xCoord>
<yCoord>246</yCoord>
</edgeMap>
<edgeMap>
<xCoord>413</xCoord>
<yCoord>245</yCoord>
</edgeMap>
<edgeMap>
<xCoord>414</xCoord>
<yCoord>244</yCoord>
</edgeMap>
<edgeMap>
<xCoord>414</xCoord>
<yCoord>243</yCoord>
</edgeMap>
<edgeMap>
<xCoord>414</xCoord>
<yCoord>242</yCoord>
</edgeMap>
<edgeMap>
<xCoord>414</xCoord>
<yCoord>241</yCoord>
</edgeMap>
<edgeMap>
<xCoord>414</xCoord>
<yCoord>240</yCoord>
</edgeMap>
<edgeMap>
<xCoord>414</xCoord>
<yCoord>239</yCoord>
</edgeMap>
<edgeMap>
<xCoord>413</xCoord>
<yCoord>238</yCoord>
</edgeMap>
<edgeMap>
<xCoord>412</xCoord>
<yCoord>238</yCoord>
</edgeMap>
<edgeMap>
<xCoord>411</xCoord>
<yCoord>237</yCoord>
</edgeMap>
<edgeMap>
<xCoord>410</xCoord>
<yCoord>237</yCoord>
</edgeMap>
<edgeMap>
<xCoord>409</xCoord>
<yCoord>238</yCoord>
</edgeMap>
<edgeMap>
<xCoord>408</xCoord>
<yCoord>238</yCoord>
</edgeMap>
<edgeMap>
<xCoord>407</xCoord>
<yCoord>239</yCoord>
</edgeMap>
<edgeMap>
<xCoord>406</xCoord>
<yCoord>240</yCoord>
</edgeMap>
<edgeMap>
<xCoord>405</xCoord>
<yCoord>241</yCoord>
</edgeMap>
<edgeMap>
<xCoord>404</xCoord>
<yCoord>242</yCoord>
</edgeMap>
<edgeMap>
<xCoord>404</xCoord>
<yCoord>243</yCoord>
</edgeMap>
<edgeMap>
<xCoord>404</xCoord>
<yCoord>244</yCoord>
</edgeMap>
<edgeMap>
<xCoord>404</xCoord>
<yCoord>245</yCoord>
</edgeMap>
<edgeMap>
<xCoord>404</xCoord>
<yCoord>246</yCoord>
</edgeMap>
<edgeMap>
<xCoord>404</xCoord>
<yCoord>247</yCoord>
</edgeMap>
<edgeMap>
<xCoord>405</xCoord>
<yCoord>248</yCoord>
</edgeMap>
<edgeMap>
<xCoord>406</xCoord>
<yCoord>248</yCoord>
</edgeMap>
<edgeMap>
<xCoord>407</xCoord>
<yCoord>248</yCoord>
</edgeMap>
<edgeMap>
<xCoord>408</xCoord>
<yCoord>248</yCoord>
</edgeMap>
<edgeMap>
<xCoord>409</xCoord>
<yCoord>248</yCoord>
</edgeMap>
<edgeMap>
<xCoord>410</xCoord>
<yCoord>248</yCoord>
</edgeMap>
</roi>
</unblindedReadNodule>
<nonNodule>
<nonNoduleID>115561</nonNoduleID>
<imageZposition>-33.25</imageZposition>
<imageSOP_UID>1.3.6.1.4.1.14519.5.2.1.6279.6001.287944440701383931774972993948</imageSOP_UID>
<locus>
<xCoord>190</xCoord>
<yCoord>315</yCoord>
</locus>
</nonNodule>
<nonNodule>
<nonNoduleID>115558</nonNoduleID>
<imageZposition>-20.75</imageZposition>
<imageSOP_UID>1.3.6.1.4.1.14519.5.2.1.6279.6001.257724955595126209249495400941</imageSOP_UID>
<locus>
<xCoord>331</xCoord>
<yCoord>303</yCoord>
</locus>
</nonNodule>
<nonNodule>
<nonNoduleID>115560</nonNoduleID>
<imageZposition>-50.75</imageZposition>
<imageSOP_UID>1.3.6.1.4.1.14519.5.2.1.6279.6001.197919277041994432653754406659</imageSOP_UID>
<locus>
<xCoord>149</xCoord>
<yCoord>322</yCoord>
</locus>
</nonNodule>
<nonNodule>
<nonNoduleID>115562</nonNoduleID>
<imageZposition>-40.75</imageZposition>
<imageSOP_UID>1.3.6.1.4.1.14519.5.2.1.6279.6001.217999434884825824104635842967</imageSOP_UID>
<locus>
<xCoord>181</xCoord>
<yCoord>327</yCoord>
</locus>
</nonNodule>
</readingSession>
  <readingSession>
    <annotationVersion>3.12</annotationVersion>
    <servicingRadiologistID>anon</servicingRadiologistID>
    <unblindedReadNodule>
      <noduleID>128761</noduleID>
      <characteristics>
        <subtlety>5</subtlety>
        <internalStructure>1</internalStructure>
        <calcification>6</calcification>
        <sphericity>5</sphericity>
        <margin>5</margin>
        <lobulation>1</lobulation>
        <spiculation>1</spiculation>
        <texture>5</texture>
        <malignancy>4</malignancy>
      </characteristics>
      <roi>
        <imageZposition>-125.75</imageZposition>
        <imageSOP_UID>1.3.6.1.4.1.14519.5.2.1.6279.6001.172786142387299102459391646712</imageSOP_UID>
        <inclusion>TRUE</inclusion>
        <edgeMap>
          <xCoord>410</xCoord>
          <yCoord>250</yCoord>
        </edgeMap>
        <edgeMap>
          <xCoord>411</xCoord>
          <yCoord>249</yCoord>
        </edgeMap>
        <edgeMap>
          <xCoord>412</xCoord>
          <yCoord>249</yCoord>
        </edgeMap>
        <edgeMap>
          <xCoord>413</xCoord>
          <yCoord>248</yCoord>
        </edgeMap>
        <edgeMap>
          <xCoord>414</xCoord>
          <yCoord>247</yCoord>
        </edgeMap>
        <edgeMap>
          <xCoord>415</xCoord>
          <yCoord>246</yCoord>
        </edgeMap>
        <edgeMap>
          <xCoord>416</xCoord>
          <yCoord>245</yCoord>
        </edgeMap>
        <edgeMap>
          <xCoord>417</xCoord>
          <yCoord>244</yCoord>
        </edgeMap>
        <edgeMap>
          <xCoord>417</xCoord>
          <yCoord>243</yCoord>
        </edgeMap>
        <edgeMap>
          <xCoord>417</xCoord>
          <yCoord>242</yCoord>
        </edgeMap>
        <edgeMap>
          <xCoord>416</xCoord>
          <yCoord>241</yCoord>
        </edgeMap>
        <edgeMap>
          <xCoord>416</xCoord>
          <yCoord>240</yCoord>
        </edgeMap>
        <edgeMap>
          <xCoord>415</xCoord>
          <yCoord>239</yCoord>
        </edgeMap>
        <edgeMap>
          <xCoord>414</xCoord>
          <yCoord>238</yCoord>
        </edgeMap>
        <edgeMap>
          <xCoord>413</xCoord>
          <yCoord>238</yCoord>
        </edgeMap>
        <edgeMap>
          <xCoord>412</xCoord>
          <yCoord>237</yCoord>
        </edgeMap>
        <edgeMap>
          <xCoord>411</xCoord>
          <yCoord>237</yCoord>
        </edgeMap>
        <edgeMap>
          <xCoord>410</xCoord>
          <yCoord>237</yCoord>
        </edgeMap>
        <edgeMap>
          <xCoord>409</xCoord>
          <yCoord>237</yCoord>
        </edgeMap>
        <edgeMap>
          <xCoord>408</xCoord>
          <yCoord>238</yCoord>
        </edgeMap>
        <edgeMap>
          <xCoord>407</xCoord>
          <yCoord>238</yCoord>
        </edgeMap>
        <edgeMap>
          <xCoord>406</xCoord>
          <yCoord>239</yCoord>
        </edgeMap>
        <edgeMap>
          <xCoord>405</xCoord>
          <yCoord>240</yCoord>
        </edgeMap>
        <edgeMap>
          <xCoord>405</xCoord>
          <yCoord>241</yCoord>
        </edgeMap>
        <edgeMap>
          <xCoord>405</xCoord>
          <yCoord>242</yCoord>
        </edgeMap>
        <edgeMap>
          <xCoord>404</xCoord>
          <yCoord>243</yCoord>
        </edgeMap>
        <edgeMap>
          <xCoord>404</xCoord>
          <yCoord>244</yCoord>
        </edgeMap>
        <edgeMap>
          <xCoord>404</xCoord>
          <yCoord>245</yCoord>
        </edgeMap>
        <edgeMap>
          <xCoord>405</xCoord>
          <yCoord>246</yCoord>
        </edgeMap>
        <edgeMap>
          <xCoord>406</xCoord>
          <yCoord>247</yCoord>
        </edgeMap>
        <edgeMap>
          <xCoord>407</xCoord>
          <yCoord>248</yCoord>
        </edgeMap>
        <edgeMap>
          <xCoord>408</xCoord>
          <yCoord>249</yCoord>
        </edgeMap>
        <edgeMap>
          <xCoord>409</xCoord>
          <yCoord>250</yCoord>
        </edgeMap>
        <edgeMap>
          <xCoord>410</xCoord>
          <yCoord>250</yCoord>
        </edgeMap>
      </roi>
      <roi>
        <imageZposition>-128.25</imageZposition>
        <imageSOP_UID>1.3.6.1.4.1.14519.5.2.1.6279.6001.256159254116378667795300557049</imageSOP_UID>
        <inclusion>TRUE</inclusion>
        <edgeMap>
          <xCoord>409</xCoord>
          <yCoord>252</yCoord>
        </edgeMap>
        <edgeMap>
          <xCoord>410</xCoord>
          <yCoord>251</yCoord>
        </edgeMap>
        <edgeMap>
          <xCoord>411</xCoord>
          <yCoord>251</yCoord>
        </edgeMap>
        <edgeMap>
          <xCoord>412</xCoord>
          <yCoord>250</yCoord>
        </edgeMap>
        <edgeMap>
          <xCoord>413</xCoord>
          <yCoord>249</yCoord>
        </edgeMap>
        <edgeMap>
          <xCoord>414</xCoord>
          <yCoord>248</yCoord>
        </edgeMap>
        <edgeMap>
          <xCoord>415</xCoord>
          <yCoord>247</yCoord>
        </edgeMap>
        <edgeMap>
          <xCoord>416</xCoord>
          <yCoord>246</yCoord>
        </edgeMap>
        <edgeMap>
          <xCoord>416</xCoord>
          <yCoord>245</yCoord>
        </edgeMap>
        <edgeMap>
          <xCoord>416</xCoord>
          <yCoord>244</yCoord>
        </edgeMap>
        <edgeMap>
          <xCoord>416</xCoord>
          <yCoord>243</yCoord>
        </edgeMap>
        <edgeMap>
          <xCoord>416</xCoord>
          <yCoord>242</yCoord>
        </edgeMap>
        <edgeMap>
          <xCoord>416</xCoord>
          <yCoord>241</yCoord>
        </edgeMap>
        <edgeMap>
          <xCoord>416</xCoord>
          <yCoord>240</yCoord>
        </edgeMap>
        <edgeMap>
          <xCoord>416</xCoord>
          <yCoord>239</yCoord>
        </edgeMap>
        <edgeMap>
          <xCoord>415</xCoord>
          <yCoord>238</yCoord>
        </edgeMap>
        <edgeMap>
          <xCoord>414</xCoord>
          <yCoord>237</yCoord>
        </edgeMap>
        <edgeMap>
          <xCoord>413</xCoord>
          <yCoord>237</yCoord>
        </edgeMap>
        <edgeMap>
          <xCoord>412</xCoord>
          <yCoord>237</yCoord>
        </edgeMap>
        <edgeMap>
          <xCoord>411</xCoord>
          <yCoord>237</yCoord>
        </edgeMap>
        <edgeMap>
          <xCoord>410</xCoord>
          <yCoord>237</yCoord>
        </edgeMap>
        <edgeMap>
          <xCoord>409</xCoord>
          <yCoord>237</yCoord>
        </edgeMap>
        <edgeMap>
          <xCoord>408</xCoord>
          <yCoord>237</yCoord>
        </edgeMap>
        <edgeMap>
          <xCoord>407</xCoord>
          <yCoord>238</yCoord>
        </edgeMap>
        <edgeMap>
          <xCoord>406</xCoord>
          <yCoord>238</yCoord>
        </edgeMap>
        <edgeMap>
          <xCoord>405</xCoord>
          <yCoord>239</yCoord>
        </edgeMap>
        <edgeMap>
          <xCoord>404</xCoord>
          <yCoord>240</yCoord>
        </edgeMap>
        <edgeMap>
          <xCoord>404</xCoord>
          <yCoord>241</yCoord>
        </edgeMap>
        <edgeMap>
          <xCoord>404</xCoord>
          <yCoord>242</yCoord>
        </edgeMap>
        <edgeMap>
          <xCoord>404</xCoord>
          <yCoord>243</yCoord>
        </edgeMap>
        <edgeMap>
          <xCoord>404</xCoord>
          <yCoord>244</yCoord>
        </edgeMap>
        <edgeMap>
          <xCoord>404</xCoord>
          <yCoord>245</yCoord>
        </edgeMap>
        <edgeMap>
          <xCoord>404</xCoord>
          <yCoord>246</yCoord>
        </edgeMap>
        <edgeMap>
          <xCoord>404</xCoord>
          <yCoord>247</yCoord>
        </edgeMap>
        <edgeMap>
          <xCoord>405</xCoord>
          <yCoord>248</yCoord>
        </edgeMap>
        <edgeMap>
          <xCoord>406</xCoord>
          <yCoord>249</yCoord>
        </edgeMap>
        <edgeMap>
          <xCoord>406</xCoord>
          <yCoord>250</yCoord>
        </edgeMap>
        <edgeMap>
          <xCoord>407</xCoord>
          <yCoord>251</yCoord>
        </edgeMap>
        <edgeMap>
          <xCoord>408</xCoord>
          <yCoord>252</yCoord>
        </edgeMap>
        <edgeMap>
          <xCoord>409</xCoord>
          <yCoord>252</yCoord>
        </edgeMap>
      </roi>
      <roi>
        <imageZposition>-130.75</imageZposition>
        <imageSOP_UID>1.3.6.1.4.1.14519.5.2.1.6279.6001.158420660979299660924096500126</imageSOP_UID>
        <inclusion>TRUE</inclusion>
        <edgeMap>
          <xCoord>410</xCoord>
          <yCoord>249</yCoord>
        </edgeMap>
        <edgeMap>
          <xCoord>411</xCoord>
          <yCoord>248</yCoord>
        </edgeMap>
        <edgeMap>
          <xCoord>412</xCoord>
          <yCoord>247</yCoord>
        </edgeMap>
        <edgeMap>
          <xCoord>412</xCoord>
          <yCoord>246</yCoord>
        </edgeMap>
        <edgeMap>
          <xCoord>413</xCoord>
          <yCoord>245</yCoord>
        </edgeMap>
        <edgeMap>
          <xCoord>413</xCoord>
          <yCoord>244</yCoord>
        </edgeMap>
        <edgeMap>
          <xCoord>414</xCoord>
          <yCoord>243</yCoord>
        </edgeMap>
        <edgeMap>
          <xCoord>414</xCoord>
          <yCoord>242</yCoord>
        </edgeMap>
        <edgeMap>
          <xCoord>414</xCoord>
          <yCoord>241</yCoord>
        </edgeMap>
        <edgeMap>
          <xCoord>414</xCoord>
          <yCoord>240</yCoord>
        </edgeMap>
        <edgeMap>
          <xCoord>414</xCoord>
          <yCoord>239</yCoord>
        </edgeMap>
        <edgeMap>
          <xCoord>413</xCoord>
          <yCoord>238</yCoord>
        </edgeMap>
        <edgeMap>
          <xCoord>412</xCoord>
          <yCoord>238</yCoord>
        </edgeMap>
        <edgeMap>
          <xCoord>411</xCoord>
          <yCoord>238</yCoord>
        </edgeMap>
        <edgeMap>
          <xCoord>410</xCoord>
          <yCoord>238</yCoord>
        </edgeMap>
        <edgeMap>
          <xCoord>409</xCoord>
          <yCoord>238</yCoord>
        </edgeMap>
        <edgeMap>
          <xCoord>408</xCoord>
          <yCoord>238</yCoord>
        </edgeMap>
        <edgeMap>
          <xCoord>407</xCoord>
          <yCoord>239</yCoord>
        </edgeMap>
        <edgeMap>
          <xCoord>406</xCoord>
          <yCoord>240</yCoord>
        </edgeMap>
        <edgeMap>
          <xCoord>405</xCoord>
          <yCoord>241</yCoord>
        </edgeMap>
        <edgeMap>
          <xCoord>404</xCoord>
          <yCoord>242</yCoord>
        </edgeMap>
        <edgeMap>
          <xCoord>404</xCoord>
          <yCoord>243</yCoord>
        </edgeMap>
        <edgeMap>
          <xCoord>404</xCoord>
          <yCoord>244</yCoord>
        </edgeMap>
        <edgeMap>
          <xCoord>404</xCoord>
          <yCoord>245</yCoord>
        </edgeMap>
        <edgeMap>
          <xCoord>404</xCoord>
          <yCoord>246</yCoord>
        </edgeMap>
        <edgeMap>
          <xCoord>405</xCoord>
          <yCoord>247</yCoord>
        </edgeMap>
        <edgeMap>
          <xCoord>406</xCoord>
          <yCoord>248</yCoord>
        </edgeMap>
        <edgeMap>
          <xCoord>407</xCoord>
          <yCoord>249</yCoord>
        </edgeMap>
        <edgeMap>
          <xCoord>408</xCoord>
          <yCoord>249</yCoord>
        </edgeMap>
        <edgeMap>
          <xCoord>409</xCoord>
          <yCoord>249</yCoord>
        </edgeMap>
        <edgeMap>
          <xCoord>410</xCoord>
          <yCoord>249</yCoord>
        </edgeMap>
      </roi>
    </unblindedReadNodule>
  </readingSession>
  <readingSession>
    <annotationVersion>3.12</annotationVersion>
    <servicingRadiologistID>anon</servicingRadiologistID>
    <unblindedReadNodule>
      <noduleID>Nodule 001</noduleID>
      <characteristics>
        <subtlety>4</subtlety>
        <internalStructure>1</internalStructure>
        <calcification>6</calcification>
        <sphericity>4</sphericity>
        <margin>4</margin>
        <lobulation>1</lobulation>
        <spiculation>1</spiculation>
        <texture>5</texture>
        <malignancy>3</malignancy>
      </characteristics>
      <roi>
        <imageZposition>-130.750000 </imageZposition>
        <imageSOP_UID>1.3.6.1.4.1.14519.5.2.1.6279.6001.158420660979299660924096500126</imageSOP_UID>
        <inclusion>TRUE</inclusion>
        <edgeMap>
          <xCoord>410</xCoord>
          <yCoord>236</yCoord>
        </edgeMap>
        <edgeMap>
          <xCoord>409</xCoord>
          <yCoord>237</yCoord>
        </edgeMap>
        <edgeMap>
          <xCoord>408</xCoord>
          <yCoord>237</yCoord>
        </edgeMap>
        <edgeMap>
          <xCoord>407</xCoord>
          <yCoord>237</yCoord>
        </edgeMap>
        <edgeMap>
          <xCoord>406</xCoord>
          <yCoord>238</yCoord>
        </edgeMap>
        <edgeMap>
          <xCoord>405</xCoord>
          <yCoord>238</yCoord>
        </edgeMap>
        <edgeMap>
          <xCoord>404</xCoord>
          <yCoord>239</yCoord>
        </edgeMap>
        <edgeMap>
          <xCoord>403</xCoord>
          <yCoord>240</yCoord>
        </edgeMap>
        <edgeMap>
          <xCoord>403</xCoord>
          <yCoord>241</yCoord>
        </edgeMap>
        <edgeMap>
          <xCoord>403</xCoord>
          <yCoord>242</yCoord>
        </edgeMap>
        <edgeMap>
          <xCoord>403</xCoord>
          <yCoord>243</yCoord>
        </edgeMap>
        <edgeMap>
          <xCoord>403</xCoord>
          <yCoord>244</yCoord>
        </edgeMap>
        <edgeMap>
          <xCoord>403</xCoord>
          <yCoord>245</yCoord>
        </edgeMap>
        <edgeMap>
          <xCoord>403</xCoord>
          <yCoord>246</yCoord>
        </edgeMap>
        <edgeMap>
          <xCoord>404</xCoord>
          <yCoord>247</yCoord>
        </edgeMap>
        <edgeMap>
          <xCoord>405</xCoord>
          <yCoord>247</yCoord>
        </edgeMap>
        <edgeMap>
          <xCoord>406</xCoord>
          <yCoord>248</yCoord>
        </edgeMap>
        <edgeMap>
          <xCoord>407</xCoord>
          <yCoord>248</yCoord>
        </edgeMap>
        <edgeMap>
          <xCoord>408</xCoord>
          <yCoord>248</yCoord>
        </edgeMap>
        <edgeMap>
          <xCoord>409</xCoord>
          <yCoord>248</yCoord>
        </edgeMap>
        <edgeMap>
          <xCoord>410</xCoord>
          <yCoord>248</yCoord>
        </edgeMap>
        <edgeMap>
          <xCoord>411</xCoord>
          <yCoord>248</yCoord>
        </edgeMap>
        <edgeMap>
          <xCoord>412</xCoord>
          <yCoord>247</yCoord>
        </edgeMap>
        <edgeMap>
          <xCoord>412</xCoord>
          <yCoord>246</yCoord>
        </edgeMap>
        <edgeMap>
          <xCoord>413</xCoord>
          <yCoord>245</yCoord>
        </edgeMap>
        <edgeMap>
          <xCoord>414</xCoord>
          <yCoord>244</yCoord>
        </edgeMap>
        <edgeMap>
          <xCoord>414</xCoord>
          <yCoord>243</yCoord>
        </edgeMap>
        <edgeMap>
          <xCoord>414</xCoord>
          <yCoord>242</yCoord>
        </edgeMap>
        <edgeMap>
          <xCoord>413</xCoord>
          <yCoord>241</yCoord>
        </edgeMap>
        <edgeMap>
          <xCoord>413</xCoord>
          <yCoord>240</yCoord>
        </edgeMap>
        <edgeMap>
          <xCoord>412</xCoord>
          <yCoord>239</yCoord>
        </edgeMap>
        <edgeMap>
          <xCoord>412</xCoord>
          <yCoord>238</yCoord>
        </edgeMap>
        <edgeMap>
          <xCoord>411</xCoord>
          <yCoord>237</yCoord>
        </edgeMap>
        <edgeMap>
          <xCoord>410</xCoord>
          <yCoord>236</yCoord>
        </edgeMap>
      </roi>
      <roi>
        <imageZposition>-128.250000 </imageZposition>
        <imageSOP_UID>1.3.6.1.4.1.14519.5.2.1.6279.6001.256159254116378667795300557049</imageSOP_UID>
        <inclusion>TRUE</inclusion>
        <edgeMap>
          <xCoord>410</xCoord>
          <yCoord>237</yCoord>
        </edgeMap>
        <edgeMap>
          <xCoord>409</xCoord>
          <yCoord>238</yCoord>
        </edgeMap>
        <edgeMap>
          <xCoord>408</xCoord>
          <yCoord>238</yCoord>
        </edgeMap>
        <edgeMap>
          <xCoord>407</xCoord>
          <yCoord>238</yCoord>
        </edgeMap>
        <edgeMap>
          <xCoord>406</xCoord>
          <yCoord>238</yCoord>
        </edgeMap>
        <edgeMap>
          <xCoord>405</xCoord>
          <yCoord>238</yCoord>
        </edgeMap>
        <edgeMap>
          <xCoord>404</xCoord>
          <yCoord>238</yCoord>
        </edgeMap>
        <edgeMap>
          <xCoord>403</xCoord>
          <yCoord>239</yCoord>
        </edgeMap>
        <edgeMap>
          <xCoord>402</xCoord>
          <yCoord>240</yCoord>
        </edgeMap>
        <edgeMap>
          <xCoord>402</xCoord>
          <yCoord>241</yCoord>
        </edgeMap>
        <edgeMap>
          <xCoord>402</xCoord>
          <yCoord>242</yCoord>
        </edgeMap>
        <edgeMap>
          <xCoord>402</xCoord>
          <yCoord>243</yCoord>
        </edgeMap>
        <edgeMap>
          <xCoord>402</xCoord>
          <yCoord>244</yCoord>
        </edgeMap>
        <edgeMap>
          <xCoord>402</xCoord>
          <yCoord>245</yCoord>
        </edgeMap>
        <edgeMap>
          <xCoord>403</xCoord>
          <yCoord>246</yCoord>
        </edgeMap>
        <edgeMap>
          <xCoord>404</xCoord>
          <yCoord>247</yCoord>
        </edgeMap>
        <edgeMap>
          <xCoord>405</xCoord>
          <yCoord>248</yCoord>
        </edgeMap>
        <edgeMap>
          <xCoord>406</xCoord>
          <yCoord>249</yCoord>
        </edgeMap>
        <edgeMap>
          <xCoord>407</xCoord>
          <yCoord>250</yCoord>
        </edgeMap>
        <edgeMap>
          <xCoord>408</xCoord>
          <yCoord>251</yCoord>
        </edgeMap>
        <edgeMap>
          <xCoord>409</xCoord>
          <yCoord>251</yCoord>
        </edgeMap>
        <edgeMap>
          <xCoord>410</xCoord>
          <yCoord>251</yCoord>
        </edgeMap>
        <edgeMap>
          <xCoord>411</xCoord>
          <yCoord>251</yCoord>
        </edgeMap>
        <edgeMap>
          <xCoord>412</xCoord>
          <yCoord>250</yCoord>
        </edgeMap>
        <edgeMap>
          <xCoord>413</xCoord>
          <yCoord>249</yCoord>
        </edgeMap>
        <edgeMap>
          <xCoord>414</xCoord>
          <yCoord>248</yCoord>
        </edgeMap>
        <edgeMap>
          <xCoord>415</xCoord>
          <yCoord>248</yCoord>
        </edgeMap>
        <edgeMap>
          <xCoord>416</xCoord>
          <yCoord>247</yCoord>
        </edgeMap>
        <edgeMap>
          <xCoord>416</xCoord>
          <yCoord>246</yCoord>
        </edgeMap>
        <edgeMap>
          <xCoord>416</xCoord>
          <yCoord>245</yCoord>
        </edgeMap>
        <edgeMap>
          <xCoord>416</xCoord>
          <yCoord>244</yCoord>
        </edgeMap>
        <edgeMap>
          <xCoord>416</xCoord>
          <yCoord>243</yCoord>
        </edgeMap>
        <edgeMap>
          <xCoord>415</xCoord>
          <yCoord>242</yCoord>
        </edgeMap>
        <edgeMap>
          <xCoord>415</xCoord>
          <yCoord>241</yCoord>
        </edgeMap>
        <edgeMap>
          <xCoord>415</xCoord>
          <yCoord>240</yCoord>
        </edgeMap>
        <edgeMap>
          <xCoord>415</xCoord>
          <yCoord>239</yCoord>
        </edgeMap>
        <edgeMap>
          <xCoord>415</xCoord>
          <yCoord>238</yCoord>
        </edgeMap>
        <edgeMap>
          <xCoord>414</xCoord>
          <yCoord>237</yCoord>
        </edgeMap>
        <edgeMap>
          <xCoord>413</xCoord>
          <yCoord>237</yCoord>
        </edgeMap>
        <edgeMap>
          <xCoord>412</xCoord>
          <yCoord>237</yCoord>
        </edgeMap>
        <edgeMap>
          <xCoord>411</xCoord>
          <yCoord>237</yCoord>
        </edgeMap>
        <edgeMap>
          <xCoord>410</xCoord>
          <yCoord>237</yCoord>
        </edgeMap>
      </roi>
      <roi>
        <imageZposition>-125.750000 </imageZposition>
        <imageSOP_UID>1.3.6.1.4.1.14519.5.2.1.6279.6001.172786142387299102459391646712</imageSOP_UID>
        <inclusion>TRUE</inclusion>
        <edgeMap>
          <xCoord>408</xCoord>
          <yCoord>236</yCoord>
        </edgeMap>
        <edgeMap>
          <xCoord>407</xCoord>
          <yCoord>237</yCoord>
        </edgeMap>
        <edgeMap>
          <xCoord>406</xCoord>
          <yCoord>237</yCoord>
        </edgeMap>
        <edgeMap>
          <xCoord>405</xCoord>
          <yCoord>237</yCoord>
        </edgeMap>
        <edgeMap>
          <xCoord>404</xCoord>
          <yCoord>238</yCoord>
        </edgeMap>
        <edgeMap>
          <xCoord>404</xCoord>
          <yCoord>239</yCoord>
        </edgeMap>
        <edgeMap>
          <xCoord>404</xCoord>
          <yCoord>240</yCoord>
        </edgeMap>
        <edgeMap>
          <xCoord>404</xCoord>
          <yCoord>241</yCoord>
        </edgeMap>
        <edgeMap>
          <xCoord>404</xCoord>
          <yCoord>242</yCoord>
        </edgeMap>
        <edgeMap>
          <xCoord>404</xCoord>
          <yCoord>243</yCoord>
        </edgeMap>
        <edgeMap>
          <xCoord>404</xCoord>
          <yCoord>244</yCoord>
        </edgeMap>
        <edgeMap>
          <xCoord>404</xCoord>
          <yCoord>245</yCoord>
        </edgeMap>
        <edgeMap>
          <xCoord>404</xCoord>
          <yCoord>246</yCoord>
        </edgeMap>
        <edgeMap>
          <xCoord>404</xCoord>
          <yCoord>247</yCoord>
        </edgeMap>
        <edgeMap>
          <xCoord>405</xCoord>
          <yCoord>248</yCoord>
        </edgeMap>
        <edgeMap>
          <xCoord>406</xCoord>
          <yCoord>249</yCoord>
        </edgeMap>
        <edgeMap>
          <xCoord>407</xCoord>
          <yCoord>249</yCoord>
        </edgeMap>
        <edgeMap>
          <xCoord>408</xCoord>
          <yCoord>250</yCoord>
        </edgeMap>
        <edgeMap>
          <xCoord>409</xCoord>
          <yCoord>250</yCoord>
        </edgeMap>
        <edgeMap>
          <xCoord>410</xCoord>
          <yCoord>250</yCoord>
        </edgeMap>
        <edgeMap>
          <xCoord>411</xCoord>
          <yCoord>249</yCoord>
        </edgeMap>
        <edgeMap>
          <xCoord>412</xCoord>
          <yCoord>248</yCoord>
        </edgeMap>
        <edgeMap>
          <xCoord>413</xCoord>
          <yCoord>247</yCoord>
        </edgeMap>
        <edgeMap>
          <xCoord>414</xCoord>
          <yCoord>247</yCoord>
        </edgeMap>
        <edgeMap>
          <xCoord>415</xCoord>
          <yCoord>247</yCoord>
        </edgeMap>
        <edgeMap>
          <xCoord>416</xCoord>
          <yCoord>247</yCoord>
        </edgeMap>
        <edgeMap>
          <xCoord>417</xCoord>
          <yCoord>246</yCoord>
        </edgeMap>
        <edgeMap>
          <xCoord>417</xCoord>
          <yCoord>245</yCoord>
        </edgeMap>
        <edgeMap>
          <xCoord>416</xCoord>
          <yCoord>244</yCoord>
        </edgeMap>
        <edgeMap>
          <xCoord>416</xCoord>
          <yCoord>243</yCoord>
        </edgeMap>
        <edgeMap>
          <xCoord>416</xCoord>
          <yCoord>242</yCoord>
        </edgeMap>
        <edgeMap>
          <xCoord>416</xCoord>
          <yCoord>241</yCoord>
        </edgeMap>
        <edgeMap>
          <xCoord>415</xCoord>
          <yCoord>240</yCoord>
        </edgeMap>
        <edgeMap>
          <xCoord>415</xCoord>
          <yCoord>239</yCoord>
        </edgeMap>
        <edgeMap>
          <xCoord>415</xCoord>
          <yCoord>238</yCoord>
        </edgeMap>
        <edgeMap>
          <xCoord>414</xCoord>
          <yCoord>237</yCoord>
        </edgeMap>
        <edgeMap>
          <xCoord>413</xCoord>
          <yCoord>237</yCoord>
        </edgeMap>
        <edgeMap>
          <xCoord>412</xCoord>
          <yCoord>237</yCoord>
        </edgeMap>
        <edgeMap>
          <xCoord>411</xCoord>
          <yCoord>237</yCoord>
        </edgeMap>
        <edgeMap>
          <xCoord>410</xCoord>
          <yCoord>236</yCoord>
        </edgeMap>
        <edgeMap>
          <xCoord>409</xCoord>
          <yCoord>236</yCoord>
        </edgeMap>
        <edgeMap>
          <xCoord>408</xCoord>
          <yCoord>236</yCoord>
        </edgeMap>
      </roi>
      <roi>
        <imageZposition>-123.250000 </imageZposition>
        <imageSOP_UID>1.3.6.1.4.1.14519.5.2.1.6279.6001.117920443508761499663297914873</imageSOP_UID>
        <inclusion>TRUE</inclusion>
        <edgeMap>
          <xCoord>411</xCoord>
          <yCoord>239</yCoord>
        </edgeMap>
        <edgeMap>
          <xCoord>410</xCoord>
          <yCoord>240</yCoord>
        </edgeMap>
        <edgeMap>
          <xCoord>409</xCoord>
          <yCoord>240</yCoord>
        </edgeMap>
        <edgeMap>
          <xCoord>408</xCoord>
          <yCoord>240</yCoord>
        </edgeMap>
        <edgeMap>
          <xCoord>407</xCoord>
          <yCoord>241</yCoord>
        </edgeMap>
        <edgeMap>
          <xCoord>406</xCoord>
          <yCoord>242</yCoord>
        </edgeMap>
        <edgeMap>
          <xCoord>406</xCoord>
          <yCoord>243</yCoord>
        </edgeMap>
        <edgeMap>
          <xCoord>407</xCoord>
          <yCoord>244</yCoord>
        </edgeMap>
        <edgeMap>
          <xCoord>408</xCoord>
          <yCoord>244</yCoord>
        </edgeMap>
        <edgeMap>
          <xCoord>408</xCoord>
          <yCoord>245</yCoord>
        </edgeMap>
        <edgeMap>
          <xCoord>409</xCoord>
          <yCoord>246</yCoord>
        </edgeMap>
        <edgeMap>
          <xCoord>410</xCoord>
          <yCoord>246</yCoord>
        </edgeMap>
        <edgeMap>
          <xCoord>411</xCoord>
          <yCoord>246</yCoord>
        </edgeMap>
        <edgeMap>
          <xCoord>412</xCoord>
          <yCoord>246</yCoord>
        </edgeMap>
        <edgeMap>
          <xCoord>413</xCoord>
          <yCoord>246</yCoord>
        </edgeMap>
        <edgeMap>
          <xCoord>414</xCoord>
          <yCoord>245</yCoord>
        </edgeMap>
        <edgeMap>
          <xCoord>414</xCoord>
          <yCoord>244</yCoord>
        </edgeMap>
        <edgeMap>
          <xCoord>414</xCoord>
          <yCoord>243</yCoord>
        </edgeMap>
        <edgeMap>
          <xCoord>415</xCoord>
          <yCoord>242</yCoord>
        </edgeMap>
        <edgeMap>
          <xCoord>415</xCoord>
          <yCoord>241</yCoord>
        </edgeMap>
        <edgeMap>
          <xCoord>415</xCoord>
          <yCoord>240</yCoord>
        </edgeMap>
        <edgeMap>
          <xCoord>414</xCoord>
          <yCoord>239</yCoord>
        </edgeMap>
        <edgeMap>
          <xCoord>413</xCoord>
          <yCoord>239</yCoord>
        </edgeMap>
        <edgeMap>
          <xCoord>412</xCoord>
          <yCoord>239</yCoord>
        </edgeMap>
        <edgeMap>
          <xCoord>411</xCoord>
          <yCoord>239</yCoord>
        </edgeMap>
      </roi>
    </unblindedReadNodule>
    <nonNodule>
      <nonNoduleID>_Non-nodule 001</nonNoduleID>
      <imageZposition>-40.750000</imageZposition>
      <imageSOP_UID>1.3.6.1.4.1.14519.5.2.1.6279.6001.217999434884825824104635842967</imageSOP_UID>
      <locus>
        <xCoord>181</xCoord>
        <yCoord>327</yCoord>
      </locus>
    </nonNodule>
    <nonNodule>
      <nonNoduleID>_Non-nodule 002</nonNoduleID>
      <imageZposition>-20.750000</imageZposition>
      <imageSOP_UID>1.3.6.1.4.1.14519.5.2.1.6279.6001.257724955595126209249495400941</imageSOP_UID>
      <locus>
        <xCoord>331</xCoord>
        <yCoord>302</yCoord>
      </locus>
    </nonNodule>
  </readingSession>
</LidcReadMessage>