<?xml version="1.0" encoding="UTF-8"?>
<LidcReadMessage uid="1.3.6.1.4.1.14519.5.2.1.6279.6001.1307390728943.0" xmlns="http://www.nih.gov" xmlns:xsi="http://www.w3.org/2001/XMLSchema-instance" xsi:schemaLocation="http://www.nih.gov       http://troll.rad.med.umich.edu/lidc/LidcReadMessage.xsd">
  <ResponseHeader>
    <Version>1.8</Version>
    <MessageId>UM1.3.6.1.4.1.9328.50.12.302897</MessageId>
    <DateRequest>2008-12-10</DateRequest>
    <TimeRequest>00:00:00</TimeRequest>
    <RequestingSite>removed</RequestingSite>
    <ServicingSite>removed</ServicingSite>
    <TaskDescription>Second unblinded read</TaskDescription>
    <CtImageFile>removed</CtImageFile>
    <SeriesInstanceUid>1.3.6.1.4.1.14519.5.2.1.6279.6001.100953483028192176989979435275</SeriesInstanceUid>
    <DateService>2008-12-10</DateService>
    <TimeService>00:00:00</TimeService>
    <ResponseDescription>1 - Reading complete</ResponseDescription>
  <StudyInstanceUID>1.3.6.1.4.1.14519.5.2.1.6279.6001.254734404186354295325724812720</StudyInstanceUID></ResponseHeader>
	<readingSession>
		<annotationVersion>3.12</annotationVersion>
		<servicingRadiologistID>anon</servicingRadiologistID>
			<unblindedReadNodule>
				<noduleID>0</noduleID>
				<characteristics>
					<subtlety>5</subtlety>
					<internalStructure>1</internalStructure>
					<calcification>6</calcification>
					<sphericity>5</sphericity>
					<margin>5</margin>
					<lobulation>4</lobulation>
					<spiculation>1</spiculation>
					<texture>5</texture>
					<malignancy>3</malignancy>
				</characteristics>
				<roi>
					<imageZposition>-146.5</imageZposition>
					<imageSOP_UID>1.3.6.1.4.1.14519.5.2.1.6279.6001.323437900749385950368278070181</imageSOP_UID>
					<inclusion>TRUE</inclusion>
					<edgeMap>
					<xCoord>352</xCoord>
					<yCoord>285</yCoord>
					</edgeMap>
					<edgeMap>
					<xCoord>353</xCoord>
					<yCoord>285</yCoord>
					</edgeMap>
					<edgeMap>
					<xCoord>354</xCoord>
					<yCoord>284</yCoord>
					</edgeMap>
					<edgeMap>
					<xCoord>355</xCoord>
					<yCoord>285</yCoord>
					</edgeMap>
					<edgeMap>
					<xCoord>356</xCoord>
					<yCoord>285</yCoord>
					</edgeMap>
					<edgeMap>
					<xCoord>357</xCoord>
					<yCoord>285</yCoord>
					</edgeMap>
					<edgeMap>
					<xCoord>357</xCoord>
					<yCoord>286</yCoord>
					</edgeMap>
					<edgeMap>
					<xCoord>358</xCoord>
					<yCoord>286</yCoord>
					</edgeMap>
					<edgeMap>
					<xCoord>359</xCoord>
					<yCoord>287</yCoord>
					</edgeMap>
					<edgeMap>
					<xCoord>360</xCoord>
					<yCoord>288</yCoord>
					</edgeMap>
					<edgeMap>
					<xCoord>361</xCoord>
					<yCoord>289</yCoord>
					</edgeMap>
					<edgeMap>
					<xCoord>361</xCoord>
					<yCoord>290</yCoord>
					</edgeMap>
					<edgeMap>
					<xCoord>362</xCoord>
					<yCoord>290</yCoord>
					</edgeMap>
					<edgeMap>
					<xCoord>362</xCoord>
					<yCoord>291</yCoord>
					</edgeMap>
					<edgeMap>
					<xCoord>362</xCoord>
					<yCoord>292</yCoord>
					</edgeMap>
					<edgeMap>
					<xCoord>363</xCoord>
					<yCoord>293</yCoord>
					</edgeMap>
					<edgeMap>
					<xCoord>362</xCoord>
					<yCoord>294</yCoord>
					</edgeMap>
					<edgeMap>
					<xCoord>362</xCoord>
					<yCoord>295</yCoord>
					</edgeMap>
					<edgeMap>
					<xCoord>361</xCoord>
					<yCoord>295</yCoord>
					</edgeMap>
					<edgeMap>
					<xCoord>360</xCoord>
					<yCoord>296</yCoord>
					</edgeMap>
					<edgeMap>
					<xCoord>359</xCoord>
					<yCoord>296</yCoord>
					</edgeMap>
					<edgeMap>
					<xCoord>358</xCoord>
					<yCoord>297</yCoord>
					</edgeMap>
					<edgeMap>
					<xCoord>357</xCoord>
					<yCoord>297</yCoord>
					</edgeMap>
					<edgeMap>
					<xCoord>356</xCoord>
					<yCoord>297</yCoord>
					</edgeMap>
					<edgeMap>
					<xCoord>355</xCoord>
					<yCoord>298</yCoord>
					</edgeMap>
					<edgeMap>
					<xCoord>354</xCoord>
					<yCoord>298</yCoord>
					</edgeMap>
					<edgeMap>
					<xCoord>353</xCoord>
					<yCoord>298</yCoord>
					</edgeMap>
					<edgeMap>
					<xCoord>352</xCoord>
					<yCoord>298</yCoord>
					</edgeMap>
					<edgeMap>
					<xCoord>351</xCoord>
					<yCoord>298</yCoord>
					</edgeMap>
					<edgeMap>
					<xCoord>350</xCoord>
					<yCoord>297</yCoord>
					</edgeMap>
					<edgeMap>
					<xCoord>349</xCoord>
					<yCoord>297</yCoord>
					</edgeMap>
					<edgeMap>
					<xCoord>348</xCoord>
					<yCoord>296</yCoord>
					</edgeMap>
					<edgeMap>
					<xCoord>348</xCoord>
					<yCoord>295</yCoord>
					</edgeMap>
					<edgeMap>
					<xCoord>349</xCoord>
					<yCoord>294</yCoord>
					</edgeMap>
					<edgeMap>
					<xCoord>349</xCoord>
					<yCoord>293</yCoord>
					</edgeMap>
					<edgeMap>
					<xCoord>350</xCoord>
					<yCoord>292</yCoord>
					</edgeMap>
					<edgeMap>
					<xCoord>351</xCoord>
					<yCoord>291</yCoord>
					</edgeMap>
					<edgeMap>
					<xCoord>351</xCoord>
					<yCoord>290</yCoord>
					</edgeMap>
					<edgeMap>
					<xCoord>352</xCoord>
					<yCoord>289</yCoord>
					</edgeMap>
					<edgeMap>
					<xCoord>352</xCoord>
					<yCoord>288</yCoord>
					</edgeMap>
					<edgeMap>
					<xCoord>352</xCoord>
					<yCoord>287</yCoord>
					</edgeMap>
					<edgeMap>
					<xCoord>352</xCoord>
					<yCoord>286</yCoord>
					</edgeMap>
					<edgeMap>
					<xCoord>352</xCoord>
					<yCoord>285</yCoord>
					</edgeMap>
				</roi>
				<roi>
					<imageZposition>-149.0</imageZposition>
					<imageSOP_UID>1.3.6.1.4.1.14519.5.2.1.6279.6001.175065559711471148223644504960</imageSOP_UID>
					<inclusion>TRUE</inclusion>
					<edgeMap>
					<xCoord>346</xCoord>
					<yCoord>284</yCoord>
					</edgeMap>
					<edgeMap>
					<xCoord>347</xCoord>
					<yCoord>283</yCoord>
					</edgeMap>
					<edgeMap>
					<xCoord>347</xCoord>
					<yCoord>282</yCoord>
					</edgeMap>
					<edgeMap>
					<xCoord>348</xCoord>
					<yCoord>282</yCoord>
					</edgeMap>
					<edgeMap>
					<xCoord>349</xCoord>
					<yCoord>281</yCoord>
					</edgeMap>
					<edgeMap>
					<xCoord>350</xCoord>
					<yCoord>281</yCoord>
					</edgeMap>
					<edgeMap>
					<xCoord>351</xCoord>
					<yCoord>281</yCoord>
					</edgeMap>
					<edgeMap>
					<xCoord>352</xCoord>
					<yCoord>281</yCoord>
					</edgeMap>
					<edgeMap>
					<xCoord>353</xCoord>
					<yCoord>282</yCoord>
					</edgeMap>
					<edgeMap>
					<xCoord>354</xCoord>
					<yCoord>282</yCoord>
					</edgeMap>
					<edgeMap>
					<xCoord>355</xCoord>
					<yCoord>282</yCoord>
					</edgeMap>
					<edgeMap>
					<xCoord>356</xCoord>
					<yCoord>282</yCoord>
					</edgeMap>
					<edgeMap>
					<xCoord>357</xCoord>
					<yCoord>282</yCoord>
					</edgeMap>
					<edgeMap>
					<xCoord>358</xCoord>
					<yCoord>282</yCoord>
					</edgeMap>
					<edgeMap>
					<xCoord>359</xCoord>
					<yCoord>283</yCoord>
					</edgeMap>
					<edgeMap>
					<xCoord>359</xCoord>
					<yCoord>284</yCoord>
					</edgeMap>
					<edgeMap>
					<xCoord>360</xCoord>
					<yCoord>285</yCoord>
					</edgeMap>
					<edgeMap>
					<xCoord>361</xCoord>
					<yCoord>286</yCoord>
					</edgeMap>
					<edgeMap>
					<xCoord>362</xCoord>
					<yCoord>287</yCoord>
					</edgeMap>
					<edgeMap>
					<xCoord>363</xCoord>
					<yCoord>288</yCoord>
					</edgeMap>
					<edgeMap>
					<xCoord>364</xCoord>
					<yCoord>289</yCoord>
					</edgeMap>
					<edgeMap>
					<xCoord>364</xCoord>
					<yCoord>290</yCoord>
					</edgeMap>
					<edgeMap>
					<xCoord>365</xCoord>
					<yCoord>290</yCoord>
					</edgeMap>
					<edgeMap>
					<xCoord>365</xCoord>
					<yCoord>291</yCoord>
					</edgeMap>
					<edgeMap>
					<xCoord>365</xCoord>
					<yCoord>292</yCoord>
					</edgeMap>
					<edgeMap>
					<xCoord>364</xCoord>
					<yCoord>292</yCoord>
					</edgeMap>
					<edgeMap>
					<xCoord>363</xCoord>
					<yCoord>293</yCoord>
					</edgeMap>
					<edgeMap>
					<xCoord>362</xCoord>
					<yCoord>293</yCoord>
					</edgeMap>
					<edgeMap>
					<xCoord>361</xCoord>
					<yCoord>293</yCoord>
					</edgeMap>
					<edgeMap>
					<xCoord>360</xCoord>
					<yCoord>294</yCoord>
					</edgeMap>
					<edgeMap>
					<xCoord>359</xCoord>
					<yCoord>294</yCoord>
					</edgeMap>
					<edgeMap>
					<xCoord>358</xCoord>
					<yCoord>295</yCoord>
					</edgeMap>
					<edgeMap>
					<xCoord>357</xCoord>
					<yCoord>296</yCoord>
					</edgeMap>
					<edgeMap>
					<xCoord>356</xCoord>
					<yCoord>296</yCoord>
					</edgeMap>
					<edgeMap>
					<xCoord>355</xCoord>
					<yCoord>296</yCoord>
					</edgeMap>
					<edgeMap>
					<xCoord>354</xCoord>
					<yCoord>297</yCoord>
					</edgeMap>
					<edgeMap>
					<xCoord>353</xCoord>
					<yCoord>297</yCoord>
					</edgeMap>
					<edgeMap>
					<xCoord>352</xCoord>
					<yCoord>298</yCoord>
					</edgeMap>
					<edgeMap>
					<xCoord>351</xCoord>
					<yCoord>299</yCoord>
					</edgeMap>
					<edgeMap>
					<xCoord>350</xCoord>
					<yCoord>299</yCoord>
					</edgeMap>
					<edgeMap>
					<xCoord>349</xCoord>
					<yCoord>299</yCoord>
					</edgeMap>
					<edgeMap>
					<xCoord>349</xCoord>
					<yCoord>298</yCoord>
					</edgeMap>
					<edgeMap>
					<xCoord>350</xCoord>
					<yCoord>297</yCoord>
					</edgeMap>
					<edgeMap>
					<xCoord>351</xCoord>
					<yCoord>296</yCoord>
					</edgeMap>
					<edgeMap>
					<xCoord>351</xCoord>
					<yCoord>295</yCoord>
					</edgeMap>
					<edgeMap>
					<xCoord>351</xCoord>
					<yCoord>294</yCoord>
					</edgeMap>
					<edgeMap>
					<xCoord>351</xCoord>
					<yCoord>293</yCoord>
					</edgeMap>
					<edgeMap>
					<xCoord>350</xCoord>
					<yCoord>294</yCoord>
					</edgeMap>
					<edgeMap>
					<xCoord>349</xCoord>
					<yCoord>294</yCoord>
					</edgeMap>
					<edgeMap>
					<xCoord>348</xCoord>
					<yCoord>295</yCoord>
					</edgeMap>
					<edgeMap>
					<xCoord>347</xCoord>
					<yCoord>295</yCoord>
					</edgeMap>
					<edgeMap>
					<xCoord>346</xCoord>
					<yCoord>295</yCoord>
					</edgeMap>
					<edgeMap>
					<xCoord>345</xCoord>
					<yCoord>295</yCoord>
					</edgeMap>
					<edgeMap>
					<xCoord>345</xCoord>
					<yCoord>294</yCoord>
					</edgeMap>
					<edgeMap>
					<xCoord>345</xCoord>
					<yCoord>293</yCoord>
					</edgeMap>
					<edgeMap>
					<xCoord>346</xCoord>
					<yCoord>293</yCoord>
					</edgeMap>
					<edgeMap>
					<xCoord>346</xCoord>
					<yCoord>292</yCoord>
					</edgeMap>
					<edgeMap>
					<xCoord>346</xCoord>
					<yCoord>291</yCoord>
					</edgeMap>
					<edgeMap>
					<xCoord>346</xCoord>
					<yCoord>290</yCoord>
					</edgeMap>
					<edgeMap>
					<xCoord>346</xCoord>
					<yCoord>289</yCoord>
					</edgeMap>
					<edgeMap>
					<xCoord>346</xCoord>
					<yCoord>288</yCoord>
					</edgeMap>
					<edgeMap>
					<xCoord>345</xCoord>
					<yCoord>287</yCoord>
					</edgeMap>
					<edgeMap>
					<xCoord>345</xCoord>
					<yCoord>286</yCoord>
					</edgeMap>
					<edgeMap>
					<xCoord>346</xCoord>
					<yCoord>285</yCoord>
					</edgeMap>
					<edgeMap>
					<xCoord>346</xCoord>
					<yCoord>284</yCoord>
					</edgeMap>
				</roi>
				<roi>
					<imageZposition>-151.5</imageZposition>
					<imageSOP_UID>1.3.6.1.4.1.14519.5.2.1.6279.6001.277604469834501767430580870773</imageSOP_UID>
					<inclusion>TRUE</inclusion>
					<edgeMap>
					<xCoord>347</xCoord>
					<yCoord>289</yCoord>
					</edgeMap>
					<edgeMap>
					<xCoord>347</xCoord>
					<yCoord>288</yCoord>
					</edgeMap>
					<edgeMap>
					<xCoord>347</xCoord>
					<yCoord>287</yCoord>
					</edgeMap>
					<edgeMap>
					<xCoord>347</xCoord>
					<yCoord>286</yCoord>
					</edgeMap>
					<edgeMap>
					<xCoord>348</xCoord>
					<yCoord>286</yCoord>
					</edgeMap>
					<edgeMap>
					<xCoord>348</xCoord>
					<yCoord>285</yCoord>
					</edgeMap>
					<edgeMap>
					<xCoord>349</xCoord>
					<yCoord>285</yCoord>
					</edgeMap>
					<edgeMap>
					<xCoord>349</xCoord>
					<yCoord>284</yCoord>
					</edgeMap>
					<edgeMap>
					<xCoord>349</xCoord>
					<yCoord>283</yCoord>
					</edgeMap>
					<edgeMap>
					<xCoord>349</xCoord>
					<yCoord>282</yCoord>
					</edgeMap>
					<edgeMap>
					<xCoord>350</xCoord>
					<yCoord>281</yCoord>
					</edgeMap>
					<edgeMap>
					<xCoord>351</xCoord>
					<yCoord>281</yCoord>
					</edgeMap>
					<edgeMap>
					<xCoord>352</xCoord>
					<yCoord>280</yCoord>
					</edgeMap>
					<edgeMap>
					<xCoord>353</xCoord>
					<yCoord>281</yCoord>
					</edgeMap>
					<edgeMap>
					<xCoord>354</xCoord>
					<yCoord>281</yCoord>
					</edgeMap>
					<edgeMap>
					<xCoord>355</xCoord>
					<yCoord>281</yCoord>
					</edgeMap>
					<edgeMap>
					<xCoord>356</xCoord>
					<yCoord>281</yCoord>
					</edgeMap>
					<edgeMap>
					<xCoord>357</xCoord>
					<yCoord>282</yCoord>
					</edgeMap>
					<edgeMap>
					<xCoord>358</xCoord>
					<yCoord>282</yCoord>
					</edgeMap>
					<edgeMap>
					<xCoord>359</xCoord>
					<yCoord>282</yCoord>
					</edgeMap>
					<edgeMap>
					<xCoord>360</xCoord>
					<yCoord>283</yCoord>
					</edgeMap>
					<edgeMap>
					<xCoord>360</xCoord>
					<yCoord>284</yCoord>
					</edgeMap>
					<edgeMap>
					<xCoord>360</xCoord>
					<yCoord>285</yCoord>
					</edgeMap>
					<edgeMap>
					<xCoord>361</xCoord>
					<yCoord>286</yCoord>
					</edgeMap>
					<edgeMap>
					<xCoord>362</xCoord>
					<yCoord>287</yCoord>
					</edgeMap>
					<edgeMap>
					<xCoord>363</xCoord>
					<yCoord>288</yCoord>
					</edgeMap>
					<edgeMap>
					<xCoord>363</xCoord>
					<yCoord>289</yCoord>
					</edgeMap>
					<edgeMap>
					<xCoord>362</xCoord>
					<yCoord>290</yCoord>
					</edgeMap>
					<edgeMap>
					<xCoord>362</xCoord>
					<yCoord>291</yCoord>
					</edgeMap>
					<edgeMap>
					<xCoord>361</xCoord>
					<yCoord>291</yCoord>
					</edgeMap>
					<edgeMap>
					<xCoord>360</xCoord>
					<yCoord>292</yCoord>
					</edgeMap>
					<edgeMap>
					<xCoord>359</xCoord>
					<yCoord>292</yCoord>
					</edgeMap>
					<edgeMap>
					<xCoord>359</xCoord>
					<yCoord>293</yCoord>
					</edgeMap>
					<edgeMap>
					<xCoord>358</xCoord>
					<yCoord>293</yCoord>
					</edgeMap>
					<edgeMap>
					<xCoord>357</xCoord>
					<yCoord>294</yCoord>
					</edgeMap>
					<edgeMap>
					<xCoord>356</xCoord>
					<yCoord>294</yCoord>
					</edgeMap>
					<edgeMap>
					<xCoord>355</xCoord>
					<yCoord>294</yCoord>
					</edgeMap>
					<edgeMap>
					<xCoord>354</xCoord>
					<yCoord>294</yCoord>
					</edgeMap>
					<edgeMap>
					<xCoord>353</xCoord>
					<yCoord>294</yCoord>
					</edgeMap>
					<edgeMap>
					<xCoord>352</xCoord>
					<yCoord>294</yCoord>
					</edgeMap>
					<edgeMap>
					<xCoord>351</xCoord>
					<yCoord>294</yCoord>
					</edgeMap>
					<edgeMap>
					<xCoord>350</xCoord>
					<yCoord>294</yCoord>
					</edgeMap>
					<edgeMap>
					<xCoord>349</xCoord>
					<yCoord>294</yCoord>
					</edgeMap>
					<edgeMap>
					<xCoord>348</xCoord>
					<yCoord>294</yCoord>
					</edgeMap>
					<edgeMap>
					<xCoord>347</xCoord>
					<yCoord>294</yCoord>
					</edgeMap>
					<edgeMap>
					<xCoord>346</xCoord>
					<yCoord>293</yCoord>
					</edgeMap>
					<edgeMap>
					<xCoord>347</xCoord>
					<yCoord>292</yCoord>
					</edgeMap>
					<edgeMap>
					<xCoord>348</xCoord>
					<yCoord>291</yCoord>
					</edgeMap>
					<edgeMap>
					<xCoord>348</xCoord>
					<yCoord>290</yCoord>
					</edgeMap>
					<edgeMap>
					<xCoord>349</xCoord>
					<yCoord>290</yCoord>
					</edgeMap>
					<edgeMap>
					<xCoord>348</xCoord>
					<yCoord>289</yCoord>
					</edgeMap>
					<edgeMap>
					<xCoord>347</xCoord>
					<yCoord>289</yCoord>
					</edgeMap>
				</roi>
				<roi>
					<imageZposition>-154.0</imageZposition>
					<imageSOP_UID>1.3.6.1.4.1.14519.5.2.1.6279.6001.332857913291538463168999612368</imageSOP_UID>
					<inclusion>TRUE</inclusion>
					<edgeMap>
					<xCoord>349</xCoord>
					<yCoord>286</yCoord>
					</edgeMap>
					<edgeMap>
					<xCoord>349</xCoord>
					<yCoord>285</yCoord>
					</edgeMap>
					<edgeMap>
					<xCoord>349</xCoord>
					<yCoord>284</yCoord>
					</edgeMap>
					<edgeMap>
					<xCoord>350</xCoord>
					<yCoord>283</yCoord>
					</edgeMap>
					<edgeMap>
					<xCoord>351</xCoord>
					<yCoord>282</yCoord>
					</edgeMap>
					<edgeMap>
					<xCoord>352</xCoord>
					<yCoord>282</yCoord>
					</edgeMap>
					<edgeMap>
					<xCoord>353</xCoord>
					<yCoord>281</yCoord>
					</edgeMap>
					<edgeMap>
					<xCoord>354</xCoord>
					<yCoord>280</yCoord>
					</edgeMap>
					<edgeMap>
					<xCoord>355</xCoord>
					<yCoord>280</yCoord>
					</edgeMap>
					<edgeMap>
					<xCoord>356</xCoord>
					<yCoord>281</yCoord>
					</edgeMap>
					<edgeMap>
					<xCoord>357</xCoord>
					<yCoord>282</yCoord>
					</edgeMap>
					<edgeMap>
					<xCoord>358</xCoord>
					<yCoord>283</yCoord>
					</edgeMap>
					<edgeMap>
					<xCoord>359</xCoord>
					<yCoord>283</yCoord>
					</edgeMap>
					<edgeMap>
					<xCoord>360</xCoord>
					<yCoord>284</yCoord>
					</edgeMap>
					<edgeMap>
					<xCoord>361</xCoord>
					<yCoord>285</yCoord>
					</edgeMap>
					<edgeMap>
					<xCoord>361</xCoord>
					<yCoord>286</yCoord>
					</edgeMap>
					<edgeMap>
					<xCoord>361</xCoord>
					<yCoord>287</yCoord>
					</edgeMap>
					<edgeMap>
					<xCoord>361</xCoord>
					<yCoord>288</yCoord>
					</edgeMap>
					<edgeMap>
					<xCoord>362</xCoord>
					<yCoord>288</yCoord>
					</edgeMap>
					<edgeMap>
					<xCoord>362</xCoord>
					<yCoord>289</yCoord>
					</edgeMap>
					<edgeMap>
					<xCoord>361</xCoord>
					<yCoord>290</yCoord>
					</edgeMap>
					<edgeMap>
					<xCoord>360</xCoord>
					<yCoord>291</yCoord>
					</edgeMap>
					<edgeMap>
					<xCoord>359</xCoord>
					<yCoord>291</yCoord>
					</edgeMap>
					<edgeMap>
					<xCoord>358</xCoord>
					<yCoord>291</yCoord>
					</edgeMap>
					<edgeMap>
					<xCoord>357</xCoord>
					<yCoord>291</yCoord>
					</edgeMap>
					<edgeMap>
					<xCoord>356</xCoord>
					<yCoord>292</yCoord>
					</edgeMap>
					<edgeMap>
					<xCoord>355</xCoord>
					<yCoord>292</yCoord>
					</edgeMap>
					<edgeMap>
					<xCoord>354</xCoord>
					<yCoord>292</yCoord>
					</edgeMap>
					<edgeMap>
					<xCoord>353</xCoord>
					<yCoord>293</yCoord>
					</edgeMap>
					<edgeMap>
					<xCoord>352</xCoord>
					<yCoord>293</yCoord>
					</edgeMap>
					<edgeMap>
					<xCoord>351</xCoord>
					<yCoord>293</yCoord>
					</edgeMap>
					<edgeMap>
					<xCoord>350</xCoord>
					<yCoord>293</yCoord>
					</edgeMap>
					<edgeMap>
					<xCoord>349</xCoord>
					<yCoord>293</yCoord>
					</edgeMap>
					<edgeMap>
					<xCoord>348</xCoord>
					<yCoord>293</yCoord>
					</edgeMap>
					<edgeMap>
					<xCoord>347</xCoord>
					<yCoord>293</yCoord>
					</edgeMap>
					<edgeMap>
					<xCoord>346</xCoord>
					<yCoord>293</yCoord>
					</edgeMap>
					<edgeMap>
					<xCoord>345</xCoord>
					<yCoord>292</yCoord>
					</edgeMap>
					<edgeMap>
					<xCoord>345</xCoord>
					<yCoord>291</yCoord>
					</edgeMap>
					<edgeMap>
					<xCoord>345</xCoord>
					<yCoord>290</yCoord>
					</edgeMap>
					<edgeMap>
					<xCoord>346</xCoord>
					<yCoord>289</yCoord>
					</edgeMap>
					<edgeMap>
					<xCoord>347</xCoord>
					<yCoord>288</yCoord>
					</edgeMap>
					<edgeMap>
					<xCoord>348</xCoord>
					<yCoord>287</yCoord>
					</edgeMap>
					<edgeMap>
					<xCoord>349</xCoord>
					<yCoord>286</yCoord>
					</edgeMap>
				</roi>
			</unblindedReadNodule>
			<unblindedReadNodule>
				<noduleID>1</noduleID>
				<roi>
					<imageZposition>-201.5</imageZposition>
					<imageSOP_UID>1.3.6.1.4.1.14519.5.2.1.6279.6001.287449923428210112224128019380</imageSOP_UID>
					<inclusion>TRUE</inclusion>
					<edgeMap>
					<xCoord>137</xCoord>
					<yCoord>292</yCoord>
					</edgeMap>
				</roi>
			</unblindedReadNodule>
			<unblindedReadNodule>
				<noduleID>2</noduleID>
				<roi>
					<imageZposition>-206.5</imageZposition>
					<imageSOP_UID>1.3.6.1.4.1.14519.5.2.1.6279.6001.178941374411720049913691417370</imageSOP_UID>
					<inclusion>TRUE</inclusion>
					<edgeMap>
					<xCoord>162</xCoord>
					<yCoord>367</yCoord>
					</edgeMap>
				</roi>
			</unblindedReadNodule>
			<unblindedReadNodule>
				<noduleID>7</noduleID>
				<roi>
					<imageZposition>-161.5</imageZposition>
					<imageSOP_UID>1.3.6.1.4.1.14519.5.2.1.6279.6001.123295140038355857666731997059</imageSOP_UID>
					<inclusion>TRUE</inclusion>
					<edgeMap>
					<xCoord>374</xCoord>
					<yCoord>267</yCoord>
					</edgeMap>
				</roi>
			</unblindedReadNodule>
			<nonNodule>
				<nonNoduleID>3</nonNoduleID>
				<imageZposition>-39.0</imageZposition>
				<imageSOP_UID>1.3.6.1.4.1.14519.5.2.1.6279.6001.152603876854318125927797736408</imageSOP_UID>
				<locus>
					<xCoord>310</xCoord>
					<yCoord>296</yCoord>
				</locus>
			</nonNodule>
			<nonNodule>
				<nonNoduleID>4</nonNoduleID>
				<imageZposition>-121.5</imageZposition>
				<imageSOP_UID>1.3.6.1.4.1.14519.5.2.1.6279.6001.174371342348743498148733436694</imageSOP_UID>
				<locus>
					<xCoord>198</xCoord>
					<yCoord>322</yCoord>
				</locus>
			</nonNodule>
			<nonNodule>
				<nonNoduleID>5</nonNoduleID>
				<imageZposition>-244.0</imageZposition>
				<imageSOP_UID>1.3.6.1.4.1.14519.5.2.1.6279.6001.254708188498951248171129781165</imageSOP_UID>
				<locus>
					<xCoord>380</xCoord>
					<yCoord>364</yCoord>
				</locus>
			</nonNodule>
			<nonNodule>
				<nonNoduleID>6</nonNoduleID>
				<imageZposition>-244.0</imageZposition>
				<imageSOP_UID>1.3.6.1.4.1.14519.5.2.1.6279.6001.254708188498951248171129781165</imageSOP_UID>
				<locus>
					<xCoord>410</xCoord>
					<yCoord>346</yCoord>
				</locus>
			</nonNodule>
	</readingSession>
<readingSession>
<annotationVersion>3.12</annotationVersion>
<servicingRadiologistID>anon</servicingRadiologistID>
<unblindedReadNodule>
<noduleID>162758</noduleID>
<roi>
<imageZposition>-204.0</imageZposition>
<imageSOP_UID>1.3.6.1.4.1.14519.5.2.1.6279.6001.185221503896588746661244160550</imageSOP_UID>
<inclusion>TRUE</inclusion>
<edgeMap>
<xCoord>162</xCoord>
<yCoord>367</yCoord>
</edgeMap>
</roi>
</unblindedReadNodule>
<unblindedReadNodule>
<noduleID>162765</noduleID>
<roi>
<imageZposition>-161.5</imageZposition>
<imageSOP_UID>1.3.6.1.4.1.14519.5.2.1.6279.6001.123295140038355857666731997059</imageSOP_UID>
<inclusion>TRUE</inclusion>
<edgeMap>
<xCoord>374</xCoord>
<yCoord>268</yCoord>
</edgeMap>
</roi>
</unblindedReadNodule>
<unblindedReadNodule>
<noduleID>162753</noduleID>
<characteristics>
<subtlety>5</subtlety>
<internalStructure>2</internalStructure>
<calcification>6</calcification>
<sphericity>4</sphericity>
<margin>3</margin>
<lobulation>3</lobulation>
<spiculation>3</spiculation>
<texture>5</texture>
<malignancy>2</malignancy>
</characteristics>
<roi>
<imageZposition>-146.5</imageZposition>
<imageSOP_UID>1.3.6.1.4.1.14519.5.2.1.6279.6001.323437900749385950368278070181</imageSOP_UID>
<inclusion>TRUE</inclusion>
<edgeMap>
<xCoord>355</xCoord>
<yCoord>295</yCoord>
</edgeMap>
<edgeMap>
<xCoord>356</xCoord>
<yCoord>294</yCoord>
</edgeMap>
<edgeMap>
<xCoord>357</xCoord>
<yCoord>294</yCoord>
</edgeMap>
<edgeMap>
<xCoord>358</xCoord>
<yCoord>294</yCoord>
</edgeMap>
<edgeMap>
<xCoord>359</xCoord>
<yCoord>293</yCoord>
</edgeMap>
<edgeMap>
<xCoord>360</xCoord>
<yCoord>292</yCoord>
</edgeMap>
<edgeMap>
<xCoord>361</xCoord>
<yCoord>291</yCoord>
</edgeMap>
<edgeMap>
<xCoord>360</xCoord>
<yCoord>290</yCoord>
</edgeMap>
<edgeMap>
<xCoord>360</xCoord>
<yCoord>289</yCoord>
</edgeMap>
<edgeMap>
<xCoord>359</xCoord>
<yCoord>288</yCoord>
</edgeMap>
<edgeMap>
<xCoord>359</xCoord>
<yCoord>287</yCoord>
</edgeMap>
<edgeMap>
<xCoord>358</xCoord>
<yCoord>286</yCoord>
</edgeMap>
<edgeMap>
<xCoord>357</xCoord>
<yCoord>285</yCoord>
</edgeMap>
<edgeMap>
<xCoord>356</xCoord>
<yCoord>284</yCoord>
</edgeMap>
<edgeMap>
<xCoord>355</xCoord>
<yCoord>283</yCoord>
</edgeMap>
<edgeMap>
<xCoord>354</xCoord>
<yCoord>284</yCoord>
</edgeMap>
<edgeMap>
<xCoord>353</xCoord>
<yCoord>285</yCoord>
</edgeMap>
<edgeMap>
<xCoord>352</xCoord>
<yCoord>286</yCoord>
</edgeMap>
<edgeMap>
<xCoord>351</xCoord>
<yCoord>287</yCoord>
</edgeMap>
<edgeMap>
<xCoord>350</xCoord>
<yCoord>288</yCoord>
</edgeMap>
<edgeMap>
<xCoord>350</xCoord>
<yCoord>289</yCoord>
</edgeMap>
<edgeMap>
<xCoord>350</xCoord>
<yCoord>290</yCoord>
</edgeMap>
<edgeMap>
<xCoord>350</xCoord>
<yCoord>291</yCoord>
</edgeMap>
<edgeMap>
<xCoord>349</xCoord>
<yCoord>292</yCoord>
</edgeMap>
<edgeMap>
<xCoord>350</xCoord>
<yCoord>293</yCoord>
</edgeMap>
<edgeMap>
<xCoord>351</xCoord>
<yCoord>294</yCoord>
</edgeMap>
<edgeMap>
<xCoord>352</xCoord>
<yCoord>295</yCoord>
</edgeMap>
<edgeMap>
<xCoord>353</xCoord>
<yCoord>295</yCoord>
</edgeMap>
<edgeMap>
<xCoord>354</xCoord>
<yCoord>295</yCoord>
</edgeMap>
<edgeMap>
<xCoord>355</xCoord>
<yCoord>295</yCoord>
</edgeMap>
</roi>
<roi>
<imageZposition>-149.0</imageZposition>
<imageSOP_UID>1.3.6.1.4.1.14519.5.2.1.6279.6001.175065559711471148223644504960</imageSOP_UID>
<inclusion>TRUE</inclusion>
<edgeMap>
<xCoord>353</xCoord>
<yCoord>296</yCoord>
</edgeMap>
<edgeMap>
<xCoord>354</xCoord>
<yCoord>295</yCoord>
</edgeMap>
<edgeMap>
<xCoord>355</xCoord>
<yCoord>295</yCoord>
</edgeMap>
<edgeMap>
<xCoord>356</xCoord>
<yCoord>295</yCoord>
</edgeMap>
<edgeMap>
<xCoord>357</xCoord>
<yCoord>295</yCoord>
</edgeMap>
<edgeMap>
<xCoord>358</xCoord>
<yCoord>294</yCoord>
</edgeMap>
<edgeMap>
<xCoord>359</xCoord>
<yCoord>294</yCoord>
</edgeMap>
<edgeMap>
<xCoord>360</xCoord>
<yCoord>293</yCoord>
</edgeMap>
<edgeMap>
<xCoord>361</xCoord>
<yCoord>292</yCoord>
</edgeMap>
<edgeMap>
<xCoord>362</xCoord>
<yCoord>292</yCoord>
</edgeMap>
<edgeMap>
<xCoord>363</xCoord>
<yCoord>291</yCoord>
</edgeMap>
<edgeMap>
<xCoord>363</xCoord>
<yCoord>290</yCoord>
</edgeMap>
<edgeMap>
<xCoord>363</xCoord>
<yCoord>289</yCoord>
</edgeMap>
<edgeMap>
<xCoord>362</xCoord>
<yCoord>288</yCoord>
</edgeMap>
<edgeMap>
<xCoord>361</xCoord>
<yCoord>287</yCoord>
</edgeMap>
<edgeMap>
<xCoord>360</xCoord>
<yCoord>286</yCoord>
</edgeMap>
<edgeMap>
<xCoord>359</xCoord>
<yCoord>285</yCoord>
</edgeMap>
<edgeMap>
<xCoord>358</xCoord>
<yCoord>284</yCoord>
</edgeMap>
<edgeMap>
<xCoord>357</xCoord>
<yCoord>283</yCoord>
</edgeMap>
<edgeMap>
<xCoord>356</xCoord>
<yCoord>283</yCoord>
</edgeMap>
<edgeMap>
<xCoord>355</xCoord>
<yCoord>283</yCoord>
</edgeMap>
<edgeMap>
<xCoord>354</xCoord>
<yCoord>282</yCoord>
</edgeMap>
<edgeMap>
<xCoord>353</xCoord>
<yCoord>282</yCoord>
</edgeMap>
<edgeMap>
<xCoord>352</xCoord>
<yCoord>282</yCoord>
</edgeMap>
<edgeMap>
<xCoord>351</xCoord>
<yCoord>283</yCoord>
</edgeMap>
<edgeMap>
<xCoord>350</xCoord>
<yCoord>283</yCoord>
</edgeMap>
<edgeMap>
<xCoord>349</xCoord>
<yCoord>284</yCoord>
</edgeMap>
<edgeMap>
<xCoord>348</xCoord>
<yCoord>285</yCoord>
</edgeMap>
<edgeMap>
<xCoord>348</xCoord>
<yCoord>286</yCoord>
</edgeMap>
<edgeMap>
<xCoord>347</xCoord>
<yCoord>287</yCoord>
</edgeMap>
<edgeMap>
<xCoord>347</xCoord>
<yCoord>288</yCoord>
</edgeMap>
<edgeMap>
<xCoord>347</xCoord>
<yCoord>289</yCoord>
</edgeMap>
<edgeMap>
<xCoord>347</xCoord>
<yCoord>290</yCoord>
</edgeMap>
<edgeMap>
<xCoord>347</xCoord>
<yCoord>291</yCoord>
</edgeMap>
<edgeMap>
<xCoord>347</xCoord>
<yCoord>292</yCoord>
</edgeMap>
<edgeMap>
<xCoord>347</xCoord>
<yCoord>293</yCoord>
</edgeMap>
<edgeMap>
<xCoord>348</xCoord>
<yCoord>294</yCoord>
</edgeMap>
<edgeMap>
<xCoord>349</xCoord>
<yCoord>294</yCoord>
</edgeMap>
<edgeMap>
<xCoord>350</xCoord>
<yCoord>295</yCoord>
</edgeMap>
<edgeMap>
<xCoord>351</xCoord>
<yCoord>295</yCoord>
</edgeMap>
<edgeMap>
<xCoord>352</xCoord>
<yCoord>296</yCoord>
</edgeMap>
<edgeMap>
<xCoord>353</xCoord>
<yCoord>296</yCoord>
</edgeMap>
</roi>
<roi>
<imageZposition>-151.5</imageZposition>
<imageSOP_UID>1.3.6.1.4.1.14519.5.2.1.6279.6001.277604469834501767430580870773</imageSOP_UID>
<inclusion>TRUE</inclusion>
<edgeMap>
<xCoord>356</xCoord>
<yCoord>294</yCoord>
</edgeMap>
<edgeMap>
<xCoord>357</xCoord>
<yCoord>293</yCoord>
</edgeMap>
<edgeMap>
<xCoord>358</xCoord>
<yCoord>293</yCoord>
</edgeMap>
<edgeMap>
<xCoord>359</xCoord>
<yCoord>292</yCoord>
</edgeMap>
<edgeMap>
<xCoord>360</xCoord>
<yCoord>292</yCoord>
</edgeMap>
<edgeMap>
<xCoord>361</xCoord>
<yCoord>291</yCoord>
</edgeMap>
<edgeMap>
<xCoord>362</xCoord>
<yCoord>290</yCoord>
</edgeMap>
<edgeMap>
<xCoord>363</xCoord>
<yCoord>289</yCoord>
</edgeMap>
<edgeMap>
<xCoord>362</xCoord>
<yCoord>288</yCoord>
</edgeMap>
<edgeMap>
<xCoord>362</xCoord>
<yCoord>287</yCoord>
</edgeMap>
<edgeMap>
<xCoord>362</xCoord>
<yCoord>286</yCoord>
</edgeMap>
<edgeMap>
<xCoord>361</xCoord>
<yCoord>285</yCoord>
</edgeMap>
<edgeMap>
<xCoord>360</xCoord>
<yCoord>284</yCoord>
</edgeMap>
<edgeMap>
<xCoord>359</xCoord>
<yCoord>283</yCoord>
</edgeMap>
<edgeMap>
<xCoord>358</xCoord>
<yCoord>282</yCoord>
</edgeMap>
<edgeMap>
<xCoord>357</xCoord>
<yCoord>281</yCoord>
</edgeMap>
<edgeMap>
<xCoord>356</xCoord>
<yCoord>281</yCoord>
</edgeMap>
<edgeMap>
<xCoord>355</xCoord>
<yCoord>281</yCoord>
</edgeMap>
<edgeMap>
<xCoord>354</xCoord>
<yCoord>280</yCoord>
</edgeMap>
<edgeMap>
<xCoord>353</xCoord>
<yCoord>280</yCoord>
</edgeMap>
<edgeMap>
<xCoord>352</xCoord>
<yCoord>280</yCoord>
</edgeMap>
<edgeMap>
<xCoord>351</xCoord>
<yCoord>281</yCoord>
</edgeMap>
<edgeMap>
<xCoord>350</xCoord>
<yCoord>281</yCoord>
</edgeMap>
<edgeMap>
<xCoord>349</xCoord>
<yCoord>282</yCoord>
</edgeMap>
<edgeMap>
<xCoord>349</xCoord>
<yCoord>283</yCoord>
</edgeMap>
<edgeMap>
<xCoord>349</xCoord>
<yCoord>284</yCoord>
</edgeMap>
<edgeMap>
<xCoord>348</xCoord>
<yCoord>285</yCoord>
</edgeMap>
<edgeMap>
<xCoord>348</xCoord>
<yCoord>286</yCoord>
</edgeMap>
<edgeMap>
<xCoord>348</xCoord>
<yCoord>287</yCoord>
</edgeMap>
<edgeMap>
<xCoord>348</xCoord>
<yCoord>288</yCoord>
</edgeMap>
<edgeMap>
<xCoord>348</xCoord>
<yCoord>289</yCoord>
</edgeMap>
<edgeMap>
<xCoord>348</xCoord>
<yCoord>290</yCoord>
</edgeMap>
<edgeMap>
<xCoord>348</xCoord>
<yCoord>291</yCoord>
</edgeMap>
<edgeMap>
<xCoord>349</xCoord>
<yCoord>292</yCoord>
</edgeMap>
<edgeMap>
<xCoord>350</xCoord>
<yCoord>293</yCoord>
</edgeMap>
<edgeMap>
<xCoord>351</xCoord>
<yCoord>294</yCoord>
</edgeMap>
<edgeMap>
<xCoord>352</xCoord>
<yCoord>294</yCoord>
</edgeMap>
<edgeMap>
<xCoord>353</xCoord>
<yCoord>294</yCoord>
</edgeMap>
<edgeMap>
<xCoord>354</xCoord>
<yCoord>294</yCoord>
</edgeMap>
<edgeMap>
<xCoord>355</xCoord>
<yCoord>294</yCoord>
</edgeMap>
<edgeMap>
<xCoord>356</xCoord>
<yCoord>294</yCoord>
</edgeMap>
</roi>
<roi>
<imageZposition>-154.0</imageZposition>
<imageSOP_UID>1.3.6.1.4.1.14519.5.2.1.6279.6001.332857913291538463168999612368</imageSOP_UID>
<inclusion>TRUE</inclusion>
<edgeMap>
<xCoord>354</xCoord>
<yCoord>292</yCoord>
</edgeMap>
<edgeMap>
<xCoord>355</xCoord>
<yCoord>291</yCoord>
</edgeMap>
<edgeMap>
<xCoord>356</xCoord>
<yCoord>291</yCoord>
</edgeMap>
<edgeMap>
<xCoord>357</xCoord>
<yCoord>290</yCoord>
</edgeMap>
<edgeMap>
<xCoord>358</xCoord>
<yCoord>289</yCoord>
</edgeMap>
<edgeMap>
<xCoord>359</xCoord>
<yCoord>288</yCoord>
</edgeMap>
<edgeMap>
<xCoord>359</xCoord>
<yCoord>287</yCoord>
</edgeMap>
<edgeMap>
<xCoord>359</xCoord>
<yCoord>286</yCoord>
</edgeMap>
<edgeMap>
<xCoord>359</xCoord>
<yCoord>285</yCoord>
</edgeMap>
<edgeMap>
<xCoord>358</xCoord>
<yCoord>284</yCoord>
</edgeMap>
<edgeMap>
<xCoord>357</xCoord>
<yCoord>283</yCoord>
</edgeMap>
<edgeMap>
<xCoord>356</xCoord>
<yCoord>282</yCoord>
</edgeMap>
<edgeMap>
<xCoord>355</xCoord>
<yCoord>281</yCoord>
</edgeMap>
<edgeMap>
<xCoord>354</xCoord>
<yCoord>282</yCoord>
</edgeMap>
<edgeMap>
<xCoord>353</xCoord>
<yCoord>283</yCoord>
</edgeMap>
<edgeMap>
<xCoord>352</xCoord>
<yCoord>283</yCoord>
</edgeMap>
<edgeMap>
<xCoord>351</xCoord>
<yCoord>284</yCoord>
</edgeMap>
<edgeMap>
<xCoord>350</xCoord>
<yCoord>285</yCoord>
</edgeMap>
<edgeMap>
<xCoord>349</xCoord>
<yCoord>286</yCoord>
</edgeMap>
<edgeMap>
<xCoord>349</xCoord>
<yCoord>287</yCoord>
</edgeMap>
<edgeMap>
<xCoord>348</xCoord>
<yCoord>288</yCoord>
</edgeMap>
<edgeMap>
<xCoord>349</xCoord>
<yCoord>289</yCoord>
</edgeMap>
<edgeMap>
<xCoord>349</xCoord>
<yCoord>290</yCoord>
</edgeMap>
<edgeMap>
<xCoord>350</xCoord>
<yCoord>291</yCoord>
</edgeMap>
<edgeMap>
<xCoord>351</xCoord>
<yCoord>292</yCoord>
</edgeMap>
<edgeMap>
<xCoord>352</xCoord>
<yCoord>292</yCoord>
</edgeMap>
<edgeMap>
<xCoord>353</xCoord>
<yCoord>292</yCoord>
</edgeMap>
<edgeMap>
<xCoord>354</xCoord>
<yCoord>292</yCoord>
</edgeMap>
</roi>
</unblindedReadNodule>
<nonNodule>
<nonNoduleID>162760</nonNoduleID>
<imageZposition>-39.0</imageZposition>
<imageSOP_UID>1.3.6.1.4.1.14519.5.2.1.6279.6001.152603876854318125927797736408</imageSOP_UID>
<locus>
<xCoord>310</xCoord>
<yCoord>296</yCoord>
</locus>
</nonNodule>
<nonNodule>
<nonNoduleID>162761</nonNoduleID>
<imageZposition>-121.5</imageZposition>
<imageSOP_UID>1.3.6.1.4.1.14519.5.2.1.6279.6001.174371342348743498148733436694</imageSOP_UID>
<locus>
<xCoord>198</xCoord>
<yCoord>322</yCoord>
</locus>
</nonNodule>
<nonNodule>
<nonNoduleID>162763</nonNoduleID>
<imageZposition>-244.0</imageZposition>
<imageSOP_UID>1.3.6.1.4.1.14519.5.2.1.6279.6001.254708188498951248171129781165</imageSOP_UID>
<locus>
<xCoord>380</xCoord>
<yCoord>362</yCoord>
</locus>
</nonNodule>
<nonNodule>
<nonNoduleID>162767</nonNoduleID>
<imageZposition>-116.5</imageZposition>
<imageSOP_UID>1.3.6.1.4.1.14519.5.2.1.6279.6001.219467086312093752999520786226</imageSOP_UID>
<locus>
<xCoord>193</xCoord>
<yCoord>353</yCoord>
</locus>
</nonNodule>
</readingSession>
  <readingSession>
    <annotationVersion>3.12</annotationVersion>
    <servicingRadiologistID>anon</servicingRadiologistID>
    <unblindedReadNodule>
      <noduleID>160393</noduleID>
      <characteristics>
        <subtlety>4</subtlety>
        <internalStructure>1</internalStructure>
        <calcification>6</calcification>
        <sphericity>5</sphericity>
        <margin>4</margin>
        <lobulation>1</lobulation>
        <spiculation>2</spiculation>
        <texture>5</texture>
        <malignancy>3</malignancy>
      </characteristics>
      <roi>
        <imageZposition>-149.0</imageZposition>
        <imageSOP_UID>1.3.6.1.4.1.14519.5.2.1.6279.6001.175065559711471148223644504960</imageSOP_UID>
        <inclusion>TRUE</inclusion>
        <edgeMap>
          <xCoord>353</xCoord>
          <yCoord>296</yCoord>
        </edgeMap>
        <edgeMap>
          <xCoord>354</xCoord>
          <yCoord>295</yCoord>
        </edgeMap>
        <edgeMap>
          <xCoord>355</xCoord>
          <yCoord>295</yCoord>
        </edgeMap>
        <edgeMap>
          <xCoord>356</xCoord>
          <yCoord>295</yCoord>
        </edgeMap>
        <edgeMap>
          <xCoord>357</xCoord>
          <yCoord>295</yCoord>
        </edgeMap>
        <edgeMap>
          <xCoord>358</xCoord>
          <yCoord>294</yCoord>
        </edgeMap>
        <edgeMap>
          <xCoord>359</xCoord>
          <yCoord>294</yCoord>
        </edgeMap>
        <edgeMap>
          <xCoord>360</xCoord>
          <yCoord>293</yCoord>
        </edgeMap>
        <edgeMap>
          <xCoord>361</xCoord>
          <yCoord>292</yCoord>
        </edgeMap>
        <edgeMap>
          <xCoord>362</xCoord>
          <yCoord>292</yCoord>
        </edgeMap>
        <edgeMap>
          <xCoord>363</xCoord>
          <yCoord>291</yCoord>
        </edgeMap>
        <edgeMap>
          <xCoord>363</xCoord>
          <yCoord>290</yCoord>
        </edgeMap>
        <edgeMap>
          <xCoord>363</xCoord>
          <yCoord>289</yCoord>
        </edgeMap>
        <edgeMap>
          <xCoord>362</xCoord>
          <yCoord>288</yCoord>
        </edgeMap>
        <edgeMap>
          <xCoord>361</xCoord>
          <yCoord>287</yCoord>
        </edgeMap>
        <edgeMap>
          <xCoord>361</xCoord>
          <yCoord>286</yCoord>
        </edgeMap>
        <edgeMap>
          <xCoord>360</xCoord>
          <yCoord>285</yCoord>
        </edgeMap>
        <edgeMap>
          <xCoord>359</xCoord>
          <yCoord>285</yCoord>
        </edgeMap>
        <edgeMap>
          <xCoord>358</xCoord>
          <yCoord>284</yCoord>
        </edgeMap>
        <edgeMap>
          <xCoord>357</xCoord>
          <yCoord>283</yCoord>
        </edgeMap>
        <edgeMap>
          <xCoord>356</xCoord>
          <yCoord>283</yCoord>
        </edgeMap>
        <edgeMap>
          <xCoord>355</xCoord>
          <yCoord>283</yCoord>
        </edgeMap>
        <edgeMap>
          <xCoord>354</xCoord>
          <yCoord>282</yCoord>
        </edgeMap>
        <edgeMap>
          <xCoord>353</xCoord>
          <yCoord>282</yCoord>
        </edgeMap>
        <edgeMap>
          <xCoord>352</xCoord>
          <yCoord>281</yCoord>
        </edgeMap>
        <edgeMap>
          <xCoord>351</xCoord>
          <yCoord>281</yCoord>
        </edgeMap>
        <edgeMap>
          <xCoord>350</xCoord>
          <yCoord>281</yCoord>
        </edgeMap>
        <edgeMap>
          <xCoord>349</xCoord>
          <yCoord>282</yCoord>
        </edgeMap>
        <edgeMap>
          <xCoord>349</xCoord>
          <yCoord>283</yCoord>
        </edgeMap>
        <edgeMap>
          <xCoord>348</xCoord>
          <yCoord>284</yCoord>
        </edgeMap>
        <edgeMap>
          <xCoord>348</xCoord>
          <yCoord>285</yCoord>
        </edgeMap>
        <edgeMap>
          <xCoord>347</xCoord>
          <yCoord>286</yCoord>
        </edgeMap>
        <edgeMap>
          <xCoord>347</xCoord>
          <yCoord>287</yCoord>
        </edgeMap>
        <edgeMap>
          <xCoord>347</xCoord>
          <yCoord>288</yCoord>
        </edgeMap>
        <edgeMap>
          <xCoord>347</xCoord>
          <yCoord>289</yCoord>
        </edgeMap>
        <edgeMap>
          <xCoord>347</xCoord>
          <yCoord>290</yCoord>
        </edgeMap>
        <edgeMap>
          <xCoord>347</xCoord>
          <yCoord>291</yCoord>
        </edgeMap>
        <edgeMap>
          <xCoord>347</xCoord>
          <yCoord>292</yCoord>
        </edgeMap>
        <edgeMap>
          <xCoord>347</xCoord>
          <yCoord>293</yCoord>
        </edgeMap>
        <edgeMap>
          <xCoord>348</xCoord>
          <yCoord>294</yCoord>
        </edgeMap>
        <edgeMap>
          <xCoord>349</xCoord>
          <yCoord>294</yCoord>
        </edgeMap>
        <edgeMap>
          <xCoord>350</xCoord>
          <yCoord>295</yCoord>
        </edgeMap>
        <edgeMap>
          <xCoord>351</xCoord>
          <yCoord>295</yCoord>
        </edgeMap>
        <edgeMap>
          <xCoord>352</xCoord>
          <yCoord>296</yCoord>
        </edgeMap>
        <edgeMap>
          <xCoord>353</xCoord>
          <yCoord>296</yCoord>
        </edgeMap>
      </roi>
      <roi>
        <imageZposition>-151.5</imageZposition>
        <imageSOP_UID>1.3.6.1.4.1.14519.5.2.1.6279.6001.277604469834501767430580870773</imageSOP_UID>
        <inclusion>TRUE</inclusion>
        <edgeMap>
          <xCoord>355</xCoord>
          <yCoord>294</yCoord>
        </edgeMap>
        <edgeMap>
          <xCoord>356</xCoord>
          <yCoord>293</yCoord>
        </edgeMap>
        <edgeMap>
          <xCoord>357</xCoord>
          <yCoord>293</yCoord>
        </edgeMap>
        <edgeMap>
          <xCoord>358</xCoord>
          <yCoord>293</yCoord>
        </edgeMap>
        <edgeMap>
          <xCoord>359</xCoord>
          <yCoord>292</yCoord>
        </edgeMap>
        <edgeMap>
          <xCoord>360</xCoord>
          <yCoord>292</yCoord>
        </edgeMap>
        <edgeMap>
          <xCoord>361</xCoord>
          <yCoord>291</yCoord>
        </edgeMap>
        <edgeMap>
          <xCoord>362</xCoord>
          <yCoord>290</yCoord>
        </edgeMap>
        <edgeMap>
          <xCoord>363</xCoord>
          <yCoord>289</yCoord>
        </edgeMap>
        <edgeMap>
          <xCoord>363</xCoord>
          <yCoord>288</yCoord>
        </edgeMap>
        <edgeMap>
          <xCoord>364</xCoord>
          <yCoord>287</yCoord>
        </edgeMap>
        <edgeMap>
          <xCoord>363</xCoord>
          <yCoord>286</yCoord>
        </edgeMap>
        <edgeMap>
          <xCoord>362</xCoord>
          <yCoord>285</yCoord>
        </edgeMap>
        <edgeMap>
          <xCoord>361</xCoord>
          <yCoord>284</yCoord>
        </edgeMap>
        <edgeMap>
          <xCoord>361</xCoord>
          <yCoord>283</yCoord>
        </edgeMap>
        <edgeMap>
          <xCoord>360</xCoord>
          <yCoord>282</yCoord>
        </edgeMap>
        <edgeMap>
          <xCoord>361</xCoord>
          <yCoord>281</yCoord>
        </edgeMap>
        <edgeMap>
          <xCoord>360</xCoord>
          <yCoord>280</yCoord>
        </edgeMap>
        <edgeMap>
          <xCoord>359</xCoord>
          <yCoord>281</yCoord>
        </edgeMap>
        <edgeMap>
          <xCoord>358</xCoord>
          <yCoord>281</yCoord>
        </edgeMap>
        <edgeMap>
          <xCoord>357</xCoord>
          <yCoord>281</yCoord>
        </edgeMap>
        <edgeMap>
          <xCoord>356</xCoord>
          <yCoord>281</yCoord>
        </edgeMap>
        <edgeMap>
          <xCoord>355</xCoord>
          <yCoord>281</yCoord>
        </edgeMap>
        <edgeMap>
          <xCoord>354</xCoord>
          <yCoord>280</yCoord>
        </edgeMap>
        <edgeMap>
          <xCoord>353</xCoord>
          <yCoord>280</yCoord>
        </edgeMap>
        <edgeMap>
          <xCoord>352</xCoord>
          <yCoord>280</yCoord>
        </edgeMap>
        <edgeMap>
          <xCoord>351</xCoord>
          <yCoord>281</yCoord>
        </edgeMap>
        <edgeMap>
          <xCoord>350</xCoord>
          <yCoord>281</yCoord>
        </edgeMap>
        <edgeMap>
          <xCoord>349</xCoord>
          <yCoord>282</yCoord>
        </edgeMap>
        <edgeMap>
          <xCoord>349</xCoord>
          <yCoord>283</yCoord>
        </edgeMap>
        <edgeMap>
          <xCoord>349</xCoord>
          <yCoord>284</yCoord>
        </edgeMap>
        <edgeMap>
          <xCoord>348</xCoord>
          <yCoord>285</yCoord>
        </edgeMap>
        <edgeMap>
          <xCoord>348</xCoord>
          <yCoord>286</yCoord>
        </edgeMap>
        <edgeMap>
          <xCoord>348</xCoord>
          <yCoord>287</yCoord>
        </edgeMap>
        <edgeMap>
          <xCoord>348</xCoord>
          <yCoord>288</yCoord>
        </edgeMap>
        <edgeMap>
          <xCoord>348</xCoord>
          <yCoord>289</yCoord>
        </edgeMap>
        <edgeMap>
          <xCoord>348</xCoord>
          <yCoord>290</yCoord>
        </edgeMap>
        <edgeMap>
          <xCoord>348</xCoord>
          <yCoord>291</yCoord>
        </edgeMap>
        <edgeMap>
          <xCoord>347</xCoord>
          <yCoord>292</yCoord>
        </edgeMap>
        <edgeMap>
          <xCoord>348</xCoord>
          <yCoord>293</yCoord>
        </edgeMap>
        <edgeMap>
          <xCoord>349</xCoord>
          <yCoord>293</yCoord>
        </edgeMap>
        <edgeMap>
          <xCoord>350</xCoord>
          <yCoord>293</yCoord>
        </edgeMap>
        <edgeMap>
          <xCoord>351</xCoord>
          <yCoord>294</yCoord>
        </edgeMap>
        <edgeMap>
          <xCoord>352</xCoord>
          <yCoord>294</yCoord>
        </edgeMap>
        <edgeMap>
          <xCoord>353</xCoord>
          <yCoord>294</yCoord>
        </edgeMap>
        <edgeMap>
          <xCoord>354</xCoord>
          <yCoord>294</yCoord>
        </edgeMap>
        <edgeMap>
          <xCoord>355</xCoord>
          <yCoord>294</yCoord>
        </edgeMap>
      </roi>
      <roi>
        <imageZposition>-154.0</imageZposition>
        <imageSOP_UID>1.3.6.1.4.1.14519.5.2.1.6279.6001.332857913291538463168999612368</imageSOP_UID>
        <inclusion>TRUE</inclusion>
        <edgeMap>
          <xCoord>354</xCoord>
          <yCoord>292</yCoord>
        </edgeMap>
        <edgeMap>
          <xCoord>355</xCoord>
          <yCoord>291</yCoord>
        </edgeMap>
        <edgeMap>
          <xCoord>356</xCoord>
          <yCoord>291</yCoord>
        </edgeMap>
        <edgeMap>
          <xCoord>357</xCoord>
          <yCoord>290</yCoord>
        </edgeMap>
        <edgeMap>
          <xCoord>358</xCoord>
          <yCoord>290</yCoord>
        </edgeMap>
        <edgeMap>
          <xCoord>359</xCoord>
          <yCoord>290</yCoord>
        </edgeMap>
        <edgeMap>
          <xCoord>360</xCoord>
          <yCoord>290</yCoord>
        </edgeMap>
        <edgeMap>
          <xCoord>361</xCoord>
          <yCoord>289</yCoord>
        </edgeMap>
        <edgeMap>
          <xCoord>361</xCoord>
          <yCoord>288</yCoord>
        </edgeMap>
        <edgeMap>
          <xCoord>361</xCoord>
          <yCoord>287</yCoord>
        </edgeMap>
        <edgeMap>
          <xCoord>360</xCoord>
          <yCoord>286</yCoord>
        </edgeMap>
        <edgeMap>
          <xCoord>359</xCoord>
          <yCoord>285</yCoord>
        </edgeMap>
        <edgeMap>
          <xCoord>358</xCoord>
          <yCoord>284</yCoord>
        </edgeMap>
        <edgeMap>
          <xCoord>357</xCoord>
          <yCoord>283</yCoord>
        </edgeMap>
        <edgeMap>
          <xCoord>356</xCoord>
          <yCoord>282</yCoord>
        </edgeMap>
        <edgeMap>
          <xCoord>355</xCoord>
          <yCoord>281</yCoord>
        </edgeMap>
        <edgeMap>
          <xCoord>354</xCoord>
          <yCoord>282</yCoord>
        </edgeMap>
        <edgeMap>
          <xCoord>353</xCoord>
          <yCoord>283</yCoord>
        </edgeMap>
        <edgeMap>
          <xCoord>352</xCoord>
          <yCoord>283</yCoord>
        </edgeMap>
        <edgeMap>
          <xCoord>351</xCoord>
          <yCoord>284</yCoord>
        </edgeMap>
        <edgeMap>
          <xCoord>350</xCoord>
          <yCoord>285</yCoord>
        </edgeMap>
        <edgeMap>
          <xCoord>349</xCoord>
          <yCoord>286</yCoord>
        </edgeMap>
        <edgeMap>
          <xCoord>348</xCoord>
          <yCoord>287</yCoord>
        </edgeMap>
        <edgeMap>
          <xCoord>348</xCoord>
          <yCoord>288</yCoord>
        </edgeMap>
        <edgeMap>
          <xCoord>348</xCoord>
          <yCoord>289</yCoord>
        </edgeMap>
        <edgeMap>
          <xCoord>347</xCoord>
          <yCoord>290</yCoord>
        </edgeMap>
        <edgeMap>
          <xCoord>346</xCoord>
          <yCoord>291</yCoord>
        </edgeMap>
        <edgeMap>
          <xCoord>347</xCoord>
          <yCoord>292</yCoord>
        </edgeMap>
        <edgeMap>
          <xCoord>348</xCoord>
          <yCoord>292</yCoord>
        </edgeMap>
        <edgeMap>
          <xCoord>349</xCoord>
          <yCoord>292</yCoord>
        </edgeMap>
        <edgeMap>
          <xCoord>350</xCoord>
          <yCoord>292</yCoord>
        </edgeMap>
        <edgeMap>
          <xCoord>351</xCoord>
          <yCoord>292</yCoord>
        </edgeMap>
        <edgeMap>
          <xCoord>352</xCoord>
          <yCoord>292</yCoord>
        </edgeMap>
        <edgeMap>
          <xCoord>353</xCoord>
          <yCoord>292</yCoord>
        </edgeMap>
        <edgeMap>
          <xCoord>354</xCoord>
          <yCoord>292</yCoord>
        </edgeMap>
      </roi>
    </unblindedReadNodule>
    <unblindedReadNodule>
      <noduleID>160400</noduleID>
      <roi>
        <imageZposition>-204.0</imageZposition>
        <imageSOP_UID>1.3.6.1.4.1.14519.5.2.1.6279.6001.185221503896588746661244160550</imageSOP_UID>
        <inclusion>TRUE</inclusion>
        <edgeMap>
          <xCoord>162</xCoord>
          <yCoord>368</yCoord>
        </edgeMap>
      </roi>
    </unblindedReadNodule>
    <unblindedReadNodule>
      <noduleID>160395</noduleID>
      <characteristics>
        <subtlety>2</subtlety>
        <internalStructure>1</internalStructure>
        <calcification>6</calcification>
        <sphericity>3</sphericity>
        <margin>5</margin>
        <lobulation>1</lobulation>
        <spiculation>1</spiculation>
        <texture>5</texture>
        <malignancy>2</malignancy>
      </characteristics>
      <roi>
        <imageZposition>-199.0</imageZposition>
        <imageSOP_UID>1.3.6.1.4.1.14519.5.2.1.6279.6001.289979932474807830821414000081</imageSOP_UID>
        <inclusion>TRUE</inclusion>
        <edgeMap>
          <xCoord>140</xCoord>
          <yCoord>296</yCoord>
        </edgeMap>
        <edgeMap>
          <xCoord>141</xCoord>
          <yCoord>295</yCoord>
        </edgeMap>
        <edgeMap>
          <xCoord>142</xCoord>
          <yCoord>295</yCoord>
        </edgeMap>
        <edgeMap>
          <xCoord>143</xCoord>
          <yCoord>294</yCoord>
        </edgeMap>
        <edgeMap>
          <xCoord>144</xCoord>
          <yCoord>294</yCoord>
        </edgeMap>
        <edgeMap>
          <xCoord>145</xCoord>
          <yCoord>293</yCoord>
        </edgeMap>
        <edgeMap>
          <xCoord>145</xCoord>
          <yCoord>292</yCoord>
        </edgeMap>
        <edgeMap>
          <xCoord>146</xCoord>
          <yCoord>291</yCoord>
        </edgeMap>
        <edgeMap>
          <xCoord>145</xCoord>
          <yCoord>290</yCoord>
        </edgeMap>
        <edgeMap>
          <xCoord>145</xCoord>
          <yCoord>289</yCoord>
        </edgeMap>
        <edgeMap>
          <xCoord>144</xCoord>
          <yCoord>288</yCoord>
        </edgeMap>
        <edgeMap>
          <xCoord>143</xCoord>
          <yCoord>288</yCoord>
        </edgeMap>
        <edgeMap>
          <xCoord>142</xCoord>
          <yCoord>287</yCoord>
        </edgeMap>
        <edgeMap>
          <xCoord>141</xCoord>
          <yCoord>287</yCoord>
        </edgeMap>
        <edgeMap>
          <xCoord>140</xCoord>
          <yCoord>287</yCoord>
        </edgeMap>
        <edgeMap>
          <xCoord>139</xCoord>
          <yCoord>287</yCoord>
        </edgeMap>
        <edgeMap>
          <xCoord>138</xCoord>
          <yCoord>287</yCoord>
        </edgeMap>
        <edgeMap>
          <xCoord>137</xCoord>
          <yCoord>287</yCoord>
        </edgeMap>
        <edgeMap>
          <xCoord>136</xCoord>
          <yCoord>287</yCoord>
        </edgeMap>
        <edgeMap>
          <xCoord>135</xCoord>
          <yCoord>288</yCoord>
        </edgeMap>
        <edgeMap>
          <xCoord>134</xCoord>
          <yCoord>288</yCoord>
        </edgeMap>
        <edgeMap>
          <xCoord>133</xCoord>
          <yCoord>289</yCoord>
        </edgeMap>
        <edgeMap>
          <xCoord>133</xCoord>
          <yCoord>290</yCoord>
        </edgeMap>
        <edgeMap>
          <xCoord>132</xCoord>
          <yCoord>291</yCoord>
        </edgeMap>
        <edgeMap>
          <xCoord>133</xCoord>
          <yCoord>292</yCoord>
        </edgeMap>
        <edgeMap>
          <xCoord>133</xCoord>
          <yCoord>293</yCoord>
        </edgeMap>
        <edgeMap>
          <xCoord>134</xCoord>
          <yCoord>294</yCoord>
        </edgeMap>
        <edgeMap>
          <xCoord>135</xCoord>
          <yCoord>294</yCoord>
        </edgeMap>
        <edgeMap>
          <xCoord>136</xCoord>
          <yCoord>295</yCoord>
        </edgeMap>
        <edgeMap>
          <xCoord>137</xCoord>
          <yCoord>295</yCoord>
        </edgeMap>
        <edgeMap>
          <xCoord>138</xCoord>
          <yCoord>295</yCoord>
        </edgeMap>
        <edgeMap>
          <xCoord>139</xCoord>
          <yCoord>296</yCoord>
        </edgeMap>
        <edgeMap>
          <xCoord>140</xCoord>
          <yCoord>296</yCoord>
        </edgeMap>
      </roi>
      <roi>
        <imageZposition>-201.5</imageZposition>
        <imageSOP_UID>1.3.6.1.4.1.14519.5.2.1.6279.6001.287449923428210112224128019380</imageSOP_UID>
        <inclusion>TRUE</inclusion>
        <edgeMap>
          <xCoord>141</xCoord>
          <yCoord>295</yCoord>
        </edgeMap>
        <edgeMap>
          <xCoord>142</xCoord>
          <yCoord>294</yCoord>
        </edgeMap>
        <edgeMap>
          <xCoord>143</xCoord>
          <yCoord>293</yCoord>
        </edgeMap>
        <edgeMap>
          <xCoord>143</xCoord>
          <yCoord>292</yCoord>
        </edgeMap>
        <edgeMap>
          <xCoord>143</xCoord>
          <yCoord>291</yCoord>
        </edgeMap>
        <edgeMap>
          <xCoord>143</xCoord>
          <yCoord>290</yCoord>
        </edgeMap>
        <edgeMap>
          <xCoord>142</xCoord>
          <yCoord>289</yCoord>
        </edgeMap>
        <edgeMap>
          <xCoord>141</xCoord>
          <yCoord>288</yCoord>
        </edgeMap>
        <edgeMap>
          <xCoord>140</xCoord>
          <yCoord>287</yCoord>
        </edgeMap>
        <edgeMap>
          <xCoord>139</xCoord>
          <yCoord>287</yCoord>
        </edgeMap>
        <edgeMap>
          <xCoord>138</xCoord>
          <yCoord>286</yCoord>
        </edgeMap>
        <edgeMap>
          <xCoord>137</xCoord>
          <yCoord>287</yCoord>
        </edgeMap>
        <edgeMap>
          <xCoord>136</xCoord>
          <yCoord>287</yCoord>
        </edgeMap>
        <edgeMap>
          <xCoord>135</xCoord>
          <yCoord>288</yCoord>
        </edgeMap>
        <edgeMap>
          <xCoord>134</xCoord>
          <yCoord>288</yCoord>
        </edgeMap>
        <edgeMap>
          <xCoord>133</xCoord>
          <yCoord>289</yCoord>
        </edgeMap>
        <edgeMap>
          <xCoord>133</xCoord>
          <yCoord>290</yCoord>
        </edgeMap>
        <edgeMap>
          <xCoord>134</xCoord>
          <yCoord>291</yCoord>
        </edgeMap>
        <edgeMap>
          <xCoord>134</xCoord>
          <yCoord>292</yCoord>
        </edgeMap>
        <edgeMap>
          <xCoord>135</xCoord>
          <yCoord>293</yCoord>
        </edgeMap>
        <edgeMap>
          <xCoord>136</xCoord>
          <yCoord>294</yCoord>
        </edgeMap>
        <edgeMap>
          <xCoord>137</xCoord>
          <yCoord>295</yCoord>
        </edgeMap>
        <edgeMap>
          <xCoord>138</xCoord>
          <yCoord>295</yCoord>
        </edgeMap>
        <edgeMap>
          <xCoord>139</xCoord>
          <yCoord>295</yCoord>
        </edgeMap>
        <edgeMap>
          <xCoord>140</xCoord>
          <yCoord>295</yCoord>
        </edgeMap>
        <edgeMap>
          <xCoord>141</xCoord>
          <yCoord>295</yCoord>
        </edgeMap>
      </roi>
    </unblindedReadNodule>
    <unblindedReadNodule>
      <noduleID>160406</noduleID>
      <roi>
        <imageZposition>-161.5</imageZposition>
        <imageSOP_UID>1.3.6.1.4.1.14519.5.2.1.6279.6001.123295140038355857666731997059</imageSOP_UID>
        <inclusion>TRUE</inclusion>
        <edgeMap>
          <xCoord>374</xCoord>
          <yCoord>268</yCoord>
        </edgeMap>
      </roi>
    </unblindedReadNodule>
    <nonNodule>
      <nonNoduleID>160408</nonNoduleID>
      <imageZposition>-116.5</imageZposition>
      <imageSOP_UID>1.3.6.1.4.1.14519.5.2.1.6279.6001.219467086312093752999520786226</imageSOP_UID>
      <locus>
        <xCoord>193</xCoord>
        <yCoord>353</yCoord>
      </locus>
    </nonNodule>
  </readingSession>
  <readingSession>
    <annotationVersion>3.12</annotationVersion>
    <servicingRadiologistID>anon</servicingRadiologistID>
    <unblindedReadNodule>
      <noduleID>Nodule 001</noduleID>
      <characteristics>
        <subtlety>3</subtlety>
        <internalStructure>1</internalStructure>
        <calcification>6</calcification>
        <sphericity>4</sphericity>
        <margin>5</margin>
        <lobulation>1</lobulation>
        <spiculation>1</spiculation>
        <texture>5</texture>
        <malignancy>2</malignancy>
      </characteristics>
      <roi>
        <imageZposition>-206.500000 </imageZposition>
        <imageSOP_UID>1.3.6.1.4.1.14519.5.2.1.6279.6001.178941374411720049913691417370</imageSOP_UID>
        <inclusion>TRUE</inclusion>
        <edgeMap>
          <xCoord>159</xCoord>
          <yCoord>363</yCoord>
        </edgeMap>
        <edgeMap>
          <xCoord>158</xCoord>
          <yCoord>364</yCoord>
        </edgeMap>
        <edgeMap>
          <xCoord>157</xCoord>
          <yCoord>365</yCoord>
        </edgeMap>
        <edgeMap>
          <xCoord>157</xCoord>
          <yCoord>366</yCoord>
        </edgeMap>
        <edgeMap>
          <xCoord>157</xCoord>
          <yCoord>367</yCoord>
        </edgeMap>
        <edgeMap>
          <xCoord>158</xCoord>
          <yCoord>368</yCoord>
        </edgeMap>
        <edgeMap>
          <xCoord>159</xCoord>
          <yCoord>369</yCoord>
        </edgeMap>
        <edgeMap>
          <xCoord>160</xCoord>
          <yCoord>369</yCoord>
        </edgeMap>
        <edgeMap>
          <xCoord>161</xCoord>
          <yCoord>370</yCoord>
        </edgeMap>
        <edgeMap>
          <xCoord>162</xCoord>
          <yCoord>370</yCoord>
        </edgeMap>
        <edgeMap>
          <xCoord>163</xCoord>
          <yCoord>370</yCoord>
        </edgeMap>
        <edgeMap>
          <xCoord>164</xCoord>
          <yCoord>370</yCoord>
        </edgeMap>
        <edgeMap>
          <xCoord>165</xCoord>
          <yCoord>369</yCoord>
        </edgeMap>
        <edgeMap>
          <xCoord>165</xCoord>
          <yCoord>368</yCoord>
        </edgeMap>
        <edgeMap>
          <xCoord>165</xCoord>
          <yCoord>367</yCoord>
        </edgeMap>
        <edgeMap>
          <xCoord>165</xCoord>
          <yCoord>366</yCoord>
        </edgeMap>
        <edgeMap>
          <xCoord>164</xCoord>
          <yCoord>365</yCoord>
        </edgeMap>
        <edgeMap>
          <xCoord>163</xCoord>
          <yCoord>364</yCoord>
        </edgeMap>
        <edgeMap>
          <xCoord>162</xCoord>
          <yCoord>363</yCoord>
        </edgeMap>
        <edgeMap>
          <xCoord>161</xCoord>
          <yCoord>363</yCoord>
        </edgeMap>
        <edgeMap>
          <xCoord>160</xCoord>
          <yCoord>363</yCoord>
        </edgeMap>
        <edgeMap>
          <xCoord>159</xCoord>
          <yCoord>363</yCoord>
        </edgeMap>
      </roi>
      <roi>
        <imageZposition>-204.000000 </imageZposition>
        <imageSOP_UID>1.3.6.1.4.1.14519.5.2.1.6279.6001.185221503896588746661244160550</imageSOP_UID>
        <inclusion>TRUE</inclusion>
        <edgeMap>
          <xCoord>158</xCoord>
          <yCoord>362</yCoord>
        </edgeMap>
        <edgeMap>
          <xCoord>157</xCoord>
          <yCoord>363</yCoord>
        </edgeMap>
        <edgeMap>
          <xCoord>156</xCoord>
          <yCoord>364</yCoord>
        </edgeMap>
        <edgeMap>
          <xCoord>156</xCoord>
          <yCoord>365</yCoord>
        </edgeMap>
        <edgeMap>
          <xCoord>156</xCoord>
          <yCoord>366</yCoord>
        </edgeMap>
        <edgeMap>
          <xCoord>156</xCoord>
          <yCoord>367</yCoord>
        </edgeMap>
        <edgeMap>
          <xCoord>157</xCoord>
          <yCoord>368</yCoord>
        </edgeMap>
        <edgeMap>
          <xCoord>158</xCoord>
          <yCoord>369</yCoord>
        </edgeMap>
        <edgeMap>
          <xCoord>159</xCoord>
          <yCoord>369</yCoord>
        </edgeMap>
        <edgeMap>
          <xCoord>160</xCoord>
          <yCoord>370</yCoord>
        </edgeMap>
        <edgeMap>
          <xCoord>161</xCoord>
          <yCoord>370</yCoord>
        </edgeMap>
        <edgeMap>
          <xCoord>162</xCoord>
          <yCoord>370</yCoord>
        </edgeMap>
        <edgeMap>
          <xCoord>163</xCoord>
          <yCoord>370</yCoord>
        </edgeMap>
        <edgeMap>
          <xCoord>164</xCoord>
          <yCoord>369</yCoord>
        </edgeMap>
        <edgeMap>
          <xCoord>165</xCoord>
          <yCoord>368</yCoord>
        </edgeMap>
        <edgeMap>
          <xCoord>165</xCoord>
          <yCoord>367</yCoord>
        </edgeMap>
        <edgeMap>
          <xCoord>165</xCoord>
          <yCoord>366</yCoord>
        </edgeMap>
        <edgeMap>
          <xCoord>165</xCoord>
          <yCoord>365</yCoord>
        </edgeMap>
        <edgeMap>
          <xCoord>164</xCoord>
          <yCoord>364</yCoord>
        </edgeMap>
        <edgeMap>
          <xCoord>163</xCoord>
          <yCoord>363</yCoord>
        </edgeMap>
        <edgeMap>
          <xCoord>162</xCoord>
          <yCoord>362</yCoord>
        </edgeMap>
        <edgeMap>
          <xCoord>161</xCoord>
          <yCoord>362</yCoord>
        </edgeMap>
        <edgeMap>
          <xCoord>160</xCoord>
          <yCoord>362</yCoord>
        </edgeMap>
        <edgeMap>
          <xCoord>159</xCoord>
          <yCoord>362</yCoord>
        </edgeMap>
        <edgeMap>
          <xCoord>158</xCoord>
          <yCoord>362</yCoord>
        </edgeMap>
      </roi>
    </unblindedReadNodule>
    <unblindedReadNodule>
      <noduleID>Nodule 004</noduleID>
      <characteristics>
        <subtlety>3</subtlety>
        <internalStructure>1</internalStructure>
        <calcification>6</calcification>
        <sphericity>4</sphericity>
        <margin>5</margin>
        <lobulation>1</lobulation>
        <spiculation>1</spiculation>
        <texture>5</texture>
        <malignancy>2</malignancy>
      </characteristics>
      <roi>
        <imageZposition>-201.500000 </imageZposition>
        <imageSOP_UID>1.3.6.1.4.1.14519.5.2.1.6279.6001.287449923428210112224128019380</imageSOP_UID>
        <inclusion>TRUE</inclusion>
        <edgeMap>
          <xCoord>137</xCoord>
          <yCoord>287</yCoord>
        </edgeMap>
        <edgeMap>
          <xCoord>136</xCoord>
          <yCoord>288</yCoord>
        </edgeMap>
        <edgeMap>
          <xCoord>135</xCoord>
          <yCoord>289</yCoord>
        </edgeMap>
        <edgeMap>
          <xCoord>134</xCoord>
          <yCoord>290</yCoord>
        </edgeMap>
        <edgeMap>
          <xCoord>134</xCoord>
          <yCoord>291</yCoord>
        </edgeMap>
        <edgeMap>
          <xCoord>135</xCoord>
          <yCoord>292</yCoord>
        </edgeMap>
        <edgeMap>
          <xCoord>136</xCoord>
          <yCoord>293</yCoord>
        </edgeMap>
        <edgeMap>
          <xCoord>137</xCoord>
          <yCoord>294</yCoord>
        </edgeMap>
        <edgeMap>
          <xCoord>138</xCoord>
          <yCoord>295</yCoord>
        </edgeMap>
        <edgeMap>
          <xCoord>139</xCoord>
          <yCoord>295</yCoord>
        </edgeMap>
        <edgeMap>
          <xCoord>140</xCoord>
          <yCoord>295</yCoord>
        </edgeMap>
        <edgeMap>
          <xCoord>141</xCoord>
          <yCoord>295</yCoord>
        </edgeMap>
        <edgeMap>
          <xCoord>142</xCoord>
          <yCoord>294</yCoord>
        </edgeMap>
        <edgeMap>
          <xCoord>142</xCoord>
          <yCoord>293</yCoord>
        </edgeMap>
        <edgeMap>
          <xCoord>142</xCoord>
          <yCoord>292</yCoord>
        </edgeMap>
        <edgeMap>
          <xCoord>142</xCoord>
          <yCoord>291</yCoord>
        </edgeMap>
        <edgeMap>
          <xCoord>141</xCoord>
          <yCoord>290</yCoord>
        </edgeMap>
        <edgeMap>
          <xCoord>141</xCoord>
          <yCoord>289</yCoord>
        </edgeMap>
        <edgeMap>
          <xCoord>141</xCoord>
          <yCoord>288</yCoord>
        </edgeMap>
        <edgeMap>
          <xCoord>140</xCoord>
          <yCoord>287</yCoord>
        </edgeMap>
        <edgeMap>
          <xCoord>139</xCoord>
          <yCoord>287</yCoord>
        </edgeMap>
        <edgeMap>
          <xCoord>138</xCoord>
          <yCoord>287</yCoord>
        </edgeMap>
        <edgeMap>
          <xCoord>137</xCoord>
          <yCoord>287</yCoord>
        </edgeMap>
      </roi>
      <roi>
        <imageZposition>-199.000000 </imageZposition>
        <imageSOP_UID>1.3.6.1.4.1.14519.5.2.1.6279.6001.289979932474807830821414000081</imageSOP_UID>
        <inclusion>TRUE</inclusion>
        <edgeMap>
          <xCoord>135</xCoord>
          <yCoord>288</yCoord>
        </edgeMap>
        <edgeMap>
          <xCoord>134</xCoord>
          <yCoord>289</yCoord>
        </edgeMap>
        <edgeMap>
          <xCoord>133</xCoord>
          <yCoord>290</yCoord>
        </edgeMap>
        <edgeMap>
          <xCoord>132</xCoord>
          <yCoord>291</yCoord>
        </edgeMap>
        <edgeMap>
          <xCoord>131</xCoord>
          <yCoord>292</yCoord>
        </edgeMap>
        <edgeMap>
          <xCoord>132</xCoord>
          <yCoord>293</yCoord>
        </edgeMap>
        <edgeMap>
          <xCoord>133</xCoord>
          <yCoord>294</yCoord>
        </edgeMap>
        <edgeMap>
          <xCoord>134</xCoord>
          <yCoord>294</yCoord>
        </edgeMap>
        <edgeMap>
          <xCoord>135</xCoord>
          <yCoord>295</yCoord>
        </edgeMap>
        <edgeMap>
          <xCoord>136</xCoord>
          <yCoord>296</yCoord>
        </edgeMap>
        <edgeMap>
          <xCoord>137</xCoord>
          <yCoord>296</yCoord>
        </edgeMap>
        <edgeMap>
          <xCoord>138</xCoord>
          <yCoord>296</yCoord>
        </edgeMap>
        <edgeMap>
          <xCoord>139</xCoord>
          <yCoord>296</yCoord>
        </edgeMap>
        <edgeMap>
          <xCoord>140</xCoord>
          <yCoord>295</yCoord>
        </edgeMap>
        <edgeMap>
          <xCoord>141</xCoord>
          <yCoord>294</yCoord>
        </edgeMap>
        <edgeMap>
          <xCoord>142</xCoord>
          <yCoord>294</yCoord>
        </edgeMap>
        <edgeMap>
          <xCoord>143</xCoord>
          <yCoord>293</yCoord>
        </edgeMap>
        <edgeMap>
          <xCoord>142</xCoord>
          <yCoord>292</yCoord>
        </edgeMap>
        <edgeMap>
          <xCoord>142</xCoord>
          <yCoord>291</yCoord>
        </edgeMap>
        <edgeMap>
          <xCoord>142</xCoord>
          <yCoord>290</yCoord>
        </edgeMap>
        <edgeMap>
          <xCoord>141</xCoord>
          <yCoord>289</yCoord>
        </edgeMap>
        <edgeMap>
          <xCoord>140</xCoord>
          <yCoord>288</yCoord>
        </edgeMap>
        <edgeMap>
          <xCoord>139</xCoord>
          <yCoord>288</yCoord>
        </edgeMap>
        <edgeMap>
          <xCoord>138</xCoord>
          <yCoord>288</yCoord>
        </edgeMap>
        <edgeMap>
          <xCoord>137</xCoord>
          <yCoord>288</yCoord>
        </edgeMap>
        <edgeMap>
          <xCoord>136</xCoord>
          <yCoord>288</yCoord>
        </edgeMap>
        <edgeMap>
          <xCoord>135</xCoord>
          <yCoord>288</yCoord>
        </edgeMap>
      </roi>
    </unblindedReadNodule>
    <unblindedReadNodule>
      <noduleID>Nodule 002</noduleID>
      <characteristics>
        <subtlety>4</subtlety>
        <internalStructure>1</internalStructure>
        <calcification>6</calcification>
        <sphericity>3</sphericity>
        <margin>5</margin>
        <lobulation>1</lobulation>
        <spiculation>1</spiculation>
        <texture>5</texture>
        <malignancy>2</malignancy>
      </characteristics>
      <roi>
        <imageZposition>-154.000000 </imageZposition>
        <imageSOP_UID>1.3.6.1.4.1.14519.5.2.1.6279.6001.332857913291538463168999612368</imageSOP_UID>
        <inclusion>TRUE</inclusion>
        <edgeMap>
          <xCoord>353</xCoord>
          <yCoord>282</yCoord>
        </edgeMap>
        <edgeMap>
          <xCoord>352</xCoord>
          <yCoord>283</yCoord>
        </edgeMap>
        <edgeMap>
          <xCoord>351</xCoord>
          <yCoord>284</yCoord>
        </edgeMap>
        <edgeMap>
          <xCoord>350</xCoord>
          <yCoord>285</yCoord>
        </edgeMap>
        <edgeMap>
          <xCoord>349</xCoord>
          <yCoord>285</yCoord>
        </edgeMap>
        <edgeMap>
          <xCoord>348</xCoord>
          <yCoord>286</yCoord>
        </edgeMap>
        <edgeMap>
          <xCoord>348</xCoord>
          <yCoord>287</yCoord>
        </edgeMap>
        <edgeMap>
          <xCoord>348</xCoord>
          <yCoord>288</yCoord>
        </edgeMap>
        <edgeMap>
          <xCoord>348</xCoord>
          <yCoord>289</yCoord>
        </edgeMap>
        <edgeMap>
          <xCoord>349</xCoord>
          <yCoord>290</yCoord>
        </edgeMap>
        <edgeMap>
          <xCoord>349</xCoord>
          <yCoord>291</yCoord>
        </edgeMap>
        <edgeMap>
          <xCoord>350</xCoord>
          <yCoord>292</yCoord>
        </edgeMap>
        <edgeMap>
          <xCoord>351</xCoord>
          <yCoord>292</yCoord>
        </edgeMap>
        <edgeMap>
          <xCoord>352</xCoord>
          <yCoord>292</yCoord>
        </edgeMap>
        <edgeMap>
          <xCoord>353</xCoord>
          <yCoord>292</yCoord>
        </edgeMap>
        <edgeMap>
          <xCoord>354</xCoord>
          <yCoord>292</yCoord>
        </edgeMap>
        <edgeMap>
          <xCoord>355</xCoord>
          <yCoord>292</yCoord>
        </edgeMap>
        <edgeMap>
          <xCoord>356</xCoord>
          <yCoord>291</yCoord>
        </edgeMap>
        <edgeMap>
          <xCoord>357</xCoord>
          <yCoord>290</yCoord>
        </edgeMap>
        <edgeMap>
          <xCoord>358</xCoord>
          <yCoord>290</yCoord>
        </edgeMap>
        <edgeMap>
          <xCoord>359</xCoord>
          <yCoord>290</yCoord>
        </edgeMap>
        <edgeMap>
          <xCoord>360</xCoord>
          <yCoord>289</yCoord>
        </edgeMap>
        <edgeMap>
          <xCoord>360</xCoord>
          <yCoord>288</yCoord>
        </edgeMap>
        <edgeMap>
          <xCoord>359</xCoord>
          <yCoord>287</yCoord>
        </edgeMap>
        <edgeMap>
          <xCoord>359</xCoord>
          <yCoord>286</yCoord>
        </edgeMap>
        <edgeMap>
          <xCoord>358</xCoord>
          <yCoord>285</yCoord>
        </edgeMap>
        <edgeMap>
          <xCoord>358</xCoord>
          <yCoord>284</yCoord>
        </edgeMap>
        <edgeMap>
          <xCoord>357</xCoord>
          <yCoord>283</yCoord>
        </edgeMap>
        <edgeMap>
          <xCoord>356</xCoord>
          <yCoord>282</yCoord>
        </edgeMap>
        <edgeMap>
          <xCoord>355</xCoord>
          <yCoord>282</yCoord>
        </edgeMap>
        <edgeMap>
          <xCoord>354</xCoord>
          <yCoord>282</yCoord>
        </edgeMap>
        <edgeMap>
          <xCoord>353</xCoord>
          <yCoord>282</yCoord>
        </edgeMap>
      </roi>
      <roi>
        <imageZposition>-151.500000 </imageZposition>
        <imageSOP_UID>1.3.6.1.4.1.14519.5.2.1.6279.6001.277604469834501767430580870773</imageSOP_UID>
        <inclusion>TRUE</inclusion>
        <edgeMap>
          <xCoord>353</xCoord>
          <yCoord>280</yCoord>
        </edgeMap>
        <edgeMap>
          <xCoord>352</xCoord>
          <yCoord>281</yCoord>
        </edgeMap>
        <edgeMap>
          <xCoord>351</xCoord>
          <yCoord>281</yCoord>
        </edgeMap>
        <edgeMap>
          <xCoord>350</xCoord>
          <yCoord>281</yCoord>
        </edgeMap>
        <edgeMap>
          <xCoord>349</xCoord>
          <yCoord>282</yCoord>
        </edgeMap>
        <edgeMap>
          <xCoord>349</xCoord>
          <yCoord>283</yCoord>
        </edgeMap>
        <edgeMap>
          <xCoord>348</xCoord>
          <yCoord>284</yCoord>
        </edgeMap>
        <edgeMap>
          <xCoord>348</xCoord>
          <yCoord>285</yCoord>
        </edgeMap>
        <edgeMap>
          <xCoord>348</xCoord>
          <yCoord>286</yCoord>
        </edgeMap>
        <edgeMap>
          <xCoord>348</xCoord>
          <yCoord>287</yCoord>
        </edgeMap>
        <edgeMap>
          <xCoord>348</xCoord>
          <yCoord>288</yCoord>
        </edgeMap>
        <edgeMap>
          <xCoord>348</xCoord>
          <yCoord>289</yCoord>
        </edgeMap>
        <edgeMap>
          <xCoord>348</xCoord>
          <yCoord>290</yCoord>
        </edgeMap>
        <edgeMap>
          <xCoord>348</xCoord>
          <yCoord>291</yCoord>
        </edgeMap>
        <edgeMap>
          <xCoord>349</xCoord>
          <yCoord>292</yCoord>
        </edgeMap>
        <edgeMap>
          <xCoord>350</xCoord>
          <yCoord>293</yCoord>
        </edgeMap>
        <edgeMap>
          <xCoord>351</xCoord>
          <yCoord>293</yCoord>
        </edgeMap>
        <edgeMap>
          <xCoord>352</xCoord>
          <yCoord>293</yCoord>
        </edgeMap>
        <edgeMap>
          <xCoord>353</xCoord>
          <yCoord>293</yCoord>
        </edgeMap>
        <edgeMap>
          <xCoord>354</xCoord>
          <yCoord>293</yCoord>
        </edgeMap>
        <edgeMap>
          <xCoord>355</xCoord>
          <yCoord>293</yCoord>
        </edgeMap>
        <edgeMap>
          <xCoord>356</xCoord>
          <yCoord>293</yCoord>
        </edgeMap>
        <edgeMap>
          <xCoord>357</xCoord>
          <yCoord>292</yCoord>
        </edgeMap>
        <edgeMap>
          <xCoord>358</xCoord>
          <yCoord>292</yCoord>
        </edgeMap>
        <edgeMap>
          <xCoord>359</xCoord>
          <yCoord>291</yCoord>
        </edgeMap>
        <edgeMap>
          <xCoord>360</xCoord>
          <yCoord>291</yCoord>
        </edgeMap>
        <edgeMap>
          <xCoord>361</xCoord>
          <yCoord>290</yCoord>
        </edgeMap>
        <edgeMap>
          <xCoord>362</xCoord>
          <yCoord>289</yCoord>
        </edgeMap>
        <edgeMap>
          <xCoord>362</xCoord>
          <yCoord>288</yCoord>
        </edgeMap>
        <edgeMap>
          <xCoord>361</xCoord>
          <yCoord>287</yCoord>
        </edgeMap>
        <edgeMap>
          <xCoord>361</xCoord>
          <yCoord>286</yCoord>
        </edgeMap>
        <edgeMap>
          <xCoord>360</xCoord>
          <yCoord>285</yCoord>
        </edgeMap>
        <edgeMap>
          <xCoord>360</xCoord>
          <yCoord>284</yCoord>
        </edgeMap>
        <edgeMap>
          <xCoord>359</xCoord>
          <yCoord>283</yCoord>
        </edgeMap>
        <edgeMap>
          <xCoord>359</xCoord>
          <yCoord>282</yCoord>
        </edgeMap>
        <edgeMap>
          <xCoord>358</xCoord>
          <yCoord>281</yCoord>
        </edgeMap>
        <edgeMap>
          <xCoord>357</xCoord>
          <yCoord>280</yCoord>
        </edgeMap>
        <edgeMap>
          <xCoord>356</xCoord>
          <yCoord>280</yCoord>
        </edgeMap>
        <edgeMap>
          <xCoord>355</xCoord>
          <yCoord>280</yCoord>
        </edgeMap>
        <edgeMap>
          <xCoord>354</xCoord>
          <yCoord>280</yCoord>
        </edgeMap>
        <edgeMap>
          <xCoord>353</xCoord>
          <yCoord>280</yCoord>
        </edgeMap>
      </roi>
      <roi>
        <imageZposition>-149.000000 </imageZposition>
        <imageSOP_UID>1.3.6.1.4.1.14519.5.2.1.6279.6001.175065559711471148223644504960</imageSOP_UID>
        <inclusion>TRUE</inclusion>
        <edgeMap>
          <xCoord>350</xCoord>
          <yCoord>282</yCoord>
        </edgeMap>
        <edgeMap>
          <xCoord>349</xCoord>
          <yCoord>283</yCoord>
        </edgeMap>
        <edgeMap>
          <xCoord>348</xCoord>
          <yCoord>283</yCoord>
        </edgeMap>
        <edgeMap>
          <xCoord>347</xCoord>
          <yCoord>284</yCoord>
        </edgeMap>
        <edgeMap>
          <xCoord>347</xCoord>
          <yCoord>285</yCoord>
        </edgeMap>
        <edgeMap>
          <xCoord>347</xCoord>
          <yCoord>286</yCoord>
        </edgeMap>
        <edgeMap>
          <xCoord>347</xCoord>
          <yCoord>287</yCoord>
        </edgeMap>
        <edgeMap>
          <xCoord>347</xCoord>
          <yCoord>288</yCoord>
        </edgeMap>
        <edgeMap>
          <xCoord>347</xCoord>
          <yCoord>289</yCoord>
        </edgeMap>
        <edgeMap>
          <xCoord>347</xCoord>
          <yCoord>290</yCoord>
        </edgeMap>
        <edgeMap>
          <xCoord>347</xCoord>
          <yCoord>291</yCoord>
        </edgeMap>
        <edgeMap>
          <xCoord>347</xCoord>
          <yCoord>292</yCoord>
        </edgeMap>
        <edgeMap>
          <xCoord>348</xCoord>
          <yCoord>293</yCoord>
        </edgeMap>
        <edgeMap>
          <xCoord>349</xCoord>
          <yCoord>294</yCoord>
        </edgeMap>
        <edgeMap>
          <xCoord>350</xCoord>
          <yCoord>295</yCoord>
        </edgeMap>
        <edgeMap>
          <xCoord>351</xCoord>
          <yCoord>295</yCoord>
        </edgeMap>
        <edgeMap>
          <xCoord>352</xCoord>
          <yCoord>295</yCoord>
        </edgeMap>
        <edgeMap>
          <xCoord>353</xCoord>
          <yCoord>295</yCoord>
        </edgeMap>
        <edgeMap>
          <xCoord>354</xCoord>
          <yCoord>295</yCoord>
        </edgeMap>
        <edgeMap>
          <xCoord>355</xCoord>
          <yCoord>295</yCoord>
        </edgeMap>
        <edgeMap>
          <xCoord>356</xCoord>
          <yCoord>295</yCoord>
        </edgeMap>
        <edgeMap>
          <xCoord>357</xCoord>
          <yCoord>295</yCoord>
        </edgeMap>
        <edgeMap>
          <xCoord>358</xCoord>
          <yCoord>295</yCoord>
        </edgeMap>
        <edgeMap>
          <xCoord>359</xCoord>
          <yCoord>294</yCoord>
        </edgeMap>
        <edgeMap>
          <xCoord>360</xCoord>
          <yCoord>294</yCoord>
        </edgeMap>
        <edgeMap>
          <xCoord>361</xCoord>
          <yCoord>293</yCoord>
        </edgeMap>
        <edgeMap>
          <xCoord>362</xCoord>
          <yCoord>293</yCoord>
        </edgeMap>
        <edgeMap>
          <xCoord>363</xCoord>
          <yCoord>292</yCoord>
        </edgeMap>
        <edgeMap>
          <xCoord>363</xCoord>
          <yCoord>291</yCoord>
        </edgeMap>
        <edgeMap>
          <xCoord>363</xCoord>
          <yCoord>290</yCoord>
        </edgeMap>
        <edgeMap>
          <xCoord>363</xCoord>
          <yCoord>289</yCoord>
        </edgeMap>
        <edgeMap>
          <xCoord>362</xCoord>
          <yCoord>288</yCoord>
        </edgeMap>
        <edgeMap>
          <xCoord>361</xCoord>
          <yCoord>287</yCoord>
        </edgeMap>
        <edgeMap>
          <xCoord>360</xCoord>
          <yCoord>286</yCoord>
        </edgeMap>
        <edgeMap>
          <xCoord>360</xCoord>
          <yCoord>285</yCoord>
        </edgeMap>
        <edgeMap>
          <xCoord>359</xCoord>
          <yCoord>284</yCoord>
        </edgeMap>
        <edgeMap>
          <xCoord>358</xCoord>
          <yCoord>283</yCoord>
        </edgeMap>
        <edgeMap>
          <xCoord>357</xCoord>
          <yCoord>282</yCoord>
        </edgeMap>
        <edgeMap>
          <xCoord>356</xCoord>
          <yCoord>282</yCoord>
        </edgeMap>
        <edgeMap>
          <xCoord>355</xCoord>
          <yCoord>282</yCoord>
        </edgeMap>
        <edgeMap>
          <xCoord>354</xCoord>
          <yCoord>282</yCoord>
        </edgeMap>
        <edgeMap>
          <xCoord>353</xCoord>
          <yCoord>282</yCoord>
        </edgeMap>
        <edgeMap>
          <xCoord>352</xCoord>
          <yCoord>282</yCoord>
        </edgeMap>
        <edgeMap>
          <xCoord>351</xCoord>
          <yCoord>282</yCoord>
        </edgeMap>
        <edgeMap>
          <xCoord>350</xCoord>
          <yCoord>282</yCoord>
        </edgeMap>
      </roi>
      <roi>
        <imageZposition>-146.500000 </imageZposition>
        <imageSOP_UID>1.3.6.1.4.1.14519.5.2.1.6279.6001.323437900749385950368278070181</imageSOP_UID>
        <inclusion>TRUE</inclusion>
        <edgeMap>
          <xCoord>355</xCoord>
          <yCoord>285</yCoord>
        </edgeMap>
        <edgeMap>
          <xCoord>354</xCoord>
          <yCoord>286</yCoord>
        </edgeMap>
        <edgeMap>
          <xCoord>353</xCoord>
          <yCoord>287</yCoord>
        </edgeMap>
        <edgeMap>
          <xCoord>353</xCoord>
          <yCoord>288</yCoord>
        </edgeMap>
        <edgeMap>
          <xCoord>353</xCoord>
          <yCoord>289</yCoord>
        </edgeMap>
        <edgeMap>
          <xCoord>353</xCoord>
          <yCoord>290</yCoord>
        </edgeMap>
        <edgeMap>
          <xCoord>353</xCoord>
          <yCoord>291</yCoord>
        </edgeMap>
        <edgeMap>
          <xCoord>354</xCoord>
          <yCoord>292</yCoord>
        </edgeMap>
        <edgeMap>
          <xCoord>355</xCoord>
          <yCoord>293</yCoord>
        </edgeMap>
        <edgeMap>
          <xCoord>356</xCoord>
          <yCoord>294</yCoord>
        </edgeMap>
        <edgeMap>
          <xCoord>357</xCoord>
          <yCoord>294</yCoord>
        </edgeMap>
        <edgeMap>
          <xCoord>358</xCoord>
          <yCoord>294</yCoord>
        </edgeMap>
        <edgeMap>
          <xCoord>359</xCoord>
          <yCoord>293</yCoord>
        </edgeMap>
        <edgeMap>
          <xCoord>359</xCoord>
          <yCoord>292</yCoord>
        </edgeMap>
        <edgeMap>
          <xCoord>359</xCoord>
          <yCoord>291</yCoord>
        </edgeMap>
        <edgeMap>
          <xCoord>358</xCoord>
          <yCoord>290</yCoord>
        </edgeMap>
        <edgeMap>
          <xCoord>358</xCoord>
          <yCoord>289</yCoord>
        </edgeMap>
        <edgeMap>
          <xCoord>358</xCoord>
          <yCoord>288</yCoord>
        </edgeMap>
        <edgeMap>
          <xCoord>358</xCoord>
          <yCoord>287</yCoord>
        </edgeMap>
        <edgeMap>
          <xCoord>357</xCoord>
          <yCoord>286</yCoord>
        </edgeMap>
        <edgeMap>
          <xCoord>356</xCoord>
          <yCoord>285</yCoord>
        </edgeMap>
        <edgeMap>
          <xCoord>355</xCoord>
          <yCoord>285</yCoord>
        </edgeMap>
      </roi>
    </unblindedReadNodule>
    <unblindedReadNodule>
      <noduleID>Nodule 003</noduleID>
      <roi>
        <imageZposition>-161.500000 </imageZposition>
        <imageSOP_UID>1.3.6.1.4.1.14519.5.2.1.6279.6001.123295140038355857666731997059</imageSOP_UID>
        <inclusion>TRUE</inclusion>
        <edgeMap>
          <xCoord>373</xCoord>
          <yCoord>268</yCoord>
        </edgeMap>
      </roi>
    </unblindedReadNodule>
    <nonNodule>
      <nonNoduleID>_Non-nodule 001</nonNoduleID>
      <imageZposition>-244.000000 </imageZposition>
      <imageSOP_UID>1.3.6.1.4.1.14519.5.2.1.6279.6001.254708188498951248171129781165</imageSOP_UID>
      <locus>
        <xCoord>380</xCoord>
        <yCoord>362</yCoord>
      </locus>
    </nonNodule>
    <nonNodule>
      <nonNoduleID>_Non-nodule 002</nonNoduleID>
      <imageZposition>-114.000000 </imageZposition>
      <imageSOP_UID>1.3.6.1.4.1.14519.5.2.1.6279.6001.225829051481048524583616701843</imageSOP_UID>
      <locus>
        <xCoord>197</xCoord>
        <yCoord>364</yCoord>
      </locus>
    </nonNodule>
  </readingSession>
</LidcReadMessage>