<?xml version="1.0" encoding="UTF-8"?>
<LidcReadMessage uid="1.3.6.1.4.1.14519.5.2.1.6279.6001.1307390674736.0" xmlns="http://www.nih.gov" xmlns:xsi="http://www.w3.org/2001/XMLSchema-instance" xsi:schemaLocation="http://www.nih.gov       http://troll.rad.med.umich.edu/lidc/LidcReadMessage.xsd">
  <ResponseHeader>
    <Version>1.8</Version>
    <MessageId>UM3</MessageId>
    <DateRequest>2009-04-13</DateRequest>
    <TimeRequest>00:00:00</TimeRequest>
    <RequestingSite>removed</RequestingSite>
    <ServicingSite>removed</ServicingSite>
    <TaskDescription>Second unblinded read</TaskDescription>
    <CtImageFile>removed</CtImageFile>
    <SeriesInstanceUid>1.3.6.1.4.1.14519.5.2.1.6279.6001.106630482085576298661469304872</SeriesInstanceUid>
    <DateService>2009-04-13</DateService>
    <TimeService>00:00:00</TimeService>
    <ResponseDescription>1 - Reading complete</ResponseDescription>
  <StudyInstanceUID>1.3.6.1.4.1.14519.5.2.1.6279.6001.577239032421661596436882763701</StudyInstanceUID></ResponseHeader>
	<readingSession>
		<annotationVersion>3.12</annotationVersion>
		<servicingRadiologistID>anon</servicingRadiologistID>
			<unblindedReadNodule>
				<noduleID>0</noduleID>
				<roi>
					<imageZposition>-140.5</imageZposition>
					<imageSOP_UID>1.3.6.1.4.1.14519.5.2.1.6279.6001.605497014556991831330532508160</imageSOP_UID>
					<inclusion>TRUE</inclusion>
					<edgeMap>
					<xCoord>101</xCoord>
					<yCoord>291</yCoord>
					</edgeMap>
				</roi>
			</unblindedReadNodule>
			<unblindedReadNodule>
				<noduleID>1</noduleID>
				<characteristics>
					<subtlety>5</subtlety>
					<internalStructure>1</internalStructure>
					<calcification>3</calcification>
					<sphericity>5</sphericity>
					<margin>5</margin>
					<lobulation>1</lobulation>
					<spiculation>1</spiculation>
					<texture>5</texture>
					<malignancy>1</malignancy>
				</characteristics>
				<roi>
					<imageZposition>-170.5</imageZposition>
					<imageSOP_UID>1.3.6.1.4.1.14519.5.2.1.6279.6001.697583243941813823722521429450</imageSOP_UID>
					<inclusion>TRUE</inclusion>
					<edgeMap>
					<xCoord>137</xCoord>
					<yCoord>271</yCoord>
					</edgeMap>
					<edgeMap>
					<xCoord>137</xCoord>
					<yCoord>272</yCoord>
					</edgeMap>
					<edgeMap>
					<xCoord>137</xCoord>
					<yCoord>273</yCoord>
					</edgeMap>
					<edgeMap>
					<xCoord>137</xCoord>
					<yCoord>274</yCoord>
					</edgeMap>
					<edgeMap>
					<xCoord>137</xCoord>
					<yCoord>275</yCoord>
					</edgeMap>
					<edgeMap>
					<xCoord>138</xCoord>
					<yCoord>276</yCoord>
					</edgeMap>
					<edgeMap>
					<xCoord>139</xCoord>
					<yCoord>276</yCoord>
					</edgeMap>
					<edgeMap>
					<xCoord>140</xCoord>
					<yCoord>277</yCoord>
					</edgeMap>
					<edgeMap>
					<xCoord>140</xCoord>
					<yCoord>276</yCoord>
					</edgeMap>
					<edgeMap>
					<xCoord>140</xCoord>
					<yCoord>275</yCoord>
					</edgeMap>
					<edgeMap>
					<xCoord>141</xCoord>
					<yCoord>275</yCoord>
					</edgeMap>
					<edgeMap>
					<xCoord>142</xCoord>
					<yCoord>274</yCoord>
					</edgeMap>
					<edgeMap>
					<xCoord>142</xCoord>
					<yCoord>273</yCoord>
					</edgeMap>
					<edgeMap>
					<xCoord>141</xCoord>
					<yCoord>272</yCoord>
					</edgeMap>
					<edgeMap>
					<xCoord>141</xCoord>
					<yCoord>271</yCoord>
					</edgeMap>
					<edgeMap>
					<xCoord>141</xCoord>
					<yCoord>270</yCoord>
					</edgeMap>
					<edgeMap>
					<xCoord>140</xCoord>
					<yCoord>269</yCoord>
					</edgeMap>
					<edgeMap>
					<xCoord>139</xCoord>
					<yCoord>270</yCoord>
					</edgeMap>
					<edgeMap>
					<xCoord>138</xCoord>
					<yCoord>270</yCoord>
					</edgeMap>
					<edgeMap>
					<xCoord>137</xCoord>
					<yCoord>271</yCoord>
					</edgeMap>
				</roi>
				<roi>
					<imageZposition>-173.0</imageZposition>
					<imageSOP_UID>1.3.6.1.4.1.14519.5.2.1.6279.6001.253866255603737208125952288779</imageSOP_UID>
					<inclusion>TRUE</inclusion>
					<edgeMap>
					<xCoord>135</xCoord>
					<yCoord>273</yCoord>
					</edgeMap>
					<edgeMap>
					<xCoord>135</xCoord>
					<yCoord>272</yCoord>
					</edgeMap>
					<edgeMap>
					<xCoord>135</xCoord>
					<yCoord>271</yCoord>
					</edgeMap>
					<edgeMap>
					<xCoord>135</xCoord>
					<yCoord>270</yCoord>
					</edgeMap>
					<edgeMap>
					<xCoord>135</xCoord>
					<yCoord>269</yCoord>
					</edgeMap>
					<edgeMap>
					<xCoord>136</xCoord>
					<yCoord>268</yCoord>
					</edgeMap>
					<edgeMap>
					<xCoord>137</xCoord>
					<yCoord>268</yCoord>
					</edgeMap>
					<edgeMap>
					<xCoord>138</xCoord>
					<yCoord>268</yCoord>
					</edgeMap>
					<edgeMap>
					<xCoord>139</xCoord>
					<yCoord>268</yCoord>
					</edgeMap>
					<edgeMap>
					<xCoord>140</xCoord>
					<yCoord>268</yCoord>
					</edgeMap>
					<edgeMap>
					<xCoord>141</xCoord>
					<yCoord>268</yCoord>
					</edgeMap>
					<edgeMap>
					<xCoord>142</xCoord>
					<yCoord>268</yCoord>
					</edgeMap>
					<edgeMap>
					<xCoord>143</xCoord>
					<yCoord>268</yCoord>
					</edgeMap>
					<edgeMap>
					<xCoord>143</xCoord>
					<yCoord>269</yCoord>
					</edgeMap>
					<edgeMap>
					<xCoord>144</xCoord>
					<yCoord>270</yCoord>
					</edgeMap>
					<edgeMap>
					<xCoord>144</xCoord>
					<yCoord>271</yCoord>
					</edgeMap>
					<edgeMap>
					<xCoord>143</xCoord>
					<yCoord>272</yCoord>
					</edgeMap>
					<edgeMap>
					<xCoord>143</xCoord>
					<yCoord>273</yCoord>
					</edgeMap>
					<edgeMap>
					<xCoord>142</xCoord>
					<yCoord>274</yCoord>
					</edgeMap>
					<edgeMap>
					<xCoord>142</xCoord>
					<yCoord>275</yCoord>
					</edgeMap>
					<edgeMap>
					<xCoord>142</xCoord>
					<yCoord>276</yCoord>
					</edgeMap>
					<edgeMap>
					<xCoord>141</xCoord>
					<yCoord>276</yCoord>
					</edgeMap>
					<edgeMap>
					<xCoord>140</xCoord>
					<yCoord>277</yCoord>
					</edgeMap>
					<edgeMap>
					<xCoord>139</xCoord>
					<yCoord>277</yCoord>
					</edgeMap>
					<edgeMap>
					<xCoord>138</xCoord>
					<yCoord>277</yCoord>
					</edgeMap>
					<edgeMap>
					<xCoord>137</xCoord>
					<yCoord>277</yCoord>
					</edgeMap>
					<edgeMap>
					<xCoord>136</xCoord>
					<yCoord>276</yCoord>
					</edgeMap>
					<edgeMap>
					<xCoord>136</xCoord>
					<yCoord>275</yCoord>
					</edgeMap>
					<edgeMap>
					<xCoord>136</xCoord>
					<yCoord>274</yCoord>
					</edgeMap>
					<edgeMap>
					<xCoord>135</xCoord>
					<yCoord>273</yCoord>
					</edgeMap>
				</roi>
				<roi>
					<imageZposition>-175.5</imageZposition>
					<imageSOP_UID>1.3.6.1.4.1.14519.5.2.1.6279.6001.412979547298721550002131613063</imageSOP_UID>
					<inclusion>TRUE</inclusion>
					<edgeMap>
					<xCoord>135</xCoord>
					<yCoord>273</yCoord>
					</edgeMap>
					<edgeMap>
					<xCoord>135</xCoord>
					<yCoord>272</yCoord>
					</edgeMap>
					<edgeMap>
					<xCoord>135</xCoord>
					<yCoord>271</yCoord>
					</edgeMap>
					<edgeMap>
					<xCoord>136</xCoord>
					<yCoord>270</yCoord>
					</edgeMap>
					<edgeMap>
					<xCoord>136</xCoord>
					<yCoord>269</yCoord>
					</edgeMap>
					<edgeMap>
					<xCoord>136</xCoord>
					<yCoord>268</yCoord>
					</edgeMap>
					<edgeMap>
					<xCoord>137</xCoord>
					<yCoord>267</yCoord>
					</edgeMap>
					<edgeMap>
					<xCoord>138</xCoord>
					<yCoord>266</yCoord>
					</edgeMap>
					<edgeMap>
					<xCoord>139</xCoord>
					<yCoord>266</yCoord>
					</edgeMap>
					<edgeMap>
					<xCoord>140</xCoord>
					<yCoord>266</yCoord>
					</edgeMap>
					<edgeMap>
					<xCoord>141</xCoord>
					<yCoord>267</yCoord>
					</edgeMap>
					<edgeMap>
					<xCoord>142</xCoord>
					<yCoord>267</yCoord>
					</edgeMap>
					<edgeMap>
					<xCoord>143</xCoord>
					<yCoord>268</yCoord>
					</edgeMap>
					<edgeMap>
					<xCoord>143</xCoord>
					<yCoord>269</yCoord>
					</edgeMap>
					<edgeMap>
					<xCoord>143</xCoord>
					<yCoord>270</yCoord>
					</edgeMap>
					<edgeMap>
					<xCoord>143</xCoord>
					<yCoord>271</yCoord>
					</edgeMap>
					<edgeMap>
					<xCoord>144</xCoord>
					<yCoord>271</yCoord>
					</edgeMap>
					<edgeMap>
					<xCoord>143</xCoord>
					<yCoord>272</yCoord>
					</edgeMap>
					<edgeMap>
					<xCoord>143</xCoord>
					<yCoord>273</yCoord>
					</edgeMap>
					<edgeMap>
					<xCoord>142</xCoord>
					<yCoord>274</yCoord>
					</edgeMap>
					<edgeMap>
					<xCoord>141</xCoord>
					<yCoord>275</yCoord>
					</edgeMap>
					<edgeMap>
					<xCoord>140</xCoord>
					<yCoord>276</yCoord>
					</edgeMap>
					<edgeMap>
					<xCoord>139</xCoord>
					<yCoord>277</yCoord>
					</edgeMap>
					<edgeMap>
					<xCoord>138</xCoord>
					<yCoord>277</yCoord>
					</edgeMap>
					<edgeMap>
					<xCoord>137</xCoord>
					<yCoord>277</yCoord>
					</edgeMap>
					<edgeMap>
					<xCoord>136</xCoord>
					<yCoord>277</yCoord>
					</edgeMap>
					<edgeMap>
					<xCoord>136</xCoord>
					<yCoord>276</yCoord>
					</edgeMap>
					<edgeMap>
					<xCoord>136</xCoord>
					<yCoord>275</yCoord>
					</edgeMap>
					<edgeMap>
					<xCoord>136</xCoord>
					<yCoord>274</yCoord>
					</edgeMap>
					<edgeMap>
					<xCoord>135</xCoord>
					<yCoord>273</yCoord>
					</edgeMap>
				</roi>
				<roi>
					<imageZposition>-178.0</imageZposition>
					<imageSOP_UID>1.3.6.1.4.1.14519.5.2.1.6279.6001.327436045043584159272864111524</imageSOP_UID>
					<inclusion>TRUE</inclusion>
					<edgeMap>
					<xCoord>137</xCoord>
					<yCoord>269</yCoord>
					</edgeMap>
					<edgeMap>
					<xCoord>137</xCoord>
					<yCoord>268</yCoord>
					</edgeMap>
					<edgeMap>
					<xCoord>138</xCoord>
					<yCoord>267</yCoord>
					</edgeMap>
					<edgeMap>
					<xCoord>139</xCoord>
					<yCoord>267</yCoord>
					</edgeMap>
					<edgeMap>
					<xCoord>140</xCoord>
					<yCoord>267</yCoord>
					</edgeMap>
					<edgeMap>
					<xCoord>141</xCoord>
					<yCoord>267</yCoord>
					</edgeMap>
					<edgeMap>
					<xCoord>142</xCoord>
					<yCoord>268</yCoord>
					</edgeMap>
					<edgeMap>
					<xCoord>143</xCoord>
					<yCoord>268</yCoord>
					</edgeMap>
					<edgeMap>
					<xCoord>144</xCoord>
					<yCoord>269</yCoord>
					</edgeMap>
					<edgeMap>
					<xCoord>144</xCoord>
					<yCoord>270</yCoord>
					</edgeMap>
					<edgeMap>
					<xCoord>143</xCoord>
					<yCoord>271</yCoord>
					</edgeMap>
					<edgeMap>
					<xCoord>142</xCoord>
					<yCoord>272</yCoord>
					</edgeMap>
					<edgeMap>
					<xCoord>142</xCoord>
					<yCoord>273</yCoord>
					</edgeMap>
					<edgeMap>
					<xCoord>143</xCoord>
					<yCoord>274</yCoord>
					</edgeMap>
					<edgeMap>
					<xCoord>142</xCoord>
					<yCoord>275</yCoord>
					</edgeMap>
					<edgeMap>
					<xCoord>141</xCoord>
					<yCoord>275</yCoord>
					</edgeMap>
					<edgeMap>
					<xCoord>140</xCoord>
					<yCoord>274</yCoord>
					</edgeMap>
					<edgeMap>
					<xCoord>140</xCoord>
					<yCoord>273</yCoord>
					</edgeMap>
					<edgeMap>
					<xCoord>139</xCoord>
					<yCoord>273</yCoord>
					</edgeMap>
					<edgeMap>
					<xCoord>139</xCoord>
					<yCoord>274</yCoord>
					</edgeMap>
					<edgeMap>
					<xCoord>139</xCoord>
					<yCoord>275</yCoord>
					</edgeMap>
					<edgeMap>
					<xCoord>138</xCoord>
					<yCoord>276</yCoord>
					</edgeMap>
					<edgeMap>
					<xCoord>137</xCoord>
					<yCoord>275</yCoord>
					</edgeMap>
					<edgeMap>
					<xCoord>136</xCoord>
					<yCoord>274</yCoord>
					</edgeMap>
					<edgeMap>
					<xCoord>136</xCoord>
					<yCoord>273</yCoord>
					</edgeMap>
					<edgeMap>
					<xCoord>135</xCoord>
					<yCoord>272</yCoord>
					</edgeMap>
					<edgeMap>
					<xCoord>135</xCoord>
					<yCoord>271</yCoord>
					</edgeMap>
					<edgeMap>
					<xCoord>136</xCoord>
					<yCoord>270</yCoord>
					</edgeMap>
					<edgeMap>
					<xCoord>137</xCoord>
					<yCoord>269</yCoord>
					</edgeMap>
				</roi>
			</unblindedReadNodule>
			<nonNodule>
				<nonNoduleID>2</nonNoduleID>
				<imageZposition>-33.0</imageZposition>
				<imageSOP_UID>1.3.6.1.4.1.14519.5.2.1.6279.6001.850555199381226397059439558906</imageSOP_UID>
				<locus>
					<xCoord>202</xCoord>
					<yCoord>303</yCoord>
				</locus>
			</nonNodule>
			<nonNodule>
				<nonNoduleID>3</nonNoduleID>
				<imageZposition>-35.5</imageZposition>
				<imageSOP_UID>1.3.6.1.4.1.14519.5.2.1.6279.6001.622829527821802923125599518253</imageSOP_UID>
				<locus>
					<xCoord>334</xCoord>
					<yCoord>315</yCoord>
				</locus>
			</nonNodule>
	</readingSession>
  <readingSession>
    <annotationVersion>3.12</annotationVersion>
    <servicingRadiologistID>anon</servicingRadiologistID>
    <unblindedReadNodule>
      <noduleID>160663</noduleID>
      <characteristics>
        <subtlety>3</subtlety>
        <internalStructure>1</internalStructure>
        <calcification>6</calcification>
        <sphericity>3</sphericity>
        <margin>4</margin>
        <lobulation>1</lobulation>
        <spiculation>1</spiculation>
        <texture>5</texture>
        <malignancy>3</malignancy>
      </characteristics>
      <roi>
        <imageZposition>-173.0</imageZposition>
        <imageSOP_UID>1.3.6.1.4.1.14519.5.2.1.6279.6001.253866255603737208125952288779</imageSOP_UID>
        <inclusion>TRUE</inclusion>
        <edgeMap>
          <xCoord>139</xCoord>
          <yCoord>278</yCoord>
        </edgeMap>
        <edgeMap>
          <xCoord>140</xCoord>
          <yCoord>277</yCoord>
        </edgeMap>
        <edgeMap>
          <xCoord>141</xCoord>
          <yCoord>276</yCoord>
        </edgeMap>
        <edgeMap>
          <xCoord>142</xCoord>
          <yCoord>276</yCoord>
        </edgeMap>
        <edgeMap>
          <xCoord>143</xCoord>
          <yCoord>275</yCoord>
        </edgeMap>
        <edgeMap>
          <xCoord>144</xCoord>
          <yCoord>274</yCoord>
        </edgeMap>
        <edgeMap>
          <xCoord>144</xCoord>
          <yCoord>273</yCoord>
        </edgeMap>
        <edgeMap>
          <xCoord>144</xCoord>
          <yCoord>272</yCoord>
        </edgeMap>
        <edgeMap>
          <xCoord>144</xCoord>
          <yCoord>271</yCoord>
        </edgeMap>
        <edgeMap>
          <xCoord>144</xCoord>
          <yCoord>270</yCoord>
        </edgeMap>
        <edgeMap>
          <xCoord>143</xCoord>
          <yCoord>269</yCoord>
        </edgeMap>
        <edgeMap>
          <xCoord>142</xCoord>
          <yCoord>268</yCoord>
        </edgeMap>
        <edgeMap>
          <xCoord>141</xCoord>
          <yCoord>267</yCoord>
        </edgeMap>
        <edgeMap>
          <xCoord>140</xCoord>
          <yCoord>267</yCoord>
        </edgeMap>
        <edgeMap>
          <xCoord>139</xCoord>
          <yCoord>267</yCoord>
        </edgeMap>
        <edgeMap>
          <xCoord>138</xCoord>
          <yCoord>268</yCoord>
        </edgeMap>
        <edgeMap>
          <xCoord>137</xCoord>
          <yCoord>268</yCoord>
        </edgeMap>
        <edgeMap>
          <xCoord>136</xCoord>
          <yCoord>269</yCoord>
        </edgeMap>
        <edgeMap>
          <xCoord>135</xCoord>
          <yCoord>270</yCoord>
        </edgeMap>
        <edgeMap>
          <xCoord>135</xCoord>
          <yCoord>271</yCoord>
        </edgeMap>
        <edgeMap>
          <xCoord>135</xCoord>
          <yCoord>272</yCoord>
        </edgeMap>
        <edgeMap>
          <xCoord>134</xCoord>
          <yCoord>273</yCoord>
        </edgeMap>
        <edgeMap>
          <xCoord>135</xCoord>
          <yCoord>274</yCoord>
        </edgeMap>
        <edgeMap>
          <xCoord>135</xCoord>
          <yCoord>275</yCoord>
        </edgeMap>
        <edgeMap>
          <xCoord>136</xCoord>
          <yCoord>276</yCoord>
        </edgeMap>
        <edgeMap>
          <xCoord>137</xCoord>
          <yCoord>277</yCoord>
        </edgeMap>
        <edgeMap>
          <xCoord>138</xCoord>
          <yCoord>278</yCoord>
        </edgeMap>
        <edgeMap>
          <xCoord>139</xCoord>
          <yCoord>278</yCoord>
        </edgeMap>
      </roi>
      <roi>
        <imageZposition>-175.5</imageZposition>
        <imageSOP_UID>1.3.6.1.4.1.14519.5.2.1.6279.6001.412979547298721550002131613063</imageSOP_UID>
        <inclusion>TRUE</inclusion>
        <edgeMap>
          <xCoord>139</xCoord>
          <yCoord>278</yCoord>
        </edgeMap>
        <edgeMap>
          <xCoord>140</xCoord>
          <yCoord>277</yCoord>
        </edgeMap>
        <edgeMap>
          <xCoord>141</xCoord>
          <yCoord>276</yCoord>
        </edgeMap>
        <edgeMap>
          <xCoord>142</xCoord>
          <yCoord>275</yCoord>
        </edgeMap>
        <edgeMap>
          <xCoord>142</xCoord>
          <yCoord>274</yCoord>
        </edgeMap>
        <edgeMap>
          <xCoord>143</xCoord>
          <yCoord>273</yCoord>
        </edgeMap>
        <edgeMap>
          <xCoord>144</xCoord>
          <yCoord>272</yCoord>
        </edgeMap>
        <edgeMap>
          <xCoord>144</xCoord>
          <yCoord>271</yCoord>
        </edgeMap>
        <edgeMap>
          <xCoord>144</xCoord>
          <yCoord>270</yCoord>
        </edgeMap>
        <edgeMap>
          <xCoord>144</xCoord>
          <yCoord>269</yCoord>
        </edgeMap>
        <edgeMap>
          <xCoord>144</xCoord>
          <yCoord>268</yCoord>
        </edgeMap>
        <edgeMap>
          <xCoord>143</xCoord>
          <yCoord>267</yCoord>
        </edgeMap>
        <edgeMap>
          <xCoord>142</xCoord>
          <yCoord>266</yCoord>
        </edgeMap>
        <edgeMap>
          <xCoord>141</xCoord>
          <yCoord>266</yCoord>
        </edgeMap>
        <edgeMap>
          <xCoord>140</xCoord>
          <yCoord>266</yCoord>
        </edgeMap>
        <edgeMap>
          <xCoord>139</xCoord>
          <yCoord>265</yCoord>
        </edgeMap>
        <edgeMap>
          <xCoord>138</xCoord>
          <yCoord>266</yCoord>
        </edgeMap>
        <edgeMap>
          <xCoord>137</xCoord>
          <yCoord>266</yCoord>
        </edgeMap>
        <edgeMap>
          <xCoord>136</xCoord>
          <yCoord>267</yCoord>
        </edgeMap>
        <edgeMap>
          <xCoord>135</xCoord>
          <yCoord>268</yCoord>
        </edgeMap>
        <edgeMap>
          <xCoord>135</xCoord>
          <yCoord>269</yCoord>
        </edgeMap>
        <edgeMap>
          <xCoord>134</xCoord>
          <yCoord>270</yCoord>
        </edgeMap>
        <edgeMap>
          <xCoord>134</xCoord>
          <yCoord>271</yCoord>
        </edgeMap>
        <edgeMap>
          <xCoord>134</xCoord>
          <yCoord>272</yCoord>
        </edgeMap>
        <edgeMap>
          <xCoord>134</xCoord>
          <yCoord>273</yCoord>
        </edgeMap>
        <edgeMap>
          <xCoord>134</xCoord>
          <yCoord>274</yCoord>
        </edgeMap>
        <edgeMap>
          <xCoord>135</xCoord>
          <yCoord>275</yCoord>
        </edgeMap>
        <edgeMap>
          <xCoord>135</xCoord>
          <yCoord>276</yCoord>
        </edgeMap>
        <edgeMap>
          <xCoord>136</xCoord>
          <yCoord>277</yCoord>
        </edgeMap>
        <edgeMap>
          <xCoord>137</xCoord>
          <yCoord>278</yCoord>
        </edgeMap>
        <edgeMap>
          <xCoord>138</xCoord>
          <yCoord>278</yCoord>
        </edgeMap>
        <edgeMap>
          <xCoord>139</xCoord>
          <yCoord>278</yCoord>
        </edgeMap>
      </roi>
      <roi>
        <imageZposition>-178.0</imageZposition>
        <imageSOP_UID>1.3.6.1.4.1.14519.5.2.1.6279.6001.327436045043584159272864111524</imageSOP_UID>
        <inclusion>TRUE</inclusion>
        <edgeMap>
          <xCoord>138</xCoord>
          <yCoord>276</yCoord>
        </edgeMap>
        <edgeMap>
          <xCoord>139</xCoord>
          <yCoord>275</yCoord>
        </edgeMap>
        <edgeMap>
          <xCoord>140</xCoord>
          <yCoord>274</yCoord>
        </edgeMap>
        <edgeMap>
          <xCoord>141</xCoord>
          <yCoord>273</yCoord>
        </edgeMap>
        <edgeMap>
          <xCoord>142</xCoord>
          <yCoord>272</yCoord>
        </edgeMap>
        <edgeMap>
          <xCoord>142</xCoord>
          <yCoord>271</yCoord>
        </edgeMap>
        <edgeMap>
          <xCoord>143</xCoord>
          <yCoord>270</yCoord>
        </edgeMap>
        <edgeMap>
          <xCoord>142</xCoord>
          <yCoord>269</yCoord>
        </edgeMap>
        <edgeMap>
          <xCoord>141</xCoord>
          <yCoord>268</yCoord>
        </edgeMap>
        <edgeMap>
          <xCoord>140</xCoord>
          <yCoord>267</yCoord>
        </edgeMap>
        <edgeMap>
          <xCoord>139</xCoord>
          <yCoord>266</yCoord>
        </edgeMap>
        <edgeMap>
          <xCoord>138</xCoord>
          <yCoord>266</yCoord>
        </edgeMap>
        <edgeMap>
          <xCoord>137</xCoord>
          <yCoord>267</yCoord>
        </edgeMap>
        <edgeMap>
          <xCoord>136</xCoord>
          <yCoord>268</yCoord>
        </edgeMap>
        <edgeMap>
          <xCoord>135</xCoord>
          <yCoord>267</yCoord>
        </edgeMap>
        <edgeMap>
          <xCoord>134</xCoord>
          <yCoord>267</yCoord>
        </edgeMap>
        <edgeMap>
          <xCoord>133</xCoord>
          <yCoord>268</yCoord>
        </edgeMap>
        <edgeMap>
          <xCoord>132</xCoord>
          <yCoord>269</yCoord>
        </edgeMap>
        <edgeMap>
          <xCoord>133</xCoord>
          <yCoord>270</yCoord>
        </edgeMap>
        <edgeMap>
          <xCoord>134</xCoord>
          <yCoord>271</yCoord>
        </edgeMap>
        <edgeMap>
          <xCoord>135</xCoord>
          <yCoord>272</yCoord>
        </edgeMap>
        <edgeMap>
          <xCoord>135</xCoord>
          <yCoord>273</yCoord>
        </edgeMap>
        <edgeMap>
          <xCoord>135</xCoord>
          <yCoord>274</yCoord>
        </edgeMap>
        <edgeMap>
          <xCoord>136</xCoord>
          <yCoord>275</yCoord>
        </edgeMap>
        <edgeMap>
          <xCoord>137</xCoord>
          <yCoord>276</yCoord>
        </edgeMap>
        <edgeMap>
          <xCoord>138</xCoord>
          <yCoord>276</yCoord>
        </edgeMap>
      </roi>
    </unblindedReadNodule>
  </readingSession>
  <readingSession>
    <annotationVersion>3.12</annotationVersion>
    <servicingRadiologistID>anon</servicingRadiologistID>
    <unblindedReadNodule>
      <noduleID>Nodule 002</noduleID>
      <characteristics>
        <subtlety>5</subtlety>
        <internalStructure>1</internalStructure>
        <calcification>3</calcification>
        <sphericity>4</sphericity>
        <margin>5</margin>
        <lobulation>1</lobulation>
        <spiculation>1</spiculation>
        <texture>5</texture>
        <malignancy>1</malignancy>
      </characteristics>
      <roi>
        <imageZposition>-178.000</imageZposition>
        <imageSOP_UID>1.3.6.1.4.1.14519.5.2.1.6279.6001.327436045043584159272864111524</imageSOP_UID>
        <inclusion>TRUE</inclusion>
        <edgeMap>
          <xCoord>138</xCoord>
          <yCoord>267</yCoord>
        </edgeMap>
        <edgeMap>
          <xCoord>137</xCoord>
          <yCoord>268</yCoord>
        </edgeMap>
        <edgeMap>
          <xCoord>136</xCoord>
          <yCoord>269</yCoord>
        </edgeMap>
        <edgeMap>
          <xCoord>135</xCoord>
          <yCoord>270</yCoord>
        </edgeMap>
        <edgeMap>
          <xCoord>135</xCoord>
          <yCoord>271</yCoord>
        </edgeMap>
        <edgeMap>
          <xCoord>136</xCoord>
          <yCoord>272</yCoord>
        </edgeMap>
        <edgeMap>
          <xCoord>136</xCoord>
          <yCoord>273</yCoord>
        </edgeMap>
        <edgeMap>
          <xCoord>136</xCoord>
          <yCoord>274</yCoord>
        </edgeMap>
        <edgeMap>
          <xCoord>137</xCoord>
          <yCoord>275</yCoord>
        </edgeMap>
        <edgeMap>
          <xCoord>138</xCoord>
          <yCoord>275</yCoord>
        </edgeMap>
        <edgeMap>
          <xCoord>139</xCoord>
          <yCoord>274</yCoord>
        </edgeMap>
        <edgeMap>
          <xCoord>140</xCoord>
          <yCoord>273</yCoord>
        </edgeMap>
        <edgeMap>
          <xCoord>141</xCoord>
          <yCoord>273</yCoord>
        </edgeMap>
        <edgeMap>
          <xCoord>142</xCoord>
          <yCoord>272</yCoord>
        </edgeMap>
        <edgeMap>
          <xCoord>142</xCoord>
          <yCoord>271</yCoord>
        </edgeMap>
        <edgeMap>
          <xCoord>141</xCoord>
          <yCoord>270</yCoord>
        </edgeMap>
        <edgeMap>
          <xCoord>141</xCoord>
          <yCoord>269</yCoord>
        </edgeMap>
        <edgeMap>
          <xCoord>140</xCoord>
          <yCoord>268</yCoord>
        </edgeMap>
        <edgeMap>
          <xCoord>139</xCoord>
          <yCoord>267</yCoord>
        </edgeMap>
        <edgeMap>
          <xCoord>138</xCoord>
          <yCoord>267</yCoord>
        </edgeMap>
      </roi>
      <roi>
        <imageZposition>-175.500</imageZposition>
        <imageSOP_UID>1.3.6.1.4.1.14519.5.2.1.6279.6001.412979547298721550002131613063</imageSOP_UID>
        <inclusion>TRUE</inclusion>
        <edgeMap>
          <xCoord>138</xCoord>
          <yCoord>266</yCoord>
        </edgeMap>
        <edgeMap>
          <xCoord>137</xCoord>
          <yCoord>267</yCoord>
        </edgeMap>
        <edgeMap>
          <xCoord>136</xCoord>
          <yCoord>268</yCoord>
        </edgeMap>
        <edgeMap>
          <xCoord>135</xCoord>
          <yCoord>269</yCoord>
        </edgeMap>
        <edgeMap>
          <xCoord>135</xCoord>
          <yCoord>270</yCoord>
        </edgeMap>
        <edgeMap>
          <xCoord>135</xCoord>
          <yCoord>271</yCoord>
        </edgeMap>
        <edgeMap>
          <xCoord>135</xCoord>
          <yCoord>272</yCoord>
        </edgeMap>
        <edgeMap>
          <xCoord>135</xCoord>
          <yCoord>273</yCoord>
        </edgeMap>
        <edgeMap>
          <xCoord>135</xCoord>
          <yCoord>274</yCoord>
        </edgeMap>
        <edgeMap>
          <xCoord>136</xCoord>
          <yCoord>275</yCoord>
        </edgeMap>
        <edgeMap>
          <xCoord>136</xCoord>
          <yCoord>276</yCoord>
        </edgeMap>
        <edgeMap>
          <xCoord>137</xCoord>
          <yCoord>277</yCoord>
        </edgeMap>
        <edgeMap>
          <xCoord>138</xCoord>
          <yCoord>277</yCoord>
        </edgeMap>
        <edgeMap>
          <xCoord>139</xCoord>
          <yCoord>277</yCoord>
        </edgeMap>
        <edgeMap>
          <xCoord>140</xCoord>
          <yCoord>276</yCoord>
        </edgeMap>
        <edgeMap>
          <xCoord>141</xCoord>
          <yCoord>275</yCoord>
        </edgeMap>
        <edgeMap>
          <xCoord>142</xCoord>
          <yCoord>274</yCoord>
        </edgeMap>
        <edgeMap>
          <xCoord>142</xCoord>
          <yCoord>273</yCoord>
        </edgeMap>
        <edgeMap>
          <xCoord>143</xCoord>
          <yCoord>272</yCoord>
        </edgeMap>
        <edgeMap>
          <xCoord>143</xCoord>
          <yCoord>271</yCoord>
        </edgeMap>
        <edgeMap>
          <xCoord>143</xCoord>
          <yCoord>270</yCoord>
        </edgeMap>
        <edgeMap>
          <xCoord>143</xCoord>
          <yCoord>269</yCoord>
        </edgeMap>
        <edgeMap>
          <xCoord>142</xCoord>
          <yCoord>268</yCoord>
        </edgeMap>
        <edgeMap>
          <xCoord>142</xCoord>
          <yCoord>267</yCoord>
        </edgeMap>
        <edgeMap>
          <xCoord>141</xCoord>
          <yCoord>266</yCoord>
        </edgeMap>
        <edgeMap>
          <xCoord>140</xCoord>
          <yCoord>266</yCoord>
        </edgeMap>
        <edgeMap>
          <xCoord>139</xCoord>
          <yCoord>266</yCoord>
        </edgeMap>
        <edgeMap>
          <xCoord>138</xCoord>
          <yCoord>266</yCoord>
        </edgeMap>
      </roi>
      <roi>
        <imageZposition>-173.000</imageZposition>
        <imageSOP_UID>1.3.6.1.4.1.14519.5.2.1.6279.6001.253866255603737208125952288779</imageSOP_UID>
        <inclusion>TRUE</inclusion>
        <edgeMap>
          <xCoord>139</xCoord>
          <yCoord>268</yCoord>
        </edgeMap>
        <edgeMap>
          <xCoord>138</xCoord>
          <yCoord>269</yCoord>
        </edgeMap>
        <edgeMap>
          <xCoord>137</xCoord>
          <yCoord>269</yCoord>
        </edgeMap>
        <edgeMap>
          <xCoord>136</xCoord>
          <yCoord>270</yCoord>
        </edgeMap>
        <edgeMap>
          <xCoord>135</xCoord>
          <yCoord>271</yCoord>
        </edgeMap>
        <edgeMap>
          <xCoord>135</xCoord>
          <yCoord>272</yCoord>
        </edgeMap>
        <edgeMap>
          <xCoord>135</xCoord>
          <yCoord>273</yCoord>
        </edgeMap>
        <edgeMap>
          <xCoord>136</xCoord>
          <yCoord>274</yCoord>
        </edgeMap>
        <edgeMap>
          <xCoord>136</xCoord>
          <yCoord>275</yCoord>
        </edgeMap>
        <edgeMap>
          <xCoord>137</xCoord>
          <yCoord>276</yCoord>
        </edgeMap>
        <edgeMap>
          <xCoord>138</xCoord>
          <yCoord>277</yCoord>
        </edgeMap>
        <edgeMap>
          <xCoord>139</xCoord>
          <yCoord>277</yCoord>
        </edgeMap>
        <edgeMap>
          <xCoord>140</xCoord>
          <yCoord>276</yCoord>
        </edgeMap>
        <edgeMap>
          <xCoord>141</xCoord>
          <yCoord>275</yCoord>
        </edgeMap>
        <edgeMap>
          <xCoord>142</xCoord>
          <yCoord>274</yCoord>
        </edgeMap>
        <edgeMap>
          <xCoord>143</xCoord>
          <yCoord>273</yCoord>
        </edgeMap>
        <edgeMap>
          <xCoord>142</xCoord>
          <yCoord>272</yCoord>
        </edgeMap>
        <edgeMap>
          <xCoord>142</xCoord>
          <yCoord>271</yCoord>
        </edgeMap>
        <edgeMap>
          <xCoord>142</xCoord>
          <yCoord>270</yCoord>
        </edgeMap>
        <edgeMap>
          <xCoord>141</xCoord>
          <yCoord>269</yCoord>
        </edgeMap>
        <edgeMap>
          <xCoord>140</xCoord>
          <yCoord>268</yCoord>
        </edgeMap>
        <edgeMap>
          <xCoord>139</xCoord>
          <yCoord>268</yCoord>
        </edgeMap>
      </roi>
    </unblindedReadNodule>
    <unblindedReadNodule>
      <noduleID>Nodule 001</noduleID>
      <roi>
        <imageZposition>-140.500</imageZposition>
        <imageSOP_UID>1.3.6.1.4.1.14519.5.2.1.6279.6001.605497014556991831330532508160</imageSOP_UID>
        <inclusion>TRUE</inclusion>
        <edgeMap>
          <xCoord>100</xCoord>
          <yCoord>290</yCoord>
        </edgeMap>
      </roi>
    </unblindedReadNodule>
    <nonNodule>
      <nonNoduleID>_Non-nodule 001</nonNoduleID>
      <imageZposition>-33.000 </imageZposition>
      <imageSOP_UID>1.3.6.1.4.1.14519.5.2.1.6279.6001.850555199381226397059439558906</imageSOP_UID>
      <locus>
        <xCoord>202</xCoord>
        <yCoord>303</yCoord>
      </locus>
    </nonNodule>
    <nonNodule>
      <nonNoduleID>_Non-nodule 002</nonNoduleID>
      <imageZposition>-43.000 </imageZposition>
      <imageSOP_UID>1.3.6.1.4.1.14519.5.2.1.6279.6001.110520722215333597262681008522</imageSOP_UID>
      <locus>
        <xCoord>358</xCoord>
        <yCoord>329</yCoord>
      </locus>
    </nonNodule>
    <nonNodule>
      <nonNoduleID>_Non-nodule 003</nonNoduleID>
      <imageZposition>-70.500 </imageZposition>
      <imageSOP_UID>1.3.6.1.4.1.14519.5.2.1.6279.6001.626702046016006930181548428930</imageSOP_UID>
      <locus>
        <xCoord>329</xCoord>
        <yCoord>349</yCoord>
      </locus>
    </nonNodule>
    <nonNodule>
      <nonNoduleID>_Non-nodule 004</nonNoduleID>
      <imageZposition>-48.000 </imageZposition>
      <imageSOP_UID>1.3.6.1.4.1.14519.5.2.1.6279.6001.267791510070202940446179863284</imageSOP_UID>
      <locus>
        <xCoord>201</xCoord>
        <yCoord>321</yCoord>
      </locus>
    </nonNodule>
  </readingSession>
<readingSession>
<annotationVersion>3.12</annotationVersion>
<servicingRadiologistID>anon</servicingRadiologistID>
<unblindedReadNodule>
<noduleID>163137</noduleID>
<roi>
<imageZposition>-143.0</imageZposition>
<imageSOP_UID>1.3.6.1.4.1.14519.5.2.1.6279.6001.294833292693262638526664233625</imageSOP_UID>
<inclusion>TRUE</inclusion>
<edgeMap>
<xCoord>100</xCoord>
<yCoord>292</yCoord>
</edgeMap>
</roi>
</unblindedReadNodule>
<unblindedReadNodule>
<noduleID>163136</noduleID>
<characteristics>
<subtlety>4</subtlety>
<internalStructure>1</internalStructure>
<calcification>6</calcification>
<sphericity>3</sphericity>
<margin>5</margin>
<lobulation>1</lobulation>
<spiculation>2</spiculation>
<texture>5</texture>
<malignancy>3</malignancy>
</characteristics>
<roi>
<imageZposition>-173.0</imageZposition>
<imageSOP_UID>1.3.6.1.4.1.14519.5.2.1.6279.6001.253866255603737208125952288779</imageSOP_UID>
<inclusion>TRUE</inclusion>
<edgeMap>
<xCoord>139</xCoord>
<yCoord>278</yCoord>
</edgeMap>
<edgeMap>
<xCoord>140</xCoord>
<yCoord>277</yCoord>
</edgeMap>
<edgeMap>
<xCoord>141</xCoord>
<yCoord>276</yCoord>
</edgeMap>
<edgeMap>
<xCoord>142</xCoord>
<yCoord>276</yCoord>
</edgeMap>
<edgeMap>
<xCoord>143</xCoord>
<yCoord>275</yCoord>
</edgeMap>
<edgeMap>
<xCoord>144</xCoord>
<yCoord>274</yCoord>
</edgeMap>
<edgeMap>
<xCoord>144</xCoord>
<yCoord>273</yCoord>
</edgeMap>
<edgeMap>
<xCoord>143</xCoord>
<yCoord>272</yCoord>
</edgeMap>
<edgeMap>
<xCoord>144</xCoord>
<yCoord>271</yCoord>
</edgeMap>
<edgeMap>
<xCoord>144</xCoord>
<yCoord>270</yCoord>
</edgeMap>
<edgeMap>
<xCoord>143</xCoord>
<yCoord>269</yCoord>
</edgeMap>
<edgeMap>
<xCoord>142</xCoord>
<yCoord>268</yCoord>
</edgeMap>
<edgeMap>
<xCoord>141</xCoord>
<yCoord>267</yCoord>
</edgeMap>
<edgeMap>
<xCoord>140</xCoord>
<yCoord>267</yCoord>
</edgeMap>
<edgeMap>
<xCoord>139</xCoord>
<yCoord>267</yCoord>
</edgeMap>
<edgeMap>
<xCoord>138</xCoord>
<yCoord>268</yCoord>
</edgeMap>
<edgeMap>
<xCoord>137</xCoord>
<yCoord>268</yCoord>
</edgeMap>
<edgeMap>
<xCoord>136</xCoord>
<yCoord>269</yCoord>
</edgeMap>
<edgeMap>
<xCoord>135</xCoord>
<yCoord>270</yCoord>
</edgeMap>
<edgeMap>
<xCoord>135</xCoord>
<yCoord>271</yCoord>
</edgeMap>
<edgeMap>
<xCoord>135</xCoord>
<yCoord>272</yCoord>
</edgeMap>
<edgeMap>
<xCoord>135</xCoord>
<yCoord>273</yCoord>
</edgeMap>
<edgeMap>
<xCoord>135</xCoord>
<yCoord>274</yCoord>
</edgeMap>
<edgeMap>
<xCoord>135</xCoord>
<yCoord>275</yCoord>
</edgeMap>
<edgeMap>
<xCoord>136</xCoord>
<yCoord>276</yCoord>
</edgeMap>
<edgeMap>
<xCoord>137</xCoord>
<yCoord>277</yCoord>
</edgeMap>
<edgeMap>
<xCoord>138</xCoord>
<yCoord>278</yCoord>
</edgeMap>
<edgeMap>
<xCoord>139</xCoord>
<yCoord>278</yCoord>
</edgeMap>
</roi>
<roi>
<imageZposition>-175.5</imageZposition>
<imageSOP_UID>1.3.6.1.4.1.14519.5.2.1.6279.6001.412979547298721550002131613063</imageSOP_UID>
<inclusion>TRUE</inclusion>
<edgeMap>
<xCoord>139</xCoord>
<yCoord>278</yCoord>
</edgeMap>
<edgeMap>
<xCoord>140</xCoord>
<yCoord>277</yCoord>
</edgeMap>
<edgeMap>
<xCoord>141</xCoord>
<yCoord>276</yCoord>
</edgeMap>
<edgeMap>
<xCoord>142</xCoord>
<yCoord>275</yCoord>
</edgeMap>
<edgeMap>
<xCoord>142</xCoord>
<yCoord>274</yCoord>
</edgeMap>
<edgeMap>
<xCoord>143</xCoord>
<yCoord>273</yCoord>
</edgeMap>
<edgeMap>
<xCoord>144</xCoord>
<yCoord>272</yCoord>
</edgeMap>
<edgeMap>
<xCoord>144</xCoord>
<yCoord>271</yCoord>
</edgeMap>
<edgeMap>
<xCoord>144</xCoord>
<yCoord>270</yCoord>
</edgeMap>
<edgeMap>
<xCoord>144</xCoord>
<yCoord>269</yCoord>
</edgeMap>
<edgeMap>
<xCoord>144</xCoord>
<yCoord>268</yCoord>
</edgeMap>
<edgeMap>
<xCoord>143</xCoord>
<yCoord>267</yCoord>
</edgeMap>
<edgeMap>
<xCoord>142</xCoord>
<yCoord>266</yCoord>
</edgeMap>
<edgeMap>
<xCoord>141</xCoord>
<yCoord>266</yCoord>
</edgeMap>
<edgeMap>
<xCoord>140</xCoord>
<yCoord>266</yCoord>
</edgeMap>
<edgeMap>
<xCoord>139</xCoord>
<yCoord>265</yCoord>
</edgeMap>
<edgeMap>
<xCoord>138</xCoord>
<yCoord>265</yCoord>
</edgeMap>
<edgeMap>
<xCoord>137</xCoord>
<yCoord>266</yCoord>
</edgeMap>
<edgeMap>
<xCoord>136</xCoord>
<yCoord>267</yCoord>
</edgeMap>
<edgeMap>
<xCoord>135</xCoord>
<yCoord>268</yCoord>
</edgeMap>
<edgeMap>
<xCoord>135</xCoord>
<yCoord>269</yCoord>
</edgeMap>
<edgeMap>
<xCoord>134</xCoord>
<yCoord>270</yCoord>
</edgeMap>
<edgeMap>
<xCoord>134</xCoord>
<yCoord>271</yCoord>
</edgeMap>
<edgeMap>
<xCoord>134</xCoord>
<yCoord>272</yCoord>
</edgeMap>
<edgeMap>
<xCoord>134</xCoord>
<yCoord>273</yCoord>
</edgeMap>
<edgeMap>
<xCoord>134</xCoord>
<yCoord>274</yCoord>
</edgeMap>
<edgeMap>
<xCoord>135</xCoord>
<yCoord>275</yCoord>
</edgeMap>
<edgeMap>
<xCoord>135</xCoord>
<yCoord>276</yCoord>
</edgeMap>
<edgeMap>
<xCoord>136</xCoord>
<yCoord>277</yCoord>
</edgeMap>
<edgeMap>
<xCoord>137</xCoord>
<yCoord>278</yCoord>
</edgeMap>
<edgeMap>
<xCoord>138</xCoord>
<yCoord>278</yCoord>
</edgeMap>
<edgeMap>
<xCoord>139</xCoord>
<yCoord>278</yCoord>
</edgeMap>
</roi>
<roi>
<imageZposition>-178.0</imageZposition>
<imageSOP_UID>1.3.6.1.4.1.14519.5.2.1.6279.6001.327436045043584159272864111524</imageSOP_UID>
<inclusion>TRUE</inclusion>
<edgeMap>
<xCoord>138</xCoord>
<yCoord>276</yCoord>
</edgeMap>
<edgeMap>
<xCoord>139</xCoord>
<yCoord>275</yCoord>
</edgeMap>
<edgeMap>
<xCoord>140</xCoord>
<yCoord>274</yCoord>
</edgeMap>
<edgeMap>
<xCoord>141</xCoord>
<yCoord>273</yCoord>
</edgeMap>
<edgeMap>
<xCoord>142</xCoord>
<yCoord>272</yCoord>
</edgeMap>
<edgeMap>
<xCoord>143</xCoord>
<yCoord>271</yCoord>
</edgeMap>
<edgeMap>
<xCoord>144</xCoord>
<yCoord>270</yCoord>
</edgeMap>
<edgeMap>
<xCoord>143</xCoord>
<yCoord>269</yCoord>
</edgeMap>
<edgeMap>
<xCoord>142</xCoord>
<yCoord>268</yCoord>
</edgeMap>
<edgeMap>
<xCoord>141</xCoord>
<yCoord>268</yCoord>
</edgeMap>
<edgeMap>
<xCoord>140</xCoord>
<yCoord>267</yCoord>
</edgeMap>
<edgeMap>
<xCoord>139</xCoord>
<yCoord>266</yCoord>
</edgeMap>
<edgeMap>
<xCoord>138</xCoord>
<yCoord>266</yCoord>
</edgeMap>
<edgeMap>
<xCoord>137</xCoord>
<yCoord>267</yCoord>
</edgeMap>
<edgeMap>
<xCoord>136</xCoord>
<yCoord>268</yCoord>
</edgeMap>
<edgeMap>
<xCoord>135</xCoord>
<yCoord>269</yCoord>
</edgeMap>
<edgeMap>
<xCoord>135</xCoord>
<yCoord>270</yCoord>
</edgeMap>
<edgeMap>
<xCoord>135</xCoord>
<yCoord>271</yCoord>
</edgeMap>
<edgeMap>
<xCoord>135</xCoord>
<yCoord>272</yCoord>
</edgeMap>
<edgeMap>
<xCoord>135</xCoord>
<yCoord>273</yCoord>
</edgeMap>
<edgeMap>
<xCoord>135</xCoord>
<yCoord>274</yCoord>
</edgeMap>
<edgeMap>
<xCoord>136</xCoord>
<yCoord>275</yCoord>
</edgeMap>
<edgeMap>
<xCoord>137</xCoord>
<yCoord>276</yCoord>
</edgeMap>
<edgeMap>
<xCoord>138</xCoord>
<yCoord>276</yCoord>
</edgeMap>
</roi>
</unblindedReadNodule>
<nonNodule>
<nonNoduleID>163138</nonNoduleID>
<imageZposition>-48.0</imageZposition>
<imageSOP_UID>1.3.6.1.4.1.14519.5.2.1.6279.6001.267791510070202940446179863284</imageSOP_UID>
<locus>
<xCoord>203</xCoord>
<yCoord>323</yCoord>
</locus>
</nonNodule>
<nonNodule>
<nonNoduleID>163140</nonNoduleID>
<imageZposition>-40.5</imageZposition>
<imageSOP_UID>1.3.6.1.4.1.14519.5.2.1.6279.6001.185587489861340800381093426709</imageSOP_UID>
<locus>
<xCoord>359</xCoord>
<yCoord>316</yCoord>
</locus>
</nonNodule>
<nonNodule>
<nonNoduleID>163141</nonNoduleID>
<imageZposition>-73.0</imageZposition>
<imageSOP_UID>1.3.6.1.4.1.14519.5.2.1.6279.6001.288556027746951924526602953568</imageSOP_UID>
<locus>
<xCoord>328</xCoord>
<yCoord>349</yCoord>
</locus>
</nonNodule>
<nonNodule>
<nonNoduleID>163143</nonNoduleID>
<imageZposition>-33.0</imageZposition>
<imageSOP_UID>1.3.6.1.4.1.14519.5.2.1.6279.6001.850555199381226397059439558906</imageSOP_UID>
<locus>
<xCoord>202</xCoord>
<yCoord>303</yCoord>
</locus>
</nonNodule>
<nonNodule>
<nonNoduleID>163144</nonNoduleID>
<imageZposition>-35.5</imageZposition>
<imageSOP_UID>1.3.6.1.4.1.14519.5.2.1.6279.6001.622829527821802923125599518253</imageSOP_UID>
<locus>
<xCoord>334</xCoord>
<yCoord>315</yCoord>
</locus>
</nonNodule>
<nonNodule>
<nonNoduleID>163146</nonNoduleID>
<imageZposition>-43.0</imageZposition>
<imageSOP_UID>1.3.6.1.4.1.14519.5.2.1.6279.6001.110520722215333597262681008522</imageSOP_UID>
<locus>
<xCoord>358</xCoord>
<yCoord>329</yCoord>
</locus>
</nonNodule>
<nonNodule>
<nonNoduleID>163147</nonNoduleID>
<imageZposition>-70.5</imageZposition>
<imageSOP_UID>1.3.6.1.4.1.14519.5.2.1.6279.6001.626702046016006930181548428930</imageSOP_UID>
<locus>
<xCoord>329</xCoord>
<yCoord>349</yCoord>
</locus>
</nonNodule>
</readingSession>
</LidcReadMessage>