<?xml version="1.0" encoding="UTF-8"?>
<LidcReadMessage uid="1.3.6.1.4.1.14519.5.2.1.6279.6001.1307390679792.0" xmlns="http://www.nih.gov" xmlns:xsi="http://www.w3.org/2001/XMLSchema-instance" xsi:schemaLocation="http://www.nih.gov       http://troll.rad.med.umich.edu/lidc/LidcReadMessage.xsd">
  <ResponseHeader>
    <Version>1.8</Version>
    <MessageId>UM1.3.6.1.4.1.9328.50.12.502652</MessageId>
    <DateRequest>2009-01-27</DateRequest>
    <TimeRequest>00:00:00</TimeRequest>
    <RequestingSite>removed</RequestingSite>
    <ServicingSite>removed</ServicingSite>
    <TaskDescription>Second unblinded read</TaskDescription>
    <CtImageFile>removed</CtImageFile>
    <SeriesInstanceUid>1.3.6.1.4.1.14519.5.2.1.6279.6001.195913706607582347421429908613</SeriesInstanceUid>
    <DateService>2009-01-27</DateService>
    <TimeService>00:00:00</TimeService>
    <ResponseDescription>1 - Reading complete</ResponseDescription>
  <StudyInstanceUID>1.3.6.1.4.1.14519.5.2.1.6279.6001.185852472264155752604841654643</StudyInstanceUID></ResponseHeader>
<readingSession>
<annotationVersion>3.12</annotationVersion>
<servicingRadiologistID>anon</servicingRadiologistID>
<unblindedReadNodule>
<noduleID>174402</noduleID>
<characteristics>
<subtlety>3</subtlety>
<internalStructure>1</internalStructure>
<calcification>6</calcification>
<sphericity>2</sphericity>
<margin>5</margin>
<lobulation>2</lobulation>
<spiculation>1</spiculation>
<texture>5</texture>
<malignancy>3</malignancy>
</characteristics>
<roi>
<imageZposition>-166.25</imageZposition>
<imageSOP_UID>1.3.6.1.4.1.14519.5.2.1.6279.6001.681619804196832929676014964597</imageSOP_UID>
<inclusion>TRUE</inclusion>
<edgeMap>
<xCoord>127</xCoord>
<yCoord>197</yCoord>
</edgeMap>
<edgeMap>
<xCoord>128</xCoord>
<yCoord>196</yCoord>
</edgeMap>
<edgeMap>
<xCoord>129</xCoord>
<yCoord>195</yCoord>
</edgeMap>
<edgeMap>
<xCoord>129</xCoord>
<yCoord>194</yCoord>
</edgeMap>
<edgeMap>
<xCoord>129</xCoord>
<yCoord>193</yCoord>
</edgeMap>
<edgeMap>
<xCoord>129</xCoord>
<yCoord>192</yCoord>
</edgeMap>
<edgeMap>
<xCoord>128</xCoord>
<yCoord>191</yCoord>
</edgeMap>
<edgeMap>
<xCoord>128</xCoord>
<yCoord>190</yCoord>
</edgeMap>
<edgeMap>
<xCoord>127</xCoord>
<yCoord>189</yCoord>
</edgeMap>
<edgeMap>
<xCoord>126</xCoord>
<yCoord>189</yCoord>
</edgeMap>
<edgeMap>
<xCoord>125</xCoord>
<yCoord>190</yCoord>
</edgeMap>
<edgeMap>
<xCoord>125</xCoord>
<yCoord>191</yCoord>
</edgeMap>
<edgeMap>
<xCoord>125</xCoord>
<yCoord>192</yCoord>
</edgeMap>
<edgeMap>
<xCoord>124</xCoord>
<yCoord>193</yCoord>
</edgeMap>
<edgeMap>
<xCoord>124</xCoord>
<yCoord>194</yCoord>
</edgeMap>
<edgeMap>
<xCoord>124</xCoord>
<yCoord>195</yCoord>
</edgeMap>
<edgeMap>
<xCoord>123</xCoord>
<yCoord>196</yCoord>
</edgeMap>
<edgeMap>
<xCoord>123</xCoord>
<yCoord>197</yCoord>
</edgeMap>
<edgeMap>
<xCoord>124</xCoord>
<yCoord>197</yCoord>
</edgeMap>
<edgeMap>
<xCoord>125</xCoord>
<yCoord>197</yCoord>
</edgeMap>
<edgeMap>
<xCoord>126</xCoord>
<yCoord>197</yCoord>
</edgeMap>
<edgeMap>
<xCoord>127</xCoord>
<yCoord>197</yCoord>
</edgeMap>
</roi>
</unblindedReadNodule>
<nonNodule>
<nonNoduleID>174405</nonNoduleID>
<imageZposition>-58.75</imageZposition>
<imageSOP_UID>1.3.6.1.4.1.14519.5.2.1.6279.6001.168545843006207437284020340633</imageSOP_UID>
<locus>
<xCoord>219</xCoord>
<yCoord>297</yCoord>
</locus>
</nonNodule>
<nonNodule>
<nonNoduleID>174407</nonNoduleID>
<imageZposition>-63.75</imageZposition>
<imageSOP_UID>1.3.6.1.4.1.14519.5.2.1.6279.6001.107219974267157379064882009273</imageSOP_UID>
<locus>
<xCoord>179</xCoord>
<yCoord>340</yCoord>
</locus>
</nonNodule>
<nonNodule>
<nonNoduleID>174399</nonNoduleID>
<imageZposition>-201.25</imageZposition>
<imageSOP_UID>1.3.6.1.4.1.14519.5.2.1.6279.6001.154188002638244800285587130310</imageSOP_UID>
<locus>
<xCoord>124</xCoord>
<yCoord>186</yCoord>
</locus>
</nonNodule>
<nonNodule>
<nonNoduleID>174408</nonNoduleID>
<imageZposition>-173.75</imageZposition>
<imageSOP_UID>1.3.6.1.4.1.14519.5.2.1.6279.6001.182241336049324464142162331879</imageSOP_UID>
<locus>
<xCoord>344</xCoord>
<yCoord>394</yCoord>
</locus>
</nonNodule>
<nonNodule>
<nonNoduleID>174409</nonNoduleID>
<imageZposition>-183.75</imageZposition>
<imageSOP_UID>1.3.6.1.4.1.14519.5.2.1.6279.6001.265617180685253674104517981926</imageSOP_UID>
<locus>
<xCoord>333</xCoord>
<yCoord>399</yCoord>
</locus>
</nonNodule>
<nonNodule>
<nonNoduleID>174411</nonNoduleID>
<imageZposition>-58.75</imageZposition>
<imageSOP_UID>1.3.6.1.4.1.14519.5.2.1.6279.6001.168545843006207437284020340633</imageSOP_UID>
<locus>
<xCoord>217</xCoord>
<yCoord>294</yCoord>
</locus>
</nonNodule>
<nonNodule>
<nonNoduleID>174414</nonNoduleID>
<imageZposition>-66.25</imageZposition>
<imageSOP_UID>1.3.6.1.4.1.14519.5.2.1.6279.6001.265184595739098124395368965740</imageSOP_UID>
<locus>
<xCoord>179</xCoord>
<yCoord>343</yCoord>
</locus>
</nonNodule>
<nonNodule>
<nonNoduleID>174416</nonNoduleID>
<imageZposition>-181.25</imageZposition>
<imageSOP_UID>1.3.6.1.4.1.14519.5.2.1.6279.6001.995973035838977071030822228903</imageSOP_UID>
<locus>
<xCoord>338</xCoord>
<yCoord>397</yCoord>
</locus>
</nonNodule>
</readingSession>
	<readingSession>
		<annotationVersion>3.12</annotationVersion>
		<servicingRadiologistID>anon</servicingRadiologistID>
			<unblindedReadNodule>
				<noduleID>0</noduleID>
				<characteristics>
					<subtlety>3</subtlety>
					<internalStructure>1</internalStructure>
					<calcification>6</calcification>
					<sphericity>3</sphericity>
					<margin>5</margin>
					<lobulation>1</lobulation>
					<spiculation>1</spiculation>
					<texture>5</texture>
					<malignancy>2</malignancy>
				</characteristics>
				<roi>
					<imageZposition>-163.75</imageZposition>
					<imageSOP_UID>1.3.6.1.4.1.14519.5.2.1.6279.6001.691795301206803255815976663765</imageSOP_UID>
					<inclusion>TRUE</inclusion>
					<edgeMap>
					<xCoord>125</xCoord>
					<yCoord>191</yCoord>
					</edgeMap>
					<edgeMap>
					<xCoord>124</xCoord>
					<yCoord>192</yCoord>
					</edgeMap>
					<edgeMap>
					<xCoord>124</xCoord>
					<yCoord>193</yCoord>
					</edgeMap>
					<edgeMap>
					<xCoord>125</xCoord>
					<yCoord>193</yCoord>
					</edgeMap>
					<edgeMap>
					<xCoord>126</xCoord>
					<yCoord>194</yCoord>
					</edgeMap>
					<edgeMap>
					<xCoord>127</xCoord>
					<yCoord>194</yCoord>
					</edgeMap>
					<edgeMap>
					<xCoord>127</xCoord>
					<yCoord>193</yCoord>
					</edgeMap>
					<edgeMap>
					<xCoord>127</xCoord>
					<yCoord>192</yCoord>
					</edgeMap>
					<edgeMap>
					<xCoord>126</xCoord>
					<yCoord>192</yCoord>
					</edgeMap>
					<edgeMap>
					<xCoord>126</xCoord>
					<yCoord>191</yCoord>
					</edgeMap>
					<edgeMap>
					<xCoord>125</xCoord>
					<yCoord>191</yCoord>
					</edgeMap>
				</roi>
				<roi>
					<imageZposition>-166.25</imageZposition>
					<imageSOP_UID>1.3.6.1.4.1.14519.5.2.1.6279.6001.681619804196832929676014964597</imageSOP_UID>
					<inclusion>TRUE</inclusion>
					<edgeMap>
					<xCoord>126</xCoord>
					<yCoord>189</yCoord>
					</edgeMap>
					<edgeMap>
					<xCoord>127</xCoord>
					<yCoord>189</yCoord>
					</edgeMap>
					<edgeMap>
					<xCoord>128</xCoord>
					<yCoord>190</yCoord>
					</edgeMap>
					<edgeMap>
					<xCoord>128</xCoord>
					<yCoord>191</yCoord>
					</edgeMap>
					<edgeMap>
					<xCoord>128</xCoord>
					<yCoord>192</yCoord>
					</edgeMap>
					<edgeMap>
					<xCoord>129</xCoord>
					<yCoord>193</yCoord>
					</edgeMap>
					<edgeMap>
					<xCoord>129</xCoord>
					<yCoord>194</yCoord>
					</edgeMap>
					<edgeMap>
					<xCoord>128</xCoord>
					<yCoord>195</yCoord>
					</edgeMap>
					<edgeMap>
					<xCoord>128</xCoord>
					<yCoord>196</yCoord>
					</edgeMap>
					<edgeMap>
					<xCoord>127</xCoord>
					<yCoord>196</yCoord>
					</edgeMap>
					<edgeMap>
					<xCoord>126</xCoord>
					<yCoord>196</yCoord>
					</edgeMap>
					<edgeMap>
					<xCoord>125</xCoord>
					<yCoord>196</yCoord>
					</edgeMap>
					<edgeMap>
					<xCoord>124</xCoord>
					<yCoord>196</yCoord>
					</edgeMap>
					<edgeMap>
					<xCoord>124</xCoord>
					<yCoord>195</yCoord>
					</edgeMap>
					<edgeMap>
					<xCoord>124</xCoord>
					<yCoord>194</yCoord>
					</edgeMap>
					<edgeMap>
					<xCoord>124</xCoord>
					<yCoord>193</yCoord>
					</edgeMap>
					<edgeMap>
					<xCoord>124</xCoord>
					<yCoord>192</yCoord>
					</edgeMap>
					<edgeMap>
					<xCoord>125</xCoord>
					<yCoord>191</yCoord>
					</edgeMap>
					<edgeMap>
					<xCoord>125</xCoord>
					<yCoord>190</yCoord>
					</edgeMap>
					<edgeMap>
					<xCoord>126</xCoord>
					<yCoord>189</yCoord>
					</edgeMap>
				</roi>
				<roi>
					<imageZposition>-168.75</imageZposition>
					<imageSOP_UID>1.3.6.1.4.1.14519.5.2.1.6279.6001.946544435066349601245211782752</imageSOP_UID>
					<inclusion>TRUE</inclusion>
					<edgeMap>
					<xCoord>125</xCoord>
					<yCoord>190</yCoord>
					</edgeMap>
					<edgeMap>
					<xCoord>126</xCoord>
					<yCoord>190</yCoord>
					</edgeMap>
					<edgeMap>
					<xCoord>127</xCoord>
					<yCoord>190</yCoord>
					</edgeMap>
					<edgeMap>
					<xCoord>128</xCoord>
					<yCoord>191</yCoord>
					</edgeMap>
					<edgeMap>
					<xCoord>128</xCoord>
					<yCoord>192</yCoord>
					</edgeMap>
					<edgeMap>
					<xCoord>128</xCoord>
					<yCoord>193</yCoord>
					</edgeMap>
					<edgeMap>
					<xCoord>127</xCoord>
					<yCoord>193</yCoord>
					</edgeMap>
					<edgeMap>
					<xCoord>126</xCoord>
					<yCoord>194</yCoord>
					</edgeMap>
					<edgeMap>
					<xCoord>125</xCoord>
					<yCoord>194</yCoord>
					</edgeMap>
					<edgeMap>
					<xCoord>124</xCoord>
					<yCoord>193</yCoord>
					</edgeMap>
					<edgeMap>
					<xCoord>124</xCoord>
					<yCoord>192</yCoord>
					</edgeMap>
					<edgeMap>
					<xCoord>125</xCoord>
					<yCoord>191</yCoord>
					</edgeMap>
					<edgeMap>
					<xCoord>125</xCoord>
					<yCoord>190</yCoord>
					</edgeMap>
				</roi>
			</unblindedReadNodule>
			<nonNodule>
				<nonNoduleID>1</nonNoduleID>
				<imageZposition>-58.75</imageZposition>
				<imageSOP_UID>1.3.6.1.4.1.14519.5.2.1.6279.6001.168545843006207437284020340633</imageSOP_UID>
				<locus>
					<xCoord>217</xCoord>
					<yCoord>294</yCoord>
				</locus>
			</nonNodule>
			<nonNodule>
				<nonNoduleID>2</nonNoduleID>
				<imageZposition>-201.25</imageZposition>
				<imageSOP_UID>1.3.6.1.4.1.14519.5.2.1.6279.6001.154188002638244800285587130310</imageSOP_UID>
				<locus>
					<xCoord>123</xCoord>
					<yCoord>186</yCoord>
				</locus>
			</nonNodule>
			<nonNodule>
				<nonNoduleID>3</nonNoduleID>
				<imageZposition>-131.25</imageZposition>
				<imageSOP_UID>1.3.6.1.4.1.14519.5.2.1.6279.6001.105573233435309862109119766646</imageSOP_UID>
				<locus>
					<xCoord>167</xCoord>
					<yCoord>198</yCoord>
				</locus>
			</nonNodule>
	</readingSession>
  <readingSession>
    <annotationVersion>3.12</annotationVersion>
    <servicingRadiologistID>anon</servicingRadiologistID>
    <unblindedReadNodule>
      <noduleID>Nodule 001</noduleID>
      <roi>
        <imageZposition>-166.250</imageZposition>
        <imageSOP_UID>1.3.6.1.4.1.14519.5.2.1.6279.6001.681619804196832929676014964597</imageSOP_UID>
        <inclusion>TRUE</inclusion>
        <edgeMap>
          <xCoord>126</xCoord>
          <yCoord>193</yCoord>
        </edgeMap>
      </roi>
    </unblindedReadNodule>
    <unblindedReadNodule>
      <noduleID>Nodule 002</noduleID>
      <roi>
        <imageZposition>-131.250</imageZposition>
        <imageSOP_UID>1.3.6.1.4.1.14519.5.2.1.6279.6001.105573233435309862109119766646</imageSOP_UID>
        <inclusion>TRUE</inclusion>
        <edgeMap>
          <xCoord>166</xCoord>
          <yCoord>198</yCoord>
        </edgeMap>
      </roi>
    </unblindedReadNodule>
    <unblindedReadNodule>
      <noduleID>Nodule 003</noduleID>
      <roi>
        <imageZposition>-201.250</imageZposition>
        <imageSOP_UID>1.3.6.1.4.1.14519.5.2.1.6279.6001.154188002638244800285587130310</imageSOP_UID>
        <inclusion>TRUE</inclusion>
        <edgeMap>
          <xCoord>124</xCoord>
          <yCoord>185</yCoord>
        </edgeMap>
      </roi>
    </unblindedReadNodule>
    <nonNodule>
      <nonNoduleID>_Non-nodule 001</nonNoduleID>
      <imageZposition>-181.250</imageZposition>
      <imageSOP_UID>1.3.6.1.4.1.14519.5.2.1.6279.6001.995973035838977071030822228903</imageSOP_UID>
      <locus>
        <xCoord>338</xCoord>
        <yCoord>397</yCoord>
      </locus>
    </nonNodule>
    <nonNodule>
      <nonNoduleID>_Non-nodule 002</nonNoduleID>
      <imageZposition>-66.250 </imageZposition>
      <imageSOP_UID>1.3.6.1.4.1.14519.5.2.1.6279.6001.265184595739098124395368965740</imageSOP_UID>
      <locus>
        <xCoord>178</xCoord>
        <yCoord>342</yCoord>
      </locus>
    </nonNodule>
    <nonNodule>
      <nonNoduleID>_Non-nodule 003</nonNoduleID>
      <imageZposition>-58.750 </imageZposition>
      <imageSOP_UID>1.3.6.1.4.1.14519.5.2.1.6279.6001.168545843006207437284020340633</imageSOP_UID>
      <locus>
        <xCoord>217</xCoord>
        <yCoord>296</yCoord>
      </locus>
    </nonNodule>
  </readingSession>
  <readingSession>
    <annotationVersion>3.12</annotationVersion>
    <servicingRadiologistID>anon</servicingRadiologistID>
    <unblindedReadNodule>
      <noduleID>172593</noduleID>
      <roi>
        <imageZposition>-131.25</imageZposition>
        <imageSOP_UID>1.3.6.1.4.1.14519.5.2.1.6279.6001.105573233435309862109119766646</imageSOP_UID>
        <inclusion>TRUE</inclusion>
        <edgeMap>
          <xCoord>167</xCoord>
          <yCoord>197</yCoord>
        </edgeMap>
      </roi>
    </unblindedReadNodule>
    <unblindedReadNodule>
      <noduleID>172582</noduleID>
      <characteristics>
        <subtlety>3</subtlety>
        <internalStructure>1</internalStructure>
        <calcification>6</calcification>
        <sphericity>5</sphericity>
        <margin>4</margin>
        <lobulation>1</lobulation>
        <spiculation>1</spiculation>
        <texture>5</texture>
        <malignancy>3</malignancy>
      </characteristics>
      <roi>
        <imageZposition>-166.25</imageZposition>
        <imageSOP_UID>1.3.6.1.4.1.14519.5.2.1.6279.6001.681619804196832929676014964597</imageSOP_UID>
        <inclusion>TRUE</inclusion>
        <edgeMap>
          <xCoord>125</xCoord>
          <yCoord>197</yCoord>
        </edgeMap>
        <edgeMap>
          <xCoord>126</xCoord>
          <yCoord>196</yCoord>
        </edgeMap>
        <edgeMap>
          <xCoord>127</xCoord>
          <yCoord>196</yCoord>
        </edgeMap>
        <edgeMap>
          <xCoord>128</xCoord>
          <yCoord>196</yCoord>
        </edgeMap>
        <edgeMap>
          <xCoord>129</xCoord>
          <yCoord>195</yCoord>
        </edgeMap>
        <edgeMap>
          <xCoord>129</xCoord>
          <yCoord>194</yCoord>
        </edgeMap>
        <edgeMap>
          <xCoord>129</xCoord>
          <yCoord>193</yCoord>
        </edgeMap>
        <edgeMap>
          <xCoord>129</xCoord>
          <yCoord>192</yCoord>
        </edgeMap>
        <edgeMap>
          <xCoord>129</xCoord>
          <yCoord>191</yCoord>
        </edgeMap>
        <edgeMap>
          <xCoord>128</xCoord>
          <yCoord>190</yCoord>
        </edgeMap>
        <edgeMap>
          <xCoord>128</xCoord>
          <yCoord>189</yCoord>
        </edgeMap>
        <edgeMap>
          <xCoord>127</xCoord>
          <yCoord>188</yCoord>
        </edgeMap>
        <edgeMap>
          <xCoord>126</xCoord>
          <yCoord>189</yCoord>
        </edgeMap>
        <edgeMap>
          <xCoord>125</xCoord>
          <yCoord>190</yCoord>
        </edgeMap>
        <edgeMap>
          <xCoord>125</xCoord>
          <yCoord>191</yCoord>
        </edgeMap>
        <edgeMap>
          <xCoord>125</xCoord>
          <yCoord>192</yCoord>
        </edgeMap>
        <edgeMap>
          <xCoord>124</xCoord>
          <yCoord>193</yCoord>
        </edgeMap>
        <edgeMap>
          <xCoord>124</xCoord>
          <yCoord>194</yCoord>
        </edgeMap>
        <edgeMap>
          <xCoord>123</xCoord>
          <yCoord>195</yCoord>
        </edgeMap>
        <edgeMap>
          <xCoord>124</xCoord>
          <yCoord>196</yCoord>
        </edgeMap>
        <edgeMap>
          <xCoord>125</xCoord>
          <yCoord>197</yCoord>
        </edgeMap>
      </roi>
      <roi>
        <imageZposition>-168.75</imageZposition>
        <imageSOP_UID>1.3.6.1.4.1.14519.5.2.1.6279.6001.946544435066349601245211782752</imageSOP_UID>
        <inclusion>TRUE</inclusion>
        <edgeMap>
          <xCoord>126</xCoord>
          <yCoord>194</yCoord>
        </edgeMap>
        <edgeMap>
          <xCoord>127</xCoord>
          <yCoord>193</yCoord>
        </edgeMap>
        <edgeMap>
          <xCoord>128</xCoord>
          <yCoord>192</yCoord>
        </edgeMap>
        <edgeMap>
          <xCoord>127</xCoord>
          <yCoord>191</yCoord>
        </edgeMap>
        <edgeMap>
          <xCoord>126</xCoord>
          <yCoord>191</yCoord>
        </edgeMap>
        <edgeMap>
          <xCoord>125</xCoord>
          <yCoord>192</yCoord>
        </edgeMap>
        <edgeMap>
          <xCoord>124</xCoord>
          <yCoord>193</yCoord>
        </edgeMap>
        <edgeMap>
          <xCoord>125</xCoord>
          <yCoord>194</yCoord>
        </edgeMap>
        <edgeMap>
          <xCoord>126</xCoord>
          <yCoord>194</yCoord>
        </edgeMap>
      </roi>
    </unblindedReadNodule>
    <unblindedReadNodule>
      <noduleID>172579</noduleID>
      <characteristics>
        <subtlety>3</subtlety>
        <internalStructure>1</internalStructure>
        <calcification>6</calcification>
        <sphericity>4</sphericity>
        <margin>5</margin>
        <lobulation>1</lobulation>
        <spiculation>1</spiculation>
        <texture>5</texture>
        <malignancy>2</malignancy>
      </characteristics>
      <roi>
        <imageZposition>-201.25</imageZposition>
        <imageSOP_UID>1.3.6.1.4.1.14519.5.2.1.6279.6001.154188002638244800285587130310</imageSOP_UID>
        <inclusion>TRUE</inclusion>
        <edgeMap>
          <xCoord>123</xCoord>
          <yCoord>190</yCoord>
        </edgeMap>
        <edgeMap>
          <xCoord>124</xCoord>
          <yCoord>189</yCoord>
        </edgeMap>
        <edgeMap>
          <xCoord>125</xCoord>
          <yCoord>189</yCoord>
        </edgeMap>
        <edgeMap>
          <xCoord>126</xCoord>
          <yCoord>188</yCoord>
        </edgeMap>
        <edgeMap>
          <xCoord>127</xCoord>
          <yCoord>187</yCoord>
        </edgeMap>
        <edgeMap>
          <xCoord>127</xCoord>
          <yCoord>186</yCoord>
        </edgeMap>
        <edgeMap>
          <xCoord>126</xCoord>
          <yCoord>185</yCoord>
        </edgeMap>
        <edgeMap>
          <xCoord>126</xCoord>
          <yCoord>184</yCoord>
        </edgeMap>
        <edgeMap>
          <xCoord>126</xCoord>
          <yCoord>183</yCoord>
        </edgeMap>
        <edgeMap>
          <xCoord>126</xCoord>
          <yCoord>182</yCoord>
        </edgeMap>
        <edgeMap>
          <xCoord>125</xCoord>
          <yCoord>181</yCoord>
        </edgeMap>
        <edgeMap>
          <xCoord>124</xCoord>
          <yCoord>181</yCoord>
        </edgeMap>
        <edgeMap>
          <xCoord>123</xCoord>
          <yCoord>182</yCoord>
        </edgeMap>
        <edgeMap>
          <xCoord>122</xCoord>
          <yCoord>183</yCoord>
        </edgeMap>
        <edgeMap>
          <xCoord>121</xCoord>
          <yCoord>184</yCoord>
        </edgeMap>
        <edgeMap>
          <xCoord>121</xCoord>
          <yCoord>185</yCoord>
        </edgeMap>
        <edgeMap>
          <xCoord>120</xCoord>
          <yCoord>186</yCoord>
        </edgeMap>
        <edgeMap>
          <xCoord>120</xCoord>
          <yCoord>187</yCoord>
        </edgeMap>
        <edgeMap>
          <xCoord>120</xCoord>
          <yCoord>188</yCoord>
        </edgeMap>
        <edgeMap>
          <xCoord>121</xCoord>
          <yCoord>189</yCoord>
        </edgeMap>
        <edgeMap>
          <xCoord>122</xCoord>
          <yCoord>190</yCoord>
        </edgeMap>
        <edgeMap>
          <xCoord>123</xCoord>
          <yCoord>190</yCoord>
        </edgeMap>
      </roi>
      <roi>
        <imageZposition>-203.75</imageZposition>
        <imageSOP_UID>1.3.6.1.4.1.14519.5.2.1.6279.6001.320000593473332304838179698918</imageSOP_UID>
        <inclusion>TRUE</inclusion>
        <edgeMap>
          <xCoord>124</xCoord>
          <yCoord>188</yCoord>
        </edgeMap>
        <edgeMap>
          <xCoord>125</xCoord>
          <yCoord>187</yCoord>
        </edgeMap>
        <edgeMap>
          <xCoord>126</xCoord>
          <yCoord>186</yCoord>
        </edgeMap>
        <edgeMap>
          <xCoord>126</xCoord>
          <yCoord>185</yCoord>
        </edgeMap>
        <edgeMap>
          <xCoord>126</xCoord>
          <yCoord>184</yCoord>
        </edgeMap>
        <edgeMap>
          <xCoord>126</xCoord>
          <yCoord>183</yCoord>
        </edgeMap>
        <edgeMap>
          <xCoord>125</xCoord>
          <yCoord>182</yCoord>
        </edgeMap>
        <edgeMap>
          <xCoord>124</xCoord>
          <yCoord>181</yCoord>
        </edgeMap>
        <edgeMap>
          <xCoord>123</xCoord>
          <yCoord>182</yCoord>
        </edgeMap>
        <edgeMap>
          <xCoord>122</xCoord>
          <yCoord>183</yCoord>
        </edgeMap>
        <edgeMap>
          <xCoord>122</xCoord>
          <yCoord>184</yCoord>
        </edgeMap>
        <edgeMap>
          <xCoord>121</xCoord>
          <yCoord>185</yCoord>
        </edgeMap>
        <edgeMap>
          <xCoord>121</xCoord>
          <yCoord>186</yCoord>
        </edgeMap>
        <edgeMap>
          <xCoord>121</xCoord>
          <yCoord>187</yCoord>
        </edgeMap>
        <edgeMap>
          <xCoord>122</xCoord>
          <yCoord>188</yCoord>
        </edgeMap>
        <edgeMap>
          <xCoord>123</xCoord>
          <yCoord>188</yCoord>
        </edgeMap>
        <edgeMap>
          <xCoord>124</xCoord>
          <yCoord>188</yCoord>
        </edgeMap>
      </roi>
    </unblindedReadNodule>
    <nonNodule>
      <nonNoduleID>172587</nonNoduleID>
      <imageZposition>-58.75</imageZposition>
      <imageSOP_UID>1.3.6.1.4.1.14519.5.2.1.6279.6001.168545843006207437284020340633</imageSOP_UID>
      <locus>
        <xCoord>219</xCoord>
        <yCoord>298</yCoord>
      </locus>
    </nonNodule>
    <nonNodule>
      <nonNoduleID>172595</nonNoduleID>
      <imageZposition>-66.25</imageZposition>
      <imageSOP_UID>1.3.6.1.4.1.14519.5.2.1.6279.6001.265184595739098124395368965740</imageSOP_UID>
      <locus>
        <xCoord>179</xCoord>
        <yCoord>343</yCoord>
      </locus>
    </nonNodule>
    <nonNodule>
      <nonNoduleID>172596</nonNoduleID>
      <imageZposition>-181.25</imageZposition>
      <imageSOP_UID>1.3.6.1.4.1.14519.5.2.1.6279.6001.995973035838977071030822228903</imageSOP_UID>
      <locus>
        <xCoord>339</xCoord>
        <yCoord>398</yCoord>
      </locus>
    </nonNodule>
  </readingSession>
</LidcReadMessage>