<?xml version="1.0" encoding="UTF-8"?>
<LidcReadMessage uid="1.3.6.1.4.1.14519.5.2.1.6279.6001.1307390763754.0" xmlns="http://www.nih.gov" xmlns:xsi="http://www.w3.org/2001/XMLSchema-instance" xsi:schemaLocation="http://www.nih.gov       http://troll.rad.med.umich.edu/lidc/LidcReadMessage.xsd">
  <ResponseHeader>
    <Version>1.8</Version>
    <MessageId>UM1.3.6.1.4.1.9328.50.12.493605</MessageId>
    <DateRequest>2009-01-26</DateRequest>
    <TimeRequest>00:00:00</TimeRequest>
    <RequestingSite>removed</RequestingSite>
    <ServicingSite>removed</ServicingSite>
    <TaskDescription>Second unblinded read</TaskDescription>
    <CtImageFile>removed</CtImageFile>
    <SeriesInstanceUid>1.3.6.1.4.1.14519.5.2.1.6279.6001.193808128386712859512130599234</SeriesInstanceUid>
    <DateService>2009-01-26</DateService>
    <TimeService>00:00:00</TimeService>
    <ResponseDescription>1 - Reading complete</ResponseDescription>
  <StudyInstanceUID>1.3.6.1.4.1.14519.5.2.1.6279.6001.304088547901303960997044129270</StudyInstanceUID></ResponseHeader>
<readingSession>
<annotationVersion>3.12</annotationVersion>
<servicingRadiologistID>anon</servicingRadiologistID>
<unblindedReadNodule>
<noduleID>174147</noduleID>
<characteristics>
<subtlety>4</subtlety>
<internalStructure>1</internalStructure>
<calcification>6</calcification>
<sphericity>3</sphericity>
<margin>4</margin>
<lobulation>3</lobulation>
<spiculation>1</spiculation>
<texture>5</texture>
<malignancy>3</malignancy>
</characteristics>
<roi>
<imageZposition>-74.75</imageZposition>
<imageSOP_UID>1.3.6.1.4.1.14519.5.2.1.6279.6001.147522202769301821748632949688</imageSOP_UID>
<inclusion>TRUE</inclusion>
<edgeMap>
<xCoord>191</xCoord>
<yCoord>212</yCoord>
</edgeMap>
<edgeMap>
<xCoord>192</xCoord>
<yCoord>211</yCoord>
</edgeMap>
<edgeMap>
<xCoord>192</xCoord>
<yCoord>210</yCoord>
</edgeMap>
<edgeMap>
<xCoord>192</xCoord>
<yCoord>209</yCoord>
</edgeMap>
<edgeMap>
<xCoord>192</xCoord>
<yCoord>208</yCoord>
</edgeMap>
<edgeMap>
<xCoord>192</xCoord>
<yCoord>207</yCoord>
</edgeMap>
<edgeMap>
<xCoord>192</xCoord>
<yCoord>206</yCoord>
</edgeMap>
<edgeMap>
<xCoord>191</xCoord>
<yCoord>205</yCoord>
</edgeMap>
<edgeMap>
<xCoord>190</xCoord>
<yCoord>205</yCoord>
</edgeMap>
<edgeMap>
<xCoord>189</xCoord>
<yCoord>205</yCoord>
</edgeMap>
<edgeMap>
<xCoord>188</xCoord>
<yCoord>205</yCoord>
</edgeMap>
<edgeMap>
<xCoord>187</xCoord>
<yCoord>205</yCoord>
</edgeMap>
<edgeMap>
<xCoord>186</xCoord>
<yCoord>206</yCoord>
</edgeMap>
<edgeMap>
<xCoord>185</xCoord>
<yCoord>207</yCoord>
</edgeMap>
<edgeMap>
<xCoord>185</xCoord>
<yCoord>208</yCoord>
</edgeMap>
<edgeMap>
<xCoord>185</xCoord>
<yCoord>209</yCoord>
</edgeMap>
<edgeMap>
<xCoord>185</xCoord>
<yCoord>210</yCoord>
</edgeMap>
<edgeMap>
<xCoord>185</xCoord>
<yCoord>211</yCoord>
</edgeMap>
<edgeMap>
<xCoord>186</xCoord>
<yCoord>212</yCoord>
</edgeMap>
<edgeMap>
<xCoord>187</xCoord>
<yCoord>212</yCoord>
</edgeMap>
<edgeMap>
<xCoord>188</xCoord>
<yCoord>212</yCoord>
</edgeMap>
<edgeMap>
<xCoord>189</xCoord>
<yCoord>212</yCoord>
</edgeMap>
<edgeMap>
<xCoord>190</xCoord>
<yCoord>212</yCoord>
</edgeMap>
<edgeMap>
<xCoord>191</xCoord>
<yCoord>212</yCoord>
</edgeMap>
</roi>
<roi>
<imageZposition>-77.25</imageZposition>
<imageSOP_UID>1.3.6.1.4.1.14519.5.2.1.6279.6001.231820812940963904527069794379</imageSOP_UID>
<inclusion>TRUE</inclusion>
<edgeMap>
<xCoord>190</xCoord>
<yCoord>214</yCoord>
</edgeMap>
<edgeMap>
<xCoord>191</xCoord>
<yCoord>213</yCoord>
</edgeMap>
<edgeMap>
<xCoord>192</xCoord>
<yCoord>212</yCoord>
</edgeMap>
<edgeMap>
<xCoord>192</xCoord>
<yCoord>211</yCoord>
</edgeMap>
<edgeMap>
<xCoord>193</xCoord>
<yCoord>210</yCoord>
</edgeMap>
<edgeMap>
<xCoord>193</xCoord>
<yCoord>209</yCoord>
</edgeMap>
<edgeMap>
<xCoord>193</xCoord>
<yCoord>208</yCoord>
</edgeMap>
<edgeMap>
<xCoord>192</xCoord>
<yCoord>207</yCoord>
</edgeMap>
<edgeMap>
<xCoord>192</xCoord>
<yCoord>206</yCoord>
</edgeMap>
<edgeMap>
<xCoord>191</xCoord>
<yCoord>205</yCoord>
</edgeMap>
<edgeMap>
<xCoord>190</xCoord>
<yCoord>205</yCoord>
</edgeMap>
<edgeMap>
<xCoord>189</xCoord>
<yCoord>204</yCoord>
</edgeMap>
<edgeMap>
<xCoord>188</xCoord>
<yCoord>203</yCoord>
</edgeMap>
<edgeMap>
<xCoord>187</xCoord>
<yCoord>203</yCoord>
</edgeMap>
<edgeMap>
<xCoord>186</xCoord>
<yCoord>204</yCoord>
</edgeMap>
<edgeMap>
<xCoord>185</xCoord>
<yCoord>205</yCoord>
</edgeMap>
<edgeMap>
<xCoord>184</xCoord>
<yCoord>206</yCoord>
</edgeMap>
<edgeMap>
<xCoord>184</xCoord>
<yCoord>207</yCoord>
</edgeMap>
<edgeMap>
<xCoord>184</xCoord>
<yCoord>208</yCoord>
</edgeMap>
<edgeMap>
<xCoord>184</xCoord>
<yCoord>209</yCoord>
</edgeMap>
<edgeMap>
<xCoord>184</xCoord>
<yCoord>210</yCoord>
</edgeMap>
<edgeMap>
<xCoord>185</xCoord>
<yCoord>211</yCoord>
</edgeMap>
<edgeMap>
<xCoord>186</xCoord>
<yCoord>212</yCoord>
</edgeMap>
<edgeMap>
<xCoord>187</xCoord>
<yCoord>212</yCoord>
</edgeMap>
<edgeMap>
<xCoord>188</xCoord>
<yCoord>213</yCoord>
</edgeMap>
<edgeMap>
<xCoord>189</xCoord>
<yCoord>214</yCoord>
</edgeMap>
<edgeMap>
<xCoord>190</xCoord>
<yCoord>214</yCoord>
</edgeMap>
</roi>
<roi>
<imageZposition>-79.75</imageZposition>
<imageSOP_UID>1.3.6.1.4.1.14519.5.2.1.6279.6001.915965321856999584851284473573</imageSOP_UID>
<inclusion>TRUE</inclusion>
<edgeMap>
<xCoord>191</xCoord>
<yCoord>213</yCoord>
</edgeMap>
<edgeMap>
<xCoord>192</xCoord>
<yCoord>212</yCoord>
</edgeMap>
<edgeMap>
<xCoord>193</xCoord>
<yCoord>211</yCoord>
</edgeMap>
<edgeMap>
<xCoord>193</xCoord>
<yCoord>210</yCoord>
</edgeMap>
<edgeMap>
<xCoord>193</xCoord>
<yCoord>209</yCoord>
</edgeMap>
<edgeMap>
<xCoord>193</xCoord>
<yCoord>208</yCoord>
</edgeMap>
<edgeMap>
<xCoord>193</xCoord>
<yCoord>207</yCoord>
</edgeMap>
<edgeMap>
<xCoord>193</xCoord>
<yCoord>206</yCoord>
</edgeMap>
<edgeMap>
<xCoord>193</xCoord>
<yCoord>205</yCoord>
</edgeMap>
<edgeMap>
<xCoord>193</xCoord>
<yCoord>204</yCoord>
</edgeMap>
<edgeMap>
<xCoord>192</xCoord>
<yCoord>203</yCoord>
</edgeMap>
<edgeMap>
<xCoord>191</xCoord>
<yCoord>203</yCoord>
</edgeMap>
<edgeMap>
<xCoord>190</xCoord>
<yCoord>204</yCoord>
</edgeMap>
<edgeMap>
<xCoord>189</xCoord>
<yCoord>205</yCoord>
</edgeMap>
<edgeMap>
<xCoord>188</xCoord>
<yCoord>204</yCoord>
</edgeMap>
<edgeMap>
<xCoord>187</xCoord>
<yCoord>203</yCoord>
</edgeMap>
<edgeMap>
<xCoord>186</xCoord>
<yCoord>202</yCoord>
</edgeMap>
<edgeMap>
<xCoord>185</xCoord>
<yCoord>203</yCoord>
</edgeMap>
<edgeMap>
<xCoord>184</xCoord>
<yCoord>204</yCoord>
</edgeMap>
<edgeMap>
<xCoord>185</xCoord>
<yCoord>205</yCoord>
</edgeMap>
<edgeMap>
<xCoord>185</xCoord>
<yCoord>206</yCoord>
</edgeMap>
<edgeMap>
<xCoord>184</xCoord>
<yCoord>207</yCoord>
</edgeMap>
<edgeMap>
<xCoord>183</xCoord>
<yCoord>208</yCoord>
</edgeMap>
<edgeMap>
<xCoord>183</xCoord>
<yCoord>209</yCoord>
</edgeMap>
<edgeMap>
<xCoord>184</xCoord>
<yCoord>210</yCoord>
</edgeMap>
<edgeMap>
<xCoord>185</xCoord>
<yCoord>211</yCoord>
</edgeMap>
<edgeMap>
<xCoord>186</xCoord>
<yCoord>212</yCoord>
</edgeMap>
<edgeMap>
<xCoord>187</xCoord>
<yCoord>212</yCoord>
</edgeMap>
<edgeMap>
<xCoord>188</xCoord>
<yCoord>213</yCoord>
</edgeMap>
<edgeMap>
<xCoord>189</xCoord>
<yCoord>213</yCoord>
</edgeMap>
<edgeMap>
<xCoord>190</xCoord>
<yCoord>213</yCoord>
</edgeMap>
<edgeMap>
<xCoord>191</xCoord>
<yCoord>213</yCoord>
</edgeMap>
</roi>
</unblindedReadNodule>
</readingSession>
	<readingSession>
		<annotationVersion>3.12</annotationVersion>
		<servicingRadiologistID>anon</servicingRadiologistID>
			<unblindedReadNodule>
				<noduleID>0</noduleID>
				<characteristics>
					<subtlety>5</subtlety>
					<internalStructure>1</internalStructure>
					<calcification>6</calcification>
					<sphericity>4</sphericity>
					<margin>4</margin>
					<lobulation>2</lobulation>
					<spiculation>2</spiculation>
					<texture>5</texture>
					<malignancy>3</malignancy>
				</characteristics>
				<roi>
					<imageZposition>-74.75</imageZposition>
					<imageSOP_UID>1.3.6.1.4.1.14519.5.2.1.6279.6001.147522202769301821748632949688</imageSOP_UID>
					<inclusion>TRUE</inclusion>
					<edgeMap>
					<xCoord>191</xCoord>
					<yCoord>205</yCoord>
					</edgeMap>
					<edgeMap>
					<xCoord>190</xCoord>
					<yCoord>205</yCoord>
					</edgeMap>
					<edgeMap>
					<xCoord>189</xCoord>
					<yCoord>205</yCoord>
					</edgeMap>
					<edgeMap>
					<xCoord>188</xCoord>
					<yCoord>205</yCoord>
					</edgeMap>
					<edgeMap>
					<xCoord>187</xCoord>
					<yCoord>205</yCoord>
					</edgeMap>
					<edgeMap>
					<xCoord>186</xCoord>
					<yCoord>205</yCoord>
					</edgeMap>
					<edgeMap>
					<xCoord>185</xCoord>
					<yCoord>205</yCoord>
					</edgeMap>
					<edgeMap>
					<xCoord>184</xCoord>
					<yCoord>206</yCoord>
					</edgeMap>
					<edgeMap>
					<xCoord>184</xCoord>
					<yCoord>207</yCoord>
					</edgeMap>
					<edgeMap>
					<xCoord>184</xCoord>
					<yCoord>208</yCoord>
					</edgeMap>
					<edgeMap>
					<xCoord>184</xCoord>
					<yCoord>209</yCoord>
					</edgeMap>
					<edgeMap>
					<xCoord>184</xCoord>
					<yCoord>210</yCoord>
					</edgeMap>
					<edgeMap>
					<xCoord>185</xCoord>
					<yCoord>211</yCoord>
					</edgeMap>
					<edgeMap>
					<xCoord>186</xCoord>
					<yCoord>211</yCoord>
					</edgeMap>
					<edgeMap>
					<xCoord>187</xCoord>
					<yCoord>212</yCoord>
					</edgeMap>
					<edgeMap>
					<xCoord>188</xCoord>
					<yCoord>212</yCoord>
					</edgeMap>
					<edgeMap>
					<xCoord>189</xCoord>
					<yCoord>211</yCoord>
					</edgeMap>
					<edgeMap>
					<xCoord>190</xCoord>
					<yCoord>211</yCoord>
					</edgeMap>
					<edgeMap>
					<xCoord>190</xCoord>
					<yCoord>210</yCoord>
					</edgeMap>
					<edgeMap>
					<xCoord>190</xCoord>
					<yCoord>209</yCoord>
					</edgeMap>
					<edgeMap>
					<xCoord>190</xCoord>
					<yCoord>208</yCoord>
					</edgeMap>
					<edgeMap>
					<xCoord>190</xCoord>
					<yCoord>207</yCoord>
					</edgeMap>
					<edgeMap>
					<xCoord>190</xCoord>
					<yCoord>206</yCoord>
					</edgeMap>
					<edgeMap>
					<xCoord>191</xCoord>
					<yCoord>205</yCoord>
					</edgeMap>
				</roi>
				<roi>
					<imageZposition>-77.25</imageZposition>
					<imageSOP_UID>1.3.6.1.4.1.14519.5.2.1.6279.6001.231820812940963904527069794379</imageSOP_UID>
					<inclusion>TRUE</inclusion>
					<edgeMap>
					<xCoord>186</xCoord>
					<yCoord>204</yCoord>
					</edgeMap>
					<edgeMap>
					<xCoord>187</xCoord>
					<yCoord>204</yCoord>
					</edgeMap>
					<edgeMap>
					<xCoord>188</xCoord>
					<yCoord>205</yCoord>
					</edgeMap>
					<edgeMap>
					<xCoord>189</xCoord>
					<yCoord>206</yCoord>
					</edgeMap>
					<edgeMap>
					<xCoord>190</xCoord>
					<yCoord>206</yCoord>
					</edgeMap>
					<edgeMap>
					<xCoord>191</xCoord>
					<yCoord>207</yCoord>
					</edgeMap>
					<edgeMap>
					<xCoord>191</xCoord>
					<yCoord>208</yCoord>
					</edgeMap>
					<edgeMap>
					<xCoord>191</xCoord>
					<yCoord>209</yCoord>
					</edgeMap>
					<edgeMap>
					<xCoord>191</xCoord>
					<yCoord>210</yCoord>
					</edgeMap>
					<edgeMap>
					<xCoord>192</xCoord>
					<yCoord>210</yCoord>
					</edgeMap>
					<edgeMap>
					<xCoord>191</xCoord>
					<yCoord>211</yCoord>
					</edgeMap>
					<edgeMap>
					<xCoord>191</xCoord>
					<yCoord>212</yCoord>
					</edgeMap>
					<edgeMap>
					<xCoord>190</xCoord>
					<yCoord>213</yCoord>
					</edgeMap>
					<edgeMap>
					<xCoord>189</xCoord>
					<yCoord>213</yCoord>
					</edgeMap>
					<edgeMap>
					<xCoord>188</xCoord>
					<yCoord>212</yCoord>
					</edgeMap>
					<edgeMap>
					<xCoord>187</xCoord>
					<yCoord>212</yCoord>
					</edgeMap>
					<edgeMap>
					<xCoord>186</xCoord>
					<yCoord>211</yCoord>
					</edgeMap>
					<edgeMap>
					<xCoord>186</xCoord>
					<yCoord>210</yCoord>
					</edgeMap>
					<edgeMap>
					<xCoord>185</xCoord>
					<yCoord>209</yCoord>
					</edgeMap>
					<edgeMap>
					<xCoord>185</xCoord>
					<yCoord>208</yCoord>
					</edgeMap>
					<edgeMap>
					<xCoord>186</xCoord>
					<yCoord>207</yCoord>
					</edgeMap>
					<edgeMap>
					<xCoord>186</xCoord>
					<yCoord>206</yCoord>
					</edgeMap>
					<edgeMap>
					<xCoord>186</xCoord>
					<yCoord>205</yCoord>
					</edgeMap>
					<edgeMap>
					<xCoord>186</xCoord>
					<yCoord>204</yCoord>
					</edgeMap>
				</roi>
				<roi>
					<imageZposition>-79.75</imageZposition>
					<imageSOP_UID>1.3.6.1.4.1.14519.5.2.1.6279.6001.915965321856999584851284473573</imageSOP_UID>
					<inclusion>TRUE</inclusion>
					<edgeMap>
					<xCoord>188</xCoord>
					<yCoord>205</yCoord>
					</edgeMap>
					<edgeMap>
					<xCoord>189</xCoord>
					<yCoord>205</yCoord>
					</edgeMap>
					<edgeMap>
					<xCoord>190</xCoord>
					<yCoord>205</yCoord>
					</edgeMap>
					<edgeMap>
					<xCoord>191</xCoord>
					<yCoord>205</yCoord>
					</edgeMap>
					<edgeMap>
					<xCoord>192</xCoord>
					<yCoord>204</yCoord>
					</edgeMap>
					<edgeMap>
					<xCoord>192</xCoord>
					<yCoord>205</yCoord>
					</edgeMap>
					<edgeMap>
					<xCoord>192</xCoord>
					<yCoord>206</yCoord>
					</edgeMap>
					<edgeMap>
					<xCoord>191</xCoord>
					<yCoord>207</yCoord>
					</edgeMap>
					<edgeMap>
					<xCoord>190</xCoord>
					<yCoord>207</yCoord>
					</edgeMap>
					<edgeMap>
					<xCoord>189</xCoord>
					<yCoord>207</yCoord>
					</edgeMap>
					<edgeMap>
					<xCoord>192</xCoord>
					<yCoord>207</yCoord>
					</edgeMap>
					<edgeMap>
					<xCoord>192</xCoord>
					<yCoord>208</yCoord>
					</edgeMap>
					<edgeMap>
					<xCoord>191</xCoord>
					<yCoord>209</yCoord>
					</edgeMap>
					<edgeMap>
					<xCoord>191</xCoord>
					<yCoord>210</yCoord>
					</edgeMap>
					<edgeMap>
					<xCoord>191</xCoord>
					<yCoord>211</yCoord>
					</edgeMap>
					<edgeMap>
					<xCoord>191</xCoord>
					<yCoord>212</yCoord>
					</edgeMap>
					<edgeMap>
					<xCoord>190</xCoord>
					<yCoord>212</yCoord>
					</edgeMap>
					<edgeMap>
					<xCoord>189</xCoord>
					<yCoord>212</yCoord>
					</edgeMap>
					<edgeMap>
					<xCoord>188</xCoord>
					<yCoord>212</yCoord>
					</edgeMap>
					<edgeMap>
					<xCoord>187</xCoord>
					<yCoord>211</yCoord>
					</edgeMap>
					<edgeMap>
					<xCoord>186</xCoord>
					<yCoord>210</yCoord>
					</edgeMap>
					<edgeMap>
					<xCoord>186</xCoord>
					<yCoord>209</yCoord>
					</edgeMap>
					<edgeMap>
					<xCoord>185</xCoord>
					<yCoord>208</yCoord>
					</edgeMap>
					<edgeMap>
					<xCoord>185</xCoord>
					<yCoord>207</yCoord>
					</edgeMap>
					<edgeMap>
					<xCoord>186</xCoord>
					<yCoord>206</yCoord>
					</edgeMap>
					<edgeMap>
					<xCoord>187</xCoord>
					<yCoord>206</yCoord>
					</edgeMap>
					<edgeMap>
					<xCoord>188</xCoord>
					<yCoord>205</yCoord>
					</edgeMap>
				</roi>
			</unblindedReadNodule>
			<unblindedReadNodule>
				<noduleID>1</noduleID>
				<roi>
					<imageZposition>-59.75</imageZposition>
					<imageSOP_UID>1.3.6.1.4.1.14519.5.2.1.6279.6001.149140049135354820145728307869</imageSOP_UID>
					<inclusion>TRUE</inclusion>
					<edgeMap>
					<xCoord>123</xCoord>
					<yCoord>278</yCoord>
					</edgeMap>
				</roi>
			</unblindedReadNodule>
	</readingSession>
  <readingSession>
    <annotationVersion>3.12</annotationVersion>
    <servicingRadiologistID>anon</servicingRadiologistID>
    <unblindedReadNodule>
      <noduleID>172364</noduleID>
      <characteristics>
        <subtlety>4</subtlety>
        <internalStructure>1</internalStructure>
        <calcification>6</calcification>
        <sphericity>4</sphericity>
        <margin>4</margin>
        <lobulation>1</lobulation>
        <spiculation>3</spiculation>
        <texture>5</texture>
        <malignancy>3</malignancy>
      </characteristics>
      <roi>
        <imageZposition>-74.75</imageZposition>
        <imageSOP_UID>1.3.6.1.4.1.14519.5.2.1.6279.6001.147522202769301821748632949688</imageSOP_UID>
        <inclusion>TRUE</inclusion>
        <edgeMap>
          <xCoord>190</xCoord>
          <yCoord>212</yCoord>
        </edgeMap>
        <edgeMap>
          <xCoord>191</xCoord>
          <yCoord>211</yCoord>
        </edgeMap>
        <edgeMap>
          <xCoord>192</xCoord>
          <yCoord>210</yCoord>
        </edgeMap>
        <edgeMap>
          <xCoord>191</xCoord>
          <yCoord>209</yCoord>
        </edgeMap>
        <edgeMap>
          <xCoord>191</xCoord>
          <yCoord>208</yCoord>
        </edgeMap>
        <edgeMap>
          <xCoord>191</xCoord>
          <yCoord>207</yCoord>
        </edgeMap>
        <edgeMap>
          <xCoord>191</xCoord>
          <yCoord>206</yCoord>
        </edgeMap>
        <edgeMap>
          <xCoord>190</xCoord>
          <yCoord>205</yCoord>
        </edgeMap>
        <edgeMap>
          <xCoord>189</xCoord>
          <yCoord>206</yCoord>
        </edgeMap>
        <edgeMap>
          <xCoord>188</xCoord>
          <yCoord>205</yCoord>
        </edgeMap>
        <edgeMap>
          <xCoord>187</xCoord>
          <yCoord>205</yCoord>
        </edgeMap>
        <edgeMap>
          <xCoord>186</xCoord>
          <yCoord>206</yCoord>
        </edgeMap>
        <edgeMap>
          <xCoord>185</xCoord>
          <yCoord>207</yCoord>
        </edgeMap>
        <edgeMap>
          <xCoord>184</xCoord>
          <yCoord>208</yCoord>
        </edgeMap>
        <edgeMap>
          <xCoord>185</xCoord>
          <yCoord>209</yCoord>
        </edgeMap>
        <edgeMap>
          <xCoord>185</xCoord>
          <yCoord>210</yCoord>
        </edgeMap>
        <edgeMap>
          <xCoord>185</xCoord>
          <yCoord>211</yCoord>
        </edgeMap>
        <edgeMap>
          <xCoord>186</xCoord>
          <yCoord>212</yCoord>
        </edgeMap>
        <edgeMap>
          <xCoord>187</xCoord>
          <yCoord>212</yCoord>
        </edgeMap>
        <edgeMap>
          <xCoord>188</xCoord>
          <yCoord>212</yCoord>
        </edgeMap>
        <edgeMap>
          <xCoord>189</xCoord>
          <yCoord>212</yCoord>
        </edgeMap>
        <edgeMap>
          <xCoord>190</xCoord>
          <yCoord>212</yCoord>
        </edgeMap>
      </roi>
      <roi>
        <imageZposition>-77.25</imageZposition>
        <imageSOP_UID>1.3.6.1.4.1.14519.5.2.1.6279.6001.231820812940963904527069794379</imageSOP_UID>
        <inclusion>TRUE</inclusion>
        <edgeMap>
          <xCoord>190</xCoord>
          <yCoord>214</yCoord>
        </edgeMap>
        <edgeMap>
          <xCoord>191</xCoord>
          <yCoord>213</yCoord>
        </edgeMap>
        <edgeMap>
          <xCoord>191</xCoord>
          <yCoord>212</yCoord>
        </edgeMap>
        <edgeMap>
          <xCoord>192</xCoord>
          <yCoord>211</yCoord>
        </edgeMap>
        <edgeMap>
          <xCoord>193</xCoord>
          <yCoord>210</yCoord>
        </edgeMap>
        <edgeMap>
          <xCoord>193</xCoord>
          <yCoord>209</yCoord>
        </edgeMap>
        <edgeMap>
          <xCoord>192</xCoord>
          <yCoord>208</yCoord>
        </edgeMap>
        <edgeMap>
          <xCoord>192</xCoord>
          <yCoord>207</yCoord>
        </edgeMap>
        <edgeMap>
          <xCoord>191</xCoord>
          <yCoord>206</yCoord>
        </edgeMap>
        <edgeMap>
          <xCoord>190</xCoord>
          <yCoord>205</yCoord>
        </edgeMap>
        <edgeMap>
          <xCoord>189</xCoord>
          <yCoord>205</yCoord>
        </edgeMap>
        <edgeMap>
          <xCoord>188</xCoord>
          <yCoord>205</yCoord>
        </edgeMap>
        <edgeMap>
          <xCoord>187</xCoord>
          <yCoord>204</yCoord>
        </edgeMap>
        <edgeMap>
          <xCoord>186</xCoord>
          <yCoord>204</yCoord>
        </edgeMap>
        <edgeMap>
          <xCoord>185</xCoord>
          <yCoord>205</yCoord>
        </edgeMap>
        <edgeMap>
          <xCoord>185</xCoord>
          <yCoord>206</yCoord>
        </edgeMap>
        <edgeMap>
          <xCoord>184</xCoord>
          <yCoord>207</yCoord>
        </edgeMap>
        <edgeMap>
          <xCoord>184</xCoord>
          <yCoord>208</yCoord>
        </edgeMap>
        <edgeMap>
          <xCoord>184</xCoord>
          <yCoord>209</yCoord>
        </edgeMap>
        <edgeMap>
          <xCoord>184</xCoord>
          <yCoord>210</yCoord>
        </edgeMap>
        <edgeMap>
          <xCoord>185</xCoord>
          <yCoord>211</yCoord>
        </edgeMap>
        <edgeMap>
          <xCoord>186</xCoord>
          <yCoord>212</yCoord>
        </edgeMap>
        <edgeMap>
          <xCoord>187</xCoord>
          <yCoord>212</yCoord>
        </edgeMap>
        <edgeMap>
          <xCoord>188</xCoord>
          <yCoord>213</yCoord>
        </edgeMap>
        <edgeMap>
          <xCoord>189</xCoord>
          <yCoord>213</yCoord>
        </edgeMap>
        <edgeMap>
          <xCoord>190</xCoord>
          <yCoord>214</yCoord>
        </edgeMap>
      </roi>
      <roi>
        <imageZposition>-79.75</imageZposition>
        <imageSOP_UID>1.3.6.1.4.1.14519.5.2.1.6279.6001.915965321856999584851284473573</imageSOP_UID>
        <inclusion>TRUE</inclusion>
        <edgeMap>
          <xCoord>190</xCoord>
          <yCoord>213</yCoord>
        </edgeMap>
        <edgeMap>
          <xCoord>191</xCoord>
          <yCoord>212</yCoord>
        </edgeMap>
        <edgeMap>
          <xCoord>191</xCoord>
          <yCoord>211</yCoord>
        </edgeMap>
        <edgeMap>
          <xCoord>192</xCoord>
          <yCoord>210</yCoord>
        </edgeMap>
        <edgeMap>
          <xCoord>192</xCoord>
          <yCoord>209</yCoord>
        </edgeMap>
        <edgeMap>
          <xCoord>191</xCoord>
          <yCoord>208</yCoord>
        </edgeMap>
        <edgeMap>
          <xCoord>191</xCoord>
          <yCoord>207</yCoord>
        </edgeMap>
        <edgeMap>
          <xCoord>190</xCoord>
          <yCoord>206</yCoord>
        </edgeMap>
        <edgeMap>
          <xCoord>189</xCoord>
          <yCoord>206</yCoord>
        </edgeMap>
        <edgeMap>
          <xCoord>188</xCoord>
          <yCoord>207</yCoord>
        </edgeMap>
        <edgeMap>
          <xCoord>187</xCoord>
          <yCoord>208</yCoord>
        </edgeMap>
        <edgeMap>
          <xCoord>186</xCoord>
          <yCoord>208</yCoord>
        </edgeMap>
        <edgeMap>
          <xCoord>185</xCoord>
          <yCoord>208</yCoord>
        </edgeMap>
        <edgeMap>
          <xCoord>184</xCoord>
          <yCoord>209</yCoord>
        </edgeMap>
        <edgeMap>
          <xCoord>185</xCoord>
          <yCoord>210</yCoord>
        </edgeMap>
        <edgeMap>
          <xCoord>186</xCoord>
          <yCoord>211</yCoord>
        </edgeMap>
        <edgeMap>
          <xCoord>187</xCoord>
          <yCoord>212</yCoord>
        </edgeMap>
        <edgeMap>
          <xCoord>188</xCoord>
          <yCoord>212</yCoord>
        </edgeMap>
        <edgeMap>
          <xCoord>189</xCoord>
          <yCoord>212</yCoord>
        </edgeMap>
        <edgeMap>
          <xCoord>190</xCoord>
          <yCoord>213</yCoord>
        </edgeMap>
      </roi>
    </unblindedReadNodule>
    <unblindedReadNodule>
      <noduleID>172365</noduleID>
      <roi>
        <imageZposition>-59.75</imageZposition>
        <imageSOP_UID>1.3.6.1.4.1.14519.5.2.1.6279.6001.149140049135354820145728307869</imageSOP_UID>
        <inclusion>TRUE</inclusion>
        <edgeMap>
          <xCoord>123</xCoord>
          <yCoord>277</yCoord>
        </edgeMap>
      </roi>
    </unblindedReadNodule>
  </readingSession>
  <readingSession>
    <annotationVersion>3.12</annotationVersion>
    <servicingRadiologistID>anon</servicingRadiologistID>
    <unblindedReadNodule>
      <noduleID>Nodule 001</noduleID>
      <characteristics>
        <subtlety>4</subtlety>
        <internalStructure>1</internalStructure>
        <calcification>6</calcification>
        <sphericity>4</sphericity>
        <margin>4</margin>
        <lobulation>2</lobulation>
        <spiculation>2</spiculation>
        <texture>5</texture>
        <malignancy>4</malignancy>
      </characteristics>
      <roi>
        <imageZposition>-79.750 </imageZposition>
        <imageSOP_UID>1.3.6.1.4.1.14519.5.2.1.6279.6001.915965321856999584851284473573</imageSOP_UID>
        <inclusion>TRUE</inclusion>
        <edgeMap>
          <xCoord>187</xCoord>
          <yCoord>204</yCoord>
        </edgeMap>
        <edgeMap>
          <xCoord>186</xCoord>
          <yCoord>203</yCoord>
        </edgeMap>
        <edgeMap>
          <xCoord>185</xCoord>
          <yCoord>204</yCoord>
        </edgeMap>
        <edgeMap>
          <xCoord>185</xCoord>
          <yCoord>205</yCoord>
        </edgeMap>
        <edgeMap>
          <xCoord>185</xCoord>
          <yCoord>206</yCoord>
        </edgeMap>
        <edgeMap>
          <xCoord>185</xCoord>
          <yCoord>207</yCoord>
        </edgeMap>
        <edgeMap>
          <xCoord>184</xCoord>
          <yCoord>208</yCoord>
        </edgeMap>
        <edgeMap>
          <xCoord>184</xCoord>
          <yCoord>209</yCoord>
        </edgeMap>
        <edgeMap>
          <xCoord>184</xCoord>
          <yCoord>210</yCoord>
        </edgeMap>
        <edgeMap>
          <xCoord>185</xCoord>
          <yCoord>211</yCoord>
        </edgeMap>
        <edgeMap>
          <xCoord>186</xCoord>
          <yCoord>212</yCoord>
        </edgeMap>
        <edgeMap>
          <xCoord>187</xCoord>
          <yCoord>212</yCoord>
        </edgeMap>
        <edgeMap>
          <xCoord>188</xCoord>
          <yCoord>213</yCoord>
        </edgeMap>
        <edgeMap>
          <xCoord>189</xCoord>
          <yCoord>214</yCoord>
        </edgeMap>
        <edgeMap>
          <xCoord>190</xCoord>
          <yCoord>214</yCoord>
        </edgeMap>
        <edgeMap>
          <xCoord>191</xCoord>
          <yCoord>214</yCoord>
        </edgeMap>
        <edgeMap>
          <xCoord>192</xCoord>
          <yCoord>213</yCoord>
        </edgeMap>
        <edgeMap>
          <xCoord>192</xCoord>
          <yCoord>212</yCoord>
        </edgeMap>
        <edgeMap>
          <xCoord>192</xCoord>
          <yCoord>211</yCoord>
        </edgeMap>
        <edgeMap>
          <xCoord>192</xCoord>
          <yCoord>210</yCoord>
        </edgeMap>
        <edgeMap>
          <xCoord>192</xCoord>
          <yCoord>209</yCoord>
        </edgeMap>
        <edgeMap>
          <xCoord>192</xCoord>
          <yCoord>208</yCoord>
        </edgeMap>
        <edgeMap>
          <xCoord>191</xCoord>
          <yCoord>207</yCoord>
        </edgeMap>
        <edgeMap>
          <xCoord>191</xCoord>
          <yCoord>206</yCoord>
        </edgeMap>
        <edgeMap>
          <xCoord>191</xCoord>
          <yCoord>205</yCoord>
        </edgeMap>
        <edgeMap>
          <xCoord>191</xCoord>
          <yCoord>204</yCoord>
        </edgeMap>
        <edgeMap>
          <xCoord>190</xCoord>
          <yCoord>203</yCoord>
        </edgeMap>
        <edgeMap>
          <xCoord>189</xCoord>
          <yCoord>204</yCoord>
        </edgeMap>
        <edgeMap>
          <xCoord>188</xCoord>
          <yCoord>205</yCoord>
        </edgeMap>
        <edgeMap>
          <xCoord>187</xCoord>
          <yCoord>205</yCoord>
        </edgeMap>
        <edgeMap>
          <xCoord>187</xCoord>
          <yCoord>204</yCoord>
        </edgeMap>
      </roi>
      <roi>
        <imageZposition>-77.250 </imageZposition>
        <imageSOP_UID>1.3.6.1.4.1.14519.5.2.1.6279.6001.231820812940963904527069794379</imageSOP_UID>
        <inclusion>TRUE</inclusion>
        <edgeMap>
          <xCoord>186</xCoord>
          <yCoord>204</yCoord>
        </edgeMap>
        <edgeMap>
          <xCoord>185</xCoord>
          <yCoord>205</yCoord>
        </edgeMap>
        <edgeMap>
          <xCoord>184</xCoord>
          <yCoord>206</yCoord>
        </edgeMap>
        <edgeMap>
          <xCoord>183</xCoord>
          <yCoord>207</yCoord>
        </edgeMap>
        <edgeMap>
          <xCoord>183</xCoord>
          <yCoord>208</yCoord>
        </edgeMap>
        <edgeMap>
          <xCoord>184</xCoord>
          <yCoord>209</yCoord>
        </edgeMap>
        <edgeMap>
          <xCoord>184</xCoord>
          <yCoord>210</yCoord>
        </edgeMap>
        <edgeMap>
          <xCoord>185</xCoord>
          <yCoord>211</yCoord>
        </edgeMap>
        <edgeMap>
          <xCoord>186</xCoord>
          <yCoord>211</yCoord>
        </edgeMap>
        <edgeMap>
          <xCoord>187</xCoord>
          <yCoord>212</yCoord>
        </edgeMap>
        <edgeMap>
          <xCoord>188</xCoord>
          <yCoord>213</yCoord>
        </edgeMap>
        <edgeMap>
          <xCoord>189</xCoord>
          <yCoord>213</yCoord>
        </edgeMap>
        <edgeMap>
          <xCoord>190</xCoord>
          <yCoord>213</yCoord>
        </edgeMap>
        <edgeMap>
          <xCoord>191</xCoord>
          <yCoord>213</yCoord>
        </edgeMap>
        <edgeMap>
          <xCoord>192</xCoord>
          <yCoord>212</yCoord>
        </edgeMap>
        <edgeMap>
          <xCoord>192</xCoord>
          <yCoord>211</yCoord>
        </edgeMap>
        <edgeMap>
          <xCoord>192</xCoord>
          <yCoord>210</yCoord>
        </edgeMap>
        <edgeMap>
          <xCoord>192</xCoord>
          <yCoord>209</yCoord>
        </edgeMap>
        <edgeMap>
          <xCoord>192</xCoord>
          <yCoord>208</yCoord>
        </edgeMap>
        <edgeMap>
          <xCoord>193</xCoord>
          <yCoord>207</yCoord>
        </edgeMap>
        <edgeMap>
          <xCoord>193</xCoord>
          <yCoord>206</yCoord>
        </edgeMap>
        <edgeMap>
          <xCoord>192</xCoord>
          <yCoord>205</yCoord>
        </edgeMap>
        <edgeMap>
          <xCoord>191</xCoord>
          <yCoord>204</yCoord>
        </edgeMap>
        <edgeMap>
          <xCoord>190</xCoord>
          <yCoord>204</yCoord>
        </edgeMap>
        <edgeMap>
          <xCoord>189</xCoord>
          <yCoord>204</yCoord>
        </edgeMap>
        <edgeMap>
          <xCoord>188</xCoord>
          <yCoord>204</yCoord>
        </edgeMap>
        <edgeMap>
          <xCoord>187</xCoord>
          <yCoord>204</yCoord>
        </edgeMap>
        <edgeMap>
          <xCoord>186</xCoord>
          <yCoord>204</yCoord>
        </edgeMap>
      </roi>
      <roi>
        <imageZposition>-74.750 </imageZposition>
        <imageSOP_UID>1.3.6.1.4.1.14519.5.2.1.6279.6001.147522202769301821748632949688</imageSOP_UID>
        <inclusion>TRUE</inclusion>
        <edgeMap>
          <xCoord>187</xCoord>
          <yCoord>203</yCoord>
        </edgeMap>
        <edgeMap>
          <xCoord>186</xCoord>
          <yCoord>204</yCoord>
        </edgeMap>
        <edgeMap>
          <xCoord>185</xCoord>
          <yCoord>205</yCoord>
        </edgeMap>
        <edgeMap>
          <xCoord>184</xCoord>
          <yCoord>206</yCoord>
        </edgeMap>
        <edgeMap>
          <xCoord>183</xCoord>
          <yCoord>207</yCoord>
        </edgeMap>
        <edgeMap>
          <xCoord>184</xCoord>
          <yCoord>208</yCoord>
        </edgeMap>
        <edgeMap>
          <xCoord>184</xCoord>
          <yCoord>209</yCoord>
        </edgeMap>
        <edgeMap>
          <xCoord>185</xCoord>
          <yCoord>210</yCoord>
        </edgeMap>
        <edgeMap>
          <xCoord>185</xCoord>
          <yCoord>211</yCoord>
        </edgeMap>
        <edgeMap>
          <xCoord>186</xCoord>
          <yCoord>212</yCoord>
        </edgeMap>
        <edgeMap>
          <xCoord>187</xCoord>
          <yCoord>213</yCoord>
        </edgeMap>
        <edgeMap>
          <xCoord>188</xCoord>
          <yCoord>213</yCoord>
        </edgeMap>
        <edgeMap>
          <xCoord>189</xCoord>
          <yCoord>213</yCoord>
        </edgeMap>
        <edgeMap>
          <xCoord>190</xCoord>
          <yCoord>213</yCoord>
        </edgeMap>
        <edgeMap>
          <xCoord>191</xCoord>
          <yCoord>212</yCoord>
        </edgeMap>
        <edgeMap>
          <xCoord>191</xCoord>
          <yCoord>211</yCoord>
        </edgeMap>
        <edgeMap>
          <xCoord>191</xCoord>
          <yCoord>210</yCoord>
        </edgeMap>
        <edgeMap>
          <xCoord>191</xCoord>
          <yCoord>209</yCoord>
        </edgeMap>
        <edgeMap>
          <xCoord>191</xCoord>
          <yCoord>208</yCoord>
        </edgeMap>
        <edgeMap>
          <xCoord>192</xCoord>
          <yCoord>207</yCoord>
        </edgeMap>
        <edgeMap>
          <xCoord>192</xCoord>
          <yCoord>206</yCoord>
        </edgeMap>
        <edgeMap>
          <xCoord>191</xCoord>
          <yCoord>205</yCoord>
        </edgeMap>
        <edgeMap>
          <xCoord>190</xCoord>
          <yCoord>205</yCoord>
        </edgeMap>
        <edgeMap>
          <xCoord>190</xCoord>
          <yCoord>204</yCoord>
        </edgeMap>
        <edgeMap>
          <xCoord>189</xCoord>
          <yCoord>203</yCoord>
        </edgeMap>
        <edgeMap>
          <xCoord>188</xCoord>
          <yCoord>203</yCoord>
        </edgeMap>
        <edgeMap>
          <xCoord>187</xCoord>
          <yCoord>203</yCoord>
        </edgeMap>
      </roi>
    </unblindedReadNodule>
  </readingSession>
</LidcReadMessage>