<?xml version="1.0" encoding="UTF-8"?>
<LidcReadMessage uid="1.3.6.1.4.1.14519.5.2.1.6279.6001.1307390688047.0" xmlns="http://www.nih.gov" xmlns:xsi="http://www.w3.org/2001/XMLSchema-instance" xsi:schemaLocation="http://www.nih.gov       http://troll.rad.med.umich.edu/lidc/LidcReadMessage.xsd">
  <ResponseHeader>
    <Version>1.8</Version>
    <MessageId>UM1.3.6.1.4.1.9328.50.12.478612</MessageId>
    <DateRequest>2009-03-17</DateRequest>
    <TimeRequest>00:00:00</TimeRequest>
    <RequestingSite>removed</RequestingSite>
    <ServicingSite>removed</ServicingSite>
    <TaskDescription>Second unblinded read</TaskDescription>
    <CtImageFile>removed</CtImageFile>
    <SeriesInstanceUid>1.3.6.1.4.1.14519.5.2.1.6279.6001.261700367741314729940340271960</SeriesInstanceUid>
    <DateService>2009-03-17</DateService>
    <TimeService>00:00:00</TimeService>
    <ResponseDescription>1 - Reading complete</ResponseDescription>
  <StudyInstanceUID>1.3.6.1.4.1.14519.5.2.1.6279.6001.902763751470786794946912471631</StudyInstanceUID></ResponseHeader>
<readingSession>
<annotationVersion>3.12</annotationVersion>
<servicingRadiologistID>anon</servicingRadiologistID>
<unblindedReadNodule>
<noduleID>171431</noduleID>
<characteristics>
<subtlety>5</subtlety>
<internalStructure>1</internalStructure>
<calcification>3</calcification>
<sphericity>4</sphericity>
<margin>5</margin>
<lobulation>1</lobulation>
<spiculation>1</spiculation>
<texture>5</texture>
<malignancy>1</malignancy>
</characteristics>
<roi>
<imageZposition>-88.75</imageZposition>
<imageSOP_UID>1.3.6.1.4.1.14519.5.2.1.6279.6001.324234659997172487260510280287</imageSOP_UID>
<inclusion>TRUE</inclusion>
<edgeMap>
<xCoord>301</xCoord>
<yCoord>262</yCoord>
</edgeMap>
<edgeMap>
<xCoord>302</xCoord>
<yCoord>261</yCoord>
</edgeMap>
<edgeMap>
<xCoord>302</xCoord>
<yCoord>260</yCoord>
</edgeMap>
<edgeMap>
<xCoord>301</xCoord>
<yCoord>259</yCoord>
</edgeMap>
<edgeMap>
<xCoord>300</xCoord>
<yCoord>258</yCoord>
</edgeMap>
<edgeMap>
<xCoord>299</xCoord>
<yCoord>259</yCoord>
</edgeMap>
<edgeMap>
<xCoord>298</xCoord>
<yCoord>260</yCoord>
</edgeMap>
<edgeMap>
<xCoord>298</xCoord>
<yCoord>261</yCoord>
</edgeMap>
<edgeMap>
<xCoord>299</xCoord>
<yCoord>262</yCoord>
</edgeMap>
<edgeMap>
<xCoord>300</xCoord>
<yCoord>262</yCoord>
</edgeMap>
<edgeMap>
<xCoord>301</xCoord>
<yCoord>262</yCoord>
</edgeMap>
</roi>
<roi>
<imageZposition>-91.25</imageZposition>
<imageSOP_UID>1.3.6.1.4.1.14519.5.2.1.6279.6001.619513255409796616091603257200</imageSOP_UID>
<inclusion>TRUE</inclusion>
<edgeMap>
<xCoord>301</xCoord>
<yCoord>263</yCoord>
</edgeMap>
<edgeMap>
<xCoord>302</xCoord>
<yCoord>262</yCoord>
</edgeMap>
<edgeMap>
<xCoord>303</xCoord>
<yCoord>261</yCoord>
</edgeMap>
<edgeMap>
<xCoord>303</xCoord>
<yCoord>260</yCoord>
</edgeMap>
<edgeMap>
<xCoord>302</xCoord>
<yCoord>259</yCoord>
</edgeMap>
<edgeMap>
<xCoord>302</xCoord>
<yCoord>258</yCoord>
</edgeMap>
<edgeMap>
<xCoord>301</xCoord>
<yCoord>257</yCoord>
</edgeMap>
<edgeMap>
<xCoord>300</xCoord>
<yCoord>257</yCoord>
</edgeMap>
<edgeMap>
<xCoord>299</xCoord>
<yCoord>258</yCoord>
</edgeMap>
<edgeMap>
<xCoord>298</xCoord>
<yCoord>259</yCoord>
</edgeMap>
<edgeMap>
<xCoord>297</xCoord>
<yCoord>260</yCoord>
</edgeMap>
<edgeMap>
<xCoord>297</xCoord>
<yCoord>261</yCoord>
</edgeMap>
<edgeMap>
<xCoord>298</xCoord>
<yCoord>262</yCoord>
</edgeMap>
<edgeMap>
<xCoord>299</xCoord>
<yCoord>263</yCoord>
</edgeMap>
<edgeMap>
<xCoord>300</xCoord>
<yCoord>263</yCoord>
</edgeMap>
<edgeMap>
<xCoord>301</xCoord>
<yCoord>263</yCoord>
</edgeMap>
</roi>
</unblindedReadNodule>
<unblindedReadNodule>
<noduleID>171433</noduleID>
<roi>
<imageZposition>-123.75</imageZposition>
<imageSOP_UID>1.3.6.1.4.1.14519.5.2.1.6279.6001.243928624073722533540827180889</imageSOP_UID>
<inclusion>TRUE</inclusion>
<edgeMap>
<xCoord>391</xCoord>
<yCoord>267</yCoord>
</edgeMap>
</roi>
</unblindedReadNodule>
</readingSession>
	<readingSession>
		<annotationVersion>3.12</annotationVersion>
		<servicingRadiologistID>anon</servicingRadiologistID>
			<unblindedReadNodule>
				<noduleID>0</noduleID>
				<characteristics>
					<subtlety>5</subtlety>
					<internalStructure>1</internalStructure>
					<calcification>6</calcification>
					<sphericity>4</sphericity>
					<margin>4</margin>
					<lobulation>1</lobulation>
					<spiculation>1</spiculation>
					<texture>5</texture>
					<malignancy>1</malignancy>
				</characteristics>
				<roi>
					<imageZposition>-88.75</imageZposition>
					<imageSOP_UID>1.3.6.1.4.1.14519.5.2.1.6279.6001.324234659997172487260510280287</imageSOP_UID>
					<inclusion>TRUE</inclusion>
					<edgeMap>
					<xCoord>301</xCoord>
					<yCoord>258</yCoord>
					</edgeMap>
					<edgeMap>
					<xCoord>300</xCoord>
					<yCoord>259</yCoord>
					</edgeMap>
					<edgeMap>
					<xCoord>299</xCoord>
					<yCoord>259</yCoord>
					</edgeMap>
					<edgeMap>
					<xCoord>298</xCoord>
					<yCoord>259</yCoord>
					</edgeMap>
					<edgeMap>
					<xCoord>298</xCoord>
					<yCoord>260</yCoord>
					</edgeMap>
					<edgeMap>
					<xCoord>298</xCoord>
					<yCoord>261</yCoord>
					</edgeMap>
					<edgeMap>
					<xCoord>298</xCoord>
					<yCoord>262</yCoord>
					</edgeMap>
					<edgeMap>
					<xCoord>299</xCoord>
					<yCoord>263</yCoord>
					</edgeMap>
					<edgeMap>
					<xCoord>300</xCoord>
					<yCoord>263</yCoord>
					</edgeMap>
					<edgeMap>
					<xCoord>301</xCoord>
					<yCoord>263</yCoord>
					</edgeMap>
					<edgeMap>
					<xCoord>302</xCoord>
					<yCoord>262</yCoord>
					</edgeMap>
					<edgeMap>
					<xCoord>302</xCoord>
					<yCoord>261</yCoord>
					</edgeMap>
					<edgeMap>
					<xCoord>302</xCoord>
					<yCoord>260</yCoord>
					</edgeMap>
					<edgeMap>
					<xCoord>301</xCoord>
					<yCoord>259</yCoord>
					</edgeMap>
					<edgeMap>
					<xCoord>301</xCoord>
					<yCoord>258</yCoord>
					</edgeMap>
				</roi>
				<roi>
					<imageZposition>-91.25</imageZposition>
					<imageSOP_UID>1.3.6.1.4.1.14519.5.2.1.6279.6001.619513255409796616091603257200</imageSOP_UID>
					<inclusion>TRUE</inclusion>
					<edgeMap>
					<xCoord>300</xCoord>
					<yCoord>257</yCoord>
					</edgeMap>
					<edgeMap>
					<xCoord>299</xCoord>
					<yCoord>258</yCoord>
					</edgeMap>
					<edgeMap>
					<xCoord>298</xCoord>
					<yCoord>259</yCoord>
					</edgeMap>
					<edgeMap>
					<xCoord>298</xCoord>
					<yCoord>260</yCoord>
					</edgeMap>
					<edgeMap>
					<xCoord>298</xCoord>
					<yCoord>261</yCoord>
					</edgeMap>
					<edgeMap>
					<xCoord>298</xCoord>
					<yCoord>262</yCoord>
					</edgeMap>
					<edgeMap>
					<xCoord>299</xCoord>
					<yCoord>263</yCoord>
					</edgeMap>
					<edgeMap>
					<xCoord>300</xCoord>
					<yCoord>263</yCoord>
					</edgeMap>
					<edgeMap>
					<xCoord>301</xCoord>
					<yCoord>263</yCoord>
					</edgeMap>
					<edgeMap>
					<xCoord>302</xCoord>
					<yCoord>263</yCoord>
					</edgeMap>
					<edgeMap>
					<xCoord>302</xCoord>
					<yCoord>262</yCoord>
					</edgeMap>
					<edgeMap>
					<xCoord>302</xCoord>
					<yCoord>261</yCoord>
					</edgeMap>
					<edgeMap>
					<xCoord>302</xCoord>
					<yCoord>260</yCoord>
					</edgeMap>
					<edgeMap>
					<xCoord>302</xCoord>
					<yCoord>259</yCoord>
					</edgeMap>
					<edgeMap>
					<xCoord>301</xCoord>
					<yCoord>258</yCoord>
					</edgeMap>
					<edgeMap>
					<xCoord>301</xCoord>
					<yCoord>257</yCoord>
					</edgeMap>
					<edgeMap>
					<xCoord>300</xCoord>
					<yCoord>257</yCoord>
					</edgeMap>
				</roi>
			</unblindedReadNodule>
			<unblindedReadNodule>
				<noduleID>1</noduleID>
				<roi>
					<imageZposition>-123.75</imageZposition>
					<imageSOP_UID>1.3.6.1.4.1.14519.5.2.1.6279.6001.243928624073722533540827180889</imageSOP_UID>
					<inclusion>TRUE</inclusion>
					<edgeMap>
					<xCoord>390</xCoord>
					<yCoord>265</yCoord>
					</edgeMap>
				</roi>
			</unblindedReadNodule>
	</readingSession>
  <readingSession>
    <annotationVersion>3.12</annotationVersion>
    <servicingRadiologistID>anon</servicingRadiologistID>
    <unblindedReadNodule>
      <noduleID>168257</noduleID>
      <characteristics>
        <subtlety>5</subtlety>
        <internalStructure>1</internalStructure>
        <calcification>3</calcification>
        <sphericity>5</sphericity>
        <margin>5</margin>
        <lobulation>1</lobulation>
        <spiculation>1</spiculation>
        <texture>5</texture>
        <malignancy>1</malignancy>
      </characteristics>
      <roi>
        <imageZposition>-88.75</imageZposition>
        <imageSOP_UID>1.3.6.1.4.1.14519.5.2.1.6279.6001.324234659997172487260510280287</imageSOP_UID>
        <inclusion>TRUE</inclusion>
        <edgeMap>
          <xCoord>300</xCoord>
          <yCoord>263</yCoord>
        </edgeMap>
        <edgeMap>
          <xCoord>301</xCoord>
          <yCoord>262</yCoord>
        </edgeMap>
        <edgeMap>
          <xCoord>302</xCoord>
          <yCoord>261</yCoord>
        </edgeMap>
        <edgeMap>
          <xCoord>302</xCoord>
          <yCoord>260</yCoord>
        </edgeMap>
        <edgeMap>
          <xCoord>301</xCoord>
          <yCoord>259</yCoord>
        </edgeMap>
        <edgeMap>
          <xCoord>300</xCoord>
          <yCoord>258</yCoord>
        </edgeMap>
        <edgeMap>
          <xCoord>299</xCoord>
          <yCoord>258</yCoord>
        </edgeMap>
        <edgeMap>
          <xCoord>298</xCoord>
          <yCoord>259</yCoord>
        </edgeMap>
        <edgeMap>
          <xCoord>297</xCoord>
          <yCoord>260</yCoord>
        </edgeMap>
        <edgeMap>
          <xCoord>298</xCoord>
          <yCoord>261</yCoord>
        </edgeMap>
        <edgeMap>
          <xCoord>299</xCoord>
          <yCoord>262</yCoord>
        </edgeMap>
        <edgeMap>
          <xCoord>300</xCoord>
          <yCoord>263</yCoord>
        </edgeMap>
      </roi>
      <roi>
        <imageZposition>-91.25</imageZposition>
        <imageSOP_UID>1.3.6.1.4.1.14519.5.2.1.6279.6001.619513255409796616091603257200</imageSOP_UID>
        <inclusion>TRUE</inclusion>
        <edgeMap>
          <xCoord>300</xCoord>
          <yCoord>264</yCoord>
        </edgeMap>
        <edgeMap>
          <xCoord>301</xCoord>
          <yCoord>263</yCoord>
        </edgeMap>
        <edgeMap>
          <xCoord>302</xCoord>
          <yCoord>262</yCoord>
        </edgeMap>
        <edgeMap>
          <xCoord>303</xCoord>
          <yCoord>261</yCoord>
        </edgeMap>
        <edgeMap>
          <xCoord>304</xCoord>
          <yCoord>260</yCoord>
        </edgeMap>
        <edgeMap>
          <xCoord>303</xCoord>
          <yCoord>259</yCoord>
        </edgeMap>
        <edgeMap>
          <xCoord>302</xCoord>
          <yCoord>258</yCoord>
        </edgeMap>
        <edgeMap>
          <xCoord>301</xCoord>
          <yCoord>257</yCoord>
        </edgeMap>
        <edgeMap>
          <xCoord>300</xCoord>
          <yCoord>256</yCoord>
        </edgeMap>
        <edgeMap>
          <xCoord>299</xCoord>
          <yCoord>257</yCoord>
        </edgeMap>
        <edgeMap>
          <xCoord>298</xCoord>
          <yCoord>258</yCoord>
        </edgeMap>
        <edgeMap>
          <xCoord>297</xCoord>
          <yCoord>259</yCoord>
        </edgeMap>
        <edgeMap>
          <xCoord>296</xCoord>
          <yCoord>260</yCoord>
        </edgeMap>
        <edgeMap>
          <xCoord>297</xCoord>
          <yCoord>261</yCoord>
        </edgeMap>
        <edgeMap>
          <xCoord>298</xCoord>
          <yCoord>262</yCoord>
        </edgeMap>
        <edgeMap>
          <xCoord>299</xCoord>
          <yCoord>263</yCoord>
        </edgeMap>
        <edgeMap>
          <xCoord>300</xCoord>
          <yCoord>264</yCoord>
        </edgeMap>
      </roi>
    </unblindedReadNodule>
    <unblindedReadNodule>
      <noduleID>168260</noduleID>
      <roi>
        <imageZposition>-123.75</imageZposition>
        <imageSOP_UID>1.3.6.1.4.1.14519.5.2.1.6279.6001.243928624073722533540827180889</imageSOP_UID>
        <inclusion>TRUE</inclusion>
        <edgeMap>
          <xCoord>391</xCoord>
          <yCoord>267</yCoord>
        </edgeMap>
      </roi>
    </unblindedReadNodule>
  </readingSession>
  <readingSession>
    <annotationVersion>3.12</annotationVersion>
    <servicingRadiologistID>anon</servicingRadiologistID>
    <unblindedReadNodule>
      <noduleID>Nodule 001</noduleID>
      <roi>
        <imageZposition>-123.750</imageZposition>
        <imageSOP_UID>1.3.6.1.4.1.14519.5.2.1.6279.6001.243928624073722533540827180889</imageSOP_UID>
        <inclusion>TRUE</inclusion>
        <edgeMap>
          <xCoord>390</xCoord>
          <yCoord>265</yCoord>
        </edgeMap>
      </roi>
    </unblindedReadNodule>
  </readingSession>
</LidcReadMessage>