<?xml version="1.0" encoding="UTF-8"?>
<LidcReadMessage uid="1.3.6.1.4.1.14519.5.2.1.6279.6001.1307390719258.0" xmlns="http://www.nih.gov" xmlns:xsi="http://www.w3.org/2001/XMLSchema-instance" xsi:schemaLocation="http://www.nih.gov  http://troll.rad.med.umich.edu/lidc/LidcReadMessage.xsd">
<ResponseHeader>
	<Version>1.8</Version>
	<MessageId>NIH148</MessageId>
        <DateRequest>2006-02-16</DateRequest>
        <TimeRequest>00:00:00</TimeRequest>
	<RequestingSite>removed</RequestingSite>
	<ServicingSite>removed</ServicingSite>
	<TaskDescription>Second unblinded read</TaskDescription>
	<CtImageFile>removed</CtImageFile>
	<SeriesInstanceUid>1.3.6.1.4.1.14519.5.2.1.6279.6001.312704771348460502013249647868</SeriesInstanceUid>
	<DateService>2009-02-20</DateService>
	<TimeService>13:43:20</TimeService>
<ResponseDescription>1 - Reading complete</ResponseDescription>
<StudyInstanceUID>1.3.6.1.4.1.14519.5.2.1.6279.6001.333224958421615824054029320306</StudyInstanceUID></ResponseHeader>
<readingSession>
<annotationVersion>3.12</annotationVersion>
<servicingRadiologistID>anon</servicingRadiologistID>
<unblindedReadNodule>
<noduleID>0176</noduleID>
<characteristics>
<subtlety>5</subtlety>
<internalStructure>1</internalStructure>
<calcification>3</calcification>
<sphericity>3</sphericity>
<margin>5</margin>
<lobulation>1</lobulation>
<spiculation>1</spiculation>
<texture>5</texture>
<malignancy>1</malignancy>
</characteristics>
<roi>
<imageZposition>-84.25</imageZposition>
<imageSOP_UID>1.3.6.1.4.1.14519.5.2.1.6279.6001.221950205379120744312635611661</imageSOP_UID>
<inclusion>TRUE</inclusion>
<edgeMap>
<xCoord>386</xCoord>
<yCoord>325</yCoord>
</edgeMap>
<edgeMap>
<xCoord>387</xCoord>
<yCoord>324</yCoord>
</edgeMap>
<edgeMap>
<xCoord>388</xCoord>
<yCoord>324</yCoord>
</edgeMap>
<edgeMap>
<xCoord>389</xCoord>
<yCoord>323</yCoord>
</edgeMap>
<edgeMap>
<xCoord>389</xCoord>
<yCoord>322</yCoord>
</edgeMap>
<edgeMap>
<xCoord>388</xCoord>
<yCoord>321</yCoord>
</edgeMap>
<edgeMap>
<xCoord>387</xCoord>
<yCoord>320</yCoord>
</edgeMap>
<edgeMap>
<xCoord>386</xCoord>
<yCoord>320</yCoord>
</edgeMap>
<edgeMap>
<xCoord>385</xCoord>
<yCoord>320</yCoord>
</edgeMap>
<edgeMap>
<xCoord>384</xCoord>
<yCoord>320</yCoord>
</edgeMap>
<edgeMap>
<xCoord>383</xCoord>
<yCoord>320</yCoord>
</edgeMap>
<edgeMap>
<xCoord>382</xCoord>
<yCoord>321</yCoord>
</edgeMap>
<edgeMap>
<xCoord>382</xCoord>
<yCoord>322</yCoord>
</edgeMap>
<edgeMap>
<xCoord>382</xCoord>
<yCoord>323</yCoord>
</edgeMap>
<edgeMap>
<xCoord>383</xCoord>
<yCoord>324</yCoord>
</edgeMap>
<edgeMap>
<xCoord>384</xCoord>
<yCoord>325</yCoord>
</edgeMap>
<edgeMap>
<xCoord>385</xCoord>
<yCoord>325</yCoord>
</edgeMap>
<edgeMap>
<xCoord>386</xCoord>
<yCoord>325</yCoord>
</edgeMap>
</roi>
<roi>
<imageZposition>-85.5</imageZposition>
<imageSOP_UID>1.3.6.1.4.1.14519.5.2.1.6279.6001.259506984935222611060557214741</imageSOP_UID>
<inclusion>TRUE</inclusion>
<edgeMap>
<xCoord>387</xCoord>
<yCoord>325</yCoord>
</edgeMap>
<edgeMap>
<xCoord>388</xCoord>
<yCoord>324</yCoord>
</edgeMap>
<edgeMap>
<xCoord>389</xCoord>
<yCoord>323</yCoord>
</edgeMap>
<edgeMap>
<xCoord>389</xCoord>
<yCoord>322</yCoord>
</edgeMap>
<edgeMap>
<xCoord>389</xCoord>
<yCoord>321</yCoord>
</edgeMap>
<edgeMap>
<xCoord>388</xCoord>
<yCoord>320</yCoord>
</edgeMap>
<edgeMap>
<xCoord>387</xCoord>
<yCoord>319</yCoord>
</edgeMap>
<edgeMap>
<xCoord>386</xCoord>
<yCoord>319</yCoord>
</edgeMap>
<edgeMap>
<xCoord>385</xCoord>
<yCoord>319</yCoord>
</edgeMap>
<edgeMap>
<xCoord>384</xCoord>
<yCoord>319</yCoord>
</edgeMap>
<edgeMap>
<xCoord>383</xCoord>
<yCoord>320</yCoord>
</edgeMap>
<edgeMap>
<xCoord>382</xCoord>
<yCoord>321</yCoord>
</edgeMap>
<edgeMap>
<xCoord>382</xCoord>
<yCoord>322</yCoord>
</edgeMap>
<edgeMap>
<xCoord>382</xCoord>
<yCoord>323</yCoord>
</edgeMap>
<edgeMap>
<xCoord>382</xCoord>
<yCoord>324</yCoord>
</edgeMap>
<edgeMap>
<xCoord>383</xCoord>
<yCoord>325</yCoord>
</edgeMap>
<edgeMap>
<xCoord>384</xCoord>
<yCoord>325</yCoord>
</edgeMap>
<edgeMap>
<xCoord>385</xCoord>
<yCoord>325</yCoord>
</edgeMap>
<edgeMap>
<xCoord>386</xCoord>
<yCoord>325</yCoord>
</edgeMap>
<edgeMap>
<xCoord>387</xCoord>
<yCoord>325</yCoord>
</edgeMap>
</roi>
<roi>
<imageZposition>-86.75</imageZposition>
<imageSOP_UID>1.3.6.1.4.1.14519.5.2.1.6279.6001.236500457660637431411145030256</imageSOP_UID>
<inclusion>TRUE</inclusion>
<edgeMap>
<xCoord>386</xCoord>
<yCoord>325</yCoord>
</edgeMap>
<edgeMap>
<xCoord>387</xCoord>
<yCoord>324</yCoord>
</edgeMap>
<edgeMap>
<xCoord>388</xCoord>
<yCoord>323</yCoord>
</edgeMap>
<edgeMap>
<xCoord>389</xCoord>
<yCoord>322</yCoord>
</edgeMap>
<edgeMap>
<xCoord>389</xCoord>
<yCoord>321</yCoord>
</edgeMap>
<edgeMap>
<xCoord>388</xCoord>
<yCoord>320</yCoord>
</edgeMap>
<edgeMap>
<xCoord>387</xCoord>
<yCoord>320</yCoord>
</edgeMap>
<edgeMap>
<xCoord>386</xCoord>
<yCoord>320</yCoord>
</edgeMap>
<edgeMap>
<xCoord>385</xCoord>
<yCoord>320</yCoord>
</edgeMap>
<edgeMap>
<xCoord>384</xCoord>
<yCoord>320</yCoord>
</edgeMap>
<edgeMap>
<xCoord>383</xCoord>
<yCoord>321</yCoord>
</edgeMap>
<edgeMap>
<xCoord>383</xCoord>
<yCoord>322</yCoord>
</edgeMap>
<edgeMap>
<xCoord>383</xCoord>
<yCoord>323</yCoord>
</edgeMap>
<edgeMap>
<xCoord>383</xCoord>
<yCoord>324</yCoord>
</edgeMap>
<edgeMap>
<xCoord>384</xCoord>
<yCoord>325</yCoord>
</edgeMap>
<edgeMap>
<xCoord>385</xCoord>
<yCoord>325</yCoord>
</edgeMap>
<edgeMap>
<xCoord>386</xCoord>
<yCoord>325</yCoord>
</edgeMap>
</roi>
<roi>
<imageZposition>-88.0</imageZposition>
<imageSOP_UID>1.3.6.1.4.1.14519.5.2.1.6279.6001.329339482744440904294392926761</imageSOP_UID>
<inclusion>TRUE</inclusion>
<edgeMap>
<xCoord>385</xCoord>
<yCoord>321</yCoord>
</edgeMap>
<edgeMap>
<xCoord>386</xCoord>
<yCoord>322</yCoord>
</edgeMap>
<edgeMap>
<xCoord>386</xCoord>
<yCoord>323</yCoord>
</edgeMap>
<edgeMap>
<xCoord>385</xCoord>
<yCoord>324</yCoord>
</edgeMap>
<edgeMap>
<xCoord>384</xCoord>
<yCoord>323</yCoord>
</edgeMap>
<edgeMap>
<xCoord>384</xCoord>
<yCoord>322</yCoord>
</edgeMap>
<edgeMap>
<xCoord>385</xCoord>
<yCoord>321</yCoord>
</edgeMap>
</roi>
</unblindedReadNodule>
<unblindedReadNodule>
<noduleID>0174</noduleID>
<characteristics>
<subtlety>3</subtlety>
<internalStructure>1</internalStructure>
<calcification>6</calcification>
<sphericity>4</sphericity>
<margin>1</margin>
<lobulation>2</lobulation>
<spiculation>1</spiculation>
<texture>3</texture>
<malignancy>2</malignancy>
</characteristics>
<roi>
<imageZposition>-123.0</imageZposition>
<imageSOP_UID>1.3.6.1.4.1.14519.5.2.1.6279.6001.479514527800262826869286640758</imageSOP_UID>
<inclusion>TRUE</inclusion>
<edgeMap>
<xCoord>294</xCoord>
<yCoord>396</yCoord>
</edgeMap>
<edgeMap>
<xCoord>295</xCoord>
<yCoord>395</yCoord>
</edgeMap>
<edgeMap>
<xCoord>296</xCoord>
<yCoord>394</yCoord>
</edgeMap>
<edgeMap>
<xCoord>297</xCoord>
<yCoord>394</yCoord>
</edgeMap>
<edgeMap>
<xCoord>298</xCoord>
<yCoord>393</yCoord>
</edgeMap>
<edgeMap>
<xCoord>299</xCoord>
<yCoord>392</yCoord>
</edgeMap>
<edgeMap>
<xCoord>299</xCoord>
<yCoord>391</yCoord>
</edgeMap>
<edgeMap>
<xCoord>299</xCoord>
<yCoord>390</yCoord>
</edgeMap>
<edgeMap>
<xCoord>298</xCoord>
<yCoord>390</yCoord>
</edgeMap>
<edgeMap>
<xCoord>297</xCoord>
<yCoord>389</yCoord>
</edgeMap>
<edgeMap>
<xCoord>296</xCoord>
<yCoord>388</yCoord>
</edgeMap>
<edgeMap>
<xCoord>295</xCoord>
<yCoord>388</yCoord>
</edgeMap>
<edgeMap>
<xCoord>294</xCoord>
<yCoord>388</yCoord>
</edgeMap>
<edgeMap>
<xCoord>293</xCoord>
<yCoord>388</yCoord>
</edgeMap>
<edgeMap>
<xCoord>292</xCoord>
<yCoord>389</yCoord>
</edgeMap>
<edgeMap>
<xCoord>291</xCoord>
<yCoord>390</yCoord>
</edgeMap>
<edgeMap>
<xCoord>291</xCoord>
<yCoord>391</yCoord>
</edgeMap>
<edgeMap>
<xCoord>291</xCoord>
<yCoord>392</yCoord>
</edgeMap>
<edgeMap>
<xCoord>291</xCoord>
<yCoord>393</yCoord>
</edgeMap>
<edgeMap>
<xCoord>291</xCoord>
<yCoord>394</yCoord>
</edgeMap>
<edgeMap>
<xCoord>292</xCoord>
<yCoord>395</yCoord>
</edgeMap>
<edgeMap>
<xCoord>292</xCoord>
<yCoord>396</yCoord>
</edgeMap>
<edgeMap>
<xCoord>293</xCoord>
<yCoord>396</yCoord>
</edgeMap>
<edgeMap>
<xCoord>294</xCoord>
<yCoord>396</yCoord>
</edgeMap>
</roi>
<roi>
<imageZposition>-124.25</imageZposition>
<imageSOP_UID>1.3.6.1.4.1.14519.5.2.1.6279.6001.211117782258214256212410240802</imageSOP_UID>
<inclusion>TRUE</inclusion>
<edgeMap>
<xCoord>295</xCoord>
<yCoord>396</yCoord>
</edgeMap>
<edgeMap>
<xCoord>296</xCoord>
<yCoord>395</yCoord>
</edgeMap>
<edgeMap>
<xCoord>297</xCoord>
<yCoord>395</yCoord>
</edgeMap>
<edgeMap>
<xCoord>298</xCoord>
<yCoord>394</yCoord>
</edgeMap>
<edgeMap>
<xCoord>298</xCoord>
<yCoord>393</yCoord>
</edgeMap>
<edgeMap>
<xCoord>298</xCoord>
<yCoord>392</yCoord>
</edgeMap>
<edgeMap>
<xCoord>298</xCoord>
<yCoord>391</yCoord>
</edgeMap>
<edgeMap>
<xCoord>297</xCoord>
<yCoord>390</yCoord>
</edgeMap>
<edgeMap>
<xCoord>297</xCoord>
<yCoord>389</yCoord>
</edgeMap>
<edgeMap>
<xCoord>296</xCoord>
<yCoord>389</yCoord>
</edgeMap>
<edgeMap>
<xCoord>295</xCoord>
<yCoord>388</yCoord>
</edgeMap>
<edgeMap>
<xCoord>294</xCoord>
<yCoord>388</yCoord>
</edgeMap>
<edgeMap>
<xCoord>293</xCoord>
<yCoord>389</yCoord>
</edgeMap>
<edgeMap>
<xCoord>292</xCoord>
<yCoord>390</yCoord>
</edgeMap>
<edgeMap>
<xCoord>291</xCoord>
<yCoord>391</yCoord>
</edgeMap>
<edgeMap>
<xCoord>290</xCoord>
<yCoord>392</yCoord>
</edgeMap>
<edgeMap>
<xCoord>290</xCoord>
<yCoord>393</yCoord>
</edgeMap>
<edgeMap>
<xCoord>290</xCoord>
<yCoord>394</yCoord>
</edgeMap>
<edgeMap>
<xCoord>291</xCoord>
<yCoord>395</yCoord>
</edgeMap>
<edgeMap>
<xCoord>292</xCoord>
<yCoord>396</yCoord>
</edgeMap>
<edgeMap>
<xCoord>293</xCoord>
<yCoord>396</yCoord>
</edgeMap>
<edgeMap>
<xCoord>294</xCoord>
<yCoord>396</yCoord>
</edgeMap>
<edgeMap>
<xCoord>295</xCoord>
<yCoord>396</yCoord>
</edgeMap>
</roi>
<roi>
<imageZposition>-125.5</imageZposition>
<imageSOP_UID>1.3.6.1.4.1.14519.5.2.1.6279.6001.977725049809181181576230164046</imageSOP_UID>
<inclusion>TRUE</inclusion>
<edgeMap>
<xCoord>294</xCoord>
<yCoord>397</yCoord>
</edgeMap>
<edgeMap>
<xCoord>295</xCoord>
<yCoord>396</yCoord>
</edgeMap>
<edgeMap>
<xCoord>295</xCoord>
<yCoord>395</yCoord>
</edgeMap>
<edgeMap>
<xCoord>295</xCoord>
<yCoord>394</yCoord>
</edgeMap>
<edgeMap>
<xCoord>295</xCoord>
<yCoord>393</yCoord>
</edgeMap>
<edgeMap>
<xCoord>295</xCoord>
<yCoord>392</yCoord>
</edgeMap>
<edgeMap>
<xCoord>295</xCoord>
<yCoord>391</yCoord>
</edgeMap>
<edgeMap>
<xCoord>294</xCoord>
<yCoord>391</yCoord>
</edgeMap>
<edgeMap>
<xCoord>293</xCoord>
<yCoord>391</yCoord>
</edgeMap>
<edgeMap>
<xCoord>292</xCoord>
<yCoord>392</yCoord>
</edgeMap>
<edgeMap>
<xCoord>291</xCoord>
<yCoord>392</yCoord>
</edgeMap>
<edgeMap>
<xCoord>291</xCoord>
<yCoord>393</yCoord>
</edgeMap>
<edgeMap>
<xCoord>291</xCoord>
<yCoord>394</yCoord>
</edgeMap>
<edgeMap>
<xCoord>292</xCoord>
<yCoord>395</yCoord>
</edgeMap>
<edgeMap>
<xCoord>293</xCoord>
<yCoord>395</yCoord>
</edgeMap>
<edgeMap>
<xCoord>294</xCoord>
<yCoord>396</yCoord>
</edgeMap>
<edgeMap>
<xCoord>294</xCoord>
<yCoord>397</yCoord>
</edgeMap>
</roi>
</unblindedReadNodule>
<unblindedReadNodule>
<noduleID>0184</noduleID>
<roi>
<imageZposition>-79.25</imageZposition>
<imageSOP_UID>1.3.6.1.4.1.14519.5.2.1.6279.6001.284964709364440066791525571215</imageSOP_UID>
<inclusion>TRUE</inclusion>
<edgeMap>
<xCoord>346</xCoord>
<yCoord>335</yCoord>
</edgeMap>
</roi>
</unblindedReadNodule>
<nonNodule>
<nonNoduleID>0183</nonNoduleID>
<imageZposition>-211.75</imageZposition>
<imageSOP_UID>1.3.6.1.4.1.14519.5.2.1.6279.6001.250018578181809603860701379540</imageSOP_UID>
<locus>
<xCoord>200</xCoord>
<yCoord>396</yCoord>
</locus>
</nonNodule>
<nonNodule>
<nonNoduleID>0185</nonNoduleID>
<imageZposition>-198.0</imageZposition>
<imageSOP_UID>1.3.6.1.4.1.14519.5.2.1.6279.6001.738107043417458498857205916535</imageSOP_UID>
<locus>
<xCoord>150</xCoord>
<yCoord>356</yCoord>
</locus>
</nonNodule>
<nonNodule>
<nonNoduleID>0186</nonNoduleID>
<imageZposition>-184.25</imageZposition>
<imageSOP_UID>1.3.6.1.4.1.14519.5.2.1.6279.6001.130926956688906289371842598577</imageSOP_UID>
<locus>
<xCoord>179</xCoord>
<yCoord>275</yCoord>
</locus>
</nonNodule>
<nonNodule>
<nonNoduleID>0187</nonNoduleID>
<imageZposition>-15.5</imageZposition>
<imageSOP_UID>1.3.6.1.4.1.14519.5.2.1.6279.6001.190756411838001952880487396905</imageSOP_UID>
<locus>
<xCoord>304</xCoord>
<yCoord>286</yCoord>
</locus>
</nonNodule>
<nonNodule>
<nonNoduleID>0173</nonNoduleID>
<imageZposition>-170.5</imageZposition>
<imageSOP_UID>1.3.6.1.4.1.14519.5.2.1.6279.6001.336719596574432557676789048280</imageSOP_UID>
<locus>
<xCoord>395</xCoord>
<yCoord>346</yCoord>
</locus>
</nonNodule>
<nonNodule>
<nonNoduleID>0179</nonNoduleID>
<imageZposition>-138.0</imageZposition>
<imageSOP_UID>1.3.6.1.4.1.14519.5.2.1.6279.6001.277369208323259852297875852624</imageSOP_UID>
<locus>
<xCoord>383</xCoord>
<yCoord>361</yCoord>
</locus>
</nonNodule>
<nonNodule>
<nonNoduleID>0181</nonNoduleID>
<imageZposition>-29.25</imageZposition>
<imageSOP_UID>1.3.6.1.4.1.14519.5.2.1.6279.6001.933052443666567566578919837173</imageSOP_UID>
<locus>
<xCoord>195</xCoord>
<yCoord>266</yCoord>
</locus>
</nonNodule>
<nonNodule>
<nonNoduleID>0188</nonNoduleID>
<imageZposition>-31.75</imageZposition>
<imageSOP_UID>1.3.6.1.4.1.14519.5.2.1.6279.6001.658699431721171710195330715012</imageSOP_UID>
<locus>
<xCoord>195</xCoord>
<yCoord>263</yCoord>
</locus>
</nonNodule>
<nonNodule>
<nonNoduleID>0190</nonNoduleID>
<imageZposition>-204.25</imageZposition>
<imageSOP_UID>1.3.6.1.4.1.14519.5.2.1.6279.6001.161617244006970505598364363168</imageSOP_UID>
<locus>
<xCoord>204</xCoord>
<yCoord>393</yCoord>
</locus>
</nonNodule>
</readingSession>
  <readingSession>
    <annotationVersion>3.12</annotationVersion>
<servicingRadiologistID>anon</servicingRadiologistID>
    <unblindedReadNodule>
      <noduleID>Nodule 007</noduleID>
      <characteristics>
        <subtlety>2</subtlety>
        <internalStructure>1</internalStructure>
        <calcification>6</calcification>
        <sphericity>3</sphericity>
        <margin>5</margin>
        <lobulation>1</lobulation>
        <spiculation>1</spiculation>
        <texture>5</texture>
        <malignancy>3</malignancy>
      </characteristics>
      <roi>
        <imageZposition>-171.750000 </imageZposition>
        <imageSOP_UID>1.3.6.1.4.1.14519.5.2.1.6279.6001.253507307948511238396321851030</imageSOP_UID>
        <inclusion>TRUE</inclusion>
        <edgeMap>
          <xCoord>395</xCoord>
          <yCoord>342</yCoord>
        </edgeMap>
        <edgeMap>
          <xCoord>394</xCoord>
          <yCoord>343</yCoord>
        </edgeMap>
        <edgeMap>
          <xCoord>393</xCoord>
          <yCoord>344</yCoord>
        </edgeMap>
        <edgeMap>
          <xCoord>393</xCoord>
          <yCoord>345</yCoord>
        </edgeMap>
        <edgeMap>
          <xCoord>392</xCoord>
          <yCoord>346</yCoord>
        </edgeMap>
        <edgeMap>
          <xCoord>392</xCoord>
          <yCoord>347</yCoord>
        </edgeMap>
        <edgeMap>
          <xCoord>393</xCoord>
          <yCoord>348</yCoord>
        </edgeMap>
        <edgeMap>
          <xCoord>394</xCoord>
          <yCoord>349</yCoord>
        </edgeMap>
        <edgeMap>
          <xCoord>395</xCoord>
          <yCoord>350</yCoord>
        </edgeMap>
        <edgeMap>
          <xCoord>396</xCoord>
          <yCoord>350</yCoord>
        </edgeMap>
        <edgeMap>
          <xCoord>397</xCoord>
          <yCoord>350</yCoord>
        </edgeMap>
        <edgeMap>
          <xCoord>398</xCoord>
          <yCoord>350</yCoord>
        </edgeMap>
        <edgeMap>
          <xCoord>399</xCoord>
          <yCoord>349</yCoord>
        </edgeMap>
        <edgeMap>
          <xCoord>400</xCoord>
          <yCoord>349</yCoord>
        </edgeMap>
        <edgeMap>
          <xCoord>401</xCoord>
          <yCoord>348</yCoord>
        </edgeMap>
        <edgeMap>
          <xCoord>400</xCoord>
          <yCoord>347</yCoord>
        </edgeMap>
        <edgeMap>
          <xCoord>400</xCoord>
          <yCoord>346</yCoord>
        </edgeMap>
        <edgeMap>
          <xCoord>400</xCoord>
          <yCoord>345</yCoord>
        </edgeMap>
        <edgeMap>
          <xCoord>400</xCoord>
          <yCoord>344</yCoord>
        </edgeMap>
        <edgeMap>
          <xCoord>399</xCoord>
          <yCoord>343</yCoord>
        </edgeMap>
        <edgeMap>
          <xCoord>398</xCoord>
          <yCoord>342</yCoord>
        </edgeMap>
        <edgeMap>
          <xCoord>397</xCoord>
          <yCoord>342</yCoord>
        </edgeMap>
        <edgeMap>
          <xCoord>396</xCoord>
          <yCoord>342</yCoord>
        </edgeMap>
        <edgeMap>
          <xCoord>395</xCoord>
          <yCoord>342</yCoord>
        </edgeMap>
      </roi>
      <roi>
        <imageZposition>-170.500000 </imageZposition>
        <imageSOP_UID>1.3.6.1.4.1.14519.5.2.1.6279.6001.336719596574432557676789048280</imageSOP_UID>
        <inclusion>TRUE</inclusion>
        <edgeMap>
          <xCoord>394</xCoord>
          <yCoord>340</yCoord>
        </edgeMap>
        <edgeMap>
          <xCoord>393</xCoord>
          <yCoord>341</yCoord>
        </edgeMap>
        <edgeMap>
          <xCoord>392</xCoord>
          <yCoord>342</yCoord>
        </edgeMap>
        <edgeMap>
          <xCoord>391</xCoord>
          <yCoord>342</yCoord>
        </edgeMap>
        <edgeMap>
          <xCoord>390</xCoord>
          <yCoord>343</yCoord>
        </edgeMap>
        <edgeMap>
          <xCoord>390</xCoord>
          <yCoord>344</yCoord>
        </edgeMap>
        <edgeMap>
          <xCoord>389</xCoord>
          <yCoord>345</yCoord>
        </edgeMap>
        <edgeMap>
          <xCoord>389</xCoord>
          <yCoord>346</yCoord>
        </edgeMap>
        <edgeMap>
          <xCoord>389</xCoord>
          <yCoord>347</yCoord>
        </edgeMap>
        <edgeMap>
          <xCoord>390</xCoord>
          <yCoord>348</yCoord>
        </edgeMap>
        <edgeMap>
          <xCoord>391</xCoord>
          <yCoord>349</yCoord>
        </edgeMap>
        <edgeMap>
          <xCoord>392</xCoord>
          <yCoord>350</yCoord>
        </edgeMap>
        <edgeMap>
          <xCoord>393</xCoord>
          <yCoord>350</yCoord>
        </edgeMap>
        <edgeMap>
          <xCoord>394</xCoord>
          <yCoord>351</yCoord>
        </edgeMap>
        <edgeMap>
          <xCoord>395</xCoord>
          <yCoord>351</yCoord>
        </edgeMap>
        <edgeMap>
          <xCoord>396</xCoord>
          <yCoord>351</yCoord>
        </edgeMap>
        <edgeMap>
          <xCoord>397</xCoord>
          <yCoord>350</yCoord>
        </edgeMap>
        <edgeMap>
          <xCoord>398</xCoord>
          <yCoord>349</yCoord>
        </edgeMap>
        <edgeMap>
          <xCoord>399</xCoord>
          <yCoord>348</yCoord>
        </edgeMap>
        <edgeMap>
          <xCoord>399</xCoord>
          <yCoord>347</yCoord>
        </edgeMap>
        <edgeMap>
          <xCoord>399</xCoord>
          <yCoord>346</yCoord>
        </edgeMap>
        <edgeMap>
          <xCoord>399</xCoord>
          <yCoord>345</yCoord>
        </edgeMap>
        <edgeMap>
          <xCoord>399</xCoord>
          <yCoord>344</yCoord>
        </edgeMap>
        <edgeMap>
          <xCoord>399</xCoord>
          <yCoord>343</yCoord>
        </edgeMap>
        <edgeMap>
          <xCoord>398</xCoord>
          <yCoord>342</yCoord>
        </edgeMap>
        <edgeMap>
          <xCoord>398</xCoord>
          <yCoord>341</yCoord>
        </edgeMap>
        <edgeMap>
          <xCoord>397</xCoord>
          <yCoord>340</yCoord>
        </edgeMap>
        <edgeMap>
          <xCoord>396</xCoord>
          <yCoord>340</yCoord>
        </edgeMap>
        <edgeMap>
          <xCoord>395</xCoord>
          <yCoord>340</yCoord>
        </edgeMap>
        <edgeMap>
          <xCoord>394</xCoord>
          <yCoord>340</yCoord>
        </edgeMap>
      </roi>
      <roi>
        <imageZposition>-169.250000 </imageZposition>
        <imageSOP_UID>1.3.6.1.4.1.14519.5.2.1.6279.6001.264098857829276650280992589880</imageSOP_UID>
        <inclusion>TRUE</inclusion>
        <edgeMap>
          <xCoord>393</xCoord>
          <yCoord>341</yCoord>
        </edgeMap>
        <edgeMap>
          <xCoord>392</xCoord>
          <yCoord>342</yCoord>
        </edgeMap>
        <edgeMap>
          <xCoord>392</xCoord>
          <yCoord>343</yCoord>
        </edgeMap>
        <edgeMap>
          <xCoord>391</xCoord>
          <yCoord>344</yCoord>
        </edgeMap>
        <edgeMap>
          <xCoord>391</xCoord>
          <yCoord>345</yCoord>
        </edgeMap>
        <edgeMap>
          <xCoord>391</xCoord>
          <yCoord>346</yCoord>
        </edgeMap>
        <edgeMap>
          <xCoord>391</xCoord>
          <yCoord>347</yCoord>
        </edgeMap>
        <edgeMap>
          <xCoord>391</xCoord>
          <yCoord>348</yCoord>
        </edgeMap>
        <edgeMap>
          <xCoord>391</xCoord>
          <yCoord>349</yCoord>
        </edgeMap>
        <edgeMap>
          <xCoord>392</xCoord>
          <yCoord>350</yCoord>
        </edgeMap>
        <edgeMap>
          <xCoord>392</xCoord>
          <yCoord>351</yCoord>
        </edgeMap>
        <edgeMap>
          <xCoord>393</xCoord>
          <yCoord>352</yCoord>
        </edgeMap>
        <edgeMap>
          <xCoord>394</xCoord>
          <yCoord>353</yCoord>
        </edgeMap>
        <edgeMap>
          <xCoord>395</xCoord>
          <yCoord>353</yCoord>
        </edgeMap>
        <edgeMap>
          <xCoord>396</xCoord>
          <yCoord>353</yCoord>
        </edgeMap>
        <edgeMap>
          <xCoord>397</xCoord>
          <yCoord>353</yCoord>
        </edgeMap>
        <edgeMap>
          <xCoord>398</xCoord>
          <yCoord>352</yCoord>
        </edgeMap>
        <edgeMap>
          <xCoord>399</xCoord>
          <yCoord>351</yCoord>
        </edgeMap>
        <edgeMap>
          <xCoord>400</xCoord>
          <yCoord>350</yCoord>
        </edgeMap>
        <edgeMap>
          <xCoord>400</xCoord>
          <yCoord>349</yCoord>
        </edgeMap>
        <edgeMap>
          <xCoord>400</xCoord>
          <yCoord>348</yCoord>
        </edgeMap>
        <edgeMap>
          <xCoord>400</xCoord>
          <yCoord>347</yCoord>
        </edgeMap>
        <edgeMap>
          <xCoord>400</xCoord>
          <yCoord>346</yCoord>
        </edgeMap>
        <edgeMap>
          <xCoord>400</xCoord>
          <yCoord>345</yCoord>
        </edgeMap>
        <edgeMap>
          <xCoord>399</xCoord>
          <yCoord>344</yCoord>
        </edgeMap>
        <edgeMap>
          <xCoord>399</xCoord>
          <yCoord>343</yCoord>
        </edgeMap>
        <edgeMap>
          <xCoord>399</xCoord>
          <yCoord>342</yCoord>
        </edgeMap>
        <edgeMap>
          <xCoord>398</xCoord>
          <yCoord>341</yCoord>
        </edgeMap>
        <edgeMap>
          <xCoord>397</xCoord>
          <yCoord>341</yCoord>
        </edgeMap>
        <edgeMap>
          <xCoord>396</xCoord>
          <yCoord>341</yCoord>
        </edgeMap>
        <edgeMap>
          <xCoord>395</xCoord>
          <yCoord>341</yCoord>
        </edgeMap>
        <edgeMap>
          <xCoord>394</xCoord>
          <yCoord>341</yCoord>
        </edgeMap>
        <edgeMap>
          <xCoord>393</xCoord>
          <yCoord>341</yCoord>
        </edgeMap>
      </roi>
    </unblindedReadNodule>
    <unblindedReadNodule>
      <noduleID>Nodule 003</noduleID>
      <characteristics>
        <subtlety>3</subtlety>
        <internalStructure>1</internalStructure>
        <calcification>6</calcification>
        <sphericity>4</sphericity>
        <margin>5</margin>
        <lobulation>1</lobulation>
        <spiculation>1</spiculation>
        <texture>5</texture>
        <malignancy>2</malignancy>
      </characteristics>
      <roi>
        <imageZposition>-138.000000 </imageZposition>
        <imageSOP_UID>1.3.6.1.4.1.14519.5.2.1.6279.6001.277369208323259852297875852624</imageSOP_UID>
        <inclusion>TRUE</inclusion>
        <edgeMap>
          <xCoord>381</xCoord>
          <yCoord>356</yCoord>
        </edgeMap>
        <edgeMap>
          <xCoord>380</xCoord>
          <yCoord>357</yCoord>
        </edgeMap>
        <edgeMap>
          <xCoord>379</xCoord>
          <yCoord>358</yCoord>
        </edgeMap>
        <edgeMap>
          <xCoord>378</xCoord>
          <yCoord>359</yCoord>
        </edgeMap>
        <edgeMap>
          <xCoord>379</xCoord>
          <yCoord>360</yCoord>
        </edgeMap>
        <edgeMap>
          <xCoord>379</xCoord>
          <yCoord>361</yCoord>
        </edgeMap>
        <edgeMap>
          <xCoord>380</xCoord>
          <yCoord>362</yCoord>
        </edgeMap>
        <edgeMap>
          <xCoord>381</xCoord>
          <yCoord>363</yCoord>
        </edgeMap>
        <edgeMap>
          <xCoord>382</xCoord>
          <yCoord>363</yCoord>
        </edgeMap>
        <edgeMap>
          <xCoord>383</xCoord>
          <yCoord>363</yCoord>
        </edgeMap>
        <edgeMap>
          <xCoord>384</xCoord>
          <yCoord>363</yCoord>
        </edgeMap>
        <edgeMap>
          <xCoord>385</xCoord>
          <yCoord>363</yCoord>
        </edgeMap>
        <edgeMap>
          <xCoord>386</xCoord>
          <yCoord>363</yCoord>
        </edgeMap>
        <edgeMap>
          <xCoord>387</xCoord>
          <yCoord>362</yCoord>
        </edgeMap>
        <edgeMap>
          <xCoord>387</xCoord>
          <yCoord>361</yCoord>
        </edgeMap>
        <edgeMap>
          <xCoord>387</xCoord>
          <yCoord>360</yCoord>
        </edgeMap>
        <edgeMap>
          <xCoord>386</xCoord>
          <yCoord>359</yCoord>
        </edgeMap>
        <edgeMap>
          <xCoord>386</xCoord>
          <yCoord>358</yCoord>
        </edgeMap>
        <edgeMap>
          <xCoord>385</xCoord>
          <yCoord>357</yCoord>
        </edgeMap>
        <edgeMap>
          <xCoord>384</xCoord>
          <yCoord>356</yCoord>
        </edgeMap>
        <edgeMap>
          <xCoord>383</xCoord>
          <yCoord>356</yCoord>
        </edgeMap>
        <edgeMap>
          <xCoord>382</xCoord>
          <yCoord>356</yCoord>
        </edgeMap>
        <edgeMap>
          <xCoord>381</xCoord>
          <yCoord>356</yCoord>
        </edgeMap>
      </roi>
      <roi>
        <imageZposition>-136.750000 </imageZposition>
        <imageSOP_UID>1.3.6.1.4.1.14519.5.2.1.6279.6001.221502675301929286138491663975</imageSOP_UID>
        <inclusion>TRUE</inclusion>
        <edgeMap>
          <xCoord>382</xCoord>
          <yCoord>359</yCoord>
        </edgeMap>
        <edgeMap>
          <xCoord>381</xCoord>
          <yCoord>360</yCoord>
        </edgeMap>
        <edgeMap>
          <xCoord>381</xCoord>
          <yCoord>361</yCoord>
        </edgeMap>
        <edgeMap>
          <xCoord>382</xCoord>
          <yCoord>362</yCoord>
        </edgeMap>
        <edgeMap>
          <xCoord>383</xCoord>
          <yCoord>363</yCoord>
        </edgeMap>
        <edgeMap>
          <xCoord>384</xCoord>
          <yCoord>363</yCoord>
        </edgeMap>
        <edgeMap>
          <xCoord>385</xCoord>
          <yCoord>363</yCoord>
        </edgeMap>
        <edgeMap>
          <xCoord>386</xCoord>
          <yCoord>362</yCoord>
        </edgeMap>
        <edgeMap>
          <xCoord>387</xCoord>
          <yCoord>361</yCoord>
        </edgeMap>
        <edgeMap>
          <xCoord>386</xCoord>
          <yCoord>360</yCoord>
        </edgeMap>
        <edgeMap>
          <xCoord>385</xCoord>
          <yCoord>359</yCoord>
        </edgeMap>
        <edgeMap>
          <xCoord>384</xCoord>
          <yCoord>359</yCoord>
        </edgeMap>
        <edgeMap>
          <xCoord>383</xCoord>
          <yCoord>359</yCoord>
        </edgeMap>
        <edgeMap>
          <xCoord>382</xCoord>
          <yCoord>359</yCoord>
        </edgeMap>
      </roi>
    </unblindedReadNodule>
    <unblindedReadNodule>
      <noduleID>Nodule 002</noduleID>
      <characteristics>
        <subtlety>3</subtlety>
        <internalStructure>1</internalStructure>
        <calcification>6</calcification>
        <sphericity>4</sphericity>
        <margin>5</margin>
        <lobulation>1</lobulation>
        <spiculation>1</spiculation>
        <texture>5</texture>
        <malignancy>2</malignancy>
      </characteristics>
      <roi>
        <imageZposition>-124.250000 </imageZposition>
        <imageSOP_UID>1.3.6.1.4.1.14519.5.2.1.6279.6001.211117782258214256212410240802</imageSOP_UID>
        <inclusion>TRUE</inclusion>
        <edgeMap>
          <xCoord>292</xCoord>
          <yCoord>388</yCoord>
        </edgeMap>
        <edgeMap>
          <xCoord>291</xCoord>
          <yCoord>389</yCoord>
        </edgeMap>
        <edgeMap>
          <xCoord>290</xCoord>
          <yCoord>390</yCoord>
        </edgeMap>
        <edgeMap>
          <xCoord>290</xCoord>
          <yCoord>391</yCoord>
        </edgeMap>
        <edgeMap>
          <xCoord>290</xCoord>
          <yCoord>392</yCoord>
        </edgeMap>
        <edgeMap>
          <xCoord>291</xCoord>
          <yCoord>393</yCoord>
        </edgeMap>
        <edgeMap>
          <xCoord>291</xCoord>
          <yCoord>394</yCoord>
        </edgeMap>
        <edgeMap>
          <xCoord>292</xCoord>
          <yCoord>395</yCoord>
        </edgeMap>
        <edgeMap>
          <xCoord>293</xCoord>
          <yCoord>395</yCoord>
        </edgeMap>
        <edgeMap>
          <xCoord>294</xCoord>
          <yCoord>395</yCoord>
        </edgeMap>
        <edgeMap>
          <xCoord>295</xCoord>
          <yCoord>395</yCoord>
        </edgeMap>
        <edgeMap>
          <xCoord>296</xCoord>
          <yCoord>394</yCoord>
        </edgeMap>
        <edgeMap>
          <xCoord>296</xCoord>
          <yCoord>393</yCoord>
        </edgeMap>
        <edgeMap>
          <xCoord>297</xCoord>
          <yCoord>392</yCoord>
        </edgeMap>
        <edgeMap>
          <xCoord>296</xCoord>
          <yCoord>391</yCoord>
        </edgeMap>
        <edgeMap>
          <xCoord>296</xCoord>
          <yCoord>390</yCoord>
        </edgeMap>
        <edgeMap>
          <xCoord>295</xCoord>
          <yCoord>389</yCoord>
        </edgeMap>
        <edgeMap>
          <xCoord>294</xCoord>
          <yCoord>388</yCoord>
        </edgeMap>
        <edgeMap>
          <xCoord>293</xCoord>
          <yCoord>388</yCoord>
        </edgeMap>
        <edgeMap>
          <xCoord>292</xCoord>
          <yCoord>388</yCoord>
        </edgeMap>
      </roi>
      <roi>
        <imageZposition>-123.000000 </imageZposition>
        <imageSOP_UID>1.3.6.1.4.1.14519.5.2.1.6279.6001.479514527800262826869286640758</imageSOP_UID>
        <inclusion>TRUE</inclusion>
        <edgeMap>
          <xCoord>292</xCoord>
          <yCoord>388</yCoord>
        </edgeMap>
        <edgeMap>
          <xCoord>291</xCoord>
          <yCoord>389</yCoord>
        </edgeMap>
        <edgeMap>
          <xCoord>290</xCoord>
          <yCoord>390</yCoord>
        </edgeMap>
        <edgeMap>
          <xCoord>290</xCoord>
          <yCoord>391</yCoord>
        </edgeMap>
        <edgeMap>
          <xCoord>290</xCoord>
          <yCoord>392</yCoord>
        </edgeMap>
        <edgeMap>
          <xCoord>291</xCoord>
          <yCoord>393</yCoord>
        </edgeMap>
        <edgeMap>
          <xCoord>291</xCoord>
          <yCoord>394</yCoord>
        </edgeMap>
        <edgeMap>
          <xCoord>292</xCoord>
          <yCoord>395</yCoord>
        </edgeMap>
        <edgeMap>
          <xCoord>293</xCoord>
          <yCoord>395</yCoord>
        </edgeMap>
        <edgeMap>
          <xCoord>294</xCoord>
          <yCoord>395</yCoord>
        </edgeMap>
        <edgeMap>
          <xCoord>295</xCoord>
          <yCoord>395</yCoord>
        </edgeMap>
        <edgeMap>
          <xCoord>296</xCoord>
          <yCoord>395</yCoord>
        </edgeMap>
        <edgeMap>
          <xCoord>297</xCoord>
          <yCoord>395</yCoord>
        </edgeMap>
        <edgeMap>
          <xCoord>298</xCoord>
          <yCoord>394</yCoord>
        </edgeMap>
        <edgeMap>
          <xCoord>298</xCoord>
          <yCoord>393</yCoord>
        </edgeMap>
        <edgeMap>
          <xCoord>298</xCoord>
          <yCoord>392</yCoord>
        </edgeMap>
        <edgeMap>
          <xCoord>298</xCoord>
          <yCoord>391</yCoord>
        </edgeMap>
        <edgeMap>
          <xCoord>298</xCoord>
          <yCoord>390</yCoord>
        </edgeMap>
        <edgeMap>
          <xCoord>298</xCoord>
          <yCoord>389</yCoord>
        </edgeMap>
        <edgeMap>
          <xCoord>297</xCoord>
          <yCoord>388</yCoord>
        </edgeMap>
        <edgeMap>
          <xCoord>296</xCoord>
          <yCoord>388</yCoord>
        </edgeMap>
        <edgeMap>
          <xCoord>295</xCoord>
          <yCoord>388</yCoord>
        </edgeMap>
        <edgeMap>
          <xCoord>294</xCoord>
          <yCoord>388</yCoord>
        </edgeMap>
        <edgeMap>
          <xCoord>293</xCoord>
          <yCoord>388</yCoord>
        </edgeMap>
        <edgeMap>
          <xCoord>292</xCoord>
          <yCoord>388</yCoord>
        </edgeMap>
      </roi>
    </unblindedReadNodule>
    <unblindedReadNodule>
      <noduleID>Nodule 001</noduleID>
      <characteristics>
        <subtlety>3</subtlety>
        <internalStructure>1</internalStructure>
        <calcification>3</calcification>
        <sphericity>5</sphericity>
        <margin>5</margin>
        <lobulation>1</lobulation>
        <spiculation>1</spiculation>
        <texture>5</texture>
        <malignancy>1</malignancy>
      </characteristics>
      <roi>
        <imageZposition>-86.750000</imageZposition>
        <imageSOP_UID>1.3.6.1.4.1.14519.5.2.1.6279.6001.236500457660637431411145030256</imageSOP_UID>
        <inclusion>TRUE</inclusion>
        <edgeMap>
          <xCoord>383</xCoord>
          <yCoord>320</yCoord>
        </edgeMap>
        <edgeMap>
          <xCoord>382</xCoord>
          <yCoord>321</yCoord>
        </edgeMap>
        <edgeMap>
          <xCoord>382</xCoord>
          <yCoord>322</yCoord>
        </edgeMap>
        <edgeMap>
          <xCoord>382</xCoord>
          <yCoord>323</yCoord>
        </edgeMap>
        <edgeMap>
          <xCoord>383</xCoord>
          <yCoord>324</yCoord>
        </edgeMap>
        <edgeMap>
          <xCoord>384</xCoord>
          <yCoord>325</yCoord>
        </edgeMap>
        <edgeMap>
          <xCoord>385</xCoord>
          <yCoord>325</yCoord>
        </edgeMap>
        <edgeMap>
          <xCoord>386</xCoord>
          <yCoord>325</yCoord>
        </edgeMap>
        <edgeMap>
          <xCoord>387</xCoord>
          <yCoord>325</yCoord>
        </edgeMap>
        <edgeMap>
          <xCoord>388</xCoord>
          <yCoord>324</yCoord>
        </edgeMap>
        <edgeMap>
          <xCoord>388</xCoord>
          <yCoord>323</yCoord>
        </edgeMap>
        <edgeMap>
          <xCoord>388</xCoord>
          <yCoord>322</yCoord>
        </edgeMap>
        <edgeMap>
          <xCoord>387</xCoord>
          <yCoord>321</yCoord>
        </edgeMap>
        <edgeMap>
          <xCoord>386</xCoord>
          <yCoord>320</yCoord>
        </edgeMap>
        <edgeMap>
          <xCoord>385</xCoord>
          <yCoord>320</yCoord>
        </edgeMap>
        <edgeMap>
          <xCoord>384</xCoord>
          <yCoord>320</yCoord>
        </edgeMap>
        <edgeMap>
          <xCoord>383</xCoord>
          <yCoord>320</yCoord>
        </edgeMap>
      </roi>
      <roi>
        <imageZposition>-85.500000</imageZposition>
        <imageSOP_UID>1.3.6.1.4.1.14519.5.2.1.6279.6001.259506984935222611060557214741</imageSOP_UID>
        <inclusion>TRUE</inclusion>
        <edgeMap>
          <xCoord>384</xCoord>
          <yCoord>319</yCoord>
        </edgeMap>
        <edgeMap>
          <xCoord>383</xCoord>
          <yCoord>320</yCoord>
        </edgeMap>
        <edgeMap>
          <xCoord>382</xCoord>
          <yCoord>321</yCoord>
        </edgeMap>
        <edgeMap>
          <xCoord>381</xCoord>
          <yCoord>322</yCoord>
        </edgeMap>
        <edgeMap>
          <xCoord>382</xCoord>
          <yCoord>323</yCoord>
        </edgeMap>
        <edgeMap>
          <xCoord>383</xCoord>
          <yCoord>324</yCoord>
        </edgeMap>
        <edgeMap>
          <xCoord>384</xCoord>
          <yCoord>324</yCoord>
        </edgeMap>
        <edgeMap>
          <xCoord>385</xCoord>
          <yCoord>325</yCoord>
        </edgeMap>
        <edgeMap>
          <xCoord>386</xCoord>
          <yCoord>325</yCoord>
        </edgeMap>
        <edgeMap>
          <xCoord>387</xCoord>
          <yCoord>325</yCoord>
        </edgeMap>
        <edgeMap>
          <xCoord>388</xCoord>
          <yCoord>325</yCoord>
        </edgeMap>
        <edgeMap>
          <xCoord>389</xCoord>
          <yCoord>324</yCoord>
        </edgeMap>
        <edgeMap>
          <xCoord>389</xCoord>
          <yCoord>323</yCoord>
        </edgeMap>
        <edgeMap>
          <xCoord>389</xCoord>
          <yCoord>322</yCoord>
        </edgeMap>
        <edgeMap>
          <xCoord>389</xCoord>
          <yCoord>321</yCoord>
        </edgeMap>
        <edgeMap>
          <xCoord>388</xCoord>
          <yCoord>320</yCoord>
        </edgeMap>
        <edgeMap>
          <xCoord>387</xCoord>
          <yCoord>319</yCoord>
        </edgeMap>
        <edgeMap>
          <xCoord>386</xCoord>
          <yCoord>319</yCoord>
        </edgeMap>
        <edgeMap>
          <xCoord>385</xCoord>
          <yCoord>319</yCoord>
        </edgeMap>
        <edgeMap>
          <xCoord>384</xCoord>
          <yCoord>319</yCoord>
        </edgeMap>
      </roi>
      <roi>
        <imageZposition>-84.250000</imageZposition>
        <imageSOP_UID>1.3.6.1.4.1.14519.5.2.1.6279.6001.221950205379120744312635611661</imageSOP_UID>
        <inclusion>TRUE</inclusion>
        <edgeMap>
          <xCoord>385</xCoord>
          <yCoord>320</yCoord>
        </edgeMap>
        <edgeMap>
          <xCoord>384</xCoord>
          <yCoord>321</yCoord>
        </edgeMap>
        <edgeMap>
          <xCoord>383</xCoord>
          <yCoord>322</yCoord>
        </edgeMap>
        <edgeMap>
          <xCoord>383</xCoord>
          <yCoord>323</yCoord>
        </edgeMap>
        <edgeMap>
          <xCoord>384</xCoord>
          <yCoord>324</yCoord>
        </edgeMap>
        <edgeMap>
          <xCoord>385</xCoord>
          <yCoord>324</yCoord>
        </edgeMap>
        <edgeMap>
          <xCoord>386</xCoord>
          <yCoord>324</yCoord>
        </edgeMap>
        <edgeMap>
          <xCoord>387</xCoord>
          <yCoord>324</yCoord>
        </edgeMap>
        <edgeMap>
          <xCoord>388</xCoord>
          <yCoord>324</yCoord>
        </edgeMap>
        <edgeMap>
          <xCoord>389</xCoord>
          <yCoord>323</yCoord>
        </edgeMap>
        <edgeMap>
          <xCoord>388</xCoord>
          <yCoord>322</yCoord>
        </edgeMap>
        <edgeMap>
          <xCoord>387</xCoord>
          <yCoord>321</yCoord>
        </edgeMap>
        <edgeMap>
          <xCoord>386</xCoord>
          <yCoord>320</yCoord>
        </edgeMap>
        <edgeMap>
          <xCoord>385</xCoord>
          <yCoord>320</yCoord>
        </edgeMap>
      </roi>
    </unblindedReadNodule>
    <unblindedReadNodule>
      <noduleID>Nodule 004</noduleID>
      <roi>
        <imageZposition>-79.250000</imageZposition>
        <imageSOP_UID>1.3.6.1.4.1.14519.5.2.1.6279.6001.284964709364440066791525571215</imageSOP_UID>
        <inclusion>TRUE</inclusion>
        <edgeMap>
          <xCoord>346</xCoord>
          <yCoord>335</yCoord>
        </edgeMap>
      </roi>
    </unblindedReadNodule>
    <unblindedReadNodule>
      <noduleID>Nodule 005</noduleID>
      <roi>
        <imageZposition>-198.000000 </imageZposition>
        <imageSOP_UID>1.3.6.1.4.1.14519.5.2.1.6279.6001.738107043417458498857205916535</imageSOP_UID>
        <inclusion>TRUE</inclusion>
        <edgeMap>
          <xCoord>150</xCoord>
          <yCoord>356</yCoord>
        </edgeMap>
      </roi>
    </unblindedReadNodule>
    <unblindedReadNodule>
      <noduleID>Nodule 006</noduleID>
      <roi>
        <imageZposition>-184.250000 </imageZposition>
        <imageSOP_UID>1.3.6.1.4.1.14519.5.2.1.6279.6001.130926956688906289371842598577</imageSOP_UID>
        <inclusion>TRUE</inclusion>
        <edgeMap>
          <xCoord>179</xCoord>
          <yCoord>275</yCoord>
        </edgeMap>
      </roi>
    </unblindedReadNodule>
    <nonNodule>
      <nonNoduleID>_Non-nodule 001</nonNoduleID>
      <imageZposition>-31.750000</imageZposition>
      <imageSOP_UID>1.3.6.1.4.1.14519.5.2.1.6279.6001.658699431721171710195330715012</imageSOP_UID>
      <locus>
        <xCoord>195</xCoord>
        <yCoord>263</yCoord>
      </locus>
    </nonNodule>
    <nonNodule>
      <nonNoduleID>_Non-nodule 002</nonNoduleID>
      <imageZposition>-205.500000 </imageZposition>
      <imageSOP_UID>1.3.6.1.4.1.14519.5.2.1.6279.6001.279522331796423694551966804054</imageSOP_UID>
      <locus>
        <xCoord>204</xCoord>
        <yCoord>390</yCoord>
      </locus>
    </nonNodule>
  </readingSession>
<readingSession>
<annotationVersion>3.12</annotationVersion>
<servicingRadiologistID>anon</servicingRadiologistID>
<unblindedReadNodule>
<noduleID>73936</noduleID>
<characteristics>
<subtlety>2</subtlety>
<internalStructure>1</internalStructure>
<calcification>6</calcification>
<sphericity>3</sphericity>
<margin>4</margin>
<lobulation>2</lobulation>
<spiculation>2</spiculation>
<texture>5</texture>
<malignancy>3</malignancy>
</characteristics>
<roi>
<imageZposition>-169.25</imageZposition>
<imageSOP_UID>1.3.6.1.4.1.14519.5.2.1.6279.6001.264098857829276650280992589880</imageSOP_UID>
<inclusion>TRUE</inclusion>
<edgeMap>
<xCoord>397</xCoord>
<yCoord>352</yCoord>
</edgeMap>
<edgeMap>
<xCoord>398</xCoord>
<yCoord>351</yCoord>
</edgeMap>
<edgeMap>
<xCoord>399</xCoord>
<yCoord>351</yCoord>
</edgeMap>
<edgeMap>
<xCoord>400</xCoord>
<yCoord>350</yCoord>
</edgeMap>
<edgeMap>
<xCoord>400</xCoord>
<yCoord>349</yCoord>
</edgeMap>
<edgeMap>
<xCoord>400</xCoord>
<yCoord>348</yCoord>
</edgeMap>
<edgeMap>
<xCoord>400</xCoord>
<yCoord>347</yCoord>
</edgeMap>
<edgeMap>
<xCoord>400</xCoord>
<yCoord>346</yCoord>
</edgeMap>
<edgeMap>
<xCoord>400</xCoord>
<yCoord>345</yCoord>
</edgeMap>
<edgeMap>
<xCoord>400</xCoord>
<yCoord>344</yCoord>
</edgeMap>
<edgeMap>
<xCoord>400</xCoord>
<yCoord>343</yCoord>
</edgeMap>
<edgeMap>
<xCoord>400</xCoord>
<yCoord>342</yCoord>
</edgeMap>
<edgeMap>
<xCoord>400</xCoord>
<yCoord>341</yCoord>
</edgeMap>
<edgeMap>
<xCoord>399</xCoord>
<yCoord>340</yCoord>
</edgeMap>
<edgeMap>
<xCoord>398</xCoord>
<yCoord>340</yCoord>
</edgeMap>
<edgeMap>
<xCoord>397</xCoord>
<yCoord>339</yCoord>
</edgeMap>
<edgeMap>
<xCoord>396</xCoord>
<yCoord>339</yCoord>
</edgeMap>
<edgeMap>
<xCoord>395</xCoord>
<yCoord>339</yCoord>
</edgeMap>
<edgeMap>
<xCoord>394</xCoord>
<yCoord>339</yCoord>
</edgeMap>
<edgeMap>
<xCoord>393</xCoord>
<yCoord>340</yCoord>
</edgeMap>
<edgeMap>
<xCoord>392</xCoord>
<yCoord>341</yCoord>
</edgeMap>
<edgeMap>
<xCoord>391</xCoord>
<yCoord>341</yCoord>
</edgeMap>
<edgeMap>
<xCoord>391</xCoord>
<yCoord>342</yCoord>
</edgeMap>
<edgeMap>
<xCoord>390</xCoord>
<yCoord>343</yCoord>
</edgeMap>
<edgeMap>
<xCoord>390</xCoord>
<yCoord>344</yCoord>
</edgeMap>
<edgeMap>
<xCoord>390</xCoord>
<yCoord>345</yCoord>
</edgeMap>
<edgeMap>
<xCoord>390</xCoord>
<yCoord>346</yCoord>
</edgeMap>
<edgeMap>
<xCoord>390</xCoord>
<yCoord>347</yCoord>
</edgeMap>
<edgeMap>
<xCoord>390</xCoord>
<yCoord>348</yCoord>
</edgeMap>
<edgeMap>
<xCoord>391</xCoord>
<yCoord>349</yCoord>
</edgeMap>
<edgeMap>
<xCoord>392</xCoord>
<yCoord>350</yCoord>
</edgeMap>
<edgeMap>
<xCoord>393</xCoord>
<yCoord>351</yCoord>
</edgeMap>
<edgeMap>
<xCoord>394</xCoord>
<yCoord>352</yCoord>
</edgeMap>
<edgeMap>
<xCoord>395</xCoord>
<yCoord>352</yCoord>
</edgeMap>
<edgeMap>
<xCoord>396</xCoord>
<yCoord>352</yCoord>
</edgeMap>
<edgeMap>
<xCoord>397</xCoord>
<yCoord>352</yCoord>
</edgeMap>
</roi>
<roi>
<imageZposition>-170.5</imageZposition>
<imageSOP_UID>1.3.6.1.4.1.14519.5.2.1.6279.6001.336719596574432557676789048280</imageSOP_UID>
<inclusion>TRUE</inclusion>
<edgeMap>
<xCoord>396</xCoord>
<yCoord>352</yCoord>
</edgeMap>
<edgeMap>
<xCoord>397</xCoord>
<yCoord>351</yCoord>
</edgeMap>
<edgeMap>
<xCoord>398</xCoord>
<yCoord>350</yCoord>
</edgeMap>
<edgeMap>
<xCoord>399</xCoord>
<yCoord>349</yCoord>
</edgeMap>
<edgeMap>
<xCoord>399</xCoord>
<yCoord>348</yCoord>
</edgeMap>
<edgeMap>
<xCoord>400</xCoord>
<yCoord>347</yCoord>
</edgeMap>
<edgeMap>
<xCoord>400</xCoord>
<yCoord>346</yCoord>
</edgeMap>
<edgeMap>
<xCoord>401</xCoord>
<yCoord>345</yCoord>
</edgeMap>
<edgeMap>
<xCoord>401</xCoord>
<yCoord>344</yCoord>
</edgeMap>
<edgeMap>
<xCoord>401</xCoord>
<yCoord>343</yCoord>
</edgeMap>
<edgeMap>
<xCoord>401</xCoord>
<yCoord>342</yCoord>
</edgeMap>
<edgeMap>
<xCoord>401</xCoord>
<yCoord>341</yCoord>
</edgeMap>
<edgeMap>
<xCoord>400</xCoord>
<yCoord>340</yCoord>
</edgeMap>
<edgeMap>
<xCoord>399</xCoord>
<yCoord>339</yCoord>
</edgeMap>
<edgeMap>
<xCoord>398</xCoord>
<yCoord>339</yCoord>
</edgeMap>
<edgeMap>
<xCoord>397</xCoord>
<yCoord>338</yCoord>
</edgeMap>
<edgeMap>
<xCoord>396</xCoord>
<yCoord>338</yCoord>
</edgeMap>
<edgeMap>
<xCoord>395</xCoord>
<yCoord>338</yCoord>
</edgeMap>
<edgeMap>
<xCoord>394</xCoord>
<yCoord>339</yCoord>
</edgeMap>
<edgeMap>
<xCoord>393</xCoord>
<yCoord>339</yCoord>
</edgeMap>
<edgeMap>
<xCoord>392</xCoord>
<yCoord>339</yCoord>
</edgeMap>
<edgeMap>
<xCoord>391</xCoord>
<yCoord>340</yCoord>
</edgeMap>
<edgeMap>
<xCoord>390</xCoord>
<yCoord>341</yCoord>
</edgeMap>
<edgeMap>
<xCoord>390</xCoord>
<yCoord>342</yCoord>
</edgeMap>
<edgeMap>
<xCoord>390</xCoord>
<yCoord>343</yCoord>
</edgeMap>
<edgeMap>
<xCoord>390</xCoord>
<yCoord>344</yCoord>
</edgeMap>
<edgeMap>
<xCoord>390</xCoord>
<yCoord>345</yCoord>
</edgeMap>
<edgeMap>
<xCoord>390</xCoord>
<yCoord>346</yCoord>
</edgeMap>
<edgeMap>
<xCoord>390</xCoord>
<yCoord>347</yCoord>
</edgeMap>
<edgeMap>
<xCoord>390</xCoord>
<yCoord>348</yCoord>
</edgeMap>
<edgeMap>
<xCoord>391</xCoord>
<yCoord>349</yCoord>
</edgeMap>
<edgeMap>
<xCoord>392</xCoord>
<yCoord>350</yCoord>
</edgeMap>
<edgeMap>
<xCoord>393</xCoord>
<yCoord>351</yCoord>
</edgeMap>
<edgeMap>
<xCoord>394</xCoord>
<yCoord>351</yCoord>
</edgeMap>
<edgeMap>
<xCoord>395</xCoord>
<yCoord>352</yCoord>
</edgeMap>
<edgeMap>
<xCoord>396</xCoord>
<yCoord>352</yCoord>
</edgeMap>
</roi>
<roi>
<imageZposition>-171.75</imageZposition>
<imageSOP_UID>1.3.6.1.4.1.14519.5.2.1.6279.6001.253507307948511238396321851030</imageSOP_UID>
<inclusion>TRUE</inclusion>
<edgeMap>
<xCoord>398</xCoord>
<yCoord>350</yCoord>
</edgeMap>
<edgeMap>
<xCoord>399</xCoord>
<yCoord>349</yCoord>
</edgeMap>
<edgeMap>
<xCoord>400</xCoord>
<yCoord>348</yCoord>
</edgeMap>
<edgeMap>
<xCoord>400</xCoord>
<yCoord>347</yCoord>
</edgeMap>
<edgeMap>
<xCoord>400</xCoord>
<yCoord>346</yCoord>
</edgeMap>
<edgeMap>
<xCoord>400</xCoord>
<yCoord>345</yCoord>
</edgeMap>
<edgeMap>
<xCoord>400</xCoord>
<yCoord>344</yCoord>
</edgeMap>
<edgeMap>
<xCoord>400</xCoord>
<yCoord>343</yCoord>
</edgeMap>
<edgeMap>
<xCoord>400</xCoord>
<yCoord>342</yCoord>
</edgeMap>
<edgeMap>
<xCoord>399</xCoord>
<yCoord>341</yCoord>
</edgeMap>
<edgeMap>
<xCoord>398</xCoord>
<yCoord>341</yCoord>
</edgeMap>
<edgeMap>
<xCoord>397</xCoord>
<yCoord>340</yCoord>
</edgeMap>
<edgeMap>
<xCoord>396</xCoord>
<yCoord>340</yCoord>
</edgeMap>
<edgeMap>
<xCoord>395</xCoord>
<yCoord>341</yCoord>
</edgeMap>
<edgeMap>
<xCoord>394</xCoord>
<yCoord>341</yCoord>
</edgeMap>
<edgeMap>
<xCoord>393</xCoord>
<yCoord>342</yCoord>
</edgeMap>
<edgeMap>
<xCoord>393</xCoord>
<yCoord>343</yCoord>
</edgeMap>
<edgeMap>
<xCoord>392</xCoord>
<yCoord>344</yCoord>
</edgeMap>
<edgeMap>
<xCoord>391</xCoord>
<yCoord>345</yCoord>
</edgeMap>
<edgeMap>
<xCoord>391</xCoord>
<yCoord>346</yCoord>
</edgeMap>
<edgeMap>
<xCoord>391</xCoord>
<yCoord>347</yCoord>
</edgeMap>
<edgeMap>
<xCoord>391</xCoord>
<yCoord>348</yCoord>
</edgeMap>
<edgeMap>
<xCoord>391</xCoord>
<yCoord>349</yCoord>
</edgeMap>
<edgeMap>
<xCoord>392</xCoord>
<yCoord>350</yCoord>
</edgeMap>
<edgeMap>
<xCoord>393</xCoord>
<yCoord>350</yCoord>
</edgeMap>
<edgeMap>
<xCoord>394</xCoord>
<yCoord>350</yCoord>
</edgeMap>
<edgeMap>
<xCoord>395</xCoord>
<yCoord>350</yCoord>
</edgeMap>
<edgeMap>
<xCoord>396</xCoord>
<yCoord>350</yCoord>
</edgeMap>
<edgeMap>
<xCoord>397</xCoord>
<yCoord>350</yCoord>
</edgeMap>
<edgeMap>
<xCoord>398</xCoord>
<yCoord>350</yCoord>
</edgeMap>
</roi>
</unblindedReadNodule>
<unblindedReadNodule>
<noduleID>73948</noduleID>
<roi>
<imageZposition>-79.25</imageZposition>
<imageSOP_UID>1.3.6.1.4.1.14519.5.2.1.6279.6001.284964709364440066791525571215</imageSOP_UID>
<inclusion>TRUE</inclusion>
<edgeMap>
<xCoord>346</xCoord>
<yCoord>335</yCoord>
</edgeMap>
</roi>
</unblindedReadNodule>
<unblindedReadNodule>
<noduleID>74631</noduleID>
<characteristics>
<subtlety>5</subtlety>
<internalStructure>1</internalStructure>
<calcification>3</calcification>
<sphericity>3</sphericity>
<margin>5</margin>
<lobulation>3</lobulation>
<spiculation>1</spiculation>
<texture>5</texture>
<malignancy>1</malignancy>
</characteristics>
<roi>
<imageZposition>-84.25</imageZposition>
<imageSOP_UID>1.3.6.1.4.1.14519.5.2.1.6279.6001.221950205379120744312635611661</imageSOP_UID>
<inclusion>TRUE</inclusion>
<edgeMap>
<xCoord>387</xCoord>
<yCoord>324</yCoord>
</edgeMap>
<edgeMap>
<xCoord>388</xCoord>
<yCoord>323</yCoord>
</edgeMap>
<edgeMap>
<xCoord>388</xCoord>
<yCoord>322</yCoord>
</edgeMap>
<edgeMap>
<xCoord>388</xCoord>
<yCoord>321</yCoord>
</edgeMap>
<edgeMap>
<xCoord>387</xCoord>
<yCoord>320</yCoord>
</edgeMap>
<edgeMap>
<xCoord>386</xCoord>
<yCoord>320</yCoord>
</edgeMap>
<edgeMap>
<xCoord>385</xCoord>
<yCoord>320</yCoord>
</edgeMap>
<edgeMap>
<xCoord>384</xCoord>
<yCoord>320</yCoord>
</edgeMap>
<edgeMap>
<xCoord>383</xCoord>
<yCoord>321</yCoord>
</edgeMap>
<edgeMap>
<xCoord>383</xCoord>
<yCoord>322</yCoord>
</edgeMap>
<edgeMap>
<xCoord>383</xCoord>
<yCoord>323</yCoord>
</edgeMap>
<edgeMap>
<xCoord>384</xCoord>
<yCoord>324</yCoord>
</edgeMap>
<edgeMap>
<xCoord>385</xCoord>
<yCoord>324</yCoord>
</edgeMap>
<edgeMap>
<xCoord>386</xCoord>
<yCoord>324</yCoord>
</edgeMap>
<edgeMap>
<xCoord>387</xCoord>
<yCoord>324</yCoord>
</edgeMap>
</roi>
<roi>
<imageZposition>-85.5</imageZposition>
<imageSOP_UID>1.3.6.1.4.1.14519.5.2.1.6279.6001.259506984935222611060557214741</imageSOP_UID>
<inclusion>TRUE</inclusion>
<edgeMap>
<xCoord>386</xCoord>
<yCoord>325</yCoord>
</edgeMap>
<edgeMap>
<xCoord>387</xCoord>
<yCoord>324</yCoord>
</edgeMap>
<edgeMap>
<xCoord>388</xCoord>
<yCoord>324</yCoord>
</edgeMap>
<edgeMap>
<xCoord>389</xCoord>
<yCoord>323</yCoord>
</edgeMap>
<edgeMap>
<xCoord>389</xCoord>
<yCoord>322</yCoord>
</edgeMap>
<edgeMap>
<xCoord>389</xCoord>
<yCoord>321</yCoord>
</edgeMap>
<edgeMap>
<xCoord>388</xCoord>
<yCoord>320</yCoord>
</edgeMap>
<edgeMap>
<xCoord>387</xCoord>
<yCoord>320</yCoord>
</edgeMap>
<edgeMap>
<xCoord>386</xCoord>
<yCoord>320</yCoord>
</edgeMap>
<edgeMap>
<xCoord>385</xCoord>
<yCoord>320</yCoord>
</edgeMap>
<edgeMap>
<xCoord>384</xCoord>
<yCoord>320</yCoord>
</edgeMap>
<edgeMap>
<xCoord>383</xCoord>
<yCoord>321</yCoord>
</edgeMap>
<edgeMap>
<xCoord>382</xCoord>
<yCoord>322</yCoord>
</edgeMap>
<edgeMap>
<xCoord>382</xCoord>
<yCoord>323</yCoord>
</edgeMap>
<edgeMap>
<xCoord>383</xCoord>
<yCoord>324</yCoord>
</edgeMap>
<edgeMap>
<xCoord>384</xCoord>
<yCoord>325</yCoord>
</edgeMap>
<edgeMap>
<xCoord>385</xCoord>
<yCoord>325</yCoord>
</edgeMap>
<edgeMap>
<xCoord>386</xCoord>
<yCoord>325</yCoord>
</edgeMap>
</roi>
<roi>
<imageZposition>-86.75</imageZposition>
<imageSOP_UID>1.3.6.1.4.1.14519.5.2.1.6279.6001.236500457660637431411145030256</imageSOP_UID>
<inclusion>TRUE</inclusion>
<edgeMap>
<xCoord>387</xCoord>
<yCoord>324</yCoord>
</edgeMap>
<edgeMap>
<xCoord>388</xCoord>
<yCoord>323</yCoord>
</edgeMap>
<edgeMap>
<xCoord>388</xCoord>
<yCoord>322</yCoord>
</edgeMap>
<edgeMap>
<xCoord>387</xCoord>
<yCoord>321</yCoord>
</edgeMap>
<edgeMap>
<xCoord>387</xCoord>
<yCoord>320</yCoord>
</edgeMap>
<edgeMap>
<xCoord>386</xCoord>
<yCoord>320</yCoord>
</edgeMap>
<edgeMap>
<xCoord>385</xCoord>
<yCoord>320</yCoord>
</edgeMap>
<edgeMap>
<xCoord>384</xCoord>
<yCoord>321</yCoord>
</edgeMap>
<edgeMap>
<xCoord>383</xCoord>
<yCoord>322</yCoord>
</edgeMap>
<edgeMap>
<xCoord>383</xCoord>
<yCoord>323</yCoord>
</edgeMap>
<edgeMap>
<xCoord>383</xCoord>
<yCoord>324</yCoord>
</edgeMap>
<edgeMap>
<xCoord>384</xCoord>
<yCoord>324</yCoord>
</edgeMap>
<edgeMap>
<xCoord>385</xCoord>
<yCoord>324</yCoord>
</edgeMap>
<edgeMap>
<xCoord>386</xCoord>
<yCoord>324</yCoord>
</edgeMap>
<edgeMap>
<xCoord>387</xCoord>
<yCoord>324</yCoord>
</edgeMap>
</roi>
<roi>
<imageZposition>-88.0</imageZposition>
<imageSOP_UID>1.3.6.1.4.1.14519.5.2.1.6279.6001.329339482744440904294392926761</imageSOP_UID>
<inclusion>TRUE</inclusion>
<edgeMap>
<xCoord>386</xCoord>
<yCoord>325</yCoord>
</edgeMap>
<edgeMap>
<xCoord>387</xCoord>
<yCoord>324</yCoord>
</edgeMap>
<edgeMap>
<xCoord>387</xCoord>
<yCoord>323</yCoord>
</edgeMap>
<edgeMap>
<xCoord>387</xCoord>
<yCoord>322</yCoord>
</edgeMap>
<edgeMap>
<xCoord>386</xCoord>
<yCoord>321</yCoord>
</edgeMap>
<edgeMap>
<xCoord>385</xCoord>
<yCoord>320</yCoord>
</edgeMap>
<edgeMap>
<xCoord>384</xCoord>
<yCoord>321</yCoord>
</edgeMap>
<edgeMap>
<xCoord>384</xCoord>
<yCoord>322</yCoord>
</edgeMap>
<edgeMap>
<xCoord>384</xCoord>
<yCoord>323</yCoord>
</edgeMap>
<edgeMap>
<xCoord>384</xCoord>
<yCoord>324</yCoord>
</edgeMap>
<edgeMap>
<xCoord>385</xCoord>
<yCoord>325</yCoord>
</edgeMap>
<edgeMap>
<xCoord>386</xCoord>
<yCoord>325</yCoord>
</edgeMap>
</roi>
</unblindedReadNodule>
<unblindedReadNodule>
<noduleID>74633</noduleID>
<roi>
<imageZposition>-198.0</imageZposition>
<imageSOP_UID>1.3.6.1.4.1.14519.5.2.1.6279.6001.738107043417458498857205916535</imageSOP_UID>
<inclusion>TRUE</inclusion>
<edgeMap>
<xCoord>151</xCoord>
<yCoord>356</yCoord>
</edgeMap>
</roi>
</unblindedReadNodule>
<unblindedReadNodule>
<noduleID>74634</noduleID>
<roi>
<imageZposition>-184.25</imageZposition>
<imageSOP_UID>1.3.6.1.4.1.14519.5.2.1.6279.6001.130926956688906289371842598577</imageSOP_UID>
<inclusion>TRUE</inclusion>
<edgeMap>
<xCoord>179</xCoord>
<yCoord>275</yCoord>
</edgeMap>
</roi>
</unblindedReadNodule>
<nonNodule>
<nonNoduleID>73954</nonNoduleID>
<imageZposition>-204.25</imageZposition>
<imageSOP_UID>1.3.6.1.4.1.14519.5.2.1.6279.6001.161617244006970505598364363168</imageSOP_UID>
<locus>
<xCoord>204</xCoord>
<yCoord>393</yCoord>
</locus>
</nonNodule>
<nonNodule>
<nonNoduleID>73945</nonNoduleID>
<imageZposition>-29.25</imageZposition>
<imageSOP_UID>1.3.6.1.4.1.14519.5.2.1.6279.6001.933052443666567566578919837173</imageSOP_UID>
<locus>
<xCoord>195</xCoord>
<yCoord>266</yCoord>
</locus>
</nonNodule>
<nonNodule>
<nonNoduleID>73947</nonNoduleID>
<imageZposition>-211.75</imageZposition>
<imageSOP_UID>1.3.6.1.4.1.14519.5.2.1.6279.6001.250018578181809603860701379540</imageSOP_UID>
<locus>
<xCoord>200</xCoord>
<yCoord>396</yCoord>
</locus>
</nonNodule>
<nonNodule>
<nonNoduleID>73951</nonNoduleID>
<imageZposition>-15.5</imageZposition>
<imageSOP_UID>1.3.6.1.4.1.14519.5.2.1.6279.6001.190756411838001952880487396905</imageSOP_UID>
<locus>
<xCoord>304</xCoord>
<yCoord>286</yCoord>
</locus>
</nonNodule>
<nonNodule>
<nonNoduleID>74630</nonNoduleID>
<imageZposition>-123.0</imageZposition>
<imageSOP_UID>1.3.6.1.4.1.14519.5.2.1.6279.6001.479514527800262826869286640758</imageSOP_UID>
<locus>
<xCoord>295</xCoord>
<yCoord>391</yCoord>
</locus>
</nonNodule>
<nonNodule>
<nonNoduleID>74632</nonNoduleID>
<imageZposition>-138.0</imageZposition>
<imageSOP_UID>1.3.6.1.4.1.14519.5.2.1.6279.6001.277369208323259852297875852624</imageSOP_UID>
<locus>
<xCoord>384</xCoord>
<yCoord>361</yCoord>
</locus>
</nonNodule>
</readingSession>
  <readingSession>
    <annotationVersion>3.12</annotationVersion>
<servicingRadiologistID>anon</servicingRadiologistID>
    <unblindedReadNodule>
      <noduleID>IL057_172165</noduleID>
      <characteristics>
        <subtlety>2</subtlety>
        <internalStructure>1</internalStructure>
        <calcification>6</calcification>
        <sphericity>2</sphericity>
        <margin>3</margin>
        <lobulation>1</lobulation>
        <spiculation>1</spiculation>
        <texture>1</texture>
        <malignancy>3</malignancy>
      </characteristics>
      <roi>
        <imageZposition>-136.75</imageZposition>
        <imageSOP_UID>1.3.6.1.4.1.14519.5.2.1.6279.6001.221502675301929286138491663975</imageSOP_UID>
        <inclusion>TRUE</inclusion>
        <edgeMap>
          <xCoord>388</xCoord>
          <yCoord>362</yCoord>
        </edgeMap>
        <edgeMap>
          <xCoord>387</xCoord>
          <yCoord>361</yCoord>
        </edgeMap>
        <edgeMap>
          <xCoord>386</xCoord>
          <yCoord>360</yCoord>
        </edgeMap>
        <edgeMap>
          <xCoord>386</xCoord>
          <yCoord>359</yCoord>
        </edgeMap>
        <edgeMap>
          <xCoord>387</xCoord>
          <yCoord>358</yCoord>
        </edgeMap>
        <edgeMap>
          <xCoord>386</xCoord>
          <yCoord>358</yCoord>
        </edgeMap>
        <edgeMap>
          <xCoord>385</xCoord>
          <yCoord>358</yCoord>
        </edgeMap>
        <edgeMap>
          <xCoord>384</xCoord>
          <yCoord>359</yCoord>
        </edgeMap>
        <edgeMap>
          <xCoord>383</xCoord>
          <yCoord>359</yCoord>
        </edgeMap>
        <edgeMap>
          <xCoord>382</xCoord>
          <yCoord>359</yCoord>
        </edgeMap>
        <edgeMap>
          <xCoord>381</xCoord>
          <yCoord>359</yCoord>
        </edgeMap>
        <edgeMap>
          <xCoord>380</xCoord>
          <yCoord>359</yCoord>
        </edgeMap>
        <edgeMap>
          <xCoord>380</xCoord>
          <yCoord>360</yCoord>
        </edgeMap>
        <edgeMap>
          <xCoord>381</xCoord>
          <yCoord>361</yCoord>
        </edgeMap>
        <edgeMap>
          <xCoord>382</xCoord>
          <yCoord>362</yCoord>
        </edgeMap>
        <edgeMap>
          <xCoord>383</xCoord>
          <yCoord>362</yCoord>
        </edgeMap>
        <edgeMap>
          <xCoord>384</xCoord>
          <yCoord>362</yCoord>
        </edgeMap>
        <edgeMap>
          <xCoord>385</xCoord>
          <yCoord>362</yCoord>
        </edgeMap>
        <edgeMap>
          <xCoord>386</xCoord>
          <yCoord>362</yCoord>
        </edgeMap>
        <edgeMap>
          <xCoord>387</xCoord>
          <yCoord>362</yCoord>
        </edgeMap>
        <edgeMap>
          <xCoord>388</xCoord>
          <yCoord>362</yCoord>
        </edgeMap>
      </roi>
      <roi>
        <imageZposition>-138.0</imageZposition>
        <imageSOP_UID>1.3.6.1.4.1.14519.5.2.1.6279.6001.277369208323259852297875852624</imageSOP_UID>
        <inclusion>TRUE</inclusion>
        <edgeMap>
          <xCoord>384</xCoord>
          <yCoord>364</yCoord>
        </edgeMap>
        <edgeMap>
          <xCoord>385</xCoord>
          <yCoord>363</yCoord>
        </edgeMap>
        <edgeMap>
          <xCoord>386</xCoord>
          <yCoord>363</yCoord>
        </edgeMap>
        <edgeMap>
          <xCoord>387</xCoord>
          <yCoord>363</yCoord>
        </edgeMap>
        <edgeMap>
          <xCoord>388</xCoord>
          <yCoord>363</yCoord>
        </edgeMap>
        <edgeMap>
          <xCoord>387</xCoord>
          <yCoord>362</yCoord>
        </edgeMap>
        <edgeMap>
          <xCoord>387</xCoord>
          <yCoord>361</yCoord>
        </edgeMap>
        <edgeMap>
          <xCoord>387</xCoord>
          <yCoord>360</yCoord>
        </edgeMap>
        <edgeMap>
          <xCoord>387</xCoord>
          <yCoord>359</yCoord>
        </edgeMap>
        <edgeMap>
          <xCoord>386</xCoord>
          <yCoord>358</yCoord>
        </edgeMap>
        <edgeMap>
          <xCoord>385</xCoord>
          <yCoord>357</yCoord>
        </edgeMap>
        <edgeMap>
          <xCoord>384</xCoord>
          <yCoord>357</yCoord>
        </edgeMap>
        <edgeMap>
          <xCoord>383</xCoord>
          <yCoord>357</yCoord>
        </edgeMap>
        <edgeMap>
          <xCoord>382</xCoord>
          <yCoord>356</yCoord>
        </edgeMap>
        <edgeMap>
          <xCoord>381</xCoord>
          <yCoord>356</yCoord>
        </edgeMap>
        <edgeMap>
          <xCoord>380</xCoord>
          <yCoord>355</yCoord>
        </edgeMap>
        <edgeMap>
          <xCoord>379</xCoord>
          <yCoord>355</yCoord>
        </edgeMap>
        <edgeMap>
          <xCoord>380</xCoord>
          <yCoord>356</yCoord>
        </edgeMap>
        <edgeMap>
          <xCoord>380</xCoord>
          <yCoord>357</yCoord>
        </edgeMap>
        <edgeMap>
          <xCoord>380</xCoord>
          <yCoord>358</yCoord>
        </edgeMap>
        <edgeMap>
          <xCoord>379</xCoord>
          <yCoord>359</yCoord>
        </edgeMap>
        <edgeMap>
          <xCoord>379</xCoord>
          <yCoord>360</yCoord>
        </edgeMap>
        <edgeMap>
          <xCoord>380</xCoord>
          <yCoord>361</yCoord>
        </edgeMap>
        <edgeMap>
          <xCoord>381</xCoord>
          <yCoord>362</yCoord>
        </edgeMap>
        <edgeMap>
          <xCoord>382</xCoord>
          <yCoord>363</yCoord>
        </edgeMap>
        <edgeMap>
          <xCoord>383</xCoord>
          <yCoord>364</yCoord>
        </edgeMap>
        <edgeMap>
          <xCoord>384</xCoord>
          <yCoord>364</yCoord>
        </edgeMap>
      </roi>
    </unblindedReadNodule>
    <unblindedReadNodule>
      <noduleID>IL057_172162</noduleID>
      <characteristics>
        <subtlety>2</subtlety>
        <internalStructure>1</internalStructure>
        <calcification>6</calcification>
        <sphericity>4</sphericity>
        <margin>3</margin>
        <lobulation>3</lobulation>
        <spiculation>1</spiculation>
        <texture>5</texture>
        <malignancy>3</malignancy>
      </characteristics>
      <roi>
        <imageZposition>-123.0</imageZposition>
        <imageSOP_UID>1.3.6.1.4.1.14519.5.2.1.6279.6001.479514527800262826869286640758</imageSOP_UID>
        <inclusion>TRUE</inclusion>
        <edgeMap>
          <xCoord>295</xCoord>
          <yCoord>396</yCoord>
        </edgeMap>
        <edgeMap>
          <xCoord>296</xCoord>
          <yCoord>395</yCoord>
        </edgeMap>
        <edgeMap>
          <xCoord>297</xCoord>
          <yCoord>394</yCoord>
        </edgeMap>
        <edgeMap>
          <xCoord>298</xCoord>
          <yCoord>393</yCoord>
        </edgeMap>
        <edgeMap>
          <xCoord>299</xCoord>
          <yCoord>392</yCoord>
        </edgeMap>
        <edgeMap>
          <xCoord>298</xCoord>
          <yCoord>391</yCoord>
        </edgeMap>
        <edgeMap>
          <xCoord>297</xCoord>
          <yCoord>390</yCoord>
        </edgeMap>
        <edgeMap>
          <xCoord>296</xCoord>
          <yCoord>389</yCoord>
        </edgeMap>
        <edgeMap>
          <xCoord>295</xCoord>
          <yCoord>388</yCoord>
        </edgeMap>
        <edgeMap>
          <xCoord>294</xCoord>
          <yCoord>387</yCoord>
        </edgeMap>
        <edgeMap>
          <xCoord>293</xCoord>
          <yCoord>388</yCoord>
        </edgeMap>
        <edgeMap>
          <xCoord>292</xCoord>
          <yCoord>389</yCoord>
        </edgeMap>
        <edgeMap>
          <xCoord>291</xCoord>
          <yCoord>390</yCoord>
        </edgeMap>
        <edgeMap>
          <xCoord>290</xCoord>
          <yCoord>391</yCoord>
        </edgeMap>
        <edgeMap>
          <xCoord>290</xCoord>
          <yCoord>392</yCoord>
        </edgeMap>
        <edgeMap>
          <xCoord>291</xCoord>
          <yCoord>393</yCoord>
        </edgeMap>
        <edgeMap>
          <xCoord>292</xCoord>
          <yCoord>394</yCoord>
        </edgeMap>
        <edgeMap>
          <xCoord>293</xCoord>
          <yCoord>395</yCoord>
        </edgeMap>
        <edgeMap>
          <xCoord>294</xCoord>
          <yCoord>396</yCoord>
        </edgeMap>
        <edgeMap>
          <xCoord>295</xCoord>
          <yCoord>396</yCoord>
        </edgeMap>
      </roi>
      <roi>
        <imageZposition>-124.25</imageZposition>
        <imageSOP_UID>1.3.6.1.4.1.14519.5.2.1.6279.6001.211117782258214256212410240802</imageSOP_UID>
        <inclusion>TRUE</inclusion>
        <edgeMap>
          <xCoord>293</xCoord>
          <yCoord>398</yCoord>
        </edgeMap>
        <edgeMap>
          <xCoord>294</xCoord>
          <yCoord>397</yCoord>
        </edgeMap>
        <edgeMap>
          <xCoord>295</xCoord>
          <yCoord>397</yCoord>
        </edgeMap>
        <edgeMap>
          <xCoord>296</xCoord>
          <yCoord>396</yCoord>
        </edgeMap>
        <edgeMap>
          <xCoord>297</xCoord>
          <yCoord>395</yCoord>
        </edgeMap>
        <edgeMap>
          <xCoord>298</xCoord>
          <yCoord>394</yCoord>
        </edgeMap>
        <edgeMap>
          <xCoord>299</xCoord>
          <yCoord>393</yCoord>
        </edgeMap>
        <edgeMap>
          <xCoord>299</xCoord>
          <yCoord>392</yCoord>
        </edgeMap>
        <edgeMap>
          <xCoord>298</xCoord>
          <yCoord>391</yCoord>
        </edgeMap>
        <edgeMap>
          <xCoord>297</xCoord>
          <yCoord>390</yCoord>
        </edgeMap>
        <edgeMap>
          <xCoord>296</xCoord>
          <yCoord>389</yCoord>
        </edgeMap>
        <edgeMap>
          <xCoord>295</xCoord>
          <yCoord>388</yCoord>
        </edgeMap>
        <edgeMap>
          <xCoord>294</xCoord>
          <yCoord>388</yCoord>
        </edgeMap>
        <edgeMap>
          <xCoord>293</xCoord>
          <yCoord>389</yCoord>
        </edgeMap>
        <edgeMap>
          <xCoord>292</xCoord>
          <yCoord>390</yCoord>
        </edgeMap>
        <edgeMap>
          <xCoord>291</xCoord>
          <yCoord>391</yCoord>
        </edgeMap>
        <edgeMap>
          <xCoord>290</xCoord>
          <yCoord>392</yCoord>
        </edgeMap>
        <edgeMap>
          <xCoord>289</xCoord>
          <yCoord>393</yCoord>
        </edgeMap>
        <edgeMap>
          <xCoord>289</xCoord>
          <yCoord>394</yCoord>
        </edgeMap>
        <edgeMap>
          <xCoord>290</xCoord>
          <yCoord>395</yCoord>
        </edgeMap>
        <edgeMap>
          <xCoord>291</xCoord>
          <yCoord>396</yCoord>
        </edgeMap>
        <edgeMap>
          <xCoord>292</xCoord>
          <yCoord>397</yCoord>
        </edgeMap>
        <edgeMap>
          <xCoord>293</xCoord>
          <yCoord>398</yCoord>
        </edgeMap>
      </roi>
    </unblindedReadNodule>
    <unblindedReadNodule>
      <noduleID>IL057_172171</noduleID>
      <roi>
        <imageZposition>-79.25</imageZposition>
        <imageSOP_UID>1.3.6.1.4.1.14519.5.2.1.6279.6001.284964709364440066791525571215</imageSOP_UID>
        <inclusion>TRUE</inclusion>
        <edgeMap>
          <xCoord>346</xCoord>
          <yCoord>335</yCoord>
        </edgeMap>
      </roi>
    </unblindedReadNodule>
    <unblindedReadNodule>
      <noduleID>IL057_184224</noduleID>
      <characteristics>
        <subtlety>2</subtlety>
        <internalStructure>1</internalStructure>
        <calcification>6</calcification>
        <sphericity>4</sphericity>
        <margin>4</margin>
        <lobulation>1</lobulation>
        <spiculation>1</spiculation>
        <texture>5</texture>
        <malignancy>3</malignancy>
      </characteristics>
      <roi>
        <imageZposition>-169.25</imageZposition>
        <imageSOP_UID>1.3.6.1.4.1.14519.5.2.1.6279.6001.264098857829276650280992589880</imageSOP_UID>
        <inclusion>TRUE</inclusion>
        <edgeMap>
          <xCoord>396</xCoord>
          <yCoord>350</yCoord>
        </edgeMap>
        <edgeMap>
          <xCoord>397</xCoord>
          <yCoord>349</yCoord>
        </edgeMap>
        <edgeMap>
          <xCoord>396</xCoord>
          <yCoord>348</yCoord>
        </edgeMap>
        <edgeMap>
          <xCoord>397</xCoord>
          <yCoord>347</yCoord>
        </edgeMap>
        <edgeMap>
          <xCoord>398</xCoord>
          <yCoord>347</yCoord>
        </edgeMap>
        <edgeMap>
          <xCoord>399</xCoord>
          <yCoord>346</yCoord>
        </edgeMap>
        <edgeMap>
          <xCoord>399</xCoord>
          <yCoord>345</yCoord>
        </edgeMap>
        <edgeMap>
          <xCoord>399</xCoord>
          <yCoord>344</yCoord>
        </edgeMap>
        <edgeMap>
          <xCoord>399</xCoord>
          <yCoord>343</yCoord>
        </edgeMap>
        <edgeMap>
          <xCoord>398</xCoord>
          <yCoord>342</yCoord>
        </edgeMap>
        <edgeMap>
          <xCoord>397</xCoord>
          <yCoord>342</yCoord>
        </edgeMap>
        <edgeMap>
          <xCoord>396</xCoord>
          <yCoord>343</yCoord>
        </edgeMap>
        <edgeMap>
          <xCoord>395</xCoord>
          <yCoord>342</yCoord>
        </edgeMap>
        <edgeMap>
          <xCoord>394</xCoord>
          <yCoord>342</yCoord>
        </edgeMap>
        <edgeMap>
          <xCoord>393</xCoord>
          <yCoord>342</yCoord>
        </edgeMap>
        <edgeMap>
          <xCoord>392</xCoord>
          <yCoord>343</yCoord>
        </edgeMap>
        <edgeMap>
          <xCoord>393</xCoord>
          <yCoord>344</yCoord>
        </edgeMap>
        <edgeMap>
          <xCoord>393</xCoord>
          <yCoord>345</yCoord>
        </edgeMap>
        <edgeMap>
          <xCoord>393</xCoord>
          <yCoord>346</yCoord>
        </edgeMap>
        <edgeMap>
          <xCoord>393</xCoord>
          <yCoord>347</yCoord>
        </edgeMap>
        <edgeMap>
          <xCoord>393</xCoord>
          <yCoord>348</yCoord>
        </edgeMap>
        <edgeMap>
          <xCoord>394</xCoord>
          <yCoord>349</yCoord>
        </edgeMap>
        <edgeMap>
          <xCoord>395</xCoord>
          <yCoord>350</yCoord>
        </edgeMap>
        <edgeMap>
          <xCoord>396</xCoord>
          <yCoord>350</yCoord>
        </edgeMap>
      </roi>
      <roi>
        <imageZposition>-170.5</imageZposition>
        <imageSOP_UID>1.3.6.1.4.1.14519.5.2.1.6279.6001.336719596574432557676789048280</imageSOP_UID>
        <inclusion>TRUE</inclusion>
        <edgeMap>
          <xCoord>396</xCoord>
          <yCoord>351</yCoord>
        </edgeMap>
        <edgeMap>
          <xCoord>397</xCoord>
          <yCoord>350</yCoord>
        </edgeMap>
        <edgeMap>
          <xCoord>398</xCoord>
          <yCoord>349</yCoord>
        </edgeMap>
        <edgeMap>
          <xCoord>398</xCoord>
          <yCoord>348</yCoord>
        </edgeMap>
        <edgeMap>
          <xCoord>399</xCoord>
          <yCoord>347</yCoord>
        </edgeMap>
        <edgeMap>
          <xCoord>399</xCoord>
          <yCoord>346</yCoord>
        </edgeMap>
        <edgeMap>
          <xCoord>399</xCoord>
          <yCoord>345</yCoord>
        </edgeMap>
        <edgeMap>
          <xCoord>400</xCoord>
          <yCoord>344</yCoord>
        </edgeMap>
        <edgeMap>
          <xCoord>400</xCoord>
          <yCoord>343</yCoord>
        </edgeMap>
        <edgeMap>
          <xCoord>400</xCoord>
          <yCoord>342</yCoord>
        </edgeMap>
        <edgeMap>
          <xCoord>400</xCoord>
          <yCoord>341</yCoord>
        </edgeMap>
        <edgeMap>
          <xCoord>399</xCoord>
          <yCoord>340</yCoord>
        </edgeMap>
        <edgeMap>
          <xCoord>398</xCoord>
          <yCoord>340</yCoord>
        </edgeMap>
        <edgeMap>
          <xCoord>397</xCoord>
          <yCoord>340</yCoord>
        </edgeMap>
        <edgeMap>
          <xCoord>396</xCoord>
          <yCoord>340</yCoord>
        </edgeMap>
        <edgeMap>
          <xCoord>395</xCoord>
          <yCoord>341</yCoord>
        </edgeMap>
        <edgeMap>
          <xCoord>394</xCoord>
          <yCoord>342</yCoord>
        </edgeMap>
        <edgeMap>
          <xCoord>393</xCoord>
          <yCoord>342</yCoord>
        </edgeMap>
        <edgeMap>
          <xCoord>392</xCoord>
          <yCoord>342</yCoord>
        </edgeMap>
        <edgeMap>
          <xCoord>391</xCoord>
          <yCoord>342</yCoord>
        </edgeMap>
        <edgeMap>
          <xCoord>390</xCoord>
          <yCoord>343</yCoord>
        </edgeMap>
        <edgeMap>
          <xCoord>390</xCoord>
          <yCoord>344</yCoord>
        </edgeMap>
        <edgeMap>
          <xCoord>390</xCoord>
          <yCoord>345</yCoord>
        </edgeMap>
        <edgeMap>
          <xCoord>390</xCoord>
          <yCoord>346</yCoord>
        </edgeMap>
        <edgeMap>
          <xCoord>391</xCoord>
          <yCoord>347</yCoord>
        </edgeMap>
        <edgeMap>
          <xCoord>391</xCoord>
          <yCoord>348</yCoord>
        </edgeMap>
        <edgeMap>
          <xCoord>392</xCoord>
          <yCoord>349</yCoord>
        </edgeMap>
        <edgeMap>
          <xCoord>393</xCoord>
          <yCoord>350</yCoord>
        </edgeMap>
        <edgeMap>
          <xCoord>394</xCoord>
          <yCoord>350</yCoord>
        </edgeMap>
        <edgeMap>
          <xCoord>395</xCoord>
          <yCoord>350</yCoord>
        </edgeMap>
        <edgeMap>
          <xCoord>396</xCoord>
          <yCoord>351</yCoord>
        </edgeMap>
      </roi>
    </unblindedReadNodule>
    <unblindedReadNodule>
      <noduleID>IL057_184225</noduleID>
      <characteristics>
        <subtlety>5</subtlety>
        <internalStructure>1</internalStructure>
        <calcification>3</calcification>
        <sphericity>4</sphericity>
        <margin>5</margin>
        <lobulation>1</lobulation>
        <spiculation>1</spiculation>
        <texture>5</texture>
        <malignancy>1</malignancy>
      </characteristics>
      <roi>
        <imageZposition>-84.25</imageZposition>
        <imageSOP_UID>1.3.6.1.4.1.14519.5.2.1.6279.6001.221950205379120744312635611661</imageSOP_UID>
        <inclusion>TRUE</inclusion>
        <edgeMap>
          <xCoord>387</xCoord>
          <yCoord>324</yCoord>
        </edgeMap>
        <edgeMap>
          <xCoord>388</xCoord>
          <yCoord>323</yCoord>
        </edgeMap>
        <edgeMap>
          <xCoord>388</xCoord>
          <yCoord>322</yCoord>
        </edgeMap>
        <edgeMap>
          <xCoord>387</xCoord>
          <yCoord>321</yCoord>
        </edgeMap>
        <edgeMap>
          <xCoord>386</xCoord>
          <yCoord>320</yCoord>
        </edgeMap>
        <edgeMap>
          <xCoord>385</xCoord>
          <yCoord>320</yCoord>
        </edgeMap>
        <edgeMap>
          <xCoord>384</xCoord>
          <yCoord>321</yCoord>
        </edgeMap>
        <edgeMap>
          <xCoord>383</xCoord>
          <yCoord>322</yCoord>
        </edgeMap>
        <edgeMap>
          <xCoord>383</xCoord>
          <yCoord>323</yCoord>
        </edgeMap>
        <edgeMap>
          <xCoord>384</xCoord>
          <yCoord>324</yCoord>
        </edgeMap>
        <edgeMap>
          <xCoord>385</xCoord>
          <yCoord>324</yCoord>
        </edgeMap>
        <edgeMap>
          <xCoord>386</xCoord>
          <yCoord>324</yCoord>
        </edgeMap>
        <edgeMap>
          <xCoord>387</xCoord>
          <yCoord>324</yCoord>
        </edgeMap>
      </roi>
      <roi>
        <imageZposition>-85.5</imageZposition>
        <imageSOP_UID>1.3.6.1.4.1.14519.5.2.1.6279.6001.259506984935222611060557214741</imageSOP_UID>
        <inclusion>TRUE</inclusion>
        <edgeMap>
          <xCoord>385</xCoord>
          <yCoord>325</yCoord>
        </edgeMap>
        <edgeMap>
          <xCoord>386</xCoord>
          <yCoord>324</yCoord>
        </edgeMap>
        <edgeMap>
          <xCoord>387</xCoord>
          <yCoord>324</yCoord>
        </edgeMap>
        <edgeMap>
          <xCoord>388</xCoord>
          <yCoord>324</yCoord>
        </edgeMap>
        <edgeMap>
          <xCoord>389</xCoord>
          <yCoord>323</yCoord>
        </edgeMap>
        <edgeMap>
          <xCoord>389</xCoord>
          <yCoord>322</yCoord>
        </edgeMap>
        <edgeMap>
          <xCoord>389</xCoord>
          <yCoord>321</yCoord>
        </edgeMap>
        <edgeMap>
          <xCoord>388</xCoord>
          <yCoord>320</yCoord>
        </edgeMap>
        <edgeMap>
          <xCoord>387</xCoord>
          <yCoord>320</yCoord>
        </edgeMap>
        <edgeMap>
          <xCoord>386</xCoord>
          <yCoord>320</yCoord>
        </edgeMap>
        <edgeMap>
          <xCoord>385</xCoord>
          <yCoord>320</yCoord>
        </edgeMap>
        <edgeMap>
          <xCoord>384</xCoord>
          <yCoord>320</yCoord>
        </edgeMap>
        <edgeMap>
          <xCoord>383</xCoord>
          <yCoord>321</yCoord>
        </edgeMap>
        <edgeMap>
          <xCoord>382</xCoord>
          <yCoord>322</yCoord>
        </edgeMap>
        <edgeMap>
          <xCoord>382</xCoord>
          <yCoord>323</yCoord>
        </edgeMap>
        <edgeMap>
          <xCoord>383</xCoord>
          <yCoord>324</yCoord>
        </edgeMap>
        <edgeMap>
          <xCoord>384</xCoord>
          <yCoord>325</yCoord>
        </edgeMap>
        <edgeMap>
          <xCoord>385</xCoord>
          <yCoord>325</yCoord>
        </edgeMap>
      </roi>
      <roi>
        <imageZposition>-86.75</imageZposition>
        <imageSOP_UID>1.3.6.1.4.1.14519.5.2.1.6279.6001.236500457660637431411145030256</imageSOP_UID>
        <inclusion>TRUE</inclusion>
        <edgeMap>
          <xCoord>385</xCoord>
          <yCoord>325</yCoord>
        </edgeMap>
        <edgeMap>
          <xCoord>386</xCoord>
          <yCoord>324</yCoord>
        </edgeMap>
        <edgeMap>
          <xCoord>387</xCoord>
          <yCoord>323</yCoord>
        </edgeMap>
        <edgeMap>
          <xCoord>388</xCoord>
          <yCoord>322</yCoord>
        </edgeMap>
        <edgeMap>
          <xCoord>387</xCoord>
          <yCoord>321</yCoord>
        </edgeMap>
        <edgeMap>
          <xCoord>386</xCoord>
          <yCoord>320</yCoord>
        </edgeMap>
        <edgeMap>
          <xCoord>385</xCoord>
          <yCoord>320</yCoord>
        </edgeMap>
        <edgeMap>
          <xCoord>384</xCoord>
          <yCoord>321</yCoord>
        </edgeMap>
        <edgeMap>
          <xCoord>383</xCoord>
          <yCoord>322</yCoord>
        </edgeMap>
        <edgeMap>
          <xCoord>383</xCoord>
          <yCoord>323</yCoord>
        </edgeMap>
        <edgeMap>
          <xCoord>384</xCoord>
          <yCoord>324</yCoord>
        </edgeMap>
        <edgeMap>
          <xCoord>385</xCoord>
          <yCoord>325</yCoord>
        </edgeMap>
      </roi>
      <roi>
        <imageZposition>-88.0</imageZposition>
        <imageSOP_UID>1.3.6.1.4.1.14519.5.2.1.6279.6001.329339482744440904294392926761</imageSOP_UID>
        <inclusion>TRUE</inclusion>
        <edgeMap>
          <xCoord>385</xCoord>
          <yCoord>324</yCoord>
        </edgeMap>
        <edgeMap>
          <xCoord>386</xCoord>
          <yCoord>323</yCoord>
        </edgeMap>
        <edgeMap>
          <xCoord>386</xCoord>
          <yCoord>322</yCoord>
        </edgeMap>
        <edgeMap>
          <xCoord>386</xCoord>
          <yCoord>321</yCoord>
        </edgeMap>
        <edgeMap>
          <xCoord>385</xCoord>
          <yCoord>320</yCoord>
        </edgeMap>
        <edgeMap>
          <xCoord>384</xCoord>
          <yCoord>321</yCoord>
        </edgeMap>
        <edgeMap>
          <xCoord>384</xCoord>
          <yCoord>322</yCoord>
        </edgeMap>
        <edgeMap>
          <xCoord>384</xCoord>
          <yCoord>323</yCoord>
        </edgeMap>
        <edgeMap>
          <xCoord>385</xCoord>
          <yCoord>324</yCoord>
        </edgeMap>
      </roi>
    </unblindedReadNodule>
    <nonNodule>
      <nonNoduleID>IL057_172168</nonNoduleID>
      <imageZposition>-29.25</imageZposition>
      <imageSOP_UID>1.3.6.1.4.1.14519.5.2.1.6279.6001.933052443666567566578919837173</imageSOP_UID>
      <locus>
        <xCoord>195</xCoord>
        <yCoord>266</yCoord>
      </locus>
    </nonNodule>
    <nonNodule>
      <nonNoduleID>IL057_172169</nonNoduleID>
      <imageZposition>-210.5</imageZposition>
      <imageSOP_UID>1.3.6.1.4.1.14519.5.2.1.6279.6001.110894012895795873949821965742</imageSOP_UID>
      <locus>
        <xCoord>201</xCoord>
        <yCoord>396</yCoord>
      </locus>
    </nonNodule>
  </readingSession>
</LidcReadMessage>