<?xml version="1.0" encoding="UTF-8"?>
<LidcReadMessage uid="1.3.6.1.4.1.14519.5.2.1.6279.6001.1307390731535.0" xmlns="http://www.nih.gov" xmlns:xsi="http://www.w3.org/2001/XMLSchema-instance" xsi:schemaLocation="http://www.nih.gov  http://troll.rad.med.umich.edu/lidc/LidcReadMessage.xsd">
<ResponseHeader>
	<Version>1.8</Version>
	<MessageId>NIH157</MessageId>
        <DateRequest>2006-02-16</DateRequest>
        <TimeRequest>00:00:00</TimeRequest>
	<RequestingSite>removed</RequestingSite>
	<ServicingSite>removed</ServicingSite>
	<TaskDescription>Second unblinded read</TaskDescription>
	<CtImageFile>removed</CtImageFile>
	<SeriesInstanceUid>1.3.6.1.4.1.14519.5.2.1.6279.6001.309901913847714156367981722205</SeriesInstanceUid>
	<DateService>2008-02-25</DateService>
	<TimeService>11:22:34</TimeService>
<ResponseDescription>1 - Reading complete</ResponseDescription>
<StudyInstanceUID>1.3.6.1.4.1.14519.5.2.1.6279.6001.793828050288475038053022222683</StudyInstanceUID></ResponseHeader>
  <readingSession>
    <annotationVersion>3.12</annotationVersion>
<servicingRadiologistID>anon</servicingRadiologistID>
    <unblindedReadNodule>
      <noduleID>Nodule 001</noduleID>
      <characteristics>
        <subtlety>5</subtlety>
        <internalStructure>1</internalStructure>
        <calcification>6</calcification>
        <sphericity>4</sphericity>
        <margin>4</margin>
        <lobulation>1</lobulation>
        <spiculation>2</spiculation>
        <texture>5</texture>
        <malignancy>4</malignancy>
      </characteristics>
      <roi>
        <imageZposition>-203.250000 </imageZposition>
        <imageSOP_UID>1.3.6.1.4.1.14519.5.2.1.6279.6001.248958705551210091809810091300</imageSOP_UID>
        <inclusion>TRUE</inclusion>
        <edgeMap>
          <xCoord>180</xCoord>
          <yCoord>272</yCoord>
        </edgeMap>
        <edgeMap>
          <xCoord>179</xCoord>
          <yCoord>273</yCoord>
        </edgeMap>
        <edgeMap>
          <xCoord>178</xCoord>
          <yCoord>274</yCoord>
        </edgeMap>
        <edgeMap>
          <xCoord>177</xCoord>
          <yCoord>274</yCoord>
        </edgeMap>
        <edgeMap>
          <xCoord>176</xCoord>
          <yCoord>275</yCoord>
        </edgeMap>
        <edgeMap>
          <xCoord>176</xCoord>
          <yCoord>276</yCoord>
        </edgeMap>
        <edgeMap>
          <xCoord>176</xCoord>
          <yCoord>277</yCoord>
        </edgeMap>
        <edgeMap>
          <xCoord>177</xCoord>
          <yCoord>278</yCoord>
        </edgeMap>
        <edgeMap>
          <xCoord>177</xCoord>
          <yCoord>279</yCoord>
        </edgeMap>
        <edgeMap>
          <xCoord>178</xCoord>
          <yCoord>280</yCoord>
        </edgeMap>
        <edgeMap>
          <xCoord>178</xCoord>
          <yCoord>281</yCoord>
        </edgeMap>
        <edgeMap>
          <xCoord>179</xCoord>
          <yCoord>282</yCoord>
        </edgeMap>
        <edgeMap>
          <xCoord>179</xCoord>
          <yCoord>283</yCoord>
        </edgeMap>
        <edgeMap>
          <xCoord>180</xCoord>
          <yCoord>284</yCoord>
        </edgeMap>
        <edgeMap>
          <xCoord>181</xCoord>
          <yCoord>284</yCoord>
        </edgeMap>
        <edgeMap>
          <xCoord>182</xCoord>
          <yCoord>285</yCoord>
        </edgeMap>
        <edgeMap>
          <xCoord>183</xCoord>
          <yCoord>286</yCoord>
        </edgeMap>
        <edgeMap>
          <xCoord>184</xCoord>
          <yCoord>286</yCoord>
        </edgeMap>
        <edgeMap>
          <xCoord>185</xCoord>
          <yCoord>286</yCoord>
        </edgeMap>
        <edgeMap>
          <xCoord>186</xCoord>
          <yCoord>286</yCoord>
        </edgeMap>
        <edgeMap>
          <xCoord>187</xCoord>
          <yCoord>285</yCoord>
        </edgeMap>
        <edgeMap>
          <xCoord>188</xCoord>
          <yCoord>284</yCoord>
        </edgeMap>
        <edgeMap>
          <xCoord>188</xCoord>
          <yCoord>283</yCoord>
        </edgeMap>
        <edgeMap>
          <xCoord>188</xCoord>
          <yCoord>282</yCoord>
        </edgeMap>
        <edgeMap>
          <xCoord>188</xCoord>
          <yCoord>281</yCoord>
        </edgeMap>
        <edgeMap>
          <xCoord>188</xCoord>
          <yCoord>280</yCoord>
        </edgeMap>
        <edgeMap>
          <xCoord>188</xCoord>
          <yCoord>279</yCoord>
        </edgeMap>
        <edgeMap>
          <xCoord>188</xCoord>
          <yCoord>278</yCoord>
        </edgeMap>
        <edgeMap>
          <xCoord>188</xCoord>
          <yCoord>277</yCoord>
        </edgeMap>
        <edgeMap>
          <xCoord>187</xCoord>
          <yCoord>276</yCoord>
        </edgeMap>
        <edgeMap>
          <xCoord>187</xCoord>
          <yCoord>275</yCoord>
        </edgeMap>
        <edgeMap>
          <xCoord>186</xCoord>
          <yCoord>274</yCoord>
        </edgeMap>
        <edgeMap>
          <xCoord>185</xCoord>
          <yCoord>273</yCoord>
        </edgeMap>
        <edgeMap>
          <xCoord>184</xCoord>
          <yCoord>272</yCoord>
        </edgeMap>
        <edgeMap>
          <xCoord>183</xCoord>
          <yCoord>272</yCoord>
        </edgeMap>
        <edgeMap>
          <xCoord>182</xCoord>
          <yCoord>272</yCoord>
        </edgeMap>
        <edgeMap>
          <xCoord>181</xCoord>
          <yCoord>272</yCoord>
        </edgeMap>
        <edgeMap>
          <xCoord>180</xCoord>
          <yCoord>272</yCoord>
        </edgeMap>
      </roi>
      <roi>
        <imageZposition>-200.750000 </imageZposition>
        <imageSOP_UID>1.3.6.1.4.1.14519.5.2.1.6279.6001.802214629201958898793343066227</imageSOP_UID>
        <inclusion>TRUE</inclusion>
        <edgeMap>
          <xCoord>178</xCoord>
          <yCoord>270</yCoord>
        </edgeMap>
        <edgeMap>
          <xCoord>177</xCoord>
          <yCoord>271</yCoord>
        </edgeMap>
        <edgeMap>
          <xCoord>176</xCoord>
          <yCoord>271</yCoord>
        </edgeMap>
        <edgeMap>
          <xCoord>175</xCoord>
          <yCoord>272</yCoord>
        </edgeMap>
        <edgeMap>
          <xCoord>175</xCoord>
          <yCoord>273</yCoord>
        </edgeMap>
        <edgeMap>
          <xCoord>174</xCoord>
          <yCoord>274</yCoord>
        </edgeMap>
        <edgeMap>
          <xCoord>174</xCoord>
          <yCoord>275</yCoord>
        </edgeMap>
        <edgeMap>
          <xCoord>174</xCoord>
          <yCoord>276</yCoord>
        </edgeMap>
        <edgeMap>
          <xCoord>174</xCoord>
          <yCoord>277</yCoord>
        </edgeMap>
        <edgeMap>
          <xCoord>174</xCoord>
          <yCoord>278</yCoord>
        </edgeMap>
        <edgeMap>
          <xCoord>174</xCoord>
          <yCoord>279</yCoord>
        </edgeMap>
        <edgeMap>
          <xCoord>174</xCoord>
          <yCoord>280</yCoord>
        </edgeMap>
        <edgeMap>
          <xCoord>175</xCoord>
          <yCoord>281</yCoord>
        </edgeMap>
        <edgeMap>
          <xCoord>176</xCoord>
          <yCoord>282</yCoord>
        </edgeMap>
        <edgeMap>
          <xCoord>176</xCoord>
          <yCoord>283</yCoord>
        </edgeMap>
        <edgeMap>
          <xCoord>176</xCoord>
          <yCoord>284</yCoord>
        </edgeMap>
        <edgeMap>
          <xCoord>177</xCoord>
          <yCoord>285</yCoord>
        </edgeMap>
        <edgeMap>
          <xCoord>178</xCoord>
          <yCoord>285</yCoord>
        </edgeMap>
        <edgeMap>
          <xCoord>179</xCoord>
          <yCoord>286</yCoord>
        </edgeMap>
        <edgeMap>
          <xCoord>180</xCoord>
          <yCoord>286</yCoord>
        </edgeMap>
        <edgeMap>
          <xCoord>181</xCoord>
          <yCoord>286</yCoord>
        </edgeMap>
        <edgeMap>
          <xCoord>182</xCoord>
          <yCoord>286</yCoord>
        </edgeMap>
        <edgeMap>
          <xCoord>183</xCoord>
          <yCoord>287</yCoord>
        </edgeMap>
        <edgeMap>
          <xCoord>184</xCoord>
          <yCoord>288</yCoord>
        </edgeMap>
        <edgeMap>
          <xCoord>185</xCoord>
          <yCoord>287</yCoord>
        </edgeMap>
        <edgeMap>
          <xCoord>186</xCoord>
          <yCoord>286</yCoord>
        </edgeMap>
        <edgeMap>
          <xCoord>187</xCoord>
          <yCoord>286</yCoord>
        </edgeMap>
        <edgeMap>
          <xCoord>188</xCoord>
          <yCoord>285</yCoord>
        </edgeMap>
        <edgeMap>
          <xCoord>188</xCoord>
          <yCoord>284</yCoord>
        </edgeMap>
        <edgeMap>
          <xCoord>189</xCoord>
          <yCoord>283</yCoord>
        </edgeMap>
        <edgeMap>
          <xCoord>189</xCoord>
          <yCoord>282</yCoord>
        </edgeMap>
        <edgeMap>
          <xCoord>189</xCoord>
          <yCoord>281</yCoord>
        </edgeMap>
        <edgeMap>
          <xCoord>189</xCoord>
          <yCoord>280</yCoord>
        </edgeMap>
        <edgeMap>
          <xCoord>189</xCoord>
          <yCoord>279</yCoord>
        </edgeMap>
        <edgeMap>
          <xCoord>189</xCoord>
          <yCoord>278</yCoord>
        </edgeMap>
        <edgeMap>
          <xCoord>189</xCoord>
          <yCoord>277</yCoord>
        </edgeMap>
        <edgeMap>
          <xCoord>189</xCoord>
          <yCoord>276</yCoord>
        </edgeMap>
        <edgeMap>
          <xCoord>189</xCoord>
          <yCoord>275</yCoord>
        </edgeMap>
        <edgeMap>
          <xCoord>188</xCoord>
          <yCoord>274</yCoord>
        </edgeMap>
        <edgeMap>
          <xCoord>187</xCoord>
          <yCoord>273</yCoord>
        </edgeMap>
        <edgeMap>
          <xCoord>186</xCoord>
          <yCoord>272</yCoord>
        </edgeMap>
        <edgeMap>
          <xCoord>185</xCoord>
          <yCoord>271</yCoord>
        </edgeMap>
        <edgeMap>
          <xCoord>184</xCoord>
          <yCoord>271</yCoord>
        </edgeMap>
        <edgeMap>
          <xCoord>183</xCoord>
          <yCoord>270</yCoord>
        </edgeMap>
        <edgeMap>
          <xCoord>182</xCoord>
          <yCoord>270</yCoord>
        </edgeMap>
        <edgeMap>
          <xCoord>181</xCoord>
          <yCoord>270</yCoord>
        </edgeMap>
        <edgeMap>
          <xCoord>180</xCoord>
          <yCoord>270</yCoord>
        </edgeMap>
        <edgeMap>
          <xCoord>179</xCoord>
          <yCoord>270</yCoord>
        </edgeMap>
        <edgeMap>
          <xCoord>178</xCoord>
          <yCoord>270</yCoord>
        </edgeMap>
      </roi>
      <roi>
        <imageZposition>-198.250000 </imageZposition>
        <imageSOP_UID>1.3.6.1.4.1.14519.5.2.1.6279.6001.132134734323786158359069704449</imageSOP_UID>
        <inclusion>TRUE</inclusion>
        <edgeMap>
          <xCoord>180</xCoord>
          <yCoord>269</yCoord>
        </edgeMap>
        <edgeMap>
          <xCoord>179</xCoord>
          <yCoord>270</yCoord>
        </edgeMap>
        <edgeMap>
          <xCoord>178</xCoord>
          <yCoord>270</yCoord>
        </edgeMap>
        <edgeMap>
          <xCoord>177</xCoord>
          <yCoord>271</yCoord>
        </edgeMap>
        <edgeMap>
          <xCoord>176</xCoord>
          <yCoord>272</yCoord>
        </edgeMap>
        <edgeMap>
          <xCoord>175</xCoord>
          <yCoord>273</yCoord>
        </edgeMap>
        <edgeMap>
          <xCoord>175</xCoord>
          <yCoord>274</yCoord>
        </edgeMap>
        <edgeMap>
          <xCoord>174</xCoord>
          <yCoord>275</yCoord>
        </edgeMap>
        <edgeMap>
          <xCoord>174</xCoord>
          <yCoord>276</yCoord>
        </edgeMap>
        <edgeMap>
          <xCoord>174</xCoord>
          <yCoord>277</yCoord>
        </edgeMap>
        <edgeMap>
          <xCoord>174</xCoord>
          <yCoord>278</yCoord>
        </edgeMap>
        <edgeMap>
          <xCoord>174</xCoord>
          <yCoord>279</yCoord>
        </edgeMap>
        <edgeMap>
          <xCoord>174</xCoord>
          <yCoord>280</yCoord>
        </edgeMap>
        <edgeMap>
          <xCoord>174</xCoord>
          <yCoord>281</yCoord>
        </edgeMap>
        <edgeMap>
          <xCoord>174</xCoord>
          <yCoord>282</yCoord>
        </edgeMap>
        <edgeMap>
          <xCoord>175</xCoord>
          <yCoord>283</yCoord>
        </edgeMap>
        <edgeMap>
          <xCoord>176</xCoord>
          <yCoord>284</yCoord>
        </edgeMap>
        <edgeMap>
          <xCoord>177</xCoord>
          <yCoord>285</yCoord>
        </edgeMap>
        <edgeMap>
          <xCoord>178</xCoord>
          <yCoord>286</yCoord>
        </edgeMap>
        <edgeMap>
          <xCoord>179</xCoord>
          <yCoord>286</yCoord>
        </edgeMap>
        <edgeMap>
          <xCoord>180</xCoord>
          <yCoord>286</yCoord>
        </edgeMap>
        <edgeMap>
          <xCoord>181</xCoord>
          <yCoord>287</yCoord>
        </edgeMap>
        <edgeMap>
          <xCoord>182</xCoord>
          <yCoord>287</yCoord>
        </edgeMap>
        <edgeMap>
          <xCoord>183</xCoord>
          <yCoord>287</yCoord>
        </edgeMap>
        <edgeMap>
          <xCoord>184</xCoord>
          <yCoord>288</yCoord>
        </edgeMap>
        <edgeMap>
          <xCoord>185</xCoord>
          <yCoord>288</yCoord>
        </edgeMap>
        <edgeMap>
          <xCoord>186</xCoord>
          <yCoord>287</yCoord>
        </edgeMap>
        <edgeMap>
          <xCoord>187</xCoord>
          <yCoord>286</yCoord>
        </edgeMap>
        <edgeMap>
          <xCoord>188</xCoord>
          <yCoord>285</yCoord>
        </edgeMap>
        <edgeMap>
          <xCoord>188</xCoord>
          <yCoord>284</yCoord>
        </edgeMap>
        <edgeMap>
          <xCoord>189</xCoord>
          <yCoord>283</yCoord>
        </edgeMap>
        <edgeMap>
          <xCoord>189</xCoord>
          <yCoord>282</yCoord>
        </edgeMap>
        <edgeMap>
          <xCoord>189</xCoord>
          <yCoord>281</yCoord>
        </edgeMap>
        <edgeMap>
          <xCoord>189</xCoord>
          <yCoord>280</yCoord>
        </edgeMap>
        <edgeMap>
          <xCoord>189</xCoord>
          <yCoord>279</yCoord>
        </edgeMap>
        <edgeMap>
          <xCoord>189</xCoord>
          <yCoord>278</yCoord>
        </edgeMap>
        <edgeMap>
          <xCoord>189</xCoord>
          <yCoord>277</yCoord>
        </edgeMap>
        <edgeMap>
          <xCoord>189</xCoord>
          <yCoord>276</yCoord>
        </edgeMap>
        <edgeMap>
          <xCoord>189</xCoord>
          <yCoord>275</yCoord>
        </edgeMap>
        <edgeMap>
          <xCoord>188</xCoord>
          <yCoord>274</yCoord>
        </edgeMap>
        <edgeMap>
          <xCoord>187</xCoord>
          <yCoord>273</yCoord>
        </edgeMap>
        <edgeMap>
          <xCoord>187</xCoord>
          <yCoord>272</yCoord>
        </edgeMap>
        <edgeMap>
          <xCoord>186</xCoord>
          <yCoord>271</yCoord>
        </edgeMap>
        <edgeMap>
          <xCoord>185</xCoord>
          <yCoord>270</yCoord>
        </edgeMap>
        <edgeMap>
          <xCoord>184</xCoord>
          <yCoord>270</yCoord>
        </edgeMap>
        <edgeMap>
          <xCoord>183</xCoord>
          <yCoord>269</yCoord>
        </edgeMap>
        <edgeMap>
          <xCoord>182</xCoord>
          <yCoord>269</yCoord>
        </edgeMap>
        <edgeMap>
          <xCoord>181</xCoord>
          <yCoord>269</yCoord>
        </edgeMap>
        <edgeMap>
          <xCoord>180</xCoord>
          <yCoord>269</yCoord>
        </edgeMap>
      </roi>
      <roi>
        <imageZposition>-195.750000 </imageZposition>
        <imageSOP_UID>1.3.6.1.4.1.14519.5.2.1.6279.6001.113176606849755326004515767059</imageSOP_UID>
        <inclusion>TRUE</inclusion>
        <edgeMap>
          <xCoord>176</xCoord>
          <yCoord>271</yCoord>
        </edgeMap>
        <edgeMap>
          <xCoord>175</xCoord>
          <yCoord>272</yCoord>
        </edgeMap>
        <edgeMap>
          <xCoord>174</xCoord>
          <yCoord>273</yCoord>
        </edgeMap>
        <edgeMap>
          <xCoord>174</xCoord>
          <yCoord>274</yCoord>
        </edgeMap>
        <edgeMap>
          <xCoord>174</xCoord>
          <yCoord>275</yCoord>
        </edgeMap>
        <edgeMap>
          <xCoord>174</xCoord>
          <yCoord>276</yCoord>
        </edgeMap>
        <edgeMap>
          <xCoord>174</xCoord>
          <yCoord>277</yCoord>
        </edgeMap>
        <edgeMap>
          <xCoord>174</xCoord>
          <yCoord>278</yCoord>
        </edgeMap>
        <edgeMap>
          <xCoord>174</xCoord>
          <yCoord>279</yCoord>
        </edgeMap>
        <edgeMap>
          <xCoord>174</xCoord>
          <yCoord>280</yCoord>
        </edgeMap>
        <edgeMap>
          <xCoord>175</xCoord>
          <yCoord>281</yCoord>
        </edgeMap>
        <edgeMap>
          <xCoord>175</xCoord>
          <yCoord>282</yCoord>
        </edgeMap>
        <edgeMap>
          <xCoord>176</xCoord>
          <yCoord>283</yCoord>
        </edgeMap>
        <edgeMap>
          <xCoord>177</xCoord>
          <yCoord>284</yCoord>
        </edgeMap>
        <edgeMap>
          <xCoord>178</xCoord>
          <yCoord>285</yCoord>
        </edgeMap>
        <edgeMap>
          <xCoord>179</xCoord>
          <yCoord>286</yCoord>
        </edgeMap>
        <edgeMap>
          <xCoord>180</xCoord>
          <yCoord>286</yCoord>
        </edgeMap>
        <edgeMap>
          <xCoord>181</xCoord>
          <yCoord>286</yCoord>
        </edgeMap>
        <edgeMap>
          <xCoord>182</xCoord>
          <yCoord>286</yCoord>
        </edgeMap>
        <edgeMap>
          <xCoord>183</xCoord>
          <yCoord>286</yCoord>
        </edgeMap>
        <edgeMap>
          <xCoord>184</xCoord>
          <yCoord>286</yCoord>
        </edgeMap>
        <edgeMap>
          <xCoord>185</xCoord>
          <yCoord>286</yCoord>
        </edgeMap>
        <edgeMap>
          <xCoord>186</xCoord>
          <yCoord>285</yCoord>
        </edgeMap>
        <edgeMap>
          <xCoord>187</xCoord>
          <yCoord>284</yCoord>
        </edgeMap>
        <edgeMap>
          <xCoord>187</xCoord>
          <yCoord>283</yCoord>
        </edgeMap>
        <edgeMap>
          <xCoord>187</xCoord>
          <yCoord>282</yCoord>
        </edgeMap>
        <edgeMap>
          <xCoord>187</xCoord>
          <yCoord>281</yCoord>
        </edgeMap>
        <edgeMap>
          <xCoord>187</xCoord>
          <yCoord>280</yCoord>
        </edgeMap>
        <edgeMap>
          <xCoord>187</xCoord>
          <yCoord>279</yCoord>
        </edgeMap>
        <edgeMap>
          <xCoord>187</xCoord>
          <yCoord>278</yCoord>
        </edgeMap>
        <edgeMap>
          <xCoord>187</xCoord>
          <yCoord>277</yCoord>
        </edgeMap>
        <edgeMap>
          <xCoord>187</xCoord>
          <yCoord>276</yCoord>
        </edgeMap>
        <edgeMap>
          <xCoord>187</xCoord>
          <yCoord>275</yCoord>
        </edgeMap>
        <edgeMap>
          <xCoord>186</xCoord>
          <yCoord>274</yCoord>
        </edgeMap>
        <edgeMap>
          <xCoord>185</xCoord>
          <yCoord>273</yCoord>
        </edgeMap>
        <edgeMap>
          <xCoord>184</xCoord>
          <yCoord>272</yCoord>
        </edgeMap>
        <edgeMap>
          <xCoord>183</xCoord>
          <yCoord>272</yCoord>
        </edgeMap>
        <edgeMap>
          <xCoord>182</xCoord>
          <yCoord>271</yCoord>
        </edgeMap>
        <edgeMap>
          <xCoord>181</xCoord>
          <yCoord>271</yCoord>
        </edgeMap>
        <edgeMap>
          <xCoord>180</xCoord>
          <yCoord>271</yCoord>
        </edgeMap>
        <edgeMap>
          <xCoord>179</xCoord>
          <yCoord>271</yCoord>
        </edgeMap>
        <edgeMap>
          <xCoord>178</xCoord>
          <yCoord>271</yCoord>
        </edgeMap>
        <edgeMap>
          <xCoord>177</xCoord>
          <yCoord>271</yCoord>
        </edgeMap>
        <edgeMap>
          <xCoord>176</xCoord>
          <yCoord>271</yCoord>
        </edgeMap>
      </roi>
    </unblindedReadNodule>
    <nonNodule>
      <nonNoduleID>_Non-nodule 001</nonNoduleID>
      <imageZposition>-133.250000 </imageZposition>
      <imageSOP_UID>1.3.6.1.4.1.14519.5.2.1.6279.6001.275178709594329635797288847035</imageSOP_UID>
      <locus>
        <xCoord>405</xCoord>
        <yCoord>235</yCoord>
      </locus>
    </nonNodule>
    <nonNodule>
      <nonNoduleID>_Non-nodule 002</nonNoduleID>
      <imageZposition>-248.250000 </imageZposition>
      <imageSOP_UID>1.3.6.1.4.1.14519.5.2.1.6279.6001.766112374577927488030066456216</imageSOP_UID>
      <locus>
        <xCoord>142</xCoord>
        <yCoord>355</yCoord>
      </locus>
    </nonNodule>
    <nonNodule>
      <nonNoduleID>_Non-nodule 003</nonNoduleID>
      <imageZposition>-230.750000 </imageZposition>
      <imageSOP_UID>1.3.6.1.4.1.14519.5.2.1.6279.6001.175608166544684580947460039395</imageSOP_UID>
      <locus>
        <xCoord>162</xCoord>
        <yCoord>200</yCoord>
      </locus>
    </nonNodule>
    <nonNodule>
      <nonNoduleID>_Non-nodule 004</nonNoduleID>
      <imageZposition>-193.250000 </imageZposition>
      <imageSOP_UID>1.3.6.1.4.1.14519.5.2.1.6279.6001.111294797731714266003752382348</imageSOP_UID>
      <locus>
        <xCoord>149</xCoord>
        <yCoord>211</yCoord>
      </locus>
    </nonNodule>
    <nonNodule>
      <nonNoduleID>_Non-nodule 005</nonNoduleID>
      <imageZposition>-193.250000 </imageZposition>
      <imageSOP_UID>1.3.6.1.4.1.14519.5.2.1.6279.6001.111294797731714266003752382348</imageSOP_UID>
      <locus>
        <xCoord>179</xCoord>
        <yCoord>366</yCoord>
      </locus>
    </nonNodule>
  </readingSession>
<readingSession>
<annotationVersion>3.12</annotationVersion>
<servicingRadiologistID>anon</servicingRadiologistID>
<unblindedReadNodule>
<noduleID>10104</noduleID>
<characteristics>
<subtlety>5</subtlety>
<internalStructure>1</internalStructure>
<calcification>6</calcification>
<sphericity>5</sphericity>
<margin>4</margin>
<lobulation>2</lobulation>
<spiculation>2</spiculation>
<texture>5</texture>
<malignancy>3</malignancy>
</characteristics>
<roi>
<imageZposition>-195.75</imageZposition>
<imageSOP_UID>1.3.6.1.4.1.14519.5.2.1.6279.6001.113176606849755326004515767059</imageSOP_UID>
<inclusion>TRUE</inclusion>
<edgeMap>
<xCoord>183</xCoord>
<yCoord>284</yCoord>
</edgeMap>
<edgeMap>
<xCoord>184</xCoord>
<yCoord>283</yCoord>
</edgeMap>
<edgeMap>
<xCoord>185</xCoord>
<yCoord>282</yCoord>
</edgeMap>
<edgeMap>
<xCoord>186</xCoord>
<yCoord>282</yCoord>
</edgeMap>
<edgeMap>
<xCoord>187</xCoord>
<yCoord>282</yCoord>
</edgeMap>
<edgeMap>
<xCoord>187</xCoord>
<yCoord>281</yCoord>
</edgeMap>
<edgeMap>
<xCoord>188</xCoord>
<yCoord>280</yCoord>
</edgeMap>
<edgeMap>
<xCoord>188</xCoord>
<yCoord>279</yCoord>
</edgeMap>
<edgeMap>
<xCoord>188</xCoord>
<yCoord>278</yCoord>
</edgeMap>
<edgeMap>
<xCoord>188</xCoord>
<yCoord>277</yCoord>
</edgeMap>
<edgeMap>
<xCoord>188</xCoord>
<yCoord>276</yCoord>
</edgeMap>
<edgeMap>
<xCoord>187</xCoord>
<yCoord>275</yCoord>
</edgeMap>
<edgeMap>
<xCoord>186</xCoord>
<yCoord>274</yCoord>
</edgeMap>
<edgeMap>
<xCoord>185</xCoord>
<yCoord>273</yCoord>
</edgeMap>
<edgeMap>
<xCoord>184</xCoord>
<yCoord>272</yCoord>
</edgeMap>
<edgeMap>
<xCoord>183</xCoord>
<yCoord>272</yCoord>
</edgeMap>
<edgeMap>
<xCoord>182</xCoord>
<yCoord>272</yCoord>
</edgeMap>
<edgeMap>
<xCoord>181</xCoord>
<yCoord>272</yCoord>
</edgeMap>
<edgeMap>
<xCoord>180</xCoord>
<yCoord>272</yCoord>
</edgeMap>
<edgeMap>
<xCoord>179</xCoord>
<yCoord>272</yCoord>
</edgeMap>
<edgeMap>
<xCoord>178</xCoord>
<yCoord>273</yCoord>
</edgeMap>
<edgeMap>
<xCoord>177</xCoord>
<yCoord>273</yCoord>
</edgeMap>
<edgeMap>
<xCoord>176</xCoord>
<yCoord>274</yCoord>
</edgeMap>
<edgeMap>
<xCoord>176</xCoord>
<yCoord>275</yCoord>
</edgeMap>
<edgeMap>
<xCoord>175</xCoord>
<yCoord>276</yCoord>
</edgeMap>
<edgeMap>
<xCoord>175</xCoord>
<yCoord>277</yCoord>
</edgeMap>
<edgeMap>
<xCoord>174</xCoord>
<yCoord>278</yCoord>
</edgeMap>
<edgeMap>
<xCoord>175</xCoord>
<yCoord>279</yCoord>
</edgeMap>
<edgeMap>
<xCoord>175</xCoord>
<yCoord>280</yCoord>
</edgeMap>
<edgeMap>
<xCoord>176</xCoord>
<yCoord>281</yCoord>
</edgeMap>
<edgeMap>
<xCoord>177</xCoord>
<yCoord>282</yCoord>
</edgeMap>
<edgeMap>
<xCoord>178</xCoord>
<yCoord>283</yCoord>
</edgeMap>
<edgeMap>
<xCoord>179</xCoord>
<yCoord>283</yCoord>
</edgeMap>
<edgeMap>
<xCoord>180</xCoord>
<yCoord>284</yCoord>
</edgeMap>
<edgeMap>
<xCoord>181</xCoord>
<yCoord>284</yCoord>
</edgeMap>
<edgeMap>
<xCoord>182</xCoord>
<yCoord>284</yCoord>
</edgeMap>
<edgeMap>
<xCoord>183</xCoord>
<yCoord>284</yCoord>
</edgeMap>
</roi>
<roi>
<imageZposition>-198.25</imageZposition>
<imageSOP_UID>1.3.6.1.4.1.14519.5.2.1.6279.6001.132134734323786158359069704449</imageSOP_UID>
<inclusion>TRUE</inclusion>
<edgeMap>
<xCoord>184</xCoord>
<yCoord>287</yCoord>
</edgeMap>
<edgeMap>
<xCoord>185</xCoord>
<yCoord>286</yCoord>
</edgeMap>
<edgeMap>
<xCoord>186</xCoord>
<yCoord>286</yCoord>
</edgeMap>
<edgeMap>
<xCoord>187</xCoord>
<yCoord>286</yCoord>
</edgeMap>
<edgeMap>
<xCoord>188</xCoord>
<yCoord>285</yCoord>
</edgeMap>
<edgeMap>
<xCoord>189</xCoord>
<yCoord>284</yCoord>
</edgeMap>
<edgeMap>
<xCoord>189</xCoord>
<yCoord>283</yCoord>
</edgeMap>
<edgeMap>
<xCoord>189</xCoord>
<yCoord>282</yCoord>
</edgeMap>
<edgeMap>
<xCoord>190</xCoord>
<yCoord>281</yCoord>
</edgeMap>
<edgeMap>
<xCoord>190</xCoord>
<yCoord>280</yCoord>
</edgeMap>
<edgeMap>
<xCoord>190</xCoord>
<yCoord>279</yCoord>
</edgeMap>
<edgeMap>
<xCoord>190</xCoord>
<yCoord>278</yCoord>
</edgeMap>
<edgeMap>
<xCoord>190</xCoord>
<yCoord>277</yCoord>
</edgeMap>
<edgeMap>
<xCoord>189</xCoord>
<yCoord>276</yCoord>
</edgeMap>
<edgeMap>
<xCoord>189</xCoord>
<yCoord>275</yCoord>
</edgeMap>
<edgeMap>
<xCoord>189</xCoord>
<yCoord>274</yCoord>
</edgeMap>
<edgeMap>
<xCoord>188</xCoord>
<yCoord>273</yCoord>
</edgeMap>
<edgeMap>
<xCoord>187</xCoord>
<yCoord>272</yCoord>
</edgeMap>
<edgeMap>
<xCoord>186</xCoord>
<yCoord>272</yCoord>
</edgeMap>
<edgeMap>
<xCoord>185</xCoord>
<yCoord>271</yCoord>
</edgeMap>
<edgeMap>
<xCoord>184</xCoord>
<yCoord>271</yCoord>
</edgeMap>
<edgeMap>
<xCoord>183</xCoord>
<yCoord>270</yCoord>
</edgeMap>
<edgeMap>
<xCoord>182</xCoord>
<yCoord>271</yCoord>
</edgeMap>
<edgeMap>
<xCoord>181</xCoord>
<yCoord>271</yCoord>
</edgeMap>
<edgeMap>
<xCoord>180</xCoord>
<yCoord>271</yCoord>
</edgeMap>
<edgeMap>
<xCoord>179</xCoord>
<yCoord>271</yCoord>
</edgeMap>
<edgeMap>
<xCoord>178</xCoord>
<yCoord>272</yCoord>
</edgeMap>
<edgeMap>
<xCoord>177</xCoord>
<yCoord>272</yCoord>
</edgeMap>
<edgeMap>
<xCoord>176</xCoord>
<yCoord>273</yCoord>
</edgeMap>
<edgeMap>
<xCoord>176</xCoord>
<yCoord>274</yCoord>
</edgeMap>
<edgeMap>
<xCoord>175</xCoord>
<yCoord>275</yCoord>
</edgeMap>
<edgeMap>
<xCoord>174</xCoord>
<yCoord>276</yCoord>
</edgeMap>
<edgeMap>
<xCoord>174</xCoord>
<yCoord>277</yCoord>
</edgeMap>
<edgeMap>
<xCoord>174</xCoord>
<yCoord>278</yCoord>
</edgeMap>
<edgeMap>
<xCoord>174</xCoord>
<yCoord>279</yCoord>
</edgeMap>
<edgeMap>
<xCoord>175</xCoord>
<yCoord>280</yCoord>
</edgeMap>
<edgeMap>
<xCoord>175</xCoord>
<yCoord>281</yCoord>
</edgeMap>
<edgeMap>
<xCoord>176</xCoord>
<yCoord>282</yCoord>
</edgeMap>
<edgeMap>
<xCoord>177</xCoord>
<yCoord>283</yCoord>
</edgeMap>
<edgeMap>
<xCoord>178</xCoord>
<yCoord>284</yCoord>
</edgeMap>
<edgeMap>
<xCoord>179</xCoord>
<yCoord>285</yCoord>
</edgeMap>
<edgeMap>
<xCoord>180</xCoord>
<yCoord>286</yCoord>
</edgeMap>
<edgeMap>
<xCoord>181</xCoord>
<yCoord>286</yCoord>
</edgeMap>
<edgeMap>
<xCoord>182</xCoord>
<yCoord>287</yCoord>
</edgeMap>
<edgeMap>
<xCoord>183</xCoord>
<yCoord>287</yCoord>
</edgeMap>
<edgeMap>
<xCoord>184</xCoord>
<yCoord>287</yCoord>
</edgeMap>
</roi>
<roi>
<imageZposition>-200.75</imageZposition>
<imageSOP_UID>1.3.6.1.4.1.14519.5.2.1.6279.6001.802214629201958898793343066227</imageSOP_UID>
<inclusion>TRUE</inclusion>
<edgeMap>
<xCoord>184</xCoord>
<yCoord>287</yCoord>
</edgeMap>
<edgeMap>
<xCoord>185</xCoord>
<yCoord>286</yCoord>
</edgeMap>
<edgeMap>
<xCoord>186</xCoord>
<yCoord>286</yCoord>
</edgeMap>
<edgeMap>
<xCoord>187</xCoord>
<yCoord>285</yCoord>
</edgeMap>
<edgeMap>
<xCoord>188</xCoord>
<yCoord>284</yCoord>
</edgeMap>
<edgeMap>
<xCoord>189</xCoord>
<yCoord>283</yCoord>
</edgeMap>
<edgeMap>
<xCoord>189</xCoord>
<yCoord>282</yCoord>
</edgeMap>
<edgeMap>
<xCoord>189</xCoord>
<yCoord>281</yCoord>
</edgeMap>
<edgeMap>
<xCoord>190</xCoord>
<yCoord>280</yCoord>
</edgeMap>
<edgeMap>
<xCoord>190</xCoord>
<yCoord>279</yCoord>
</edgeMap>
<edgeMap>
<xCoord>190</xCoord>
<yCoord>278</yCoord>
</edgeMap>
<edgeMap>
<xCoord>190</xCoord>
<yCoord>277</yCoord>
</edgeMap>
<edgeMap>
<xCoord>190</xCoord>
<yCoord>276</yCoord>
</edgeMap>
<edgeMap>
<xCoord>189</xCoord>
<yCoord>275</yCoord>
</edgeMap>
<edgeMap>
<xCoord>188</xCoord>
<yCoord>274</yCoord>
</edgeMap>
<edgeMap>
<xCoord>187</xCoord>
<yCoord>273</yCoord>
</edgeMap>
<edgeMap>
<xCoord>186</xCoord>
<yCoord>272</yCoord>
</edgeMap>
<edgeMap>
<xCoord>185</xCoord>
<yCoord>271</yCoord>
</edgeMap>
<edgeMap>
<xCoord>184</xCoord>
<yCoord>271</yCoord>
</edgeMap>
<edgeMap>
<xCoord>183</xCoord>
<yCoord>271</yCoord>
</edgeMap>
<edgeMap>
<xCoord>182</xCoord>
<yCoord>271</yCoord>
</edgeMap>
<edgeMap>
<xCoord>181</xCoord>
<yCoord>271</yCoord>
</edgeMap>
<edgeMap>
<xCoord>180</xCoord>
<yCoord>271</yCoord>
</edgeMap>
<edgeMap>
<xCoord>179</xCoord>
<yCoord>272</yCoord>
</edgeMap>
<edgeMap>
<xCoord>178</xCoord>
<yCoord>273</yCoord>
</edgeMap>
<edgeMap>
<xCoord>177</xCoord>
<yCoord>273</yCoord>
</edgeMap>
<edgeMap>
<xCoord>176</xCoord>
<yCoord>274</yCoord>
</edgeMap>
<edgeMap>
<xCoord>175</xCoord>
<yCoord>275</yCoord>
</edgeMap>
<edgeMap>
<xCoord>175</xCoord>
<yCoord>276</yCoord>
</edgeMap>
<edgeMap>
<xCoord>175</xCoord>
<yCoord>277</yCoord>
</edgeMap>
<edgeMap>
<xCoord>176</xCoord>
<yCoord>278</yCoord>
</edgeMap>
<edgeMap>
<xCoord>176</xCoord>
<yCoord>279</yCoord>
</edgeMap>
<edgeMap>
<xCoord>176</xCoord>
<yCoord>280</yCoord>
</edgeMap>
<edgeMap>
<xCoord>177</xCoord>
<yCoord>281</yCoord>
</edgeMap>
<edgeMap>
<xCoord>177</xCoord>
<yCoord>282</yCoord>
</edgeMap>
<edgeMap>
<xCoord>178</xCoord>
<yCoord>283</yCoord>
</edgeMap>
<edgeMap>
<xCoord>179</xCoord>
<yCoord>284</yCoord>
</edgeMap>
<edgeMap>
<xCoord>179</xCoord>
<yCoord>285</yCoord>
</edgeMap>
<edgeMap>
<xCoord>180</xCoord>
<yCoord>286</yCoord>
</edgeMap>
<edgeMap>
<xCoord>181</xCoord>
<yCoord>286</yCoord>
</edgeMap>
<edgeMap>
<xCoord>182</xCoord>
<yCoord>287</yCoord>
</edgeMap>
<edgeMap>
<xCoord>183</xCoord>
<yCoord>287</yCoord>
</edgeMap>
<edgeMap>
<xCoord>184</xCoord>
<yCoord>287</yCoord>
</edgeMap>
</roi>
<roi>
<imageZposition>-203.25</imageZposition>
<imageSOP_UID>1.3.6.1.4.1.14519.5.2.1.6279.6001.248958705551210091809810091300</imageSOP_UID>
<inclusion>TRUE</inclusion>
<edgeMap>
<xCoord>183</xCoord>
<yCoord>284</yCoord>
</edgeMap>
<edgeMap>
<xCoord>184</xCoord>
<yCoord>283</yCoord>
</edgeMap>
<edgeMap>
<xCoord>184</xCoord>
<yCoord>282</yCoord>
</edgeMap>
<edgeMap>
<xCoord>185</xCoord>
<yCoord>281</yCoord>
</edgeMap>
<edgeMap>
<xCoord>185</xCoord>
<yCoord>280</yCoord>
</edgeMap>
<edgeMap>
<xCoord>186</xCoord>
<yCoord>279</yCoord>
</edgeMap>
<edgeMap>
<xCoord>186</xCoord>
<yCoord>278</yCoord>
</edgeMap>
<edgeMap>
<xCoord>186</xCoord>
<yCoord>277</yCoord>
</edgeMap>
<edgeMap>
<xCoord>187</xCoord>
<yCoord>276</yCoord>
</edgeMap>
<edgeMap>
<xCoord>187</xCoord>
<yCoord>275</yCoord>
</edgeMap>
<edgeMap>
<xCoord>187</xCoord>
<yCoord>274</yCoord>
</edgeMap>
<edgeMap>
<xCoord>186</xCoord>
<yCoord>273</yCoord>
</edgeMap>
<edgeMap>
<xCoord>185</xCoord>
<yCoord>273</yCoord>
</edgeMap>
<edgeMap>
<xCoord>184</xCoord>
<yCoord>273</yCoord>
</edgeMap>
<edgeMap>
<xCoord>183</xCoord>
<yCoord>273</yCoord>
</edgeMap>
<edgeMap>
<xCoord>182</xCoord>
<yCoord>273</yCoord>
</edgeMap>
<edgeMap>
<xCoord>181</xCoord>
<yCoord>274</yCoord>
</edgeMap>
<edgeMap>
<xCoord>180</xCoord>
<yCoord>274</yCoord>
</edgeMap>
<edgeMap>
<xCoord>179</xCoord>
<yCoord>275</yCoord>
</edgeMap>
<edgeMap>
<xCoord>178</xCoord>
<yCoord>275</yCoord>
</edgeMap>
<edgeMap>
<xCoord>177</xCoord>
<yCoord>276</yCoord>
</edgeMap>
<edgeMap>
<xCoord>177</xCoord>
<yCoord>277</yCoord>
</edgeMap>
<edgeMap>
<xCoord>178</xCoord>
<yCoord>278</yCoord>
</edgeMap>
<edgeMap>
<xCoord>178</xCoord>
<yCoord>279</yCoord>
</edgeMap>
<edgeMap>
<xCoord>178</xCoord>
<yCoord>280</yCoord>
</edgeMap>
<edgeMap>
<xCoord>179</xCoord>
<yCoord>281</yCoord>
</edgeMap>
<edgeMap>
<xCoord>180</xCoord>
<yCoord>282</yCoord>
</edgeMap>
<edgeMap>
<xCoord>181</xCoord>
<yCoord>283</yCoord>
</edgeMap>
<edgeMap>
<xCoord>182</xCoord>
<yCoord>284</yCoord>
</edgeMap>
<edgeMap>
<xCoord>183</xCoord>
<yCoord>284</yCoord>
</edgeMap>
</roi>
</unblindedReadNodule>
<nonNodule>
<nonNoduleID>10121</nonNoduleID>
<imageZposition>-170.75</imageZposition>
<imageSOP_UID>1.3.6.1.4.1.14519.5.2.1.6279.6001.152504041183579620603153590877</imageSOP_UID>
<locus>
<xCoord>378</xCoord>
<yCoord>217</yCoord>
</locus>
</nonNodule>
<nonNodule>
<nonNoduleID>10109</nonNoduleID>
<imageZposition>-180.75</imageZposition>
<imageSOP_UID>1.3.6.1.4.1.14519.5.2.1.6279.6001.760642448974981617340752599498</imageSOP_UID>
<locus>
<xCoord>134</xCoord>
<yCoord>231</yCoord>
</locus>
</nonNodule>
<nonNodule>
<nonNoduleID>10122</nonNoduleID>
<imageZposition>-233.25</imageZposition>
<imageSOP_UID>1.3.6.1.4.1.14519.5.2.1.6279.6001.266165251193592641685587525683</imageSOP_UID>
<locus>
<xCoord>162</xCoord>
<yCoord>201</yCoord>
</locus>
</nonNodule>
<nonNodule>
<nonNoduleID>10123</nonNoduleID>
<imageZposition>-248.25</imageZposition>
<imageSOP_UID>1.3.6.1.4.1.14519.5.2.1.6279.6001.766112374577927488030066456216</imageSOP_UID>
<locus>
<xCoord>149</xCoord>
<yCoord>357</yCoord>
</locus>
</nonNodule>
<nonNodule>
<nonNoduleID>10106</nonNoduleID>
<imageZposition>-128.25</imageZposition>
<imageSOP_UID>1.3.6.1.4.1.14519.5.2.1.6279.6001.262920057465445400016199748358</imageSOP_UID>
<locus>
<xCoord>405</xCoord>
<yCoord>247</yCoord>
</locus>
</nonNodule>
<nonNodule>
<nonNoduleID>10111</nonNoduleID>
<imageZposition>-220.75</imageZposition>
<imageSOP_UID>1.3.6.1.4.1.14519.5.2.1.6279.6001.171520704650650602730540106007</imageSOP_UID>
<locus>
<xCoord>159</xCoord>
<yCoord>362</yCoord>
</locus>
</nonNodule>
<nonNodule>
<nonNoduleID>10119</nonNoduleID>
<imageZposition>-193.25</imageZposition>
<imageSOP_UID>1.3.6.1.4.1.14519.5.2.1.6279.6001.111294797731714266003752382348</imageSOP_UID>
<locus>
<xCoord>149</xCoord>
<yCoord>211</yCoord>
</locus>
</nonNodule>
</readingSession>
<readingSession>
<annotationVersion>3.12</annotationVersion>
<servicingRadiologistID>anon</servicingRadiologistID>
<unblindedReadNodule>
<noduleID>6003</noduleID>
<characteristics>
<subtlety>4</subtlety>
<internalStructure>1</internalStructure>
<calcification>6</calcification>
<sphericity>4</sphericity>
<margin>4</margin>
<lobulation>1</lobulation>
<spiculation>1</spiculation>
<texture>5</texture>
<malignancy>3</malignancy>
</characteristics>
<roi>
<imageZposition>-195.75</imageZposition>
<imageSOP_UID>1.3.6.1.4.1.14519.5.2.1.6279.6001.113176606849755326004515767059</imageSOP_UID>
<inclusion>TRUE</inclusion>
<edgeMap>
<xCoord>183</xCoord>
<yCoord>284</yCoord>
</edgeMap>
<edgeMap>
<xCoord>184</xCoord>
<yCoord>283</yCoord>
</edgeMap>
<edgeMap>
<xCoord>185</xCoord>
<yCoord>282</yCoord>
</edgeMap>
<edgeMap>
<xCoord>186</xCoord>
<yCoord>282</yCoord>
</edgeMap>
<edgeMap>
<xCoord>186</xCoord>
<yCoord>281</yCoord>
</edgeMap>
<edgeMap>
<xCoord>187</xCoord>
<yCoord>280</yCoord>
</edgeMap>
<edgeMap>
<xCoord>187</xCoord>
<yCoord>279</yCoord>
</edgeMap>
<edgeMap>
<xCoord>187</xCoord>
<yCoord>278</yCoord>
</edgeMap>
<edgeMap>
<xCoord>188</xCoord>
<yCoord>277</yCoord>
</edgeMap>
<edgeMap>
<xCoord>188</xCoord>
<yCoord>276</yCoord>
</edgeMap>
<edgeMap>
<xCoord>187</xCoord>
<yCoord>275</yCoord>
</edgeMap>
<edgeMap>
<xCoord>187</xCoord>
<yCoord>274</yCoord>
</edgeMap>
<edgeMap>
<xCoord>186</xCoord>
<yCoord>273</yCoord>
</edgeMap>
<edgeMap>
<xCoord>185</xCoord>
<yCoord>273</yCoord>
</edgeMap>
<edgeMap>
<xCoord>184</xCoord>
<yCoord>272</yCoord>
</edgeMap>
<edgeMap>
<xCoord>183</xCoord>
<yCoord>272</yCoord>
</edgeMap>
<edgeMap>
<xCoord>182</xCoord>
<yCoord>272</yCoord>
</edgeMap>
<edgeMap>
<xCoord>181</xCoord>
<yCoord>272</yCoord>
</edgeMap>
<edgeMap>
<xCoord>180</xCoord>
<yCoord>272</yCoord>
</edgeMap>
<edgeMap>
<xCoord>179</xCoord>
<yCoord>272</yCoord>
</edgeMap>
<edgeMap>
<xCoord>178</xCoord>
<yCoord>272</yCoord>
</edgeMap>
<edgeMap>
<xCoord>177</xCoord>
<yCoord>273</yCoord>
</edgeMap>
<edgeMap>
<xCoord>176</xCoord>
<yCoord>274</yCoord>
</edgeMap>
<edgeMap>
<xCoord>175</xCoord>
<yCoord>275</yCoord>
</edgeMap>
<edgeMap>
<xCoord>175</xCoord>
<yCoord>276</yCoord>
</edgeMap>
<edgeMap>
<xCoord>175</xCoord>
<yCoord>277</yCoord>
</edgeMap>
<edgeMap>
<xCoord>174</xCoord>
<yCoord>278</yCoord>
</edgeMap>
<edgeMap>
<xCoord>175</xCoord>
<yCoord>279</yCoord>
</edgeMap>
<edgeMap>
<xCoord>175</xCoord>
<yCoord>280</yCoord>
</edgeMap>
<edgeMap>
<xCoord>176</xCoord>
<yCoord>281</yCoord>
</edgeMap>
<edgeMap>
<xCoord>177</xCoord>
<yCoord>282</yCoord>
</edgeMap>
<edgeMap>
<xCoord>178</xCoord>
<yCoord>283</yCoord>
</edgeMap>
<edgeMap>
<xCoord>179</xCoord>
<yCoord>284</yCoord>
</edgeMap>
<edgeMap>
<xCoord>180</xCoord>
<yCoord>284</yCoord>
</edgeMap>
<edgeMap>
<xCoord>181</xCoord>
<yCoord>284</yCoord>
</edgeMap>
<edgeMap>
<xCoord>182</xCoord>
<yCoord>284</yCoord>
</edgeMap>
<edgeMap>
<xCoord>183</xCoord>
<yCoord>284</yCoord>
</edgeMap>
</roi>
<roi>
<imageZposition>-198.25</imageZposition>
<imageSOP_UID>1.3.6.1.4.1.14519.5.2.1.6279.6001.132134734323786158359069704449</imageSOP_UID>
<inclusion>TRUE</inclusion>
<edgeMap>
<xCoord>184</xCoord>
<yCoord>287</yCoord>
</edgeMap>
<edgeMap>
<xCoord>185</xCoord>
<yCoord>286</yCoord>
</edgeMap>
<edgeMap>
<xCoord>186</xCoord>
<yCoord>286</yCoord>
</edgeMap>
<edgeMap>
<xCoord>187</xCoord>
<yCoord>286</yCoord>
</edgeMap>
<edgeMap>
<xCoord>188</xCoord>
<yCoord>285</yCoord>
</edgeMap>
<edgeMap>
<xCoord>189</xCoord>
<yCoord>284</yCoord>
</edgeMap>
<edgeMap>
<xCoord>189</xCoord>
<yCoord>283</yCoord>
</edgeMap>
<edgeMap>
<xCoord>190</xCoord>
<yCoord>282</yCoord>
</edgeMap>
<edgeMap>
<xCoord>190</xCoord>
<yCoord>281</yCoord>
</edgeMap>
<edgeMap>
<xCoord>190</xCoord>
<yCoord>280</yCoord>
</edgeMap>
<edgeMap>
<xCoord>190</xCoord>
<yCoord>279</yCoord>
</edgeMap>
<edgeMap>
<xCoord>190</xCoord>
<yCoord>278</yCoord>
</edgeMap>
<edgeMap>
<xCoord>190</xCoord>
<yCoord>277</yCoord>
</edgeMap>
<edgeMap>
<xCoord>189</xCoord>
<yCoord>276</yCoord>
</edgeMap>
<edgeMap>
<xCoord>189</xCoord>
<yCoord>275</yCoord>
</edgeMap>
<edgeMap>
<xCoord>189</xCoord>
<yCoord>274</yCoord>
</edgeMap>
<edgeMap>
<xCoord>188</xCoord>
<yCoord>273</yCoord>
</edgeMap>
<edgeMap>
<xCoord>187</xCoord>
<yCoord>272</yCoord>
</edgeMap>
<edgeMap>
<xCoord>186</xCoord>
<yCoord>272</yCoord>
</edgeMap>
<edgeMap>
<xCoord>185</xCoord>
<yCoord>271</yCoord>
</edgeMap>
<edgeMap>
<xCoord>184</xCoord>
<yCoord>271</yCoord>
</edgeMap>
<edgeMap>
<xCoord>183</xCoord>
<yCoord>270</yCoord>
</edgeMap>
<edgeMap>
<xCoord>182</xCoord>
<yCoord>270</yCoord>
</edgeMap>
<edgeMap>
<xCoord>181</xCoord>
<yCoord>271</yCoord>
</edgeMap>
<edgeMap>
<xCoord>180</xCoord>
<yCoord>271</yCoord>
</edgeMap>
<edgeMap>
<xCoord>179</xCoord>
<yCoord>271</yCoord>
</edgeMap>
<edgeMap>
<xCoord>178</xCoord>
<yCoord>272</yCoord>
</edgeMap>
<edgeMap>
<xCoord>177</xCoord>
<yCoord>272</yCoord>
</edgeMap>
<edgeMap>
<xCoord>176</xCoord>
<yCoord>273</yCoord>
</edgeMap>
<edgeMap>
<xCoord>176</xCoord>
<yCoord>274</yCoord>
</edgeMap>
<edgeMap>
<xCoord>175</xCoord>
<yCoord>275</yCoord>
</edgeMap>
<edgeMap>
<xCoord>174</xCoord>
<yCoord>276</yCoord>
</edgeMap>
<edgeMap>
<xCoord>174</xCoord>
<yCoord>277</yCoord>
</edgeMap>
<edgeMap>
<xCoord>174</xCoord>
<yCoord>278</yCoord>
</edgeMap>
<edgeMap>
<xCoord>174</xCoord>
<yCoord>279</yCoord>
</edgeMap>
<edgeMap>
<xCoord>175</xCoord>
<yCoord>280</yCoord>
</edgeMap>
<edgeMap>
<xCoord>175</xCoord>
<yCoord>281</yCoord>
</edgeMap>
<edgeMap>
<xCoord>176</xCoord>
<yCoord>282</yCoord>
</edgeMap>
<edgeMap>
<xCoord>176</xCoord>
<yCoord>283</yCoord>
</edgeMap>
<edgeMap>
<xCoord>177</xCoord>
<yCoord>284</yCoord>
</edgeMap>
<edgeMap>
<xCoord>178</xCoord>
<yCoord>284</yCoord>
</edgeMap>
<edgeMap>
<xCoord>179</xCoord>
<yCoord>285</yCoord>
</edgeMap>
<edgeMap>
<xCoord>180</xCoord>
<yCoord>286</yCoord>
</edgeMap>
<edgeMap>
<xCoord>181</xCoord>
<yCoord>286</yCoord>
</edgeMap>
<edgeMap>
<xCoord>182</xCoord>
<yCoord>287</yCoord>
</edgeMap>
<edgeMap>
<xCoord>183</xCoord>
<yCoord>287</yCoord>
</edgeMap>
<edgeMap>
<xCoord>184</xCoord>
<yCoord>287</yCoord>
</edgeMap>
</roi>
<roi>
<imageZposition>-200.75</imageZposition>
<imageSOP_UID>1.3.6.1.4.1.14519.5.2.1.6279.6001.802214629201958898793343066227</imageSOP_UID>
<inclusion>TRUE</inclusion>
<edgeMap>
<xCoord>185</xCoord>
<yCoord>287</yCoord>
</edgeMap>
<edgeMap>
<xCoord>186</xCoord>
<yCoord>286</yCoord>
</edgeMap>
<edgeMap>
<xCoord>187</xCoord>
<yCoord>285</yCoord>
</edgeMap>
<edgeMap>
<xCoord>188</xCoord>
<yCoord>284</yCoord>
</edgeMap>
<edgeMap>
<xCoord>189</xCoord>
<yCoord>283</yCoord>
</edgeMap>
<edgeMap>
<xCoord>189</xCoord>
<yCoord>282</yCoord>
</edgeMap>
<edgeMap>
<xCoord>189</xCoord>
<yCoord>281</yCoord>
</edgeMap>
<edgeMap>
<xCoord>190</xCoord>
<yCoord>280</yCoord>
</edgeMap>
<edgeMap>
<xCoord>190</xCoord>
<yCoord>279</yCoord>
</edgeMap>
<edgeMap>
<xCoord>190</xCoord>
<yCoord>278</yCoord>
</edgeMap>
<edgeMap>
<xCoord>190</xCoord>
<yCoord>277</yCoord>
</edgeMap>
<edgeMap>
<xCoord>190</xCoord>
<yCoord>276</yCoord>
</edgeMap>
<edgeMap>
<xCoord>189</xCoord>
<yCoord>275</yCoord>
</edgeMap>
<edgeMap>
<xCoord>188</xCoord>
<yCoord>274</yCoord>
</edgeMap>
<edgeMap>
<xCoord>188</xCoord>
<yCoord>273</yCoord>
</edgeMap>
<edgeMap>
<xCoord>187</xCoord>
<yCoord>272</yCoord>
</edgeMap>
<edgeMap>
<xCoord>186</xCoord>
<yCoord>272</yCoord>
</edgeMap>
<edgeMap>
<xCoord>185</xCoord>
<yCoord>271</yCoord>
</edgeMap>
<edgeMap>
<xCoord>184</xCoord>
<yCoord>271</yCoord>
</edgeMap>
<edgeMap>
<xCoord>183</xCoord>
<yCoord>271</yCoord>
</edgeMap>
<edgeMap>
<xCoord>182</xCoord>
<yCoord>271</yCoord>
</edgeMap>
<edgeMap>
<xCoord>181</xCoord>
<yCoord>271</yCoord>
</edgeMap>
<edgeMap>
<xCoord>180</xCoord>
<yCoord>271</yCoord>
</edgeMap>
<edgeMap>
<xCoord>179</xCoord>
<yCoord>272</yCoord>
</edgeMap>
<edgeMap>
<xCoord>178</xCoord>
<yCoord>273</yCoord>
</edgeMap>
<edgeMap>
<xCoord>177</xCoord>
<yCoord>273</yCoord>
</edgeMap>
<edgeMap>
<xCoord>176</xCoord>
<yCoord>274</yCoord>
</edgeMap>
<edgeMap>
<xCoord>175</xCoord>
<yCoord>275</yCoord>
</edgeMap>
<edgeMap>
<xCoord>175</xCoord>
<yCoord>276</yCoord>
</edgeMap>
<edgeMap>
<xCoord>175</xCoord>
<yCoord>277</yCoord>
</edgeMap>
<edgeMap>
<xCoord>176</xCoord>
<yCoord>278</yCoord>
</edgeMap>
<edgeMap>
<xCoord>176</xCoord>
<yCoord>279</yCoord>
</edgeMap>
<edgeMap>
<xCoord>176</xCoord>
<yCoord>280</yCoord>
</edgeMap>
<edgeMap>
<xCoord>177</xCoord>
<yCoord>281</yCoord>
</edgeMap>
<edgeMap>
<xCoord>177</xCoord>
<yCoord>282</yCoord>
</edgeMap>
<edgeMap>
<xCoord>178</xCoord>
<yCoord>283</yCoord>
</edgeMap>
<edgeMap>
<xCoord>179</xCoord>
<yCoord>284</yCoord>
</edgeMap>
<edgeMap>
<xCoord>179</xCoord>
<yCoord>285</yCoord>
</edgeMap>
<edgeMap>
<xCoord>180</xCoord>
<yCoord>286</yCoord>
</edgeMap>
<edgeMap>
<xCoord>181</xCoord>
<yCoord>286</yCoord>
</edgeMap>
<edgeMap>
<xCoord>182</xCoord>
<yCoord>287</yCoord>
</edgeMap>
<edgeMap>
<xCoord>183</xCoord>
<yCoord>287</yCoord>
</edgeMap>
<edgeMap>
<xCoord>184</xCoord>
<yCoord>287</yCoord>
</edgeMap>
<edgeMap>
<xCoord>185</xCoord>
<yCoord>287</yCoord>
</edgeMap>
</roi>
<roi>
<imageZposition>-203.25</imageZposition>
<imageSOP_UID>1.3.6.1.4.1.14519.5.2.1.6279.6001.248958705551210091809810091300</imageSOP_UID>
<inclusion>TRUE</inclusion>
<edgeMap>
<xCoord>185</xCoord>
<yCoord>286</yCoord>
</edgeMap>
<edgeMap>
<xCoord>186</xCoord>
<yCoord>285</yCoord>
</edgeMap>
<edgeMap>
<xCoord>186</xCoord>
<yCoord>284</yCoord>
</edgeMap>
<edgeMap>
<xCoord>187</xCoord>
<yCoord>283</yCoord>
</edgeMap>
<edgeMap>
<xCoord>188</xCoord>
<yCoord>282</yCoord>
</edgeMap>
<edgeMap>
<xCoord>188</xCoord>
<yCoord>281</yCoord>
</edgeMap>
<edgeMap>
<xCoord>188</xCoord>
<yCoord>280</yCoord>
</edgeMap>
<edgeMap>
<xCoord>189</xCoord>
<yCoord>279</yCoord>
</edgeMap>
<edgeMap>
<xCoord>189</xCoord>
<yCoord>278</yCoord>
</edgeMap>
<edgeMap>
<xCoord>188</xCoord>
<yCoord>277</yCoord>
</edgeMap>
<edgeMap>
<xCoord>187</xCoord>
<yCoord>276</yCoord>
</edgeMap>
<edgeMap>
<xCoord>187</xCoord>
<yCoord>275</yCoord>
</edgeMap>
<edgeMap>
<xCoord>187</xCoord>
<yCoord>274</yCoord>
</edgeMap>
<edgeMap>
<xCoord>186</xCoord>
<yCoord>273</yCoord>
</edgeMap>
<edgeMap>
<xCoord>185</xCoord>
<yCoord>273</yCoord>
</edgeMap>
<edgeMap>
<xCoord>184</xCoord>
<yCoord>273</yCoord>
</edgeMap>
<edgeMap>
<xCoord>183</xCoord>
<yCoord>273</yCoord>
</edgeMap>
<edgeMap>
<xCoord>182</xCoord>
<yCoord>273</yCoord>
</edgeMap>
<edgeMap>
<xCoord>181</xCoord>
<yCoord>274</yCoord>
</edgeMap>
<edgeMap>
<xCoord>180</xCoord>
<yCoord>274</yCoord>
</edgeMap>
<edgeMap>
<xCoord>179</xCoord>
<yCoord>275</yCoord>
</edgeMap>
<edgeMap>
<xCoord>178</xCoord>
<yCoord>275</yCoord>
</edgeMap>
<edgeMap>
<xCoord>177</xCoord>
<yCoord>276</yCoord>
</edgeMap>
<edgeMap>
<xCoord>177</xCoord>
<yCoord>277</yCoord>
</edgeMap>
<edgeMap>
<xCoord>178</xCoord>
<yCoord>278</yCoord>
</edgeMap>
<edgeMap>
<xCoord>178</xCoord>
<yCoord>279</yCoord>
</edgeMap>
<edgeMap>
<xCoord>178</xCoord>
<yCoord>280</yCoord>
</edgeMap>
<edgeMap>
<xCoord>179</xCoord>
<yCoord>281</yCoord>
</edgeMap>
<edgeMap>
<xCoord>180</xCoord>
<yCoord>282</yCoord>
</edgeMap>
<edgeMap>
<xCoord>181</xCoord>
<yCoord>283</yCoord>
</edgeMap>
<edgeMap>
<xCoord>182</xCoord>
<yCoord>284</yCoord>
</edgeMap>
<edgeMap>
<xCoord>183</xCoord>
<yCoord>285</yCoord>
</edgeMap>
<edgeMap>
<xCoord>183</xCoord>
<yCoord>286</yCoord>
</edgeMap>
<edgeMap>
<xCoord>184</xCoord>
<yCoord>286</yCoord>
</edgeMap>
<edgeMap>
<xCoord>185</xCoord>
<yCoord>286</yCoord>
</edgeMap>
</roi>
</unblindedReadNodule>
<nonNodule>
<nonNoduleID>6008</nonNoduleID>
<imageZposition>-180.75</imageZposition>
<imageSOP_UID>1.3.6.1.4.1.14519.5.2.1.6279.6001.760642448974981617340752599498</imageSOP_UID>
<locus>
<xCoord>133</xCoord>
<yCoord>230</yCoord>
</locus>
</nonNodule>
<nonNodule>
<nonNoduleID>6015</nonNoduleID>
<imageZposition>-248.25</imageZposition>
<imageSOP_UID>1.3.6.1.4.1.14519.5.2.1.6279.6001.766112374577927488030066456216</imageSOP_UID>
<locus>
<xCoord>146</xCoord>
<yCoord>355</yCoord>
</locus>
</nonNodule>
<nonNodule>
<nonNoduleID>6006</nonNoduleID>
<imageZposition>-128.25</imageZposition>
<imageSOP_UID>1.3.6.1.4.1.14519.5.2.1.6279.6001.262920057465445400016199748358</imageSOP_UID>
<locus>
<xCoord>405</xCoord>
<yCoord>247</yCoord>
</locus>
</nonNodule>
<nonNodule>
<nonNoduleID>6010</nonNoduleID>
<imageZposition>-198.25</imageZposition>
<imageSOP_UID>1.3.6.1.4.1.14519.5.2.1.6279.6001.132134734323786158359069704449</imageSOP_UID>
<locus>
<xCoord>152</xCoord>
<yCoord>195</yCoord>
</locus>
</nonNodule>
<nonNodule>
<nonNoduleID>6011</nonNoduleID>
<imageZposition>-220.75</imageZposition>
<imageSOP_UID>1.3.6.1.4.1.14519.5.2.1.6279.6001.171520704650650602730540106007</imageSOP_UID>
<locus>
<xCoord>159</xCoord>
<yCoord>362</yCoord>
</locus>
</nonNodule>
<nonNodule>
<nonNoduleID>6012</nonNoduleID>
<imageZposition>-235.75</imageZposition>
<imageSOP_UID>1.3.6.1.4.1.14519.5.2.1.6279.6001.330486858772218342149553435109</imageSOP_UID>
<locus>
<xCoord>160</xCoord>
<yCoord>198</yCoord>
</locus>
</nonNodule>
<nonNodule>
<nonNoduleID>6013</nonNoduleID>
<imageZposition>-248.25</imageZposition>
<imageSOP_UID>1.3.6.1.4.1.14519.5.2.1.6279.6001.766112374577927488030066456216</imageSOP_UID>
<locus>
<xCoord>111</xCoord>
<yCoord>332</yCoord>
</locus>
</nonNodule>
<nonNodule>
<nonNoduleID>6014</nonNoduleID>
<imageZposition>-175.75</imageZposition>
<imageSOP_UID>1.3.6.1.4.1.14519.5.2.1.6279.6001.240282078346346776120531066272</imageSOP_UID>
<locus>
<xCoord>376</xCoord>
<yCoord>206</yCoord>
</locus>
</nonNodule>
<nonNodule>
<nonNoduleID>6017</nonNoduleID>
<imageZposition>-133.25</imageZposition>
<imageSOP_UID>1.3.6.1.4.1.14519.5.2.1.6279.6001.275178709594329635797288847035</imageSOP_UID>
<locus>
<xCoord>405</xCoord>
<yCoord>235</yCoord>
</locus>
</nonNodule>
<nonNodule>
<nonNoduleID>6018</nonNoduleID>
<imageZposition>-230.75</imageZposition>
<imageSOP_UID>1.3.6.1.4.1.14519.5.2.1.6279.6001.175608166544684580947460039395</imageSOP_UID>
<locus>
<xCoord>162</xCoord>
<yCoord>200</yCoord>
</locus>
</nonNodule>
<nonNodule>
<nonNoduleID>6019</nonNoduleID>
<imageZposition>-193.25</imageZposition>
<imageSOP_UID>1.3.6.1.4.1.14519.5.2.1.6279.6001.111294797731714266003752382348</imageSOP_UID>
<locus>
<xCoord>149</xCoord>
<yCoord>211</yCoord>
</locus>
</nonNodule>
<nonNodule>
<nonNoduleID>6020</nonNoduleID>
<imageZposition>-193.25</imageZposition>
<imageSOP_UID>1.3.6.1.4.1.14519.5.2.1.6279.6001.111294797731714266003752382348</imageSOP_UID>
<locus>
<xCoord>179</xCoord>
<yCoord>366</yCoord>
</locus>
</nonNodule>
<nonNodule>
<nonNoduleID>6021</nonNoduleID>
<imageZposition>-170.75</imageZposition>
<imageSOP_UID>1.3.6.1.4.1.14519.5.2.1.6279.6001.152504041183579620603153590877</imageSOP_UID>
<locus>
<xCoord>378</xCoord>
<yCoord>217</yCoord>
</locus>
</nonNodule>
<nonNodule>
<nonNoduleID>6022</nonNoduleID>
<imageZposition>-233.25</imageZposition>
<imageSOP_UID>1.3.6.1.4.1.14519.5.2.1.6279.6001.266165251193592641685587525683</imageSOP_UID>
<locus>
<xCoord>162</xCoord>
<yCoord>201</yCoord>
</locus>
</nonNodule>
<nonNodule>
<nonNoduleID>6023</nonNoduleID>
<imageZposition>-248.25</imageZposition>
<imageSOP_UID>1.3.6.1.4.1.14519.5.2.1.6279.6001.766112374577927488030066456216</imageSOP_UID>
<locus>
<xCoord>149</xCoord>
<yCoord>357</yCoord>
</locus>
</nonNodule>
</readingSession>
  <readingSession>
    <annotationVersion>3.12</annotationVersion>
<servicingRadiologistID>anon</servicingRadiologistID>
    <unblindedReadNodule>
      <noduleID>IL057_123483</noduleID>
      <characteristics>
        <subtlety>4</subtlety>
        <internalStructure>1</internalStructure>
        <calcification>6</calcification>
        <sphericity>5</sphericity>
        <margin>5</margin>
        <lobulation>1</lobulation>
        <spiculation>1</spiculation>
        <texture>5</texture>
        <malignancy>5</malignancy>
      </characteristics>
      <roi>
        <imageZposition>-195.75</imageZposition>
        <imageSOP_UID>1.3.6.1.4.1.14519.5.2.1.6279.6001.113176606849755326004515767059</imageSOP_UID>
        <inclusion>TRUE</inclusion>
        <edgeMap>
          <xCoord>183</xCoord>
          <yCoord>284</yCoord>
        </edgeMap>
        <edgeMap>
          <xCoord>184</xCoord>
          <yCoord>283</yCoord>
        </edgeMap>
        <edgeMap>
          <xCoord>185</xCoord>
          <yCoord>282</yCoord>
        </edgeMap>
        <edgeMap>
          <xCoord>186</xCoord>
          <yCoord>282</yCoord>
        </edgeMap>
        <edgeMap>
          <xCoord>187</xCoord>
          <yCoord>282</yCoord>
        </edgeMap>
        <edgeMap>
          <xCoord>188</xCoord>
          <yCoord>283</yCoord>
        </edgeMap>
        <edgeMap>
          <xCoord>189</xCoord>
          <yCoord>282</yCoord>
        </edgeMap>
        <edgeMap>
          <xCoord>190</xCoord>
          <yCoord>281</yCoord>
        </edgeMap>
        <edgeMap>
          <xCoord>191</xCoord>
          <yCoord>280</yCoord>
        </edgeMap>
        <edgeMap>
          <xCoord>192</xCoord>
          <yCoord>279</yCoord>
        </edgeMap>
        <edgeMap>
          <xCoord>191</xCoord>
          <yCoord>278</yCoord>
        </edgeMap>
        <edgeMap>
          <xCoord>190</xCoord>
          <yCoord>278</yCoord>
        </edgeMap>
        <edgeMap>
          <xCoord>189</xCoord>
          <yCoord>278</yCoord>
        </edgeMap>
        <edgeMap>
          <xCoord>188</xCoord>
          <yCoord>277</yCoord>
        </edgeMap>
        <edgeMap>
          <xCoord>188</xCoord>
          <yCoord>276</yCoord>
        </edgeMap>
        <edgeMap>
          <xCoord>187</xCoord>
          <yCoord>275</yCoord>
        </edgeMap>
        <edgeMap>
          <xCoord>186</xCoord>
          <yCoord>274</yCoord>
        </edgeMap>
        <edgeMap>
          <xCoord>185</xCoord>
          <yCoord>273</yCoord>
        </edgeMap>
        <edgeMap>
          <xCoord>184</xCoord>
          <yCoord>272</yCoord>
        </edgeMap>
        <edgeMap>
          <xCoord>183</xCoord>
          <yCoord>272</yCoord>
        </edgeMap>
        <edgeMap>
          <xCoord>182</xCoord>
          <yCoord>272</yCoord>
        </edgeMap>
        <edgeMap>
          <xCoord>181</xCoord>
          <yCoord>272</yCoord>
        </edgeMap>
        <edgeMap>
          <xCoord>180</xCoord>
          <yCoord>272</yCoord>
        </edgeMap>
        <edgeMap>
          <xCoord>179</xCoord>
          <yCoord>272</yCoord>
        </edgeMap>
        <edgeMap>
          <xCoord>178</xCoord>
          <yCoord>273</yCoord>
        </edgeMap>
        <edgeMap>
          <xCoord>177</xCoord>
          <yCoord>273</yCoord>
        </edgeMap>
        <edgeMap>
          <xCoord>176</xCoord>
          <yCoord>274</yCoord>
        </edgeMap>
        <edgeMap>
          <xCoord>176</xCoord>
          <yCoord>275</yCoord>
        </edgeMap>
        <edgeMap>
          <xCoord>175</xCoord>
          <yCoord>276</yCoord>
        </edgeMap>
        <edgeMap>
          <xCoord>175</xCoord>
          <yCoord>277</yCoord>
        </edgeMap>
        <edgeMap>
          <xCoord>174</xCoord>
          <yCoord>278</yCoord>
        </edgeMap>
        <edgeMap>
          <xCoord>175</xCoord>
          <yCoord>279</yCoord>
        </edgeMap>
        <edgeMap>
          <xCoord>175</xCoord>
          <yCoord>280</yCoord>
        </edgeMap>
        <edgeMap>
          <xCoord>176</xCoord>
          <yCoord>281</yCoord>
        </edgeMap>
        <edgeMap>
          <xCoord>177</xCoord>
          <yCoord>282</yCoord>
        </edgeMap>
        <edgeMap>
          <xCoord>178</xCoord>
          <yCoord>283</yCoord>
        </edgeMap>
        <edgeMap>
          <xCoord>179</xCoord>
          <yCoord>283</yCoord>
        </edgeMap>
        <edgeMap>
          <xCoord>180</xCoord>
          <yCoord>284</yCoord>
        </edgeMap>
        <edgeMap>
          <xCoord>181</xCoord>
          <yCoord>283</yCoord>
        </edgeMap>
        <edgeMap>
          <xCoord>182</xCoord>
          <yCoord>284</yCoord>
        </edgeMap>
        <edgeMap>
          <xCoord>183</xCoord>
          <yCoord>284</yCoord>
        </edgeMap>
      </roi>
      <roi>
        <imageZposition>-198.25</imageZposition>
        <imageSOP_UID>1.3.6.1.4.1.14519.5.2.1.6279.6001.132134734323786158359069704449</imageSOP_UID>
        <inclusion>TRUE</inclusion>
        <edgeMap>
          <xCoord>184</xCoord>
          <yCoord>287</yCoord>
        </edgeMap>
        <edgeMap>
          <xCoord>185</xCoord>
          <yCoord>286</yCoord>
        </edgeMap>
        <edgeMap>
          <xCoord>186</xCoord>
          <yCoord>286</yCoord>
        </edgeMap>
        <edgeMap>
          <xCoord>187</xCoord>
          <yCoord>286</yCoord>
        </edgeMap>
        <edgeMap>
          <xCoord>188</xCoord>
          <yCoord>285</yCoord>
        </edgeMap>
        <edgeMap>
          <xCoord>189</xCoord>
          <yCoord>284</yCoord>
        </edgeMap>
        <edgeMap>
          <xCoord>189</xCoord>
          <yCoord>283</yCoord>
        </edgeMap>
        <edgeMap>
          <xCoord>189</xCoord>
          <yCoord>282</yCoord>
        </edgeMap>
        <edgeMap>
          <xCoord>190</xCoord>
          <yCoord>281</yCoord>
        </edgeMap>
        <edgeMap>
          <xCoord>190</xCoord>
          <yCoord>280</yCoord>
        </edgeMap>
        <edgeMap>
          <xCoord>190</xCoord>
          <yCoord>279</yCoord>
        </edgeMap>
        <edgeMap>
          <xCoord>190</xCoord>
          <yCoord>278</yCoord>
        </edgeMap>
        <edgeMap>
          <xCoord>190</xCoord>
          <yCoord>277</yCoord>
        </edgeMap>
        <edgeMap>
          <xCoord>189</xCoord>
          <yCoord>276</yCoord>
        </edgeMap>
        <edgeMap>
          <xCoord>189</xCoord>
          <yCoord>275</yCoord>
        </edgeMap>
        <edgeMap>
          <xCoord>189</xCoord>
          <yCoord>274</yCoord>
        </edgeMap>
        <edgeMap>
          <xCoord>188</xCoord>
          <yCoord>273</yCoord>
        </edgeMap>
        <edgeMap>
          <xCoord>187</xCoord>
          <yCoord>272</yCoord>
        </edgeMap>
        <edgeMap>
          <xCoord>186</xCoord>
          <yCoord>272</yCoord>
        </edgeMap>
        <edgeMap>
          <xCoord>185</xCoord>
          <yCoord>271</yCoord>
        </edgeMap>
        <edgeMap>
          <xCoord>184</xCoord>
          <yCoord>271</yCoord>
        </edgeMap>
        <edgeMap>
          <xCoord>183</xCoord>
          <yCoord>270</yCoord>
        </edgeMap>
        <edgeMap>
          <xCoord>182</xCoord>
          <yCoord>271</yCoord>
        </edgeMap>
        <edgeMap>
          <xCoord>181</xCoord>
          <yCoord>271</yCoord>
        </edgeMap>
        <edgeMap>
          <xCoord>180</xCoord>
          <yCoord>271</yCoord>
        </edgeMap>
        <edgeMap>
          <xCoord>179</xCoord>
          <yCoord>271</yCoord>
        </edgeMap>
        <edgeMap>
          <xCoord>178</xCoord>
          <yCoord>272</yCoord>
        </edgeMap>
        <edgeMap>
          <xCoord>177</xCoord>
          <yCoord>272</yCoord>
        </edgeMap>
        <edgeMap>
          <xCoord>176</xCoord>
          <yCoord>273</yCoord>
        </edgeMap>
        <edgeMap>
          <xCoord>176</xCoord>
          <yCoord>274</yCoord>
        </edgeMap>
        <edgeMap>
          <xCoord>175</xCoord>
          <yCoord>275</yCoord>
        </edgeMap>
        <edgeMap>
          <xCoord>174</xCoord>
          <yCoord>276</yCoord>
        </edgeMap>
        <edgeMap>
          <xCoord>174</xCoord>
          <yCoord>277</yCoord>
        </edgeMap>
        <edgeMap>
          <xCoord>174</xCoord>
          <yCoord>278</yCoord>
        </edgeMap>
        <edgeMap>
          <xCoord>174</xCoord>
          <yCoord>279</yCoord>
        </edgeMap>
        <edgeMap>
          <xCoord>175</xCoord>
          <yCoord>280</yCoord>
        </edgeMap>
        <edgeMap>
          <xCoord>175</xCoord>
          <yCoord>281</yCoord>
        </edgeMap>
        <edgeMap>
          <xCoord>176</xCoord>
          <yCoord>282</yCoord>
        </edgeMap>
        <edgeMap>
          <xCoord>177</xCoord>
          <yCoord>283</yCoord>
        </edgeMap>
        <edgeMap>
          <xCoord>178</xCoord>
          <yCoord>284</yCoord>
        </edgeMap>
        <edgeMap>
          <xCoord>179</xCoord>
          <yCoord>285</yCoord>
        </edgeMap>
        <edgeMap>
          <xCoord>180</xCoord>
          <yCoord>286</yCoord>
        </edgeMap>
        <edgeMap>
          <xCoord>181</xCoord>
          <yCoord>286</yCoord>
        </edgeMap>
        <edgeMap>
          <xCoord>182</xCoord>
          <yCoord>287</yCoord>
        </edgeMap>
        <edgeMap>
          <xCoord>183</xCoord>
          <yCoord>287</yCoord>
        </edgeMap>
        <edgeMap>
          <xCoord>184</xCoord>
          <yCoord>287</yCoord>
        </edgeMap>
      </roi>
      <roi>
        <imageZposition>-200.75</imageZposition>
        <imageSOP_UID>1.3.6.1.4.1.14519.5.2.1.6279.6001.802214629201958898793343066227</imageSOP_UID>
        <inclusion>TRUE</inclusion>
        <edgeMap>
          <xCoord>184</xCoord>
          <yCoord>287</yCoord>
        </edgeMap>
        <edgeMap>
          <xCoord>185</xCoord>
          <yCoord>286</yCoord>
        </edgeMap>
        <edgeMap>
          <xCoord>186</xCoord>
          <yCoord>286</yCoord>
        </edgeMap>
        <edgeMap>
          <xCoord>187</xCoord>
          <yCoord>285</yCoord>
        </edgeMap>
        <edgeMap>
          <xCoord>188</xCoord>
          <yCoord>284</yCoord>
        </edgeMap>
        <edgeMap>
          <xCoord>189</xCoord>
          <yCoord>283</yCoord>
        </edgeMap>
        <edgeMap>
          <xCoord>189</xCoord>
          <yCoord>282</yCoord>
        </edgeMap>
        <edgeMap>
          <xCoord>189</xCoord>
          <yCoord>281</yCoord>
        </edgeMap>
        <edgeMap>
          <xCoord>190</xCoord>
          <yCoord>280</yCoord>
        </edgeMap>
        <edgeMap>
          <xCoord>190</xCoord>
          <yCoord>279</yCoord>
        </edgeMap>
        <edgeMap>
          <xCoord>190</xCoord>
          <yCoord>278</yCoord>
        </edgeMap>
        <edgeMap>
          <xCoord>190</xCoord>
          <yCoord>277</yCoord>
        </edgeMap>
        <edgeMap>
          <xCoord>190</xCoord>
          <yCoord>276</yCoord>
        </edgeMap>
        <edgeMap>
          <xCoord>189</xCoord>
          <yCoord>275</yCoord>
        </edgeMap>
        <edgeMap>
          <xCoord>188</xCoord>
          <yCoord>274</yCoord>
        </edgeMap>
        <edgeMap>
          <xCoord>187</xCoord>
          <yCoord>273</yCoord>
        </edgeMap>
        <edgeMap>
          <xCoord>186</xCoord>
          <yCoord>272</yCoord>
        </edgeMap>
        <edgeMap>
          <xCoord>185</xCoord>
          <yCoord>271</yCoord>
        </edgeMap>
        <edgeMap>
          <xCoord>184</xCoord>
          <yCoord>271</yCoord>
        </edgeMap>
        <edgeMap>
          <xCoord>183</xCoord>
          <yCoord>271</yCoord>
        </edgeMap>
        <edgeMap>
          <xCoord>182</xCoord>
          <yCoord>271</yCoord>
        </edgeMap>
        <edgeMap>
          <xCoord>181</xCoord>
          <yCoord>271</yCoord>
        </edgeMap>
        <edgeMap>
          <xCoord>180</xCoord>
          <yCoord>271</yCoord>
        </edgeMap>
        <edgeMap>
          <xCoord>179</xCoord>
          <yCoord>272</yCoord>
        </edgeMap>
        <edgeMap>
          <xCoord>178</xCoord>
          <yCoord>273</yCoord>
        </edgeMap>
        <edgeMap>
          <xCoord>177</xCoord>
          <yCoord>273</yCoord>
        </edgeMap>
        <edgeMap>
          <xCoord>176</xCoord>
          <yCoord>274</yCoord>
        </edgeMap>
        <edgeMap>
          <xCoord>175</xCoord>
          <yCoord>275</yCoord>
        </edgeMap>
        <edgeMap>
          <xCoord>175</xCoord>
          <yCoord>276</yCoord>
        </edgeMap>
        <edgeMap>
          <xCoord>175</xCoord>
          <yCoord>277</yCoord>
        </edgeMap>
        <edgeMap>
          <xCoord>176</xCoord>
          <yCoord>278</yCoord>
        </edgeMap>
        <edgeMap>
          <xCoord>176</xCoord>
          <yCoord>279</yCoord>
        </edgeMap>
        <edgeMap>
          <xCoord>176</xCoord>
          <yCoord>280</yCoord>
        </edgeMap>
        <edgeMap>
          <xCoord>177</xCoord>
          <yCoord>281</yCoord>
        </edgeMap>
        <edgeMap>
          <xCoord>177</xCoord>
          <yCoord>282</yCoord>
        </edgeMap>
        <edgeMap>
          <xCoord>178</xCoord>
          <yCoord>283</yCoord>
        </edgeMap>
        <edgeMap>
          <xCoord>179</xCoord>
          <yCoord>284</yCoord>
        </edgeMap>
        <edgeMap>
          <xCoord>179</xCoord>
          <yCoord>285</yCoord>
        </edgeMap>
        <edgeMap>
          <xCoord>180</xCoord>
          <yCoord>286</yCoord>
        </edgeMap>
        <edgeMap>
          <xCoord>181</xCoord>
          <yCoord>286</yCoord>
        </edgeMap>
        <edgeMap>
          <xCoord>182</xCoord>
          <yCoord>287</yCoord>
        </edgeMap>
        <edgeMap>
          <xCoord>183</xCoord>
          <yCoord>287</yCoord>
        </edgeMap>
        <edgeMap>
          <xCoord>184</xCoord>
          <yCoord>287</yCoord>
        </edgeMap>
      </roi>
      <roi>
        <imageZposition>-203.25</imageZposition>
        <imageSOP_UID>1.3.6.1.4.1.14519.5.2.1.6279.6001.248958705551210091809810091300</imageSOP_UID>
        <inclusion>TRUE</inclusion>
        <edgeMap>
          <xCoord>184</xCoord>
          <yCoord>287</yCoord>
        </edgeMap>
        <edgeMap>
          <xCoord>185</xCoord>
          <yCoord>286</yCoord>
        </edgeMap>
        <edgeMap>
          <xCoord>186</xCoord>
          <yCoord>285</yCoord>
        </edgeMap>
        <edgeMap>
          <xCoord>186</xCoord>
          <yCoord>284</yCoord>
        </edgeMap>
        <edgeMap>
          <xCoord>187</xCoord>
          <yCoord>283</yCoord>
        </edgeMap>
        <edgeMap>
          <xCoord>188</xCoord>
          <yCoord>282</yCoord>
        </edgeMap>
        <edgeMap>
          <xCoord>188</xCoord>
          <yCoord>281</yCoord>
        </edgeMap>
        <edgeMap>
          <xCoord>188</xCoord>
          <yCoord>280</yCoord>
        </edgeMap>
        <edgeMap>
          <xCoord>188</xCoord>
          <yCoord>279</yCoord>
        </edgeMap>
        <edgeMap>
          <xCoord>189</xCoord>
          <yCoord>278</yCoord>
        </edgeMap>
        <edgeMap>
          <xCoord>189</xCoord>
          <yCoord>277</yCoord>
        </edgeMap>
        <edgeMap>
          <xCoord>190</xCoord>
          <yCoord>276</yCoord>
        </edgeMap>
        <edgeMap>
          <xCoord>191</xCoord>
          <yCoord>275</yCoord>
        </edgeMap>
        <edgeMap>
          <xCoord>190</xCoord>
          <yCoord>274</yCoord>
        </edgeMap>
        <edgeMap>
          <xCoord>189</xCoord>
          <yCoord>275</yCoord>
        </edgeMap>
        <edgeMap>
          <xCoord>188</xCoord>
          <yCoord>276</yCoord>
        </edgeMap>
        <edgeMap>
          <xCoord>187</xCoord>
          <yCoord>275</yCoord>
        </edgeMap>
        <edgeMap>
          <xCoord>187</xCoord>
          <yCoord>274</yCoord>
        </edgeMap>
        <edgeMap>
          <xCoord>186</xCoord>
          <yCoord>273</yCoord>
        </edgeMap>
        <edgeMap>
          <xCoord>185</xCoord>
          <yCoord>273</yCoord>
        </edgeMap>
        <edgeMap>
          <xCoord>184</xCoord>
          <yCoord>273</yCoord>
        </edgeMap>
        <edgeMap>
          <xCoord>183</xCoord>
          <yCoord>273</yCoord>
        </edgeMap>
        <edgeMap>
          <xCoord>182</xCoord>
          <yCoord>273</yCoord>
        </edgeMap>
        <edgeMap>
          <xCoord>181</xCoord>
          <yCoord>274</yCoord>
        </edgeMap>
        <edgeMap>
          <xCoord>180</xCoord>
          <yCoord>274</yCoord>
        </edgeMap>
        <edgeMap>
          <xCoord>179</xCoord>
          <yCoord>275</yCoord>
        </edgeMap>
        <edgeMap>
          <xCoord>178</xCoord>
          <yCoord>275</yCoord>
        </edgeMap>
        <edgeMap>
          <xCoord>177</xCoord>
          <yCoord>276</yCoord>
        </edgeMap>
        <edgeMap>
          <xCoord>177</xCoord>
          <yCoord>277</yCoord>
        </edgeMap>
        <edgeMap>
          <xCoord>178</xCoord>
          <yCoord>278</yCoord>
        </edgeMap>
        <edgeMap>
          <xCoord>178</xCoord>
          <yCoord>279</yCoord>
        </edgeMap>
        <edgeMap>
          <xCoord>178</xCoord>
          <yCoord>280</yCoord>
        </edgeMap>
        <edgeMap>
          <xCoord>179</xCoord>
          <yCoord>281</yCoord>
        </edgeMap>
        <edgeMap>
          <xCoord>180</xCoord>
          <yCoord>282</yCoord>
        </edgeMap>
        <edgeMap>
          <xCoord>181</xCoord>
          <yCoord>283</yCoord>
        </edgeMap>
        <edgeMap>
          <xCoord>182</xCoord>
          <yCoord>284</yCoord>
        </edgeMap>
        <edgeMap>
          <xCoord>183</xCoord>
          <yCoord>285</yCoord>
        </edgeMap>
        <edgeMap>
          <xCoord>183</xCoord>
          <yCoord>286</yCoord>
        </edgeMap>
        <edgeMap>
          <xCoord>184</xCoord>
          <yCoord>287</yCoord>
        </edgeMap>
      </roi>
    </unblindedReadNodule>
    <nonNodule>
      <nonNoduleID>IL057_123486</nonNoduleID>
      <imageZposition>-128.25</imageZposition>
      <imageSOP_UID>1.3.6.1.4.1.14519.5.2.1.6279.6001.262920057465445400016199748358</imageSOP_UID>
      <locus>
        <xCoord>406</xCoord>
        <yCoord>248</yCoord>
      </locus>
    </nonNodule>
    <nonNodule>
      <nonNoduleID>IL057_123488</nonNoduleID>
      <imageZposition>-180.75</imageZposition>
      <imageSOP_UID>1.3.6.1.4.1.14519.5.2.1.6279.6001.760642448974981617340752599498</imageSOP_UID>
      <locus>
        <xCoord>133</xCoord>
        <yCoord>230</yCoord>
      </locus>
    </nonNodule>
    <nonNodule>
      <nonNoduleID>IL057_123491</nonNoduleID>
      <imageZposition>-198.25</imageZposition>
      <imageSOP_UID>1.3.6.1.4.1.14519.5.2.1.6279.6001.132134734323786158359069704449</imageSOP_UID>
      <locus>
        <xCoord>152</xCoord>
        <yCoord>195</yCoord>
      </locus>
    </nonNodule>
    <nonNodule>
      <nonNoduleID>IL057_123492</nonNoduleID>
      <imageZposition>-220.75</imageZposition>
      <imageSOP_UID>1.3.6.1.4.1.14519.5.2.1.6279.6001.171520704650650602730540106007</imageSOP_UID>
      <locus>
        <xCoord>159</xCoord>
        <yCoord>362</yCoord>
      </locus>
    </nonNodule>
    <nonNodule>
      <nonNoduleID>IL057_123493</nonNoduleID>
      <imageZposition>-235.75</imageZposition>
      <imageSOP_UID>1.3.6.1.4.1.14519.5.2.1.6279.6001.330486858772218342149553435109</imageSOP_UID>
      <locus>
        <xCoord>160</xCoord>
        <yCoord>198</yCoord>
      </locus>
    </nonNodule>
    <nonNodule>
      <nonNoduleID>IL057_123494</nonNoduleID>
      <imageZposition>-248.25</imageZposition>
      <imageSOP_UID>1.3.6.1.4.1.14519.5.2.1.6279.6001.766112374577927488030066456216</imageSOP_UID>
      <locus>
        <xCoord>111</xCoord>
        <yCoord>332</yCoord>
      </locus>
    </nonNodule>
    <nonNodule>
      <nonNoduleID>IL057_123495</nonNoduleID>
      <imageZposition>-175.75</imageZposition>
      <imageSOP_UID>1.3.6.1.4.1.14519.5.2.1.6279.6001.240282078346346776120531066272</imageSOP_UID>
      <locus>
        <xCoord>376</xCoord>
        <yCoord>206</yCoord>
      </locus>
    </nonNodule>
  </readingSession>
</LidcReadMessage>