<?xml version="1.0" encoding="UTF-8"?>
<LidcReadMessage uid="1.3.6.1.4.1.14519.5.2.1.6279.6001.1307390650069.0" xmlns="http://www.nih.gov" xmlns:xsi="http://www.w3.org/2001/XMLSchema-instance" xsi:schemaLocation="http://www.nih.gov  http://troll.rad.med.umich.edu/lidc/LidcReadMessage.xsd">
<ResponseHeader>
	<Version>1.8</Version>
	<MessageId>NIH159</MessageId>
        <DateRequest>2006-02-16</DateRequest>
        <TimeRequest>00:00:00</TimeRequest>
	<RequestingSite>removed</RequestingSite>
	<ServicingSite>removed</ServicingSite>
	<TaskDescription>Second unblinded read</TaskDescription>
	<CtImageFile>removed</CtImageFile>
	<SeriesInstanceUid>1.3.6.1.4.1.14519.5.2.1.6279.6001.518487185634324801733841260431</SeriesInstanceUid>
	<DateService>2008-02-25</DateService>
	<TimeService>11:22:42</TimeService>
<ResponseDescription>1 - Reading complete</ResponseDescription>
<StudyInstanceUID>1.3.6.1.4.1.14519.5.2.1.6279.6001.194041219679835518833081477370</StudyInstanceUID></ResponseHeader>
<readingSession>
<annotationVersion>3.12</annotationVersion>
<servicingRadiologistID>anon</servicingRadiologistID>
<unblindedReadNodule>
<noduleID>10143</noduleID>
<characteristics>
<subtlety>5</subtlety>
<internalStructure>1</internalStructure>
<calcification>6</calcification>
<sphericity>4</sphericity>
<margin>4</margin>
<lobulation>3</lobulation>
<spiculation>2</spiculation>
<texture>5</texture>
<malignancy>3</malignancy>
</characteristics>
<roi>
<imageZposition>-168.919998</imageZposition>
<imageSOP_UID>1.3.6.1.4.1.14519.5.2.1.6279.6001.220133855273600903217472328905</imageSOP_UID>
<inclusion>TRUE</inclusion>
<edgeMap>
<xCoord>379</xCoord>
<yCoord>179</yCoord>
</edgeMap>
<edgeMap>
<xCoord>380</xCoord>
<yCoord>178</yCoord>
</edgeMap>
<edgeMap>
<xCoord>381</xCoord>
<yCoord>178</yCoord>
</edgeMap>
<edgeMap>
<xCoord>382</xCoord>
<yCoord>177</yCoord>
</edgeMap>
<edgeMap>
<xCoord>383</xCoord>
<yCoord>176</yCoord>
</edgeMap>
<edgeMap>
<xCoord>384</xCoord>
<yCoord>175</yCoord>
</edgeMap>
<edgeMap>
<xCoord>383</xCoord>
<yCoord>174</yCoord>
</edgeMap>
<edgeMap>
<xCoord>383</xCoord>
<yCoord>173</yCoord>
</edgeMap>
<edgeMap>
<xCoord>382</xCoord>
<yCoord>172</yCoord>
</edgeMap>
<edgeMap>
<xCoord>381</xCoord>
<yCoord>172</yCoord>
</edgeMap>
<edgeMap>
<xCoord>380</xCoord>
<yCoord>171</yCoord>
</edgeMap>
<edgeMap>
<xCoord>379</xCoord>
<yCoord>171</yCoord>
</edgeMap>
<edgeMap>
<xCoord>378</xCoord>
<yCoord>171</yCoord>
</edgeMap>
<edgeMap>
<xCoord>377</xCoord>
<yCoord>171</yCoord>
</edgeMap>
<edgeMap>
<xCoord>376</xCoord>
<yCoord>172</yCoord>
</edgeMap>
<edgeMap>
<xCoord>375</xCoord>
<yCoord>173</yCoord>
</edgeMap>
<edgeMap>
<xCoord>374</xCoord>
<yCoord>174</yCoord>
</edgeMap>
<edgeMap>
<xCoord>375</xCoord>
<yCoord>175</yCoord>
</edgeMap>
<edgeMap>
<xCoord>375</xCoord>
<yCoord>176</yCoord>
</edgeMap>
<edgeMap>
<xCoord>376</xCoord>
<yCoord>177</yCoord>
</edgeMap>
<edgeMap>
<xCoord>376</xCoord>
<yCoord>178</yCoord>
</edgeMap>
<edgeMap>
<xCoord>377</xCoord>
<yCoord>179</yCoord>
</edgeMap>
<edgeMap>
<xCoord>378</xCoord>
<yCoord>179</yCoord>
</edgeMap>
<edgeMap>
<xCoord>379</xCoord>
<yCoord>179</yCoord>
</edgeMap>
</roi>
<roi>
<imageZposition>-171.419998</imageZposition>
<imageSOP_UID>1.3.6.1.4.1.14519.5.2.1.6279.6001.295383363426552685528231080426</imageSOP_UID>
<inclusion>TRUE</inclusion>
<edgeMap>
<xCoord>378</xCoord>
<yCoord>180</yCoord>
</edgeMap>
<edgeMap>
<xCoord>379</xCoord>
<yCoord>179</yCoord>
</edgeMap>
<edgeMap>
<xCoord>380</xCoord>
<yCoord>179</yCoord>
</edgeMap>
<edgeMap>
<xCoord>381</xCoord>
<yCoord>178</yCoord>
</edgeMap>
<edgeMap>
<xCoord>382</xCoord>
<yCoord>177</yCoord>
</edgeMap>
<edgeMap>
<xCoord>383</xCoord>
<yCoord>176</yCoord>
</edgeMap>
<edgeMap>
<xCoord>383</xCoord>
<yCoord>175</yCoord>
</edgeMap>
<edgeMap>
<xCoord>383</xCoord>
<yCoord>174</yCoord>
</edgeMap>
<edgeMap>
<xCoord>383</xCoord>
<yCoord>173</yCoord>
</edgeMap>
<edgeMap>
<xCoord>382</xCoord>
<yCoord>172</yCoord>
</edgeMap>
<edgeMap>
<xCoord>381</xCoord>
<yCoord>171</yCoord>
</edgeMap>
<edgeMap>
<xCoord>380</xCoord>
<yCoord>170</yCoord>
</edgeMap>
<edgeMap>
<xCoord>379</xCoord>
<yCoord>170</yCoord>
</edgeMap>
<edgeMap>
<xCoord>378</xCoord>
<yCoord>169</yCoord>
</edgeMap>
<edgeMap>
<xCoord>377</xCoord>
<yCoord>169</yCoord>
</edgeMap>
<edgeMap>
<xCoord>376</xCoord>
<yCoord>170</yCoord>
</edgeMap>
<edgeMap>
<xCoord>375</xCoord>
<yCoord>171</yCoord>
</edgeMap>
<edgeMap>
<xCoord>374</xCoord>
<yCoord>172</yCoord>
</edgeMap>
<edgeMap>
<xCoord>374</xCoord>
<yCoord>173</yCoord>
</edgeMap>
<edgeMap>
<xCoord>374</xCoord>
<yCoord>174</yCoord>
</edgeMap>
<edgeMap>
<xCoord>374</xCoord>
<yCoord>175</yCoord>
</edgeMap>
<edgeMap>
<xCoord>374</xCoord>
<yCoord>176</yCoord>
</edgeMap>
<edgeMap>
<xCoord>375</xCoord>
<yCoord>177</yCoord>
</edgeMap>
<edgeMap>
<xCoord>376</xCoord>
<yCoord>178</yCoord>
</edgeMap>
<edgeMap>
<xCoord>377</xCoord>
<yCoord>179</yCoord>
</edgeMap>
<edgeMap>
<xCoord>378</xCoord>
<yCoord>180</yCoord>
</edgeMap>
</roi>
<roi>
<imageZposition>-173.919998</imageZposition>
<imageSOP_UID>1.3.6.1.4.1.14519.5.2.1.6279.6001.223369420030823026276271508628</imageSOP_UID>
<inclusion>TRUE</inclusion>
<edgeMap>
<xCoord>379</xCoord>
<yCoord>179</yCoord>
</edgeMap>
<edgeMap>
<xCoord>380</xCoord>
<yCoord>178</yCoord>
</edgeMap>
<edgeMap>
<xCoord>381</xCoord>
<yCoord>177</yCoord>
</edgeMap>
<edgeMap>
<xCoord>382</xCoord>
<yCoord>176</yCoord>
</edgeMap>
<edgeMap>
<xCoord>382</xCoord>
<yCoord>175</yCoord>
</edgeMap>
<edgeMap>
<xCoord>382</xCoord>
<yCoord>174</yCoord>
</edgeMap>
<edgeMap>
<xCoord>382</xCoord>
<yCoord>173</yCoord>
</edgeMap>
<edgeMap>
<xCoord>381</xCoord>
<yCoord>172</yCoord>
</edgeMap>
<edgeMap>
<xCoord>380</xCoord>
<yCoord>171</yCoord>
</edgeMap>
<edgeMap>
<xCoord>379</xCoord>
<yCoord>170</yCoord>
</edgeMap>
<edgeMap>
<xCoord>378</xCoord>
<yCoord>170</yCoord>
</edgeMap>
<edgeMap>
<xCoord>377</xCoord>
<yCoord>170</yCoord>
</edgeMap>
<edgeMap>
<xCoord>376</xCoord>
<yCoord>170</yCoord>
</edgeMap>
<edgeMap>
<xCoord>375</xCoord>
<yCoord>171</yCoord>
</edgeMap>
<edgeMap>
<xCoord>374</xCoord>
<yCoord>172</yCoord>
</edgeMap>
<edgeMap>
<xCoord>374</xCoord>
<yCoord>173</yCoord>
</edgeMap>
<edgeMap>
<xCoord>375</xCoord>
<yCoord>174</yCoord>
</edgeMap>
<edgeMap>
<xCoord>375</xCoord>
<yCoord>175</yCoord>
</edgeMap>
<edgeMap>
<xCoord>375</xCoord>
<yCoord>176</yCoord>
</edgeMap>
<edgeMap>
<xCoord>376</xCoord>
<yCoord>177</yCoord>
</edgeMap>
<edgeMap>
<xCoord>377</xCoord>
<yCoord>178</yCoord>
</edgeMap>
<edgeMap>
<xCoord>378</xCoord>
<yCoord>179</yCoord>
</edgeMap>
<edgeMap>
<xCoord>379</xCoord>
<yCoord>179</yCoord>
</edgeMap>
</roi>
</unblindedReadNodule>
<unblindedReadNodule>
<noduleID>10148</noduleID>
<roi>
<imageZposition>-126.419998</imageZposition>
<imageSOP_UID>1.3.6.1.4.1.14519.5.2.1.6279.6001.216251391187399600659554690645</imageSOP_UID>
<inclusion>TRUE</inclusion>
<edgeMap>
<xCoord>208</xCoord>
<yCoord>201</yCoord>
</edgeMap>
</roi>
</unblindedReadNodule>
<nonNodule>
<nonNoduleID>10146</nonNoduleID>
<imageZposition>-228.919998</imageZposition>
<imageSOP_UID>1.3.6.1.4.1.14519.5.2.1.6279.6001.217554426072836040187831630312</imageSOP_UID>
<locus>
<xCoord>132</xCoord>
<yCoord>158</yCoord>
</locus>
</nonNodule>
<nonNodule>
<nonNoduleID>10150</nonNoduleID>
<imageZposition>-166.419998</imageZposition>
<imageSOP_UID>1.3.6.1.4.1.14519.5.2.1.6279.6001.328433040352139318982811615441</imageSOP_UID>
<locus>
<xCoord>343</xCoord>
<yCoord>368</yCoord>
</locus>
</nonNodule>
<nonNodule>
<nonNoduleID>10151</nonNoduleID>
<imageZposition>-166.419998</imageZposition>
<imageSOP_UID>1.3.6.1.4.1.14519.5.2.1.6279.6001.328433040352139318982811615441</imageSOP_UID>
<locus>
<xCoord>167</xCoord>
<yCoord>367</yCoord>
</locus>
</nonNodule>
<nonNodule>
<nonNoduleID>10152</nonNoduleID>
<imageZposition>-166.419998</imageZposition>
<imageSOP_UID>1.3.6.1.4.1.14519.5.2.1.6279.6001.328433040352139318982811615441</imageSOP_UID>
<locus>
<xCoord>318</xCoord>
<yCoord>367</yCoord>
</locus>
</nonNodule>
<nonNodule>
<nonNoduleID>10153</nonNoduleID>
<imageZposition>-231.419998</imageZposition>
<imageSOP_UID>1.3.6.1.4.1.14519.5.2.1.6279.6001.180391105187177804739172370435</imageSOP_UID>
<locus>
<xCoord>210</xCoord>
<yCoord>318</yCoord>
</locus>
</nonNodule>
<nonNodule>
<nonNoduleID>10155</nonNoduleID>
<imageZposition>-151.419998</imageZposition>
<imageSOP_UID>1.3.6.1.4.1.14519.5.2.1.6279.6001.113202605172241428662554812352</imageSOP_UID>
<locus>
<xCoord>333</xCoord>
<yCoord>364</yCoord>
</locus>
</nonNodule>
</readingSession>
  <readingSession>
    <annotationVersion>3.12</annotationVersion>
<servicingRadiologistID>anon</servicingRadiologistID>
    <unblindedReadNodule>
      <noduleID>IL057_123525</noduleID>
      <characteristics>
        <subtlety>4</subtlety>
        <internalStructure>1</internalStructure>
        <calcification>6</calcification>
        <sphericity>5</sphericity>
        <margin>5</margin>
        <lobulation>1</lobulation>
        <spiculation>1</spiculation>
        <texture>5</texture>
        <malignancy>3</malignancy>
      </characteristics>
      <roi>
        <imageZposition>-168.919998</imageZposition>
        <imageSOP_UID>1.3.6.1.4.1.14519.5.2.1.6279.6001.220133855273600903217472328905</imageSOP_UID>
        <inclusion>TRUE</inclusion>
        <edgeMap>
          <xCoord>379</xCoord>
          <yCoord>179</yCoord>
        </edgeMap>
        <edgeMap>
          <xCoord>380</xCoord>
          <yCoord>178</yCoord>
        </edgeMap>
        <edgeMap>
          <xCoord>381</xCoord>
          <yCoord>178</yCoord>
        </edgeMap>
        <edgeMap>
          <xCoord>382</xCoord>
          <yCoord>177</yCoord>
        </edgeMap>
        <edgeMap>
          <xCoord>383</xCoord>
          <yCoord>176</yCoord>
        </edgeMap>
        <edgeMap>
          <xCoord>384</xCoord>
          <yCoord>175</yCoord>
        </edgeMap>
        <edgeMap>
          <xCoord>383</xCoord>
          <yCoord>174</yCoord>
        </edgeMap>
        <edgeMap>
          <xCoord>383</xCoord>
          <yCoord>173</yCoord>
        </edgeMap>
        <edgeMap>
          <xCoord>382</xCoord>
          <yCoord>172</yCoord>
        </edgeMap>
        <edgeMap>
          <xCoord>381</xCoord>
          <yCoord>172</yCoord>
        </edgeMap>
        <edgeMap>
          <xCoord>380</xCoord>
          <yCoord>171</yCoord>
        </edgeMap>
        <edgeMap>
          <xCoord>379</xCoord>
          <yCoord>171</yCoord>
        </edgeMap>
        <edgeMap>
          <xCoord>378</xCoord>
          <yCoord>171</yCoord>
        </edgeMap>
        <edgeMap>
          <xCoord>377</xCoord>
          <yCoord>171</yCoord>
        </edgeMap>
        <edgeMap>
          <xCoord>376</xCoord>
          <yCoord>172</yCoord>
        </edgeMap>
        <edgeMap>
          <xCoord>375</xCoord>
          <yCoord>173</yCoord>
        </edgeMap>
        <edgeMap>
          <xCoord>374</xCoord>
          <yCoord>174</yCoord>
        </edgeMap>
        <edgeMap>
          <xCoord>375</xCoord>
          <yCoord>175</yCoord>
        </edgeMap>
        <edgeMap>
          <xCoord>375</xCoord>
          <yCoord>176</yCoord>
        </edgeMap>
        <edgeMap>
          <xCoord>376</xCoord>
          <yCoord>177</yCoord>
        </edgeMap>
        <edgeMap>
          <xCoord>376</xCoord>
          <yCoord>178</yCoord>
        </edgeMap>
        <edgeMap>
          <xCoord>377</xCoord>
          <yCoord>179</yCoord>
        </edgeMap>
        <edgeMap>
          <xCoord>378</xCoord>
          <yCoord>179</yCoord>
        </edgeMap>
        <edgeMap>
          <xCoord>379</xCoord>
          <yCoord>179</yCoord>
        </edgeMap>
      </roi>
      <roi>
        <imageZposition>-171.419998</imageZposition>
        <imageSOP_UID>1.3.6.1.4.1.14519.5.2.1.6279.6001.295383363426552685528231080426</imageSOP_UID>
        <inclusion>TRUE</inclusion>
        <edgeMap>
          <xCoord>378</xCoord>
          <yCoord>180</yCoord>
        </edgeMap>
        <edgeMap>
          <xCoord>379</xCoord>
          <yCoord>179</yCoord>
        </edgeMap>
        <edgeMap>
          <xCoord>380</xCoord>
          <yCoord>179</yCoord>
        </edgeMap>
        <edgeMap>
          <xCoord>381</xCoord>
          <yCoord>178</yCoord>
        </edgeMap>
        <edgeMap>
          <xCoord>382</xCoord>
          <yCoord>177</yCoord>
        </edgeMap>
        <edgeMap>
          <xCoord>383</xCoord>
          <yCoord>176</yCoord>
        </edgeMap>
        <edgeMap>
          <xCoord>383</xCoord>
          <yCoord>175</yCoord>
        </edgeMap>
        <edgeMap>
          <xCoord>383</xCoord>
          <yCoord>174</yCoord>
        </edgeMap>
        <edgeMap>
          <xCoord>383</xCoord>
          <yCoord>173</yCoord>
        </edgeMap>
        <edgeMap>
          <xCoord>382</xCoord>
          <yCoord>172</yCoord>
        </edgeMap>
        <edgeMap>
          <xCoord>381</xCoord>
          <yCoord>171</yCoord>
        </edgeMap>
        <edgeMap>
          <xCoord>380</xCoord>
          <yCoord>170</yCoord>
        </edgeMap>
        <edgeMap>
          <xCoord>379</xCoord>
          <yCoord>170</yCoord>
        </edgeMap>
        <edgeMap>
          <xCoord>378</xCoord>
          <yCoord>169</yCoord>
        </edgeMap>
        <edgeMap>
          <xCoord>377</xCoord>
          <yCoord>169</yCoord>
        </edgeMap>
        <edgeMap>
          <xCoord>376</xCoord>
          <yCoord>170</yCoord>
        </edgeMap>
        <edgeMap>
          <xCoord>375</xCoord>
          <yCoord>171</yCoord>
        </edgeMap>
        <edgeMap>
          <xCoord>374</xCoord>
          <yCoord>172</yCoord>
        </edgeMap>
        <edgeMap>
          <xCoord>374</xCoord>
          <yCoord>173</yCoord>
        </edgeMap>
        <edgeMap>
          <xCoord>374</xCoord>
          <yCoord>174</yCoord>
        </edgeMap>
        <edgeMap>
          <xCoord>374</xCoord>
          <yCoord>175</yCoord>
        </edgeMap>
        <edgeMap>
          <xCoord>374</xCoord>
          <yCoord>176</yCoord>
        </edgeMap>
        <edgeMap>
          <xCoord>375</xCoord>
          <yCoord>177</yCoord>
        </edgeMap>
        <edgeMap>
          <xCoord>376</xCoord>
          <yCoord>178</yCoord>
        </edgeMap>
        <edgeMap>
          <xCoord>377</xCoord>
          <yCoord>179</yCoord>
        </edgeMap>
        <edgeMap>
          <xCoord>378</xCoord>
          <yCoord>180</yCoord>
        </edgeMap>
      </roi>
      <roi>
        <imageZposition>-173.919998</imageZposition>
        <imageSOP_UID>1.3.6.1.4.1.14519.5.2.1.6279.6001.223369420030823026276271508628</imageSOP_UID>
        <inclusion>TRUE</inclusion>
        <edgeMap>
          <xCoord>379</xCoord>
          <yCoord>179</yCoord>
        </edgeMap>
        <edgeMap>
          <xCoord>380</xCoord>
          <yCoord>178</yCoord>
        </edgeMap>
        <edgeMap>
          <xCoord>381</xCoord>
          <yCoord>177</yCoord>
        </edgeMap>
        <edgeMap>
          <xCoord>382</xCoord>
          <yCoord>176</yCoord>
        </edgeMap>
        <edgeMap>
          <xCoord>382</xCoord>
          <yCoord>175</yCoord>
        </edgeMap>
        <edgeMap>
          <xCoord>382</xCoord>
          <yCoord>174</yCoord>
        </edgeMap>
        <edgeMap>
          <xCoord>382</xCoord>
          <yCoord>173</yCoord>
        </edgeMap>
        <edgeMap>
          <xCoord>381</xCoord>
          <yCoord>172</yCoord>
        </edgeMap>
        <edgeMap>
          <xCoord>380</xCoord>
          <yCoord>171</yCoord>
        </edgeMap>
        <edgeMap>
          <xCoord>379</xCoord>
          <yCoord>170</yCoord>
        </edgeMap>
        <edgeMap>
          <xCoord>378</xCoord>
          <yCoord>170</yCoord>
        </edgeMap>
        <edgeMap>
          <xCoord>377</xCoord>
          <yCoord>170</yCoord>
        </edgeMap>
        <edgeMap>
          <xCoord>376</xCoord>
          <yCoord>170</yCoord>
        </edgeMap>
        <edgeMap>
          <xCoord>375</xCoord>
          <yCoord>171</yCoord>
        </edgeMap>
        <edgeMap>
          <xCoord>374</xCoord>
          <yCoord>172</yCoord>
        </edgeMap>
        <edgeMap>
          <xCoord>374</xCoord>
          <yCoord>173</yCoord>
        </edgeMap>
        <edgeMap>
          <xCoord>375</xCoord>
          <yCoord>174</yCoord>
        </edgeMap>
        <edgeMap>
          <xCoord>375</xCoord>
          <yCoord>175</yCoord>
        </edgeMap>
        <edgeMap>
          <xCoord>375</xCoord>
          <yCoord>176</yCoord>
        </edgeMap>
        <edgeMap>
          <xCoord>376</xCoord>
          <yCoord>177</yCoord>
        </edgeMap>
        <edgeMap>
          <xCoord>377</xCoord>
          <yCoord>178</yCoord>
        </edgeMap>
        <edgeMap>
          <xCoord>378</xCoord>
          <yCoord>179</yCoord>
        </edgeMap>
        <edgeMap>
          <xCoord>379</xCoord>
          <yCoord>179</yCoord>
        </edgeMap>
      </roi>
    </unblindedReadNodule>
    <unblindedReadNodule>
      <noduleID>IL057_123528</noduleID>
      <roi>
        <imageZposition>-228.919998</imageZposition>
        <imageSOP_UID>1.3.6.1.4.1.14519.5.2.1.6279.6001.217554426072836040187831630312</imageSOP_UID>
        <inclusion>TRUE</inclusion>
        <edgeMap>
          <xCoord>132</xCoord>
          <yCoord>158</yCoord>
        </edgeMap>
      </roi>
    </unblindedReadNodule>
    <unblindedReadNodule>
      <noduleID>IL057_123530</noduleID>
      <roi>
        <imageZposition>-126.419998</imageZposition>
        <imageSOP_UID>1.3.6.1.4.1.14519.5.2.1.6279.6001.216251391187399600659554690645</imageSOP_UID>
        <inclusion>TRUE</inclusion>
        <edgeMap>
          <xCoord>208</xCoord>
          <yCoord>201</yCoord>
        </edgeMap>
      </roi>
    </unblindedReadNodule>
    <nonNodule>
      <nonNoduleID>IL057_123535</nonNoduleID>
      <imageZposition>-146.419998</imageZposition>
      <imageSOP_UID>1.3.6.1.4.1.14519.5.2.1.6279.6001.284271428081455121501833097303</imageSOP_UID>
      <locus>
        <xCoord>158</xCoord>
        <yCoord>349</yCoord>
      </locus>
    </nonNodule>
    <nonNodule>
      <nonNoduleID>IL057_123536</nonNoduleID>
      <imageZposition>-151.419998</imageZposition>
      <imageSOP_UID>1.3.6.1.4.1.14519.5.2.1.6279.6001.113202605172241428662554812352</imageSOP_UID>
      <locus>
        <xCoord>333</xCoord>
        <yCoord>364</yCoord>
      </locus>
    </nonNodule>
    <nonNodule>
      <nonNoduleID>IL057_123531</nonNoduleID>
      <imageZposition>-166.419998</imageZposition>
      <imageSOP_UID>1.3.6.1.4.1.14519.5.2.1.6279.6001.328433040352139318982811615441</imageSOP_UID>
      <locus>
        <xCoord>343</xCoord>
        <yCoord>368</yCoord>
      </locus>
    </nonNodule>
    <nonNodule>
      <nonNoduleID>IL057_123532</nonNoduleID>
      <imageZposition>-166.419998</imageZposition>
      <imageSOP_UID>1.3.6.1.4.1.14519.5.2.1.6279.6001.328433040352139318982811615441</imageSOP_UID>
      <locus>
        <xCoord>167</xCoord>
        <yCoord>367</yCoord>
      </locus>
    </nonNodule>
  </readingSession>
<readingSession>
<annotationVersion>3.12</annotationVersion>
<servicingRadiologistID>anon</servicingRadiologistID>
<unblindedReadNodule>
<noduleID>6043</noduleID>
<characteristics>
<subtlety>4</subtlety>
<internalStructure>1</internalStructure>
<calcification>6</calcification>
<sphericity>4</sphericity>
<margin>5</margin>
<lobulation>1</lobulation>
<spiculation>1</spiculation>
<texture>5</texture>
<malignancy>3</malignancy>
</characteristics>
<roi>
<imageZposition>-166.419998</imageZposition>
<imageSOP_UID>1.3.6.1.4.1.14519.5.2.1.6279.6001.328433040352139318982811615441</imageSOP_UID>
<inclusion>TRUE</inclusion>
<edgeMap>
<xCoord>381</xCoord>
<yCoord>177</yCoord>
</edgeMap>
<edgeMap>
<xCoord>382</xCoord>
<yCoord>176</yCoord>
</edgeMap>
<edgeMap>
<xCoord>383</xCoord>
<yCoord>175</yCoord>
</edgeMap>
<edgeMap>
<xCoord>383</xCoord>
<yCoord>174</yCoord>
</edgeMap>
<edgeMap>
<xCoord>382</xCoord>
<yCoord>174</yCoord>
</edgeMap>
<edgeMap>
<xCoord>381</xCoord>
<yCoord>173</yCoord>
</edgeMap>
<edgeMap>
<xCoord>380</xCoord>
<yCoord>173</yCoord>
</edgeMap>
<edgeMap>
<xCoord>379</xCoord>
<yCoord>173</yCoord>
</edgeMap>
<edgeMap>
<xCoord>379</xCoord>
<yCoord>174</yCoord>
</edgeMap>
<edgeMap>
<xCoord>379</xCoord>
<yCoord>175</yCoord>
</edgeMap>
<edgeMap>
<xCoord>379</xCoord>
<yCoord>176</yCoord>
</edgeMap>
<edgeMap>
<xCoord>379</xCoord>
<yCoord>177</yCoord>
</edgeMap>
<edgeMap>
<xCoord>380</xCoord>
<yCoord>177</yCoord>
</edgeMap>
<edgeMap>
<xCoord>381</xCoord>
<yCoord>177</yCoord>
</edgeMap>
</roi>
<roi>
<imageZposition>-168.919998</imageZposition>
<imageSOP_UID>1.3.6.1.4.1.14519.5.2.1.6279.6001.220133855273600903217472328905</imageSOP_UID>
<inclusion>TRUE</inclusion>
<edgeMap>
<xCoord>379</xCoord>
<yCoord>179</yCoord>
</edgeMap>
<edgeMap>
<xCoord>380</xCoord>
<yCoord>178</yCoord>
</edgeMap>
<edgeMap>
<xCoord>381</xCoord>
<yCoord>178</yCoord>
</edgeMap>
<edgeMap>
<xCoord>382</xCoord>
<yCoord>177</yCoord>
</edgeMap>
<edgeMap>
<xCoord>383</xCoord>
<yCoord>176</yCoord>
</edgeMap>
<edgeMap>
<xCoord>384</xCoord>
<yCoord>175</yCoord>
</edgeMap>
<edgeMap>
<xCoord>383</xCoord>
<yCoord>174</yCoord>
</edgeMap>
<edgeMap>
<xCoord>383</xCoord>
<yCoord>173</yCoord>
</edgeMap>
<edgeMap>
<xCoord>382</xCoord>
<yCoord>172</yCoord>
</edgeMap>
<edgeMap>
<xCoord>381</xCoord>
<yCoord>172</yCoord>
</edgeMap>
<edgeMap>
<xCoord>380</xCoord>
<yCoord>171</yCoord>
</edgeMap>
<edgeMap>
<xCoord>379</xCoord>
<yCoord>171</yCoord>
</edgeMap>
<edgeMap>
<xCoord>378</xCoord>
<yCoord>171</yCoord>
</edgeMap>
<edgeMap>
<xCoord>377</xCoord>
<yCoord>171</yCoord>
</edgeMap>
<edgeMap>
<xCoord>376</xCoord>
<yCoord>172</yCoord>
</edgeMap>
<edgeMap>
<xCoord>375</xCoord>
<yCoord>173</yCoord>
</edgeMap>
<edgeMap>
<xCoord>374</xCoord>
<yCoord>174</yCoord>
</edgeMap>
<edgeMap>
<xCoord>375</xCoord>
<yCoord>175</yCoord>
</edgeMap>
<edgeMap>
<xCoord>375</xCoord>
<yCoord>176</yCoord>
</edgeMap>
<edgeMap>
<xCoord>376</xCoord>
<yCoord>177</yCoord>
</edgeMap>
<edgeMap>
<xCoord>376</xCoord>
<yCoord>178</yCoord>
</edgeMap>
<edgeMap>
<xCoord>377</xCoord>
<yCoord>179</yCoord>
</edgeMap>
<edgeMap>
<xCoord>378</xCoord>
<yCoord>179</yCoord>
</edgeMap>
<edgeMap>
<xCoord>379</xCoord>
<yCoord>179</yCoord>
</edgeMap>
</roi>
<roi>
<imageZposition>-171.419998</imageZposition>
<imageSOP_UID>1.3.6.1.4.1.14519.5.2.1.6279.6001.295383363426552685528231080426</imageSOP_UID>
<inclusion>TRUE</inclusion>
<edgeMap>
<xCoord>378</xCoord>
<yCoord>180</yCoord>
</edgeMap>
<edgeMap>
<xCoord>379</xCoord>
<yCoord>179</yCoord>
</edgeMap>
<edgeMap>
<xCoord>380</xCoord>
<yCoord>179</yCoord>
</edgeMap>
<edgeMap>
<xCoord>381</xCoord>
<yCoord>178</yCoord>
</edgeMap>
<edgeMap>
<xCoord>382</xCoord>
<yCoord>177</yCoord>
</edgeMap>
<edgeMap>
<xCoord>383</xCoord>
<yCoord>176</yCoord>
</edgeMap>
<edgeMap>
<xCoord>383</xCoord>
<yCoord>175</yCoord>
</edgeMap>
<edgeMap>
<xCoord>383</xCoord>
<yCoord>174</yCoord>
</edgeMap>
<edgeMap>
<xCoord>383</xCoord>
<yCoord>173</yCoord>
</edgeMap>
<edgeMap>
<xCoord>382</xCoord>
<yCoord>172</yCoord>
</edgeMap>
<edgeMap>
<xCoord>381</xCoord>
<yCoord>171</yCoord>
</edgeMap>
<edgeMap>
<xCoord>380</xCoord>
<yCoord>170</yCoord>
</edgeMap>
<edgeMap>
<xCoord>379</xCoord>
<yCoord>170</yCoord>
</edgeMap>
<edgeMap>
<xCoord>378</xCoord>
<yCoord>169</yCoord>
</edgeMap>
<edgeMap>
<xCoord>377</xCoord>
<yCoord>169</yCoord>
</edgeMap>
<edgeMap>
<xCoord>376</xCoord>
<yCoord>170</yCoord>
</edgeMap>
<edgeMap>
<xCoord>375</xCoord>
<yCoord>171</yCoord>
</edgeMap>
<edgeMap>
<xCoord>374</xCoord>
<yCoord>172</yCoord>
</edgeMap>
<edgeMap>
<xCoord>374</xCoord>
<yCoord>173</yCoord>
</edgeMap>
<edgeMap>
<xCoord>374</xCoord>
<yCoord>174</yCoord>
</edgeMap>
<edgeMap>
<xCoord>374</xCoord>
<yCoord>175</yCoord>
</edgeMap>
<edgeMap>
<xCoord>374</xCoord>
<yCoord>176</yCoord>
</edgeMap>
<edgeMap>
<xCoord>375</xCoord>
<yCoord>177</yCoord>
</edgeMap>
<edgeMap>
<xCoord>376</xCoord>
<yCoord>178</yCoord>
</edgeMap>
<edgeMap>
<xCoord>377</xCoord>
<yCoord>179</yCoord>
</edgeMap>
<edgeMap>
<xCoord>378</xCoord>
<yCoord>180</yCoord>
</edgeMap>
</roi>
<roi>
<imageZposition>-173.919998</imageZposition>
<imageSOP_UID>1.3.6.1.4.1.14519.5.2.1.6279.6001.223369420030823026276271508628</imageSOP_UID>
<inclusion>TRUE</inclusion>
<edgeMap>
<xCoord>379</xCoord>
<yCoord>179</yCoord>
</edgeMap>
<edgeMap>
<xCoord>380</xCoord>
<yCoord>178</yCoord>
</edgeMap>
<edgeMap>
<xCoord>381</xCoord>
<yCoord>177</yCoord>
</edgeMap>
<edgeMap>
<xCoord>382</xCoord>
<yCoord>176</yCoord>
</edgeMap>
<edgeMap>
<xCoord>382</xCoord>
<yCoord>175</yCoord>
</edgeMap>
<edgeMap>
<xCoord>382</xCoord>
<yCoord>174</yCoord>
</edgeMap>
<edgeMap>
<xCoord>382</xCoord>
<yCoord>173</yCoord>
</edgeMap>
<edgeMap>
<xCoord>381</xCoord>
<yCoord>172</yCoord>
</edgeMap>
<edgeMap>
<xCoord>380</xCoord>
<yCoord>171</yCoord>
</edgeMap>
<edgeMap>
<xCoord>379</xCoord>
<yCoord>170</yCoord>
</edgeMap>
<edgeMap>
<xCoord>378</xCoord>
<yCoord>170</yCoord>
</edgeMap>
<edgeMap>
<xCoord>377</xCoord>
<yCoord>170</yCoord>
</edgeMap>
<edgeMap>
<xCoord>376</xCoord>
<yCoord>170</yCoord>
</edgeMap>
<edgeMap>
<xCoord>375</xCoord>
<yCoord>171</yCoord>
</edgeMap>
<edgeMap>
<xCoord>374</xCoord>
<yCoord>172</yCoord>
</edgeMap>
<edgeMap>
<xCoord>374</xCoord>
<yCoord>173</yCoord>
</edgeMap>
<edgeMap>
<xCoord>375</xCoord>
<yCoord>174</yCoord>
</edgeMap>
<edgeMap>
<xCoord>375</xCoord>
<yCoord>175</yCoord>
</edgeMap>
<edgeMap>
<xCoord>375</xCoord>
<yCoord>176</yCoord>
</edgeMap>
<edgeMap>
<xCoord>376</xCoord>
<yCoord>177</yCoord>
</edgeMap>
<edgeMap>
<xCoord>377</xCoord>
<yCoord>178</yCoord>
</edgeMap>
<edgeMap>
<xCoord>378</xCoord>
<yCoord>179</yCoord>
</edgeMap>
<edgeMap>
<xCoord>379</xCoord>
<yCoord>179</yCoord>
</edgeMap>
</roi>
</unblindedReadNodule>
<unblindedReadNodule>
<noduleID>6046</noduleID>
<roi>
<imageZposition>-228.919998</imageZposition>
<imageSOP_UID>1.3.6.1.4.1.14519.5.2.1.6279.6001.217554426072836040187831630312</imageSOP_UID>
<inclusion>TRUE</inclusion>
<edgeMap>
<xCoord>130</xCoord>
<yCoord>158</yCoord>
</edgeMap>
</roi>
</unblindedReadNodule>
<unblindedReadNodule>
<noduleID>6049</noduleID>
<roi>
<imageZposition>-126.419998</imageZposition>
<imageSOP_UID>1.3.6.1.4.1.14519.5.2.1.6279.6001.216251391187399600659554690645</imageSOP_UID>
<inclusion>TRUE</inclusion>
<edgeMap>
<xCoord>208</xCoord>
<yCoord>201</yCoord>
</edgeMap>
</roi>
</unblindedReadNodule>
<nonNodule>
<nonNoduleID>6051</nonNoduleID>
<imageZposition>-166.419998</imageZposition>
<imageSOP_UID>1.3.6.1.4.1.14519.5.2.1.6279.6001.328433040352139318982811615441</imageSOP_UID>
<locus>
<xCoord>343</xCoord>
<yCoord>368</yCoord>
</locus>
</nonNodule>
<nonNodule>
<nonNoduleID>6052</nonNoduleID>
<imageZposition>-166.419998</imageZposition>
<imageSOP_UID>1.3.6.1.4.1.14519.5.2.1.6279.6001.328433040352139318982811615441</imageSOP_UID>
<locus>
<xCoord>167</xCoord>
<yCoord>367</yCoord>
</locus>
</nonNodule>
<nonNodule>
<nonNoduleID>6053</nonNoduleID>
<imageZposition>-166.419998</imageZposition>
<imageSOP_UID>1.3.6.1.4.1.14519.5.2.1.6279.6001.328433040352139318982811615441</imageSOP_UID>
<locus>
<xCoord>318</xCoord>
<yCoord>367</yCoord>
</locus>
</nonNodule>
<nonNodule>
<nonNoduleID>6054</nonNoduleID>
<imageZposition>-231.419998</imageZposition>
<imageSOP_UID>1.3.6.1.4.1.14519.5.2.1.6279.6001.180391105187177804739172370435</imageSOP_UID>
<locus>
<xCoord>210</xCoord>
<yCoord>318</yCoord>
</locus>
</nonNodule>
<nonNodule>
<nonNoduleID>6055</nonNoduleID>
<imageZposition>-146.419998</imageZposition>
<imageSOP_UID>1.3.6.1.4.1.14519.5.2.1.6279.6001.284271428081455121501833097303</imageSOP_UID>
<locus>
<xCoord>158</xCoord>
<yCoord>349</yCoord>
</locus>
</nonNodule>
<nonNodule>
<nonNoduleID>6056</nonNoduleID>
<imageZposition>-151.419998</imageZposition>
<imageSOP_UID>1.3.6.1.4.1.14519.5.2.1.6279.6001.113202605172241428662554812352</imageSOP_UID>
<locus>
<xCoord>333</xCoord>
<yCoord>364</yCoord>
</locus>
</nonNodule>
</readingSession>
  <readingSession>
    <annotationVersion>3.12</annotationVersion>
<servicingRadiologistID>anon</servicingRadiologistID>
    <unblindedReadNodule>
      <noduleID>Nodule 001</noduleID>
      <characteristics>
        <subtlety>5</subtlety>
        <internalStructure>1</internalStructure>
        <calcification>6</calcification>
        <sphericity>4</sphericity>
        <margin>5</margin>
        <lobulation>1</lobulation>
        <spiculation>2</spiculation>
        <texture>5</texture>
        <malignancy>4</malignancy>
      </characteristics>
      <roi>
        <imageZposition>-173.919998 </imageZposition>
        <imageSOP_UID>1.3.6.1.4.1.14519.5.2.1.6279.6001.223369420030823026276271508628</imageSOP_UID>
        <inclusion>TRUE</inclusion>
        <edgeMap>
          <xCoord>376</xCoord>
          <yCoord>169</yCoord>
        </edgeMap>
        <edgeMap>
          <xCoord>375</xCoord>
          <yCoord>170</yCoord>
        </edgeMap>
        <edgeMap>
          <xCoord>375</xCoord>
          <yCoord>171</yCoord>
        </edgeMap>
        <edgeMap>
          <xCoord>374</xCoord>
          <yCoord>172</yCoord>
        </edgeMap>
        <edgeMap>
          <xCoord>374</xCoord>
          <yCoord>173</yCoord>
        </edgeMap>
        <edgeMap>
          <xCoord>374</xCoord>
          <yCoord>174</yCoord>
        </edgeMap>
        <edgeMap>
          <xCoord>374</xCoord>
          <yCoord>175</yCoord>
        </edgeMap>
        <edgeMap>
          <xCoord>374</xCoord>
          <yCoord>176</yCoord>
        </edgeMap>
        <edgeMap>
          <xCoord>375</xCoord>
          <yCoord>177</yCoord>
        </edgeMap>
        <edgeMap>
          <xCoord>376</xCoord>
          <yCoord>178</yCoord>
        </edgeMap>
        <edgeMap>
          <xCoord>377</xCoord>
          <yCoord>178</yCoord>
        </edgeMap>
        <edgeMap>
          <xCoord>378</xCoord>
          <yCoord>178</yCoord>
        </edgeMap>
        <edgeMap>
          <xCoord>379</xCoord>
          <yCoord>179</yCoord>
        </edgeMap>
        <edgeMap>
          <xCoord>380</xCoord>
          <yCoord>179</yCoord>
        </edgeMap>
        <edgeMap>
          <xCoord>381</xCoord>
          <yCoord>178</yCoord>
        </edgeMap>
        <edgeMap>
          <xCoord>381</xCoord>
          <yCoord>177</yCoord>
        </edgeMap>
        <edgeMap>
          <xCoord>381</xCoord>
          <yCoord>176</yCoord>
        </edgeMap>
        <edgeMap>
          <xCoord>382</xCoord>
          <yCoord>175</yCoord>
        </edgeMap>
        <edgeMap>
          <xCoord>382</xCoord>
          <yCoord>174</yCoord>
        </edgeMap>
        <edgeMap>
          <xCoord>382</xCoord>
          <yCoord>173</yCoord>
        </edgeMap>
        <edgeMap>
          <xCoord>381</xCoord>
          <yCoord>172</yCoord>
        </edgeMap>
        <edgeMap>
          <xCoord>380</xCoord>
          <yCoord>171</yCoord>
        </edgeMap>
        <edgeMap>
          <xCoord>379</xCoord>
          <yCoord>170</yCoord>
        </edgeMap>
        <edgeMap>
          <xCoord>378</xCoord>
          <yCoord>169</yCoord>
        </edgeMap>
        <edgeMap>
          <xCoord>377</xCoord>
          <yCoord>169</yCoord>
        </edgeMap>
        <edgeMap>
          <xCoord>376</xCoord>
          <yCoord>169</yCoord>
        </edgeMap>
      </roi>
      <roi>
        <imageZposition>-171.419998 </imageZposition>
        <imageSOP_UID>1.3.6.1.4.1.14519.5.2.1.6279.6001.295383363426552685528231080426</imageSOP_UID>
        <inclusion>TRUE</inclusion>
        <edgeMap>
          <xCoord>376</xCoord>
          <yCoord>169</yCoord>
        </edgeMap>
        <edgeMap>
          <xCoord>375</xCoord>
          <yCoord>170</yCoord>
        </edgeMap>
        <edgeMap>
          <xCoord>374</xCoord>
          <yCoord>171</yCoord>
        </edgeMap>
        <edgeMap>
          <xCoord>373</xCoord>
          <yCoord>172</yCoord>
        </edgeMap>
        <edgeMap>
          <xCoord>373</xCoord>
          <yCoord>173</yCoord>
        </edgeMap>
        <edgeMap>
          <xCoord>373</xCoord>
          <yCoord>174</yCoord>
        </edgeMap>
        <edgeMap>
          <xCoord>373</xCoord>
          <yCoord>175</yCoord>
        </edgeMap>
        <edgeMap>
          <xCoord>374</xCoord>
          <yCoord>176</yCoord>
        </edgeMap>
        <edgeMap>
          <xCoord>374</xCoord>
          <yCoord>177</yCoord>
        </edgeMap>
        <edgeMap>
          <xCoord>375</xCoord>
          <yCoord>178</yCoord>
        </edgeMap>
        <edgeMap>
          <xCoord>376</xCoord>
          <yCoord>178</yCoord>
        </edgeMap>
        <edgeMap>
          <xCoord>377</xCoord>
          <yCoord>178</yCoord>
        </edgeMap>
        <edgeMap>
          <xCoord>378</xCoord>
          <yCoord>179</yCoord>
        </edgeMap>
        <edgeMap>
          <xCoord>379</xCoord>
          <yCoord>179</yCoord>
        </edgeMap>
        <edgeMap>
          <xCoord>380</xCoord>
          <yCoord>179</yCoord>
        </edgeMap>
        <edgeMap>
          <xCoord>381</xCoord>
          <yCoord>178</yCoord>
        </edgeMap>
        <edgeMap>
          <xCoord>382</xCoord>
          <yCoord>177</yCoord>
        </edgeMap>
        <edgeMap>
          <xCoord>383</xCoord>
          <yCoord>176</yCoord>
        </edgeMap>
        <edgeMap>
          <xCoord>383</xCoord>
          <yCoord>175</yCoord>
        </edgeMap>
        <edgeMap>
          <xCoord>383</xCoord>
          <yCoord>174</yCoord>
        </edgeMap>
        <edgeMap>
          <xCoord>383</xCoord>
          <yCoord>173</yCoord>
        </edgeMap>
        <edgeMap>
          <xCoord>382</xCoord>
          <yCoord>172</yCoord>
        </edgeMap>
        <edgeMap>
          <xCoord>382</xCoord>
          <yCoord>171</yCoord>
        </edgeMap>
        <edgeMap>
          <xCoord>381</xCoord>
          <yCoord>170</yCoord>
        </edgeMap>
        <edgeMap>
          <xCoord>380</xCoord>
          <yCoord>170</yCoord>
        </edgeMap>
        <edgeMap>
          <xCoord>379</xCoord>
          <yCoord>169</yCoord>
        </edgeMap>
        <edgeMap>
          <xCoord>378</xCoord>
          <yCoord>169</yCoord>
        </edgeMap>
        <edgeMap>
          <xCoord>377</xCoord>
          <yCoord>169</yCoord>
        </edgeMap>
        <edgeMap>
          <xCoord>376</xCoord>
          <yCoord>169</yCoord>
        </edgeMap>
      </roi>
      <roi>
        <imageZposition>-168.919998 </imageZposition>
        <imageSOP_UID>1.3.6.1.4.1.14519.5.2.1.6279.6001.220133855273600903217472328905</imageSOP_UID>
        <inclusion>TRUE</inclusion>
        <edgeMap>
          <xCoord>375</xCoord>
          <yCoord>170</yCoord>
        </edgeMap>
        <edgeMap>
          <xCoord>374</xCoord>
          <yCoord>171</yCoord>
        </edgeMap>
        <edgeMap>
          <xCoord>373</xCoord>
          <yCoord>172</yCoord>
        </edgeMap>
        <edgeMap>
          <xCoord>373</xCoord>
          <yCoord>173</yCoord>
        </edgeMap>
        <edgeMap>
          <xCoord>373</xCoord>
          <yCoord>174</yCoord>
        </edgeMap>
        <edgeMap>
          <xCoord>373</xCoord>
          <yCoord>175</yCoord>
        </edgeMap>
        <edgeMap>
          <xCoord>374</xCoord>
          <yCoord>176</yCoord>
        </edgeMap>
        <edgeMap>
          <xCoord>375</xCoord>
          <yCoord>176</yCoord>
        </edgeMap>
        <edgeMap>
          <xCoord>376</xCoord>
          <yCoord>177</yCoord>
        </edgeMap>
        <edgeMap>
          <xCoord>377</xCoord>
          <yCoord>178</yCoord>
        </edgeMap>
        <edgeMap>
          <xCoord>378</xCoord>
          <yCoord>178</yCoord>
        </edgeMap>
        <edgeMap>
          <xCoord>379</xCoord>
          <yCoord>178</yCoord>
        </edgeMap>
        <edgeMap>
          <xCoord>380</xCoord>
          <yCoord>178</yCoord>
        </edgeMap>
        <edgeMap>
          <xCoord>381</xCoord>
          <yCoord>178</yCoord>
        </edgeMap>
        <edgeMap>
          <xCoord>382</xCoord>
          <yCoord>177</yCoord>
        </edgeMap>
        <edgeMap>
          <xCoord>383</xCoord>
          <yCoord>176</yCoord>
        </edgeMap>
        <edgeMap>
          <xCoord>383</xCoord>
          <yCoord>175</yCoord>
        </edgeMap>
        <edgeMap>
          <xCoord>383</xCoord>
          <yCoord>174</yCoord>
        </edgeMap>
        <edgeMap>
          <xCoord>382</xCoord>
          <yCoord>173</yCoord>
        </edgeMap>
        <edgeMap>
          <xCoord>381</xCoord>
          <yCoord>172</yCoord>
        </edgeMap>
        <edgeMap>
          <xCoord>380</xCoord>
          <yCoord>172</yCoord>
        </edgeMap>
        <edgeMap>
          <xCoord>379</xCoord>
          <yCoord>171</yCoord>
        </edgeMap>
        <edgeMap>
          <xCoord>378</xCoord>
          <yCoord>170</yCoord>
        </edgeMap>
        <edgeMap>
          <xCoord>377</xCoord>
          <yCoord>170</yCoord>
        </edgeMap>
        <edgeMap>
          <xCoord>376</xCoord>
          <yCoord>170</yCoord>
        </edgeMap>
        <edgeMap>
          <xCoord>375</xCoord>
          <yCoord>170</yCoord>
        </edgeMap>
      </roi>
      <roi>
        <imageZposition>-166.419998 </imageZposition>
        <imageSOP_UID>1.3.6.1.4.1.14519.5.2.1.6279.6001.328433040352139318982811615441</imageSOP_UID>
        <inclusion>TRUE</inclusion>
        <edgeMap>
          <xCoord>378</xCoord>
          <yCoord>171</yCoord>
        </edgeMap>
        <edgeMap>
          <xCoord>377</xCoord>
          <yCoord>172</yCoord>
        </edgeMap>
        <edgeMap>
          <xCoord>376</xCoord>
          <yCoord>173</yCoord>
        </edgeMap>
        <edgeMap>
          <xCoord>376</xCoord>
          <yCoord>174</yCoord>
        </edgeMap>
        <edgeMap>
          <xCoord>376</xCoord>
          <yCoord>175</yCoord>
        </edgeMap>
        <edgeMap>
          <xCoord>376</xCoord>
          <yCoord>176</yCoord>
        </edgeMap>
        <edgeMap>
          <xCoord>375</xCoord>
          <yCoord>177</yCoord>
        </edgeMap>
        <edgeMap>
          <xCoord>376</xCoord>
          <yCoord>178</yCoord>
        </edgeMap>
        <edgeMap>
          <xCoord>377</xCoord>
          <yCoord>179</yCoord>
        </edgeMap>
        <edgeMap>
          <xCoord>378</xCoord>
          <yCoord>179</yCoord>
        </edgeMap>
        <edgeMap>
          <xCoord>379</xCoord>
          <yCoord>179</yCoord>
        </edgeMap>
        <edgeMap>
          <xCoord>380</xCoord>
          <yCoord>180</yCoord>
        </edgeMap>
        <edgeMap>
          <xCoord>381</xCoord>
          <yCoord>180</yCoord>
        </edgeMap>
        <edgeMap>
          <xCoord>382</xCoord>
          <yCoord>179</yCoord>
        </edgeMap>
        <edgeMap>
          <xCoord>383</xCoord>
          <yCoord>178</yCoord>
        </edgeMap>
        <edgeMap>
          <xCoord>383</xCoord>
          <yCoord>177</yCoord>
        </edgeMap>
        <edgeMap>
          <xCoord>384</xCoord>
          <yCoord>176</yCoord>
        </edgeMap>
        <edgeMap>
          <xCoord>384</xCoord>
          <yCoord>175</yCoord>
        </edgeMap>
        <edgeMap>
          <xCoord>384</xCoord>
          <yCoord>174</yCoord>
        </edgeMap>
        <edgeMap>
          <xCoord>383</xCoord>
          <yCoord>173</yCoord>
        </edgeMap>
        <edgeMap>
          <xCoord>382</xCoord>
          <yCoord>172</yCoord>
        </edgeMap>
        <edgeMap>
          <xCoord>381</xCoord>
          <yCoord>172</yCoord>
        </edgeMap>
        <edgeMap>
          <xCoord>380</xCoord>
          <yCoord>171</yCoord>
        </edgeMap>
        <edgeMap>
          <xCoord>379</xCoord>
          <yCoord>171</yCoord>
        </edgeMap>
        <edgeMap>
          <xCoord>378</xCoord>
          <yCoord>171</yCoord>
        </edgeMap>
      </roi>
    </unblindedReadNodule>
    <unblindedReadNodule>
      <noduleID>Nodule 002</noduleID>
      <roi>
        <imageZposition>-126.419998 </imageZposition>
        <imageSOP_UID>1.3.6.1.4.1.14519.5.2.1.6279.6001.216251391187399600659554690645</imageSOP_UID>
        <inclusion>TRUE</inclusion>
        <edgeMap>
          <xCoord>208</xCoord>
          <yCoord>201</yCoord>
        </edgeMap>
      </roi>
    </unblindedReadNodule>
    <unblindedReadNodule>
      <noduleID>Nodule 003</noduleID>
      <roi>
        <imageZposition>-228.919998 </imageZposition>
        <imageSOP_UID>1.3.6.1.4.1.14519.5.2.1.6279.6001.217554426072836040187831630312</imageSOP_UID>
        <inclusion>TRUE</inclusion>
        <edgeMap>
          <xCoord>132</xCoord>
          <yCoord>158</yCoord>
        </edgeMap>
      </roi>
    </unblindedReadNodule>
    <nonNodule>
      <nonNoduleID>_Non-nodule 001</nonNoduleID>
      <imageZposition>-166.419998 </imageZposition>
      <imageSOP_UID>1.3.6.1.4.1.14519.5.2.1.6279.6001.328433040352139318982811615441</imageSOP_UID>
      <locus>
        <xCoord>343</xCoord>
        <yCoord>368</yCoord>
      </locus>
    </nonNodule>
    <nonNodule>
      <nonNoduleID>_Non-nodule 002</nonNoduleID>
      <imageZposition>-166.419998 </imageZposition>
      <imageSOP_UID>1.3.6.1.4.1.14519.5.2.1.6279.6001.328433040352139318982811615441</imageSOP_UID>
      <locus>
        <xCoord>167</xCoord>
        <yCoord>367</yCoord>
      </locus>
    </nonNodule>
    <nonNodule>
      <nonNoduleID>_Non-nodule 003</nonNoduleID>
      <imageZposition>-166.419998 </imageZposition>
      <imageSOP_UID>1.3.6.1.4.1.14519.5.2.1.6279.6001.328433040352139318982811615441</imageSOP_UID>
      <locus>
        <xCoord>318</xCoord>
        <yCoord>367</yCoord>
      </locus>
    </nonNodule>
    <nonNodule>
      <nonNoduleID>_Non-nodule 004</nonNoduleID>
      <imageZposition>-231.419998 </imageZposition>
      <imageSOP_UID>1.3.6.1.4.1.14519.5.2.1.6279.6001.180391105187177804739172370435</imageSOP_UID>
      <locus>
        <xCoord>210</xCoord>
        <yCoord>318</yCoord>
      </locus>
    </nonNodule>
  </readingSession>
</LidcReadMessage>