<?xml version="1.0" encoding="UTF-8"?>
<LidcReadMessage uid="1.3.6.1.4.1.14519.5.2.1.6279.6001.1307390662327.0" xmlns="http://www.nih.gov" xmlns:xsi="http://www.w3.org/2001/XMLSchema-instance" xsi:schemaLocation="http://www.nih.gov       http://troll.rad.med.umich.edu/lidc/LidcReadMessage.xsd">
  <ResponseHeader>
    <Version>1.8</Version>
    <MessageId>UM1.3.6.1.4.1.9328.50.12.458936</MessageId>
    <DateRequest>2008-12-15</DateRequest>
    <TimeRequest>00:00:00</TimeRequest>
    <RequestingSite>removed</RequestingSite>
    <ServicingSite>removed</ServicingSite>
    <TaskDescription>Second unblinded read</TaskDescription>
    <CtImageFile>removed</CtImageFile>
    <SeriesInstanceUid>1.3.6.1.4.1.14519.5.2.1.6279.6001.178680586845223339579041794709</SeriesInstanceUid>
    <DateService>2008-12-15</DateService>
    <TimeService>00:00:00</TimeService>
    <ResponseDescription>1 - Reading complete</ResponseDescription>
  <StudyInstanceUID>1.3.6.1.4.1.14519.5.2.1.6279.6001.248466778281073632010340585979</StudyInstanceUID></ResponseHeader>
	<readingSession>
		<annotationVersion>3.12</annotationVersion>
		<servicingRadiologistID>anon</servicingRadiologistID>
			<unblindedReadNodule>
				<noduleID>0</noduleID>
				<roi>
					<imageZposition>-83.0</imageZposition>
					<imageSOP_UID>1.3.6.1.4.1.14519.5.2.1.6279.6001.643340786100181471950921466753</imageSOP_UID>
					<inclusion>TRUE</inclusion>
					<edgeMap>
					<xCoord>403</xCoord>
					<yCoord>247</yCoord>
					</edgeMap>
				</roi>
			</unblindedReadNodule>
			<unblindedReadNodule>
				<noduleID>1</noduleID>
				<roi>
					<imageZposition>-178.0</imageZposition>
					<imageSOP_UID>1.3.6.1.4.1.14519.5.2.1.6279.6001.232849398048353340225337033708</imageSOP_UID>
					<inclusion>TRUE</inclusion>
					<edgeMap>
					<xCoord>109</xCoord>
					<yCoord>258</yCoord>
					</edgeMap>
				</roi>
			</unblindedReadNodule>
			<unblindedReadNodule>
				<noduleID>2</noduleID>
				<characteristics>
					<subtlety>3</subtlety>
					<internalStructure>1</internalStructure>
					<calcification>6</calcification>
					<sphericity>5</sphericity>
					<margin>5</margin>
					<lobulation>1</lobulation>
					<spiculation>1</spiculation>
					<texture>5</texture>
					<malignancy>2</malignancy>
				</characteristics>
				<roi>
					<imageZposition>-233.0</imageZposition>
					<imageSOP_UID>1.3.6.1.4.1.14519.5.2.1.6279.6001.120153707817328431031234884110</imageSOP_UID>
					<inclusion>TRUE</inclusion>
					<edgeMap>
					<xCoord>364</xCoord>
					<yCoord>308</yCoord>
					</edgeMap>
					<edgeMap>
					<xCoord>365</xCoord>
					<yCoord>308</yCoord>
					</edgeMap>
					<edgeMap>
					<xCoord>366</xCoord>
					<yCoord>307</yCoord>
					</edgeMap>
					<edgeMap>
					<xCoord>367</xCoord>
					<yCoord>307</yCoord>
					</edgeMap>
					<edgeMap>
					<xCoord>368</xCoord>
					<yCoord>307</yCoord>
					</edgeMap>
					<edgeMap>
					<xCoord>369</xCoord>
					<yCoord>308</yCoord>
					</edgeMap>
					<edgeMap>
					<xCoord>370</xCoord>
					<yCoord>308</yCoord>
					</edgeMap>
					<edgeMap>
					<xCoord>371</xCoord>
					<yCoord>309</yCoord>
					</edgeMap>
					<edgeMap>
					<xCoord>372</xCoord>
					<yCoord>310</yCoord>
					</edgeMap>
					<edgeMap>
					<xCoord>372</xCoord>
					<yCoord>311</yCoord>
					</edgeMap>
					<edgeMap>
					<xCoord>372</xCoord>
					<yCoord>312</yCoord>
					</edgeMap>
					<edgeMap>
					<xCoord>372</xCoord>
					<yCoord>313</yCoord>
					</edgeMap>
					<edgeMap>
					<xCoord>371</xCoord>
					<yCoord>313</yCoord>
					</edgeMap>
					<edgeMap>
					<xCoord>370</xCoord>
					<yCoord>314</yCoord>
					</edgeMap>
					<edgeMap>
					<xCoord>369</xCoord>
					<yCoord>314</yCoord>
					</edgeMap>
					<edgeMap>
					<xCoord>368</xCoord>
					<yCoord>315</yCoord>
					</edgeMap>
					<edgeMap>
					<xCoord>367</xCoord>
					<yCoord>315</yCoord>
					</edgeMap>
					<edgeMap>
					<xCoord>366</xCoord>
					<yCoord>314</yCoord>
					</edgeMap>
					<edgeMap>
					<xCoord>365</xCoord>
					<yCoord>314</yCoord>
					</edgeMap>
					<edgeMap>
					<xCoord>364</xCoord>
					<yCoord>313</yCoord>
					</edgeMap>
					<edgeMap>
					<xCoord>364</xCoord>
					<yCoord>312</yCoord>
					</edgeMap>
					<edgeMap>
					<xCoord>363</xCoord>
					<yCoord>311</yCoord>
					</edgeMap>
					<edgeMap>
					<xCoord>363</xCoord>
					<yCoord>310</yCoord>
					</edgeMap>
					<edgeMap>
					<xCoord>364</xCoord>
					<yCoord>309</yCoord>
					</edgeMap>
					<edgeMap>
					<xCoord>364</xCoord>
					<yCoord>308</yCoord>
					</edgeMap>
				</roi>
				<roi>
					<imageZposition>-235.5</imageZposition>
					<imageSOP_UID>1.3.6.1.4.1.14519.5.2.1.6279.6001.311087143646351731296579289107</imageSOP_UID>
					<inclusion>TRUE</inclusion>
					<edgeMap>
					<xCoord>363</xCoord>
					<yCoord>309</yCoord>
					</edgeMap>
					<edgeMap>
					<xCoord>363</xCoord>
					<yCoord>308</yCoord>
					</edgeMap>
					<edgeMap>
					<xCoord>363</xCoord>
					<yCoord>307</yCoord>
					</edgeMap>
					<edgeMap>
					<xCoord>363</xCoord>
					<yCoord>306</yCoord>
					</edgeMap>
					<edgeMap>
					<xCoord>364</xCoord>
					<yCoord>305</yCoord>
					</edgeMap>
					<edgeMap>
					<xCoord>365</xCoord>
					<yCoord>305</yCoord>
					</edgeMap>
					<edgeMap>
					<xCoord>366</xCoord>
					<yCoord>304</yCoord>
					</edgeMap>
					<edgeMap>
					<xCoord>367</xCoord>
					<yCoord>304</yCoord>
					</edgeMap>
					<edgeMap>
					<xCoord>368</xCoord>
					<yCoord>304</yCoord>
					</edgeMap>
					<edgeMap>
					<xCoord>369</xCoord>
					<yCoord>304</yCoord>
					</edgeMap>
					<edgeMap>
					<xCoord>370</xCoord>
					<yCoord>305</yCoord>
					</edgeMap>
					<edgeMap>
					<xCoord>371</xCoord>
					<yCoord>305</yCoord>
					</edgeMap>
					<edgeMap>
					<xCoord>372</xCoord>
					<yCoord>306</yCoord>
					</edgeMap>
					<edgeMap>
					<xCoord>373</xCoord>
					<yCoord>307</yCoord>
					</edgeMap>
					<edgeMap>
					<xCoord>373</xCoord>
					<yCoord>308</yCoord>
					</edgeMap>
					<edgeMap>
					<xCoord>373</xCoord>
					<yCoord>309</yCoord>
					</edgeMap>
					<edgeMap>
					<xCoord>374</xCoord>
					<yCoord>310</yCoord>
					</edgeMap>
					<edgeMap>
					<xCoord>373</xCoord>
					<yCoord>311</yCoord>
					</edgeMap>
					<edgeMap>
					<xCoord>373</xCoord>
					<yCoord>312</yCoord>
					</edgeMap>
					<edgeMap>
					<xCoord>373</xCoord>
					<yCoord>313</yCoord>
					</edgeMap>
					<edgeMap>
					<xCoord>373</xCoord>
					<yCoord>314</yCoord>
					</edgeMap>
					<edgeMap>
					<xCoord>372</xCoord>
					<yCoord>315</yCoord>
					</edgeMap>
					<edgeMap>
					<xCoord>372</xCoord>
					<yCoord>316</yCoord>
					</edgeMap>
					<edgeMap>
					<xCoord>371</xCoord>
					<yCoord>316</yCoord>
					</edgeMap>
					<edgeMap>
					<xCoord>370</xCoord>
					<yCoord>317</yCoord>
					</edgeMap>
					<edgeMap>
					<xCoord>369</xCoord>
					<yCoord>317</yCoord>
					</edgeMap>
					<edgeMap>
					<xCoord>368</xCoord>
					<yCoord>317</yCoord>
					</edgeMap>
					<edgeMap>
					<xCoord>367</xCoord>
					<yCoord>317</yCoord>
					</edgeMap>
					<edgeMap>
					<xCoord>366</xCoord>
					<yCoord>317</yCoord>
					</edgeMap>
					<edgeMap>
					<xCoord>366</xCoord>
					<yCoord>316</yCoord>
					</edgeMap>
					<edgeMap>
					<xCoord>365</xCoord>
					<yCoord>315</yCoord>
					</edgeMap>
					<edgeMap>
					<xCoord>364</xCoord>
					<yCoord>314</yCoord>
					</edgeMap>
					<edgeMap>
					<xCoord>364</xCoord>
					<yCoord>313</yCoord>
					</edgeMap>
					<edgeMap>
					<xCoord>363</xCoord>
					<yCoord>312</yCoord>
					</edgeMap>
					<edgeMap>
					<xCoord>363</xCoord>
					<yCoord>311</yCoord>
					</edgeMap>
					<edgeMap>
					<xCoord>363</xCoord>
					<yCoord>310</yCoord>
					</edgeMap>
					<edgeMap>
					<xCoord>363</xCoord>
					<yCoord>309</yCoord>
					</edgeMap>
				</roi>
				<roi>
					<imageZposition>-238.0</imageZposition>
					<imageSOP_UID>1.3.6.1.4.1.14519.5.2.1.6279.6001.305994569883941082727533743297</imageSOP_UID>
					<inclusion>TRUE</inclusion>
					<edgeMap>
					<xCoord>362</xCoord>
					<yCoord>306</yCoord>
					</edgeMap>
					<edgeMap>
					<xCoord>363</xCoord>
					<yCoord>306</yCoord>
					</edgeMap>
					<edgeMap>
					<xCoord>364</xCoord>
					<yCoord>305</yCoord>
					</edgeMap>
					<edgeMap>
					<xCoord>365</xCoord>
					<yCoord>304</yCoord>
					</edgeMap>
					<edgeMap>
					<xCoord>366</xCoord>
					<yCoord>304</yCoord>
					</edgeMap>
					<edgeMap>
					<xCoord>366</xCoord>
					<yCoord>303</yCoord>
					</edgeMap>
					<edgeMap>
					<xCoord>367</xCoord>
					<yCoord>304</yCoord>
					</edgeMap>
					<edgeMap>
					<xCoord>368</xCoord>
					<yCoord>304</yCoord>
					</edgeMap>
					<edgeMap>
					<xCoord>369</xCoord>
					<yCoord>305</yCoord>
					</edgeMap>
					<edgeMap>
					<xCoord>370</xCoord>
					<yCoord>305</yCoord>
					</edgeMap>
					<edgeMap>
					<xCoord>371</xCoord>
					<yCoord>306</yCoord>
					</edgeMap>
					<edgeMap>
					<xCoord>372</xCoord>
					<yCoord>307</yCoord>
					</edgeMap>
					<edgeMap>
					<xCoord>373</xCoord>
					<yCoord>308</yCoord>
					</edgeMap>
					<edgeMap>
					<xCoord>374</xCoord>
					<yCoord>308</yCoord>
					</edgeMap>
					<edgeMap>
					<xCoord>374</xCoord>
					<yCoord>309</yCoord>
					</edgeMap>
					<edgeMap>
					<xCoord>374</xCoord>
					<yCoord>310</yCoord>
					</edgeMap>
					<edgeMap>
					<xCoord>374</xCoord>
					<yCoord>311</yCoord>
					</edgeMap>
					<edgeMap>
					<xCoord>374</xCoord>
					<yCoord>312</yCoord>
					</edgeMap>
					<edgeMap>
					<xCoord>373</xCoord>
					<yCoord>313</yCoord>
					</edgeMap>
					<edgeMap>
					<xCoord>373</xCoord>
					<yCoord>314</yCoord>
					</edgeMap>
					<edgeMap>
					<xCoord>372</xCoord>
					<yCoord>315</yCoord>
					</edgeMap>
					<edgeMap>
					<xCoord>371</xCoord>
					<yCoord>316</yCoord>
					</edgeMap>
					<edgeMap>
					<xCoord>370</xCoord>
					<yCoord>317</yCoord>
					</edgeMap>
					<edgeMap>
					<xCoord>370</xCoord>
					<yCoord>318</yCoord>
					</edgeMap>
					<edgeMap>
					<xCoord>369</xCoord>
					<yCoord>319</yCoord>
					</edgeMap>
					<edgeMap>
					<xCoord>368</xCoord>
					<yCoord>319</yCoord>
					</edgeMap>
					<edgeMap>
					<xCoord>367</xCoord>
					<yCoord>319</yCoord>
					</edgeMap>
					<edgeMap>
					<xCoord>366</xCoord>
					<yCoord>319</yCoord>
					</edgeMap>
					<edgeMap>
					<xCoord>365</xCoord>
					<yCoord>318</yCoord>
					</edgeMap>
					<edgeMap>
					<xCoord>364</xCoord>
					<yCoord>317</yCoord>
					</edgeMap>
					<edgeMap>
					<xCoord>363</xCoord>
					<yCoord>317</yCoord>
					</edgeMap>
					<edgeMap>
					<xCoord>363</xCoord>
					<yCoord>316</yCoord>
					</edgeMap>
					<edgeMap>
					<xCoord>363</xCoord>
					<yCoord>315</yCoord>
					</edgeMap>
					<edgeMap>
					<xCoord>362</xCoord>
					<yCoord>314</yCoord>
					</edgeMap>
					<edgeMap>
					<xCoord>362</xCoord>
					<yCoord>313</yCoord>
					</edgeMap>
					<edgeMap>
					<xCoord>362</xCoord>
					<yCoord>312</yCoord>
					</edgeMap>
					<edgeMap>
					<xCoord>362</xCoord>
					<yCoord>311</yCoord>
					</edgeMap>
					<edgeMap>
					<xCoord>362</xCoord>
					<yCoord>310</yCoord>
					</edgeMap>
					<edgeMap>
					<xCoord>362</xCoord>
					<yCoord>309</yCoord>
					</edgeMap>
					<edgeMap>
					<xCoord>362</xCoord>
					<yCoord>308</yCoord>
					</edgeMap>
					<edgeMap>
					<xCoord>362</xCoord>
					<yCoord>307</yCoord>
					</edgeMap>
					<edgeMap>
					<xCoord>362</xCoord>
					<yCoord>306</yCoord>
					</edgeMap>
				</roi>
			</unblindedReadNodule>
			<nonNodule>
				<nonNoduleID>3</nonNoduleID>
				<imageZposition>-25.5</imageZposition>
				<imageSOP_UID>1.3.6.1.4.1.14519.5.2.1.6279.6001.109988263332792615098420738513</imageSOP_UID>
				<locus>
					<xCoord>313</xCoord>
					<yCoord>320</yCoord>
				</locus>
			</nonNodule>
			<nonNodule>
				<nonNoduleID>4</nonNoduleID>
				<imageZposition>-35.5</imageZposition>
				<imageSOP_UID>1.3.6.1.4.1.14519.5.2.1.6279.6001.238312828666843024070335185319</imageSOP_UID>
				<locus>
					<xCoord>173</xCoord>
					<yCoord>298</yCoord>
				</locus>
			</nonNodule>
	</readingSession>
<readingSession>
<annotationVersion>3.12</annotationVersion>
<servicingRadiologistID>anon</servicingRadiologistID>
<unblindedReadNodule>
<noduleID>163289</noduleID>
<characteristics>
<subtlety>4</subtlety>
<internalStructure>1</internalStructure>
<calcification>6</calcification>
<sphericity>4</sphericity>
<margin>4</margin>
<lobulation>2</lobulation>
<spiculation>2</spiculation>
<texture>5</texture>
<malignancy>3</malignancy>
</characteristics>
<roi>
<imageZposition>-233.0</imageZposition>
<imageSOP_UID>1.3.6.1.4.1.14519.5.2.1.6279.6001.120153707817328431031234884110</imageSOP_UID>
<inclusion>TRUE</inclusion>
<edgeMap>
<xCoord>369</xCoord>
<yCoord>315</yCoord>
</edgeMap>
<edgeMap>
<xCoord>370</xCoord>
<yCoord>314</yCoord>
</edgeMap>
<edgeMap>
<xCoord>371</xCoord>
<yCoord>313</yCoord>
</edgeMap>
<edgeMap>
<xCoord>371</xCoord>
<yCoord>312</yCoord>
</edgeMap>
<edgeMap>
<xCoord>371</xCoord>
<yCoord>311</yCoord>
</edgeMap>
<edgeMap>
<xCoord>371</xCoord>
<yCoord>310</yCoord>
</edgeMap>
<edgeMap>
<xCoord>371</xCoord>
<yCoord>309</yCoord>
</edgeMap>
<edgeMap>
<xCoord>370</xCoord>
<yCoord>308</yCoord>
</edgeMap>
<edgeMap>
<xCoord>369</xCoord>
<yCoord>307</yCoord>
</edgeMap>
<edgeMap>
<xCoord>368</xCoord>
<yCoord>306</yCoord>
</edgeMap>
<edgeMap>
<xCoord>367</xCoord>
<yCoord>306</yCoord>
</edgeMap>
<edgeMap>
<xCoord>366</xCoord>
<yCoord>306</yCoord>
</edgeMap>
<edgeMap>
<xCoord>365</xCoord>
<yCoord>306</yCoord>
</edgeMap>
<edgeMap>
<xCoord>364</xCoord>
<yCoord>307</yCoord>
</edgeMap>
<edgeMap>
<xCoord>364</xCoord>
<yCoord>308</yCoord>
</edgeMap>
<edgeMap>
<xCoord>363</xCoord>
<yCoord>309</yCoord>
</edgeMap>
<edgeMap>
<xCoord>363</xCoord>
<yCoord>310</yCoord>
</edgeMap>
<edgeMap>
<xCoord>363</xCoord>
<yCoord>311</yCoord>
</edgeMap>
<edgeMap>
<xCoord>364</xCoord>
<yCoord>312</yCoord>
</edgeMap>
<edgeMap>
<xCoord>364</xCoord>
<yCoord>313</yCoord>
</edgeMap>
<edgeMap>
<xCoord>365</xCoord>
<yCoord>314</yCoord>
</edgeMap>
<edgeMap>
<xCoord>366</xCoord>
<yCoord>314</yCoord>
</edgeMap>
<edgeMap>
<xCoord>367</xCoord>
<yCoord>314</yCoord>
</edgeMap>
<edgeMap>
<xCoord>368</xCoord>
<yCoord>315</yCoord>
</edgeMap>
<edgeMap>
<xCoord>369</xCoord>
<yCoord>315</yCoord>
</edgeMap>
</roi>
<roi>
<imageZposition>-235.5</imageZposition>
<imageSOP_UID>1.3.6.1.4.1.14519.5.2.1.6279.6001.311087143646351731296579289107</imageSOP_UID>
<inclusion>TRUE</inclusion>
<edgeMap>
<xCoord>371</xCoord>
<yCoord>316</yCoord>
</edgeMap>
<edgeMap>
<xCoord>372</xCoord>
<yCoord>315</yCoord>
</edgeMap>
<edgeMap>
<xCoord>372</xCoord>
<yCoord>314</yCoord>
</edgeMap>
<edgeMap>
<xCoord>372</xCoord>
<yCoord>313</yCoord>
</edgeMap>
<edgeMap>
<xCoord>372</xCoord>
<yCoord>312</yCoord>
</edgeMap>
<edgeMap>
<xCoord>373</xCoord>
<yCoord>311</yCoord>
</edgeMap>
<edgeMap>
<xCoord>373</xCoord>
<yCoord>310</yCoord>
</edgeMap>
<edgeMap>
<xCoord>372</xCoord>
<yCoord>309</yCoord>
</edgeMap>
<edgeMap>
<xCoord>372</xCoord>
<yCoord>308</yCoord>
</edgeMap>
<edgeMap>
<xCoord>372</xCoord>
<yCoord>307</yCoord>
</edgeMap>
<edgeMap>
<xCoord>371</xCoord>
<yCoord>306</yCoord>
</edgeMap>
<edgeMap>
<xCoord>370</xCoord>
<yCoord>305</yCoord>
</edgeMap>
<edgeMap>
<xCoord>369</xCoord>
<yCoord>305</yCoord>
</edgeMap>
<edgeMap>
<xCoord>368</xCoord>
<yCoord>304</yCoord>
</edgeMap>
<edgeMap>
<xCoord>367</xCoord>
<yCoord>304</yCoord>
</edgeMap>
<edgeMap>
<xCoord>366</xCoord>
<yCoord>304</yCoord>
</edgeMap>
<edgeMap>
<xCoord>365</xCoord>
<yCoord>305</yCoord>
</edgeMap>
<edgeMap>
<xCoord>364</xCoord>
<yCoord>305</yCoord>
</edgeMap>
<edgeMap>
<xCoord>363</xCoord>
<yCoord>306</yCoord>
</edgeMap>
<edgeMap>
<xCoord>363</xCoord>
<yCoord>307</yCoord>
</edgeMap>
<edgeMap>
<xCoord>362</xCoord>
<yCoord>308</yCoord>
</edgeMap>
<edgeMap>
<xCoord>362</xCoord>
<yCoord>309</yCoord>
</edgeMap>
<edgeMap>
<xCoord>362</xCoord>
<yCoord>310</yCoord>
</edgeMap>
<edgeMap>
<xCoord>363</xCoord>
<yCoord>311</yCoord>
</edgeMap>
<edgeMap>
<xCoord>363</xCoord>
<yCoord>312</yCoord>
</edgeMap>
<edgeMap>
<xCoord>363</xCoord>
<yCoord>313</yCoord>
</edgeMap>
<edgeMap>
<xCoord>364</xCoord>
<yCoord>314</yCoord>
</edgeMap>
<edgeMap>
<xCoord>365</xCoord>
<yCoord>315</yCoord>
</edgeMap>
<edgeMap>
<xCoord>366</xCoord>
<yCoord>316</yCoord>
</edgeMap>
<edgeMap>
<xCoord>367</xCoord>
<yCoord>316</yCoord>
</edgeMap>
<edgeMap>
<xCoord>368</xCoord>
<yCoord>316</yCoord>
</edgeMap>
<edgeMap>
<xCoord>369</xCoord>
<yCoord>316</yCoord>
</edgeMap>
<edgeMap>
<xCoord>370</xCoord>
<yCoord>316</yCoord>
</edgeMap>
<edgeMap>
<xCoord>371</xCoord>
<yCoord>316</yCoord>
</edgeMap>
</roi>
<roi>
<imageZposition>-238.0</imageZposition>
<imageSOP_UID>1.3.6.1.4.1.14519.5.2.1.6279.6001.305994569883941082727533743297</imageSOP_UID>
<inclusion>TRUE</inclusion>
<edgeMap>
<xCoord>371</xCoord>
<yCoord>320</yCoord>
</edgeMap>
<edgeMap>
<xCoord>372</xCoord>
<yCoord>319</yCoord>
</edgeMap>
<edgeMap>
<xCoord>373</xCoord>
<yCoord>319</yCoord>
</edgeMap>
<edgeMap>
<xCoord>374</xCoord>
<yCoord>318</yCoord>
</edgeMap>
<edgeMap>
<xCoord>375</xCoord>
<yCoord>317</yCoord>
</edgeMap>
<edgeMap>
<xCoord>375</xCoord>
<yCoord>316</yCoord>
</edgeMap>
<edgeMap>
<xCoord>375</xCoord>
<yCoord>315</yCoord>
</edgeMap>
<edgeMap>
<xCoord>375</xCoord>
<yCoord>314</yCoord>
</edgeMap>
<edgeMap>
<xCoord>375</xCoord>
<yCoord>313</yCoord>
</edgeMap>
<edgeMap>
<xCoord>375</xCoord>
<yCoord>312</yCoord>
</edgeMap>
<edgeMap>
<xCoord>375</xCoord>
<yCoord>311</yCoord>
</edgeMap>
<edgeMap>
<xCoord>375</xCoord>
<yCoord>310</yCoord>
</edgeMap>
<edgeMap>
<xCoord>375</xCoord>
<yCoord>309</yCoord>
</edgeMap>
<edgeMap>
<xCoord>375</xCoord>
<yCoord>308</yCoord>
</edgeMap>
<edgeMap>
<xCoord>375</xCoord>
<yCoord>307</yCoord>
</edgeMap>
<edgeMap>
<xCoord>375</xCoord>
<yCoord>306</yCoord>
</edgeMap>
<edgeMap>
<xCoord>374</xCoord>
<yCoord>305</yCoord>
</edgeMap>
<edgeMap>
<xCoord>373</xCoord>
<yCoord>304</yCoord>
</edgeMap>
<edgeMap>
<xCoord>372</xCoord>
<yCoord>304</yCoord>
</edgeMap>
<edgeMap>
<xCoord>371</xCoord>
<yCoord>304</yCoord>
</edgeMap>
<edgeMap>
<xCoord>370</xCoord>
<yCoord>304</yCoord>
</edgeMap>
<edgeMap>
<xCoord>369</xCoord>
<yCoord>303</yCoord>
</edgeMap>
<edgeMap>
<xCoord>368</xCoord>
<yCoord>303</yCoord>
</edgeMap>
<edgeMap>
<xCoord>367</xCoord>
<yCoord>303</yCoord>
</edgeMap>
<edgeMap>
<xCoord>366</xCoord>
<yCoord>303</yCoord>
</edgeMap>
<edgeMap>
<xCoord>365</xCoord>
<yCoord>303</yCoord>
</edgeMap>
<edgeMap>
<xCoord>364</xCoord>
<yCoord>303</yCoord>
</edgeMap>
<edgeMap>
<xCoord>363</xCoord>
<yCoord>304</yCoord>
</edgeMap>
<edgeMap>
<xCoord>362</xCoord>
<yCoord>305</yCoord>
</edgeMap>
<edgeMap>
<xCoord>362</xCoord>
<yCoord>306</yCoord>
</edgeMap>
<edgeMap>
<xCoord>361</xCoord>
<yCoord>307</yCoord>
</edgeMap>
<edgeMap>
<xCoord>361</xCoord>
<yCoord>308</yCoord>
</edgeMap>
<edgeMap>
<xCoord>361</xCoord>
<yCoord>309</yCoord>
</edgeMap>
<edgeMap>
<xCoord>361</xCoord>
<yCoord>310</yCoord>
</edgeMap>
<edgeMap>
<xCoord>361</xCoord>
<yCoord>311</yCoord>
</edgeMap>
<edgeMap>
<xCoord>361</xCoord>
<yCoord>312</yCoord>
</edgeMap>
<edgeMap>
<xCoord>361</xCoord>
<yCoord>313</yCoord>
</edgeMap>
<edgeMap>
<xCoord>361</xCoord>
<yCoord>314</yCoord>
</edgeMap>
<edgeMap>
<xCoord>362</xCoord>
<yCoord>315</yCoord>
</edgeMap>
<edgeMap>
<xCoord>362</xCoord>
<yCoord>316</yCoord>
</edgeMap>
<edgeMap>
<xCoord>362</xCoord>
<yCoord>317</yCoord>
</edgeMap>
<edgeMap>
<xCoord>363</xCoord>
<yCoord>318</yCoord>
</edgeMap>
<edgeMap>
<xCoord>364</xCoord>
<yCoord>319</yCoord>
</edgeMap>
<edgeMap>
<xCoord>365</xCoord>
<yCoord>319</yCoord>
</edgeMap>
<edgeMap>
<xCoord>366</xCoord>
<yCoord>320</yCoord>
</edgeMap>
<edgeMap>
<xCoord>367</xCoord>
<yCoord>320</yCoord>
</edgeMap>
<edgeMap>
<xCoord>368</xCoord>
<yCoord>320</yCoord>
</edgeMap>
<edgeMap>
<xCoord>369</xCoord>
<yCoord>320</yCoord>
</edgeMap>
<edgeMap>
<xCoord>370</xCoord>
<yCoord>320</yCoord>
</edgeMap>
<edgeMap>
<xCoord>371</xCoord>
<yCoord>320</yCoord>
</edgeMap>
</roi>
</unblindedReadNodule>
<nonNodule>
<nonNoduleID>163295</nonNoduleID>
<imageZposition>-25.5</imageZposition>
<imageSOP_UID>1.3.6.1.4.1.14519.5.2.1.6279.6001.109988263332792615098420738513</imageSOP_UID>
<locus>
<xCoord>313</xCoord>
<yCoord>320</yCoord>
</locus>
</nonNodule>
<nonNodule>
<nonNoduleID>163296</nonNoduleID>
<imageZposition>-35.5</imageZposition>
<imageSOP_UID>1.3.6.1.4.1.14519.5.2.1.6279.6001.238312828666843024070335185319</imageSOP_UID>
<locus>
<xCoord>173</xCoord>
<yCoord>298</yCoord>
</locus>
</nonNodule>
</readingSession>
  <readingSession>
    <annotationVersion>3.12</annotationVersion>
    <servicingRadiologistID>anon</servicingRadiologistID>
    <unblindedReadNodule>
      <noduleID>161380</noduleID>
      <characteristics>
        <subtlety>3</subtlety>
        <internalStructure>1</internalStructure>
        <calcification>6</calcification>
        <sphericity>3</sphericity>
        <margin>4</margin>
        <lobulation>2</lobulation>
        <spiculation>1</spiculation>
        <texture>5</texture>
        <malignancy>3</malignancy>
      </characteristics>
      <roi>
        <imageZposition>-235.5</imageZposition>
        <imageSOP_UID>1.3.6.1.4.1.14519.5.2.1.6279.6001.311087143646351731296579289107</imageSOP_UID>
        <inclusion>TRUE</inclusion>
        <edgeMap>
          <xCoord>369</xCoord>
          <yCoord>318</yCoord>
        </edgeMap>
        <edgeMap>
          <xCoord>370</xCoord>
          <yCoord>317</yCoord>
        </edgeMap>
        <edgeMap>
          <xCoord>371</xCoord>
          <yCoord>317</yCoord>
        </edgeMap>
        <edgeMap>
          <xCoord>372</xCoord>
          <yCoord>316</yCoord>
        </edgeMap>
        <edgeMap>
          <xCoord>373</xCoord>
          <yCoord>315</yCoord>
        </edgeMap>
        <edgeMap>
          <xCoord>373</xCoord>
          <yCoord>314</yCoord>
        </edgeMap>
        <edgeMap>
          <xCoord>373</xCoord>
          <yCoord>313</yCoord>
        </edgeMap>
        <edgeMap>
          <xCoord>373</xCoord>
          <yCoord>312</yCoord>
        </edgeMap>
        <edgeMap>
          <xCoord>374</xCoord>
          <yCoord>311</yCoord>
        </edgeMap>
        <edgeMap>
          <xCoord>374</xCoord>
          <yCoord>310</yCoord>
        </edgeMap>
        <edgeMap>
          <xCoord>374</xCoord>
          <yCoord>309</yCoord>
        </edgeMap>
        <edgeMap>
          <xCoord>373</xCoord>
          <yCoord>308</yCoord>
        </edgeMap>
        <edgeMap>
          <xCoord>373</xCoord>
          <yCoord>307</yCoord>
        </edgeMap>
        <edgeMap>
          <xCoord>372</xCoord>
          <yCoord>306</yCoord>
        </edgeMap>
        <edgeMap>
          <xCoord>371</xCoord>
          <yCoord>305</yCoord>
        </edgeMap>
        <edgeMap>
          <xCoord>370</xCoord>
          <yCoord>304</yCoord>
        </edgeMap>
        <edgeMap>
          <xCoord>369</xCoord>
          <yCoord>303</yCoord>
        </edgeMap>
        <edgeMap>
          <xCoord>368</xCoord>
          <yCoord>303</yCoord>
        </edgeMap>
        <edgeMap>
          <xCoord>367</xCoord>
          <yCoord>303</yCoord>
        </edgeMap>
        <edgeMap>
          <xCoord>366</xCoord>
          <yCoord>303</yCoord>
        </edgeMap>
        <edgeMap>
          <xCoord>365</xCoord>
          <yCoord>304</yCoord>
        </edgeMap>
        <edgeMap>
          <xCoord>364</xCoord>
          <yCoord>304</yCoord>
        </edgeMap>
        <edgeMap>
          <xCoord>363</xCoord>
          <yCoord>305</yCoord>
        </edgeMap>
        <edgeMap>
          <xCoord>362</xCoord>
          <yCoord>306</yCoord>
        </edgeMap>
        <edgeMap>
          <xCoord>362</xCoord>
          <yCoord>307</yCoord>
        </edgeMap>
        <edgeMap>
          <xCoord>361</xCoord>
          <yCoord>308</yCoord>
        </edgeMap>
        <edgeMap>
          <xCoord>361</xCoord>
          <yCoord>309</yCoord>
        </edgeMap>
        <edgeMap>
          <xCoord>361</xCoord>
          <yCoord>310</yCoord>
        </edgeMap>
        <edgeMap>
          <xCoord>361</xCoord>
          <yCoord>311</yCoord>
        </edgeMap>
        <edgeMap>
          <xCoord>362</xCoord>
          <yCoord>312</yCoord>
        </edgeMap>
        <edgeMap>
          <xCoord>362</xCoord>
          <yCoord>313</yCoord>
        </edgeMap>
        <edgeMap>
          <xCoord>362</xCoord>
          <yCoord>314</yCoord>
        </edgeMap>
        <edgeMap>
          <xCoord>363</xCoord>
          <yCoord>315</yCoord>
        </edgeMap>
        <edgeMap>
          <xCoord>364</xCoord>
          <yCoord>316</yCoord>
        </edgeMap>
        <edgeMap>
          <xCoord>365</xCoord>
          <yCoord>317</yCoord>
        </edgeMap>
        <edgeMap>
          <xCoord>366</xCoord>
          <yCoord>317</yCoord>
        </edgeMap>
        <edgeMap>
          <xCoord>367</xCoord>
          <yCoord>317</yCoord>
        </edgeMap>
        <edgeMap>
          <xCoord>368</xCoord>
          <yCoord>317</yCoord>
        </edgeMap>
        <edgeMap>
          <xCoord>369</xCoord>
          <yCoord>318</yCoord>
        </edgeMap>
      </roi>
      <roi>
        <imageZposition>-238.0</imageZposition>
        <imageSOP_UID>1.3.6.1.4.1.14519.5.2.1.6279.6001.305994569883941082727533743297</imageSOP_UID>
        <inclusion>TRUE</inclusion>
        <edgeMap>
          <xCoord>372</xCoord>
          <yCoord>318</yCoord>
        </edgeMap>
        <edgeMap>
          <xCoord>372</xCoord>
          <yCoord>317</yCoord>
        </edgeMap>
        <edgeMap>
          <xCoord>372</xCoord>
          <yCoord>316</yCoord>
        </edgeMap>
        <edgeMap>
          <xCoord>372</xCoord>
          <yCoord>315</yCoord>
        </edgeMap>
        <edgeMap>
          <xCoord>372</xCoord>
          <yCoord>314</yCoord>
        </edgeMap>
        <edgeMap>
          <xCoord>372</xCoord>
          <yCoord>313</yCoord>
        </edgeMap>
        <edgeMap>
          <xCoord>372</xCoord>
          <yCoord>312</yCoord>
        </edgeMap>
        <edgeMap>
          <xCoord>373</xCoord>
          <yCoord>311</yCoord>
        </edgeMap>
        <edgeMap>
          <xCoord>373</xCoord>
          <yCoord>310</yCoord>
        </edgeMap>
        <edgeMap>
          <xCoord>374</xCoord>
          <yCoord>309</yCoord>
        </edgeMap>
        <edgeMap>
          <xCoord>374</xCoord>
          <yCoord>308</yCoord>
        </edgeMap>
        <edgeMap>
          <xCoord>374</xCoord>
          <yCoord>307</yCoord>
        </edgeMap>
        <edgeMap>
          <xCoord>373</xCoord>
          <yCoord>306</yCoord>
        </edgeMap>
        <edgeMap>
          <xCoord>372</xCoord>
          <yCoord>305</yCoord>
        </edgeMap>
        <edgeMap>
          <xCoord>371</xCoord>
          <yCoord>305</yCoord>
        </edgeMap>
        <edgeMap>
          <xCoord>370</xCoord>
          <yCoord>305</yCoord>
        </edgeMap>
        <edgeMap>
          <xCoord>369</xCoord>
          <yCoord>305</yCoord>
        </edgeMap>
        <edgeMap>
          <xCoord>368</xCoord>
          <yCoord>304</yCoord>
        </edgeMap>
        <edgeMap>
          <xCoord>367</xCoord>
          <yCoord>304</yCoord>
        </edgeMap>
        <edgeMap>
          <xCoord>366</xCoord>
          <yCoord>304</yCoord>
        </edgeMap>
        <edgeMap>
          <xCoord>365</xCoord>
          <yCoord>304</yCoord>
        </edgeMap>
        <edgeMap>
          <xCoord>364</xCoord>
          <yCoord>304</yCoord>
        </edgeMap>
        <edgeMap>
          <xCoord>363</xCoord>
          <yCoord>304</yCoord>
        </edgeMap>
        <edgeMap>
          <xCoord>362</xCoord>
          <yCoord>304</yCoord>
        </edgeMap>
        <edgeMap>
          <xCoord>361</xCoord>
          <yCoord>304</yCoord>
        </edgeMap>
        <edgeMap>
          <xCoord>361</xCoord>
          <yCoord>305</yCoord>
        </edgeMap>
        <edgeMap>
          <xCoord>361</xCoord>
          <yCoord>306</yCoord>
        </edgeMap>
        <edgeMap>
          <xCoord>361</xCoord>
          <yCoord>307</yCoord>
        </edgeMap>
        <edgeMap>
          <xCoord>360</xCoord>
          <yCoord>308</yCoord>
        </edgeMap>
        <edgeMap>
          <xCoord>360</xCoord>
          <yCoord>309</yCoord>
        </edgeMap>
        <edgeMap>
          <xCoord>360</xCoord>
          <yCoord>310</yCoord>
        </edgeMap>
        <edgeMap>
          <xCoord>360</xCoord>
          <yCoord>311</yCoord>
        </edgeMap>
        <edgeMap>
          <xCoord>360</xCoord>
          <yCoord>312</yCoord>
        </edgeMap>
        <edgeMap>
          <xCoord>360</xCoord>
          <yCoord>313</yCoord>
        </edgeMap>
        <edgeMap>
          <xCoord>360</xCoord>
          <yCoord>314</yCoord>
        </edgeMap>
        <edgeMap>
          <xCoord>360</xCoord>
          <yCoord>315</yCoord>
        </edgeMap>
        <edgeMap>
          <xCoord>361</xCoord>
          <yCoord>315</yCoord>
        </edgeMap>
        <edgeMap>
          <xCoord>362</xCoord>
          <yCoord>315</yCoord>
        </edgeMap>
        <edgeMap>
          <xCoord>363</xCoord>
          <yCoord>316</yCoord>
        </edgeMap>
        <edgeMap>
          <xCoord>363</xCoord>
          <yCoord>317</yCoord>
        </edgeMap>
        <edgeMap>
          <xCoord>364</xCoord>
          <yCoord>318</yCoord>
        </edgeMap>
        <edgeMap>
          <xCoord>365</xCoord>
          <yCoord>318</yCoord>
        </edgeMap>
        <edgeMap>
          <xCoord>366</xCoord>
          <yCoord>318</yCoord>
        </edgeMap>
        <edgeMap>
          <xCoord>367</xCoord>
          <yCoord>318</yCoord>
        </edgeMap>
        <edgeMap>
          <xCoord>368</xCoord>
          <yCoord>318</yCoord>
        </edgeMap>
        <edgeMap>
          <xCoord>369</xCoord>
          <yCoord>318</yCoord>
        </edgeMap>
        <edgeMap>
          <xCoord>370</xCoord>
          <yCoord>318</yCoord>
        </edgeMap>
        <edgeMap>
          <xCoord>371</xCoord>
          <yCoord>318</yCoord>
        </edgeMap>
        <edgeMap>
          <xCoord>372</xCoord>
          <yCoord>318</yCoord>
        </edgeMap>
      </roi>
    </unblindedReadNodule>
    <unblindedReadNodule>
      <noduleID>161382</noduleID>
      <roi>
        <imageZposition>-83.0</imageZposition>
        <imageSOP_UID>1.3.6.1.4.1.14519.5.2.1.6279.6001.643340786100181471950921466753</imageSOP_UID>
        <inclusion>TRUE</inclusion>
        <edgeMap>
          <xCoord>403</xCoord>
          <yCoord>247</yCoord>
        </edgeMap>
      </roi>
    </unblindedReadNodule>
  </readingSession>
  <readingSession>
    <annotationVersion>3.12</annotationVersion>
    <servicingRadiologistID>anon</servicingRadiologistID>
    <unblindedReadNodule>
      <noduleID>Nodule 001</noduleID>
      <characteristics>
        <subtlety>4</subtlety>
        <internalStructure>1</internalStructure>
        <calcification>6</calcification>
        <sphericity>4</sphericity>
        <margin>4</margin>
        <lobulation>1</lobulation>
        <spiculation>2</spiculation>
        <texture>5</texture>
        <malignancy>4</malignancy>
      </characteristics>
      <roi>
        <imageZposition>-238.000</imageZposition>
        <imageSOP_UID>1.3.6.1.4.1.14519.5.2.1.6279.6001.305994569883941082727533743297</imageSOP_UID>
        <inclusion>TRUE</inclusion>
        <edgeMap>
          <xCoord>365</xCoord>
          <yCoord>304</yCoord>
        </edgeMap>
        <edgeMap>
          <xCoord>364</xCoord>
          <yCoord>305</yCoord>
        </edgeMap>
        <edgeMap>
          <xCoord>363</xCoord>
          <yCoord>305</yCoord>
        </edgeMap>
        <edgeMap>
          <xCoord>362</xCoord>
          <yCoord>306</yCoord>
        </edgeMap>
        <edgeMap>
          <xCoord>362</xCoord>
          <yCoord>307</yCoord>
        </edgeMap>
        <edgeMap>
          <xCoord>362</xCoord>
          <yCoord>308</yCoord>
        </edgeMap>
        <edgeMap>
          <xCoord>362</xCoord>
          <yCoord>309</yCoord>
        </edgeMap>
        <edgeMap>
          <xCoord>362</xCoord>
          <yCoord>310</yCoord>
        </edgeMap>
        <edgeMap>
          <xCoord>362</xCoord>
          <yCoord>311</yCoord>
        </edgeMap>
        <edgeMap>
          <xCoord>362</xCoord>
          <yCoord>312</yCoord>
        </edgeMap>
        <edgeMap>
          <xCoord>362</xCoord>
          <yCoord>313</yCoord>
        </edgeMap>
        <edgeMap>
          <xCoord>362</xCoord>
          <yCoord>314</yCoord>
        </edgeMap>
        <edgeMap>
          <xCoord>362</xCoord>
          <yCoord>315</yCoord>
        </edgeMap>
        <edgeMap>
          <xCoord>363</xCoord>
          <yCoord>316</yCoord>
        </edgeMap>
        <edgeMap>
          <xCoord>364</xCoord>
          <yCoord>317</yCoord>
        </edgeMap>
        <edgeMap>
          <xCoord>365</xCoord>
          <yCoord>318</yCoord>
        </edgeMap>
        <edgeMap>
          <xCoord>366</xCoord>
          <yCoord>319</yCoord>
        </edgeMap>
        <edgeMap>
          <xCoord>367</xCoord>
          <yCoord>319</yCoord>
        </edgeMap>
        <edgeMap>
          <xCoord>368</xCoord>
          <yCoord>319</yCoord>
        </edgeMap>
        <edgeMap>
          <xCoord>369</xCoord>
          <yCoord>319</yCoord>
        </edgeMap>
        <edgeMap>
          <xCoord>370</xCoord>
          <yCoord>319</yCoord>
        </edgeMap>
        <edgeMap>
          <xCoord>371</xCoord>
          <yCoord>318</yCoord>
        </edgeMap>
        <edgeMap>
          <xCoord>372</xCoord>
          <yCoord>317</yCoord>
        </edgeMap>
        <edgeMap>
          <xCoord>373</xCoord>
          <yCoord>316</yCoord>
        </edgeMap>
        <edgeMap>
          <xCoord>374</xCoord>
          <yCoord>315</yCoord>
        </edgeMap>
        <edgeMap>
          <xCoord>374</xCoord>
          <yCoord>314</yCoord>
        </edgeMap>
        <edgeMap>
          <xCoord>374</xCoord>
          <yCoord>313</yCoord>
        </edgeMap>
        <edgeMap>
          <xCoord>374</xCoord>
          <yCoord>312</yCoord>
        </edgeMap>
        <edgeMap>
          <xCoord>374</xCoord>
          <yCoord>311</yCoord>
        </edgeMap>
        <edgeMap>
          <xCoord>374</xCoord>
          <yCoord>310</yCoord>
        </edgeMap>
        <edgeMap>
          <xCoord>374</xCoord>
          <yCoord>309</yCoord>
        </edgeMap>
        <edgeMap>
          <xCoord>373</xCoord>
          <yCoord>308</yCoord>
        </edgeMap>
        <edgeMap>
          <xCoord>373</xCoord>
          <yCoord>307</yCoord>
        </edgeMap>
        <edgeMap>
          <xCoord>373</xCoord>
          <yCoord>306</yCoord>
        </edgeMap>
        <edgeMap>
          <xCoord>373</xCoord>
          <yCoord>305</yCoord>
        </edgeMap>
        <edgeMap>
          <xCoord>372</xCoord>
          <yCoord>304</yCoord>
        </edgeMap>
        <edgeMap>
          <xCoord>371</xCoord>
          <yCoord>304</yCoord>
        </edgeMap>
        <edgeMap>
          <xCoord>370</xCoord>
          <yCoord>304</yCoord>
        </edgeMap>
        <edgeMap>
          <xCoord>369</xCoord>
          <yCoord>304</yCoord>
        </edgeMap>
        <edgeMap>
          <xCoord>368</xCoord>
          <yCoord>304</yCoord>
        </edgeMap>
        <edgeMap>
          <xCoord>367</xCoord>
          <yCoord>304</yCoord>
        </edgeMap>
        <edgeMap>
          <xCoord>366</xCoord>
          <yCoord>304</yCoord>
        </edgeMap>
        <edgeMap>
          <xCoord>365</xCoord>
          <yCoord>304</yCoord>
        </edgeMap>
      </roi>
      <roi>
        <imageZposition>-235.500</imageZposition>
        <imageSOP_UID>1.3.6.1.4.1.14519.5.2.1.6279.6001.311087143646351731296579289107</imageSOP_UID>
        <inclusion>TRUE</inclusion>
        <edgeMap>
          <xCoord>367</xCoord>
          <yCoord>304</yCoord>
        </edgeMap>
        <edgeMap>
          <xCoord>366</xCoord>
          <yCoord>305</yCoord>
        </edgeMap>
        <edgeMap>
          <xCoord>365</xCoord>
          <yCoord>305</yCoord>
        </edgeMap>
        <edgeMap>
          <xCoord>364</xCoord>
          <yCoord>306</yCoord>
        </edgeMap>
        <edgeMap>
          <xCoord>363</xCoord>
          <yCoord>307</yCoord>
        </edgeMap>
        <edgeMap>
          <xCoord>363</xCoord>
          <yCoord>308</yCoord>
        </edgeMap>
        <edgeMap>
          <xCoord>363</xCoord>
          <yCoord>309</yCoord>
        </edgeMap>
        <edgeMap>
          <xCoord>363</xCoord>
          <yCoord>310</yCoord>
        </edgeMap>
        <edgeMap>
          <xCoord>363</xCoord>
          <yCoord>311</yCoord>
        </edgeMap>
        <edgeMap>
          <xCoord>363</xCoord>
          <yCoord>312</yCoord>
        </edgeMap>
        <edgeMap>
          <xCoord>363</xCoord>
          <yCoord>313</yCoord>
        </edgeMap>
        <edgeMap>
          <xCoord>364</xCoord>
          <yCoord>314</yCoord>
        </edgeMap>
        <edgeMap>
          <xCoord>365</xCoord>
          <yCoord>314</yCoord>
        </edgeMap>
        <edgeMap>
          <xCoord>366</xCoord>
          <yCoord>315</yCoord>
        </edgeMap>
        <edgeMap>
          <xCoord>367</xCoord>
          <yCoord>316</yCoord>
        </edgeMap>
        <edgeMap>
          <xCoord>368</xCoord>
          <yCoord>316</yCoord>
        </edgeMap>
        <edgeMap>
          <xCoord>369</xCoord>
          <yCoord>316</yCoord>
        </edgeMap>
        <edgeMap>
          <xCoord>370</xCoord>
          <yCoord>316</yCoord>
        </edgeMap>
        <edgeMap>
          <xCoord>371</xCoord>
          <yCoord>316</yCoord>
        </edgeMap>
        <edgeMap>
          <xCoord>372</xCoord>
          <yCoord>316</yCoord>
        </edgeMap>
        <edgeMap>
          <xCoord>373</xCoord>
          <yCoord>315</yCoord>
        </edgeMap>
        <edgeMap>
          <xCoord>373</xCoord>
          <yCoord>314</yCoord>
        </edgeMap>
        <edgeMap>
          <xCoord>373</xCoord>
          <yCoord>313</yCoord>
        </edgeMap>
        <edgeMap>
          <xCoord>373</xCoord>
          <yCoord>312</yCoord>
        </edgeMap>
        <edgeMap>
          <xCoord>373</xCoord>
          <yCoord>311</yCoord>
        </edgeMap>
        <edgeMap>
          <xCoord>372</xCoord>
          <yCoord>310</yCoord>
        </edgeMap>
        <edgeMap>
          <xCoord>372</xCoord>
          <yCoord>309</yCoord>
        </edgeMap>
        <edgeMap>
          <xCoord>372</xCoord>
          <yCoord>308</yCoord>
        </edgeMap>
        <edgeMap>
          <xCoord>372</xCoord>
          <yCoord>307</yCoord>
        </edgeMap>
        <edgeMap>
          <xCoord>372</xCoord>
          <yCoord>306</yCoord>
        </edgeMap>
        <edgeMap>
          <xCoord>371</xCoord>
          <yCoord>305</yCoord>
        </edgeMap>
        <edgeMap>
          <xCoord>370</xCoord>
          <yCoord>305</yCoord>
        </edgeMap>
        <edgeMap>
          <xCoord>369</xCoord>
          <yCoord>305</yCoord>
        </edgeMap>
        <edgeMap>
          <xCoord>368</xCoord>
          <yCoord>305</yCoord>
        </edgeMap>
        <edgeMap>
          <xCoord>367</xCoord>
          <yCoord>304</yCoord>
        </edgeMap>
      </roi>
      <roi>
        <imageZposition>-233.000</imageZposition>
        <imageSOP_UID>1.3.6.1.4.1.14519.5.2.1.6279.6001.120153707817328431031234884110</imageSOP_UID>
        <inclusion>TRUE</inclusion>
        <edgeMap>
          <xCoord>366</xCoord>
          <yCoord>307</yCoord>
        </edgeMap>
        <edgeMap>
          <xCoord>365</xCoord>
          <yCoord>308</yCoord>
        </edgeMap>
        <edgeMap>
          <xCoord>364</xCoord>
          <yCoord>309</yCoord>
        </edgeMap>
        <edgeMap>
          <xCoord>364</xCoord>
          <yCoord>310</yCoord>
        </edgeMap>
        <edgeMap>
          <xCoord>364</xCoord>
          <yCoord>311</yCoord>
        </edgeMap>
        <edgeMap>
          <xCoord>364</xCoord>
          <yCoord>312</yCoord>
        </edgeMap>
        <edgeMap>
          <xCoord>365</xCoord>
          <yCoord>313</yCoord>
        </edgeMap>
        <edgeMap>
          <xCoord>366</xCoord>
          <yCoord>314</yCoord>
        </edgeMap>
        <edgeMap>
          <xCoord>367</xCoord>
          <yCoord>314</yCoord>
        </edgeMap>
        <edgeMap>
          <xCoord>368</xCoord>
          <yCoord>314</yCoord>
        </edgeMap>
        <edgeMap>
          <xCoord>369</xCoord>
          <yCoord>314</yCoord>
        </edgeMap>
        <edgeMap>
          <xCoord>370</xCoord>
          <yCoord>314</yCoord>
        </edgeMap>
        <edgeMap>
          <xCoord>371</xCoord>
          <yCoord>313</yCoord>
        </edgeMap>
        <edgeMap>
          <xCoord>371</xCoord>
          <yCoord>312</yCoord>
        </edgeMap>
        <edgeMap>
          <xCoord>371</xCoord>
          <yCoord>311</yCoord>
        </edgeMap>
        <edgeMap>
          <xCoord>370</xCoord>
          <yCoord>310</yCoord>
        </edgeMap>
        <edgeMap>
          <xCoord>369</xCoord>
          <yCoord>309</yCoord>
        </edgeMap>
        <edgeMap>
          <xCoord>369</xCoord>
          <yCoord>308</yCoord>
        </edgeMap>
        <edgeMap>
          <xCoord>368</xCoord>
          <yCoord>307</yCoord>
        </edgeMap>
        <edgeMap>
          <xCoord>367</xCoord>
          <yCoord>307</yCoord>
        </edgeMap>
        <edgeMap>
          <xCoord>366</xCoord>
          <yCoord>307</yCoord>
        </edgeMap>
      </roi>
    </unblindedReadNodule>
  </readingSession>
</LidcReadMessage>