<?xml version="1.0" encoding="UTF-8"?>
<LidcReadMessage uid="1.3.6.1.4.1.14519.5.2.1.6279.6001.1307390728808.0" xmlns="http://www.nih.gov" xmlns:xsi="http://www.w3.org/2001/XMLSchema-instance" xsi:schemaLocation="http://www.nih.gov       http://troll.rad.med.umich.edu/lidc/LidcReadMessage.xsd">
  <ResponseHeader>
    <Version>1.8</Version>
    <MessageId>UM1.3.6.1.4.1.9328.50.12.503509</MessageId>
    <DateRequest>2009-01-27</DateRequest>
    <TimeRequest>00:00:00</TimeRequest>
    <RequestingSite>removed</RequestingSite>
    <ServicingSite>removed</ServicingSite>
    <TaskDescription>Second unblinded read</TaskDescription>
    <CtImageFile>removed</CtImageFile>
    <SeriesInstanceUid>1.3.6.1.4.1.14519.5.2.1.6279.6001.939216568327879462530496768794</SeriesInstanceUid>
    <DateService>2009-01-27</DateService>
    <TimeService>00:00:00</TimeService>
    <ResponseDescription>1 - Reading complete</ResponseDescription>
  <StudyInstanceUID>1.3.6.1.4.1.14519.5.2.1.6279.6001.190838841811080874400532510738</StudyInstanceUID></ResponseHeader>
<readingSession>
<annotationVersion>3.12</annotationVersion>
<servicingRadiologistID>anon</servicingRadiologistID>
<unblindedReadNodule>
<noduleID>174421</noduleID>
<roi>
<imageZposition>-200.25</imageZposition>
<imageSOP_UID>1.3.6.1.4.1.14519.5.2.1.6279.6001.759925236289140528712889997282</imageSOP_UID>
<inclusion>TRUE</inclusion>
<edgeMap>
<xCoord>195</xCoord>
<yCoord>392</yCoord>
</edgeMap>
</roi>
</unblindedReadNodule>
<nonNodule>
<nonNoduleID>174418</nonNoduleID>
<imageZposition>-235.25</imageZposition>
<imageSOP_UID>1.3.6.1.4.1.14519.5.2.1.6279.6001.119369532636618350028684373462</imageSOP_UID>
<locus>
<xCoord>174</xCoord>
<yCoord>210</yCoord>
</locus>
</nonNodule>
<nonNodule>
<nonNoduleID>174423</nonNoduleID>
<imageZposition>-212.75</imageZposition>
<imageSOP_UID>1.3.6.1.4.1.14519.5.2.1.6279.6001.195274814571537592830952240142</imageSOP_UID>
<locus>
<xCoord>225</xCoord>
<yCoord>322</yCoord>
</locus>
</nonNodule>
<nonNodule>
<nonNoduleID>174425</nonNoduleID>
<imageZposition>-50.25</imageZposition>
<imageSOP_UID>1.3.6.1.4.1.14519.5.2.1.6279.6001.248754630070706040634659764110</imageSOP_UID>
<locus>
<xCoord>175</xCoord>
<yCoord>325</yCoord>
</locus>
</nonNodule>
<nonNodule>
<nonNoduleID>174426</nonNoduleID>
<imageZposition>-245.25</imageZposition>
<imageSOP_UID>1.3.6.1.4.1.14519.5.2.1.6279.6001.163999025019520518668661179139</imageSOP_UID>
<locus>
<xCoord>219</xCoord>
<yCoord>320</yCoord>
</locus>
</nonNodule>
<nonNodule>
<nonNoduleID>174428</nonNoduleID>
<imageZposition>-37.75</imageZposition>
<imageSOP_UID>1.3.6.1.4.1.14519.5.2.1.6279.6001.101467003443901915715532183444</imageSOP_UID>
<locus>
<xCoord>219</xCoord>
<yCoord>294</yCoord>
</locus>
</nonNodule>
<nonNodule>
<nonNoduleID>174429</nonNoduleID>
<imageZposition>-207.75</imageZposition>
<imageSOP_UID>1.3.6.1.4.1.14519.5.2.1.6279.6001.259100927835329335402238169826</imageSOP_UID>
<locus>
<xCoord>167</xCoord>
<yCoord>273</yCoord>
</locus>
</nonNodule>
<nonNodule>
<nonNoduleID>174430</nonNoduleID>
<imageZposition>-267.75</imageZposition>
<imageSOP_UID>1.3.6.1.4.1.14519.5.2.1.6279.6001.209494683455345301663469427224</imageSOP_UID>
<locus>
<xCoord>199</xCoord>
<yCoord>381</yCoord>
</locus>
</nonNodule>
<nonNodule>
<nonNoduleID>174431</nonNoduleID>
<imageZposition>-215.25</imageZposition>
<imageSOP_UID>1.3.6.1.4.1.14519.5.2.1.6279.6001.125713796029322427162175191557</imageSOP_UID>
<locus>
<xCoord>224</xCoord>
<yCoord>322</yCoord>
</locus>
</nonNodule>
<nonNodule>
<nonNoduleID>174432</nonNoduleID>
<imageZposition>-257.75</imageZposition>
<imageSOP_UID>1.3.6.1.4.1.14519.5.2.1.6279.6001.307980616744264352218013004420</imageSOP_UID>
<locus>
<xCoord>215</xCoord>
<yCoord>312</yCoord>
</locus>
</nonNodule>
<nonNodule>
<nonNoduleID>174433</nonNoduleID>
<imageZposition>-47.75</imageZposition>
<imageSOP_UID>1.3.6.1.4.1.14519.5.2.1.6279.6001.147096083533535127621516306831</imageSOP_UID>
<locus>
<xCoord>324</xCoord>
<yCoord>283</yCoord>
</locus>
</nonNodule>
<nonNodule>
<nonNoduleID>174434</nonNoduleID>
<imageZposition>-45.25</imageZposition>
<imageSOP_UID>1.3.6.1.4.1.14519.5.2.1.6279.6001.159652741426540736852000880205</imageSOP_UID>
<locus>
<xCoord>176</xCoord>
<yCoord>314</yCoord>
</locus>
</nonNodule>
</readingSession>
	<readingSession>
		<annotationVersion>3.12</annotationVersion>
		<servicingRadiologistID>anon</servicingRadiologistID>
			<unblindedReadNodule>
				<noduleID>0</noduleID>
				<characteristics>
					<subtlety>3</subtlety>
					<internalStructure>1</internalStructure>
					<calcification>6</calcification>
					<sphericity>3</sphericity>
					<margin>4</margin>
					<lobulation>1</lobulation>
					<spiculation>4</spiculation>
					<texture>5</texture>
					<malignancy>2</malignancy>
				</characteristics>
				<roi>
					<imageZposition>-197.75</imageZposition>
					<imageSOP_UID>1.3.6.1.4.1.14519.5.2.1.6279.6001.126129703157518310330690519257</imageSOP_UID>
					<inclusion>TRUE</inclusion>
					<edgeMap>
					<xCoord>196</xCoord>
					<yCoord>391</yCoord>
					</edgeMap>
					<edgeMap>
					<xCoord>195</xCoord>
					<yCoord>391</yCoord>
					</edgeMap>
					<edgeMap>
					<xCoord>194</xCoord>
					<yCoord>391</yCoord>
					</edgeMap>
					<edgeMap>
					<xCoord>194</xCoord>
					<yCoord>392</yCoord>
					</edgeMap>
					<edgeMap>
					<xCoord>194</xCoord>
					<yCoord>393</yCoord>
					</edgeMap>
					<edgeMap>
					<xCoord>194</xCoord>
					<yCoord>394</yCoord>
					</edgeMap>
					<edgeMap>
					<xCoord>195</xCoord>
					<yCoord>394</yCoord>
					</edgeMap>
					<edgeMap>
					<xCoord>196</xCoord>
					<yCoord>395</yCoord>
					</edgeMap>
					<edgeMap>
					<xCoord>197</xCoord>
					<yCoord>395</yCoord>
					</edgeMap>
					<edgeMap>
					<xCoord>197</xCoord>
					<yCoord>394</yCoord>
					</edgeMap>
					<edgeMap>
					<xCoord>197</xCoord>
					<yCoord>393</yCoord>
					</edgeMap>
					<edgeMap>
					<xCoord>196</xCoord>
					<yCoord>392</yCoord>
					</edgeMap>
					<edgeMap>
					<xCoord>196</xCoord>
					<yCoord>391</yCoord>
					</edgeMap>
				</roi>
				<roi>
					<imageZposition>-200.25</imageZposition>
					<imageSOP_UID>1.3.6.1.4.1.14519.5.2.1.6279.6001.759925236289140528712889997282</imageSOP_UID>
					<inclusion>TRUE</inclusion>
					<edgeMap>
					<xCoord>197</xCoord>
					<yCoord>392</yCoord>
					</edgeMap>
					<edgeMap>
					<xCoord>196</xCoord>
					<yCoord>391</yCoord>
					</edgeMap>
					<edgeMap>
					<xCoord>195</xCoord>
					<yCoord>391</yCoord>
					</edgeMap>
					<edgeMap>
					<xCoord>195</xCoord>
					<yCoord>390</yCoord>
					</edgeMap>
					<edgeMap>
					<xCoord>194</xCoord>
					<yCoord>391</yCoord>
					</edgeMap>
					<edgeMap>
					<xCoord>193</xCoord>
					<yCoord>391</yCoord>
					</edgeMap>
					<edgeMap>
					<xCoord>192</xCoord>
					<yCoord>391</yCoord>
					</edgeMap>
					<edgeMap>
					<xCoord>191</xCoord>
					<yCoord>392</yCoord>
					</edgeMap>
					<edgeMap>
					<xCoord>191</xCoord>
					<yCoord>393</yCoord>
					</edgeMap>
					<edgeMap>
					<xCoord>190</xCoord>
					<yCoord>393</yCoord>
					</edgeMap>
					<edgeMap>
					<xCoord>191</xCoord>
					<yCoord>394</yCoord>
					</edgeMap>
					<edgeMap>
					<xCoord>192</xCoord>
					<yCoord>394</yCoord>
					</edgeMap>
					<edgeMap>
					<xCoord>193</xCoord>
					<yCoord>395</yCoord>
					</edgeMap>
					<edgeMap>
					<xCoord>194</xCoord>
					<yCoord>396</yCoord>
					</edgeMap>
					<edgeMap>
					<xCoord>195</xCoord>
					<yCoord>395</yCoord>
					</edgeMap>
					<edgeMap>
					<xCoord>196</xCoord>
					<yCoord>395</yCoord>
					</edgeMap>
					<edgeMap>
					<xCoord>196</xCoord>
					<yCoord>394</yCoord>
					</edgeMap>
					<edgeMap>
					<xCoord>197</xCoord>
					<yCoord>393</yCoord>
					</edgeMap>
					<edgeMap>
					<xCoord>197</xCoord>
					<yCoord>392</yCoord>
					</edgeMap>
				</roi>
				<roi>
					<imageZposition>-202.75</imageZposition>
					<imageSOP_UID>1.3.6.1.4.1.14519.5.2.1.6279.6001.339956043504236528355018641806</imageSOP_UID>
					<inclusion>TRUE</inclusion>
					<edgeMap>
					<xCoord>197</xCoord>
					<yCoord>391</yCoord>
					</edgeMap>
					<edgeMap>
					<xCoord>196</xCoord>
					<yCoord>391</yCoord>
					</edgeMap>
					<edgeMap>
					<xCoord>195</xCoord>
					<yCoord>391</yCoord>
					</edgeMap>
					<edgeMap>
					<xCoord>195</xCoord>
					<yCoord>392</yCoord>
					</edgeMap>
					<edgeMap>
					<xCoord>194</xCoord>
					<yCoord>392</yCoord>
					</edgeMap>
					<edgeMap>
					<xCoord>194</xCoord>
					<yCoord>393</yCoord>
					</edgeMap>
					<edgeMap>
					<xCoord>195</xCoord>
					<yCoord>394</yCoord>
					</edgeMap>
					<edgeMap>
					<xCoord>196</xCoord>
					<yCoord>394</yCoord>
					</edgeMap>
					<edgeMap>
					<xCoord>197</xCoord>
					<yCoord>394</yCoord>
					</edgeMap>
					<edgeMap>
					<xCoord>198</xCoord>
					<yCoord>394</yCoord>
					</edgeMap>
					<edgeMap>
					<xCoord>199</xCoord>
					<yCoord>394</yCoord>
					</edgeMap>
					<edgeMap>
					<xCoord>199</xCoord>
					<yCoord>393</yCoord>
					</edgeMap>
					<edgeMap>
					<xCoord>198</xCoord>
					<yCoord>392</yCoord>
					</edgeMap>
					<edgeMap>
					<xCoord>197</xCoord>
					<yCoord>391</yCoord>
					</edgeMap>
				</roi>
			</unblindedReadNodule>
			<unblindedReadNodule>
				<noduleID>1</noduleID>
				<characteristics>
					<subtlety>4</subtlety>
					<internalStructure>1</internalStructure>
					<calcification>6</calcification>
					<sphericity>4</sphericity>
					<margin>3</margin>
					<lobulation>2</lobulation>
					<spiculation>2</spiculation>
					<texture>5</texture>
					<malignancy>2</malignancy>
				</characteristics>
				<roi>
					<imageZposition>-232.75</imageZposition>
					<imageSOP_UID>1.3.6.1.4.1.14519.5.2.1.6279.6001.323528590664539825774264957666</imageSOP_UID>
					<inclusion>TRUE</inclusion>
					<edgeMap>
					<xCoord>171</xCoord>
					<yCoord>214</yCoord>
					</edgeMap>
					<edgeMap>
					<xCoord>170</xCoord>
					<yCoord>214</yCoord>
					</edgeMap>
					<edgeMap>
					<xCoord>169</xCoord>
					<yCoord>214</yCoord>
					</edgeMap>
					<edgeMap>
					<xCoord>169</xCoord>
					<yCoord>213</yCoord>
					</edgeMap>
					<edgeMap>
					<xCoord>169</xCoord>
					<yCoord>212</yCoord>
					</edgeMap>
					<edgeMap>
					<xCoord>168</xCoord>
					<yCoord>211</yCoord>
					</edgeMap>
					<edgeMap>
					<xCoord>168</xCoord>
					<yCoord>210</yCoord>
					</edgeMap>
					<edgeMap>
					<xCoord>168</xCoord>
					<yCoord>209</yCoord>
					</edgeMap>
					<edgeMap>
					<xCoord>169</xCoord>
					<yCoord>208</yCoord>
					</edgeMap>
					<edgeMap>
					<xCoord>169</xCoord>
					<yCoord>207</yCoord>
					</edgeMap>
					<edgeMap>
					<xCoord>169</xCoord>
					<yCoord>206</yCoord>
					</edgeMap>
					<edgeMap>
					<xCoord>169</xCoord>
					<yCoord>205</yCoord>
					</edgeMap>
					<edgeMap>
					<xCoord>169</xCoord>
					<yCoord>204</yCoord>
					</edgeMap>
					<edgeMap>
					<xCoord>170</xCoord>
					<yCoord>203</yCoord>
					</edgeMap>
					<edgeMap>
					<xCoord>170</xCoord>
					<yCoord>202</yCoord>
					</edgeMap>
					<edgeMap>
					<xCoord>171</xCoord>
					<yCoord>201</yCoord>
					</edgeMap>
					<edgeMap>
					<xCoord>171</xCoord>
					<yCoord>200</yCoord>
					</edgeMap>
					<edgeMap>
					<xCoord>171</xCoord>
					<yCoord>199</yCoord>
					</edgeMap>
					<edgeMap>
					<xCoord>171</xCoord>
					<yCoord>198</yCoord>
					</edgeMap>
					<edgeMap>
					<xCoord>172</xCoord>
					<yCoord>197</yCoord>
					</edgeMap>
					<edgeMap>
					<xCoord>173</xCoord>
					<yCoord>197</yCoord>
					</edgeMap>
					<edgeMap>
					<xCoord>173</xCoord>
					<yCoord>198</yCoord>
					</edgeMap>
					<edgeMap>
					<xCoord>174</xCoord>
					<yCoord>199</yCoord>
					</edgeMap>
					<edgeMap>
					<xCoord>174</xCoord>
					<yCoord>200</yCoord>
					</edgeMap>
					<edgeMap>
					<xCoord>175</xCoord>
					<yCoord>201</yCoord>
					</edgeMap>
					<edgeMap>
					<xCoord>176</xCoord>
					<yCoord>201</yCoord>
					</edgeMap>
					<edgeMap>
					<xCoord>176</xCoord>
					<yCoord>202</yCoord>
					</edgeMap>
					<edgeMap>
					<xCoord>177</xCoord>
					<yCoord>203</yCoord>
					</edgeMap>
					<edgeMap>
					<xCoord>178</xCoord>
					<yCoord>204</yCoord>
					</edgeMap>
					<edgeMap>
					<xCoord>178</xCoord>
					<yCoord>205</yCoord>
					</edgeMap>
					<edgeMap>
					<xCoord>179</xCoord>
					<yCoord>206</yCoord>
					</edgeMap>
					<edgeMap>
					<xCoord>179</xCoord>
					<yCoord>207</yCoord>
					</edgeMap>
					<edgeMap>
					<xCoord>179</xCoord>
					<yCoord>208</yCoord>
					</edgeMap>
					<edgeMap>
					<xCoord>179</xCoord>
					<yCoord>209</yCoord>
					</edgeMap>
					<edgeMap>
					<xCoord>178</xCoord>
					<yCoord>210</yCoord>
					</edgeMap>
					<edgeMap>
					<xCoord>178</xCoord>
					<yCoord>211</yCoord>
					</edgeMap>
					<edgeMap>
					<xCoord>178</xCoord>
					<yCoord>212</yCoord>
					</edgeMap>
					<edgeMap>
					<xCoord>177</xCoord>
					<yCoord>213</yCoord>
					</edgeMap>
					<edgeMap>
					<xCoord>176</xCoord>
					<yCoord>214</yCoord>
					</edgeMap>
					<edgeMap>
					<xCoord>175</xCoord>
					<yCoord>214</yCoord>
					</edgeMap>
					<edgeMap>
					<xCoord>174</xCoord>
					<yCoord>214</yCoord>
					</edgeMap>
					<edgeMap>
					<xCoord>173</xCoord>
					<yCoord>214</yCoord>
					</edgeMap>
					<edgeMap>
					<xCoord>172</xCoord>
					<yCoord>214</yCoord>
					</edgeMap>
					<edgeMap>
					<xCoord>171</xCoord>
					<yCoord>214</yCoord>
					</edgeMap>
				</roi>
				<roi>
					<imageZposition>-235.25</imageZposition>
					<imageSOP_UID>1.3.6.1.4.1.14519.5.2.1.6279.6001.119369532636618350028684373462</imageSOP_UID>
					<inclusion>TRUE</inclusion>
					<edgeMap>
					<xCoord>167</xCoord>
					<yCoord>215</yCoord>
					</edgeMap>
					<edgeMap>
					<xCoord>167</xCoord>
					<yCoord>214</yCoord>
					</edgeMap>
					<edgeMap>
					<xCoord>167</xCoord>
					<yCoord>213</yCoord>
					</edgeMap>
					<edgeMap>
					<xCoord>167</xCoord>
					<yCoord>212</yCoord>
					</edgeMap>
					<edgeMap>
					<xCoord>167</xCoord>
					<yCoord>211</yCoord>
					</edgeMap>
					<edgeMap>
					<xCoord>167</xCoord>
					<yCoord>210</yCoord>
					</edgeMap>
					<edgeMap>
					<xCoord>167</xCoord>
					<yCoord>209</yCoord>
					</edgeMap>
					<edgeMap>
					<xCoord>168</xCoord>
					<yCoord>208</yCoord>
					</edgeMap>
					<edgeMap>
					<xCoord>168</xCoord>
					<yCoord>207</yCoord>
					</edgeMap>
					<edgeMap>
					<xCoord>168</xCoord>
					<yCoord>206</yCoord>
					</edgeMap>
					<edgeMap>
					<xCoord>168</xCoord>
					<yCoord>205</yCoord>
					</edgeMap>
					<edgeMap>
					<xCoord>169</xCoord>
					<yCoord>204</yCoord>
					</edgeMap>
					<edgeMap>
					<xCoord>170</xCoord>
					<yCoord>203</yCoord>
					</edgeMap>
					<edgeMap>
					<xCoord>171</xCoord>
					<yCoord>202</yCoord>
					</edgeMap>
					<edgeMap>
					<xCoord>172</xCoord>
					<yCoord>201</yCoord>
					</edgeMap>
					<edgeMap>
					<xCoord>173</xCoord>
					<yCoord>200</yCoord>
					</edgeMap>
					<edgeMap>
					<xCoord>174</xCoord>
					<yCoord>200</yCoord>
					</edgeMap>
					<edgeMap>
					<xCoord>175</xCoord>
					<yCoord>200</yCoord>
					</edgeMap>
					<edgeMap>
					<xCoord>176</xCoord>
					<yCoord>200</yCoord>
					</edgeMap>
					<edgeMap>
					<xCoord>177</xCoord>
					<yCoord>200</yCoord>
					</edgeMap>
					<edgeMap>
					<xCoord>178</xCoord>
					<yCoord>201</yCoord>
					</edgeMap>
					<edgeMap>
					<xCoord>179</xCoord>
					<yCoord>201</yCoord>
					</edgeMap>
					<edgeMap>
					<xCoord>179</xCoord>
					<yCoord>202</yCoord>
					</edgeMap>
					<edgeMap>
					<xCoord>180</xCoord>
					<yCoord>203</yCoord>
					</edgeMap>
					<edgeMap>
					<xCoord>180</xCoord>
					<yCoord>204</yCoord>
					</edgeMap>
					<edgeMap>
					<xCoord>181</xCoord>
					<yCoord>205</yCoord>
					</edgeMap>
					<edgeMap>
					<xCoord>182</xCoord>
					<yCoord>205</yCoord>
					</edgeMap>
					<edgeMap>
					<xCoord>182</xCoord>
					<yCoord>206</yCoord>
					</edgeMap>
					<edgeMap>
					<xCoord>183</xCoord>
					<yCoord>206</yCoord>
					</edgeMap>
					<edgeMap>
					<xCoord>182</xCoord>
					<yCoord>207</yCoord>
					</edgeMap>
					<edgeMap>
					<xCoord>182</xCoord>
					<yCoord>208</yCoord>
					</edgeMap>
					<edgeMap>
					<xCoord>181</xCoord>
					<yCoord>208</yCoord>
					</edgeMap>
					<edgeMap>
					<xCoord>180</xCoord>
					<yCoord>209</yCoord>
					</edgeMap>
					<edgeMap>
					<xCoord>180</xCoord>
					<yCoord>210</yCoord>
					</edgeMap>
					<edgeMap>
					<xCoord>179</xCoord>
					<yCoord>210</yCoord>
					</edgeMap>
					<edgeMap>
					<xCoord>179</xCoord>
					<yCoord>211</yCoord>
					</edgeMap>
					<edgeMap>
					<xCoord>179</xCoord>
					<yCoord>212</yCoord>
					</edgeMap>
					<edgeMap>
					<xCoord>179</xCoord>
					<yCoord>213</yCoord>
					</edgeMap>
					<edgeMap>
					<xCoord>179</xCoord>
					<yCoord>214</yCoord>
					</edgeMap>
					<edgeMap>
					<xCoord>179</xCoord>
					<yCoord>215</yCoord>
					</edgeMap>
					<edgeMap>
					<xCoord>179</xCoord>
					<yCoord>216</yCoord>
					</edgeMap>
					<edgeMap>
					<xCoord>178</xCoord>
					<yCoord>217</yCoord>
					</edgeMap>
					<edgeMap>
					<xCoord>177</xCoord>
					<yCoord>217</yCoord>
					</edgeMap>
					<edgeMap>
					<xCoord>176</xCoord>
					<yCoord>217</yCoord>
					</edgeMap>
					<edgeMap>
					<xCoord>175</xCoord>
					<yCoord>218</yCoord>
					</edgeMap>
					<edgeMap>
					<xCoord>174</xCoord>
					<yCoord>218</yCoord>
					</edgeMap>
					<edgeMap>
					<xCoord>173</xCoord>
					<yCoord>218</yCoord>
					</edgeMap>
					<edgeMap>
					<xCoord>172</xCoord>
					<yCoord>219</yCoord>
					</edgeMap>
					<edgeMap>
					<xCoord>171</xCoord>
					<yCoord>219</yCoord>
					</edgeMap>
					<edgeMap>
					<xCoord>170</xCoord>
					<yCoord>219</yCoord>
					</edgeMap>
					<edgeMap>
					<xCoord>169</xCoord>
					<yCoord>220</yCoord>
					</edgeMap>
					<edgeMap>
					<xCoord>169</xCoord>
					<yCoord>219</yCoord>
					</edgeMap>
					<edgeMap>
					<xCoord>168</xCoord>
					<yCoord>218</yCoord>
					</edgeMap>
					<edgeMap>
					<xCoord>168</xCoord>
					<yCoord>217</yCoord>
					</edgeMap>
					<edgeMap>
					<xCoord>168</xCoord>
					<yCoord>216</yCoord>
					</edgeMap>
					<edgeMap>
					<xCoord>167</xCoord>
					<yCoord>215</yCoord>
					</edgeMap>
				</roi>
				<roi>
					<imageZposition>-237.75</imageZposition>
					<imageSOP_UID>1.3.6.1.4.1.14519.5.2.1.6279.6001.795465120472290904423715600593</imageSOP_UID>
					<inclusion>TRUE</inclusion>
					<edgeMap>
					<xCoord>177</xCoord>
					<yCoord>216</yCoord>
					</edgeMap>
					<edgeMap>
					<xCoord>176</xCoord>
					<yCoord>217</yCoord>
					</edgeMap>
					<edgeMap>
					<xCoord>175</xCoord>
					<yCoord>217</yCoord>
					</edgeMap>
					<edgeMap>
					<xCoord>174</xCoord>
					<yCoord>218</yCoord>
					</edgeMap>
					<edgeMap>
					<xCoord>173</xCoord>
					<yCoord>219</yCoord>
					</edgeMap>
					<edgeMap>
					<xCoord>172</xCoord>
					<yCoord>220</yCoord>
					</edgeMap>
					<edgeMap>
					<xCoord>171</xCoord>
					<yCoord>220</yCoord>
					</edgeMap>
					<edgeMap>
					<xCoord>170</xCoord>
					<yCoord>220</yCoord>
					</edgeMap>
					<edgeMap>
					<xCoord>169</xCoord>
					<yCoord>220</yCoord>
					</edgeMap>
					<edgeMap>
					<xCoord>168</xCoord>
					<yCoord>219</yCoord>
					</edgeMap>
					<edgeMap>
					<xCoord>167</xCoord>
					<yCoord>218</yCoord>
					</edgeMap>
					<edgeMap>
					<xCoord>167</xCoord>
					<yCoord>217</yCoord>
					</edgeMap>
					<edgeMap>
					<xCoord>167</xCoord>
					<yCoord>216</yCoord>
					</edgeMap>
					<edgeMap>
					<xCoord>167</xCoord>
					<yCoord>215</yCoord>
					</edgeMap>
					<edgeMap>
					<xCoord>167</xCoord>
					<yCoord>214</yCoord>
					</edgeMap>
					<edgeMap>
					<xCoord>167</xCoord>
					<yCoord>213</yCoord>
					</edgeMap>
					<edgeMap>
					<xCoord>167</xCoord>
					<yCoord>212</yCoord>
					</edgeMap>
					<edgeMap>
					<xCoord>167</xCoord>
					<yCoord>211</yCoord>
					</edgeMap>
					<edgeMap>
					<xCoord>167</xCoord>
					<yCoord>210</yCoord>
					</edgeMap>
					<edgeMap>
					<xCoord>167</xCoord>
					<yCoord>209</yCoord>
					</edgeMap>
					<edgeMap>
					<xCoord>167</xCoord>
					<yCoord>208</yCoord>
					</edgeMap>
					<edgeMap>
					<xCoord>167</xCoord>
					<yCoord>207</yCoord>
					</edgeMap>
					<edgeMap>
					<xCoord>167</xCoord>
					<yCoord>206</yCoord>
					</edgeMap>
					<edgeMap>
					<xCoord>167</xCoord>
					<yCoord>205</yCoord>
					</edgeMap>
					<edgeMap>
					<xCoord>167</xCoord>
					<yCoord>204</yCoord>
					</edgeMap>
					<edgeMap>
					<xCoord>168</xCoord>
					<yCoord>204</yCoord>
					</edgeMap>
					<edgeMap>
					<xCoord>169</xCoord>
					<yCoord>205</yCoord>
					</edgeMap>
					<edgeMap>
					<xCoord>170</xCoord>
					<yCoord>205</yCoord>
					</edgeMap>
					<edgeMap>
					<xCoord>171</xCoord>
					<yCoord>206</yCoord>
					</edgeMap>
					<edgeMap>
					<xCoord>172</xCoord>
					<yCoord>205</yCoord>
					</edgeMap>
					<edgeMap>
					<xCoord>173</xCoord>
					<yCoord>204</yCoord>
					</edgeMap>
					<edgeMap>
					<xCoord>173</xCoord>
					<yCoord>203</yCoord>
					</edgeMap>
					<edgeMap>
					<xCoord>174</xCoord>
					<yCoord>202</yCoord>
					</edgeMap>
					<edgeMap>
					<xCoord>175</xCoord>
					<yCoord>202</yCoord>
					</edgeMap>
					<edgeMap>
					<xCoord>176</xCoord>
					<yCoord>201</yCoord>
					</edgeMap>
					<edgeMap>
					<xCoord>177</xCoord>
					<yCoord>202</yCoord>
					</edgeMap>
					<edgeMap>
					<xCoord>178</xCoord>
					<yCoord>203</yCoord>
					</edgeMap>
					<edgeMap>
					<xCoord>179</xCoord>
					<yCoord>203</yCoord>
					</edgeMap>
					<edgeMap>
					<xCoord>180</xCoord>
					<yCoord>204</yCoord>
					</edgeMap>
					<edgeMap>
					<xCoord>181</xCoord>
					<yCoord>204</yCoord>
					</edgeMap>
					<edgeMap>
					<xCoord>182</xCoord>
					<yCoord>204</yCoord>
					</edgeMap>
					<edgeMap>
					<xCoord>183</xCoord>
					<yCoord>204</yCoord>
					</edgeMap>
					<edgeMap>
					<xCoord>184</xCoord>
					<yCoord>204</yCoord>
					</edgeMap>
					<edgeMap>
					<xCoord>185</xCoord>
					<yCoord>204</yCoord>
					</edgeMap>
					<edgeMap>
					<xCoord>186</xCoord>
					<yCoord>205</yCoord>
					</edgeMap>
					<edgeMap>
					<xCoord>187</xCoord>
					<yCoord>205</yCoord>
					</edgeMap>
					<edgeMap>
					<xCoord>187</xCoord>
					<yCoord>206</yCoord>
					</edgeMap>
					<edgeMap>
					<xCoord>186</xCoord>
					<yCoord>207</yCoord>
					</edgeMap>
					<edgeMap>
					<xCoord>186</xCoord>
					<yCoord>208</yCoord>
					</edgeMap>
					<edgeMap>
					<xCoord>185</xCoord>
					<yCoord>209</yCoord>
					</edgeMap>
					<edgeMap>
					<xCoord>185</xCoord>
					<yCoord>210</yCoord>
					</edgeMap>
					<edgeMap>
					<xCoord>184</xCoord>
					<yCoord>211</yCoord>
					</edgeMap>
					<edgeMap>
					<xCoord>184</xCoord>
					<yCoord>212</yCoord>
					</edgeMap>
					<edgeMap>
					<xCoord>183</xCoord>
					<yCoord>213</yCoord>
					</edgeMap>
					<edgeMap>
					<xCoord>183</xCoord>
					<yCoord>214</yCoord>
					</edgeMap>
					<edgeMap>
					<xCoord>182</xCoord>
					<yCoord>214</yCoord>
					</edgeMap>
					<edgeMap>
					<xCoord>181</xCoord>
					<yCoord>215</yCoord>
					</edgeMap>
					<edgeMap>
					<xCoord>180</xCoord>
					<yCoord>215</yCoord>
					</edgeMap>
					<edgeMap>
					<xCoord>179</xCoord>
					<yCoord>215</yCoord>
					</edgeMap>
					<edgeMap>
					<xCoord>178</xCoord>
					<yCoord>215</yCoord>
					</edgeMap>
					<edgeMap>
					<xCoord>177</xCoord>
					<yCoord>216</yCoord>
					</edgeMap>
				</roi>
			</unblindedReadNodule>
			<unblindedReadNodule>
				<noduleID>2</noduleID>
				<roi>
					<imageZposition>-240.25</imageZposition>
					<imageSOP_UID>1.3.6.1.4.1.14519.5.2.1.6279.6001.113789312830290078564328654348</imageSOP_UID>
					<inclusion>TRUE</inclusion>
					<edgeMap>
					<xCoord>98</xCoord>
					<yCoord>214</yCoord>
					</edgeMap>
				</roi>
			</unblindedReadNodule>
			<unblindedReadNodule>
				<noduleID>5</noduleID>
				<roi>
					<imageZposition>-72.75</imageZposition>
					<imageSOP_UID>1.3.6.1.4.1.14519.5.2.1.6279.6001.917826346134775740301438919940</imageSOP_UID>
					<inclusion>TRUE</inclusion>
					<edgeMap>
					<xCoord>138</xCoord>
					<yCoord>294</yCoord>
					</edgeMap>
				</roi>
			</unblindedReadNodule>
			<nonNodule>
				<nonNoduleID>3</nonNoduleID>
				<imageZposition>-50.25</imageZposition>
				<imageSOP_UID>1.3.6.1.4.1.14519.5.2.1.6279.6001.248754630070706040634659764110</imageSOP_UID>
				<locus>
					<xCoord>175</xCoord>
					<yCoord>325</yCoord>
				</locus>
			</nonNodule>
			<nonNodule>
				<nonNoduleID>4</nonNoduleID>
				<imageZposition>-245.25</imageZposition>
				<imageSOP_UID>1.3.6.1.4.1.14519.5.2.1.6279.6001.163999025019520518668661179139</imageSOP_UID>
				<locus>
					<xCoord>219</xCoord>
					<yCoord>320</yCoord>
				</locus>
			</nonNodule>
	</readingSession>
  <readingSession>
    <annotationVersion>3.12</annotationVersion>
    <servicingRadiologistID>anon</servicingRadiologistID>
    <unblindedReadNodule>
      <noduleID>Nodule 001</noduleID>
      <roi>
        <imageZposition>-200.250</imageZposition>
        <imageSOP_UID>1.3.6.1.4.1.14519.5.2.1.6279.6001.759925236289140528712889997282</imageSOP_UID>
        <inclusion>TRUE</inclusion>
        <edgeMap>
          <xCoord>194</xCoord>
          <yCoord>393</yCoord>
        </edgeMap>
      </roi>
    </unblindedReadNodule>
    <unblindedReadNodule>
      <noduleID>Nodule 002</noduleID>
      <roi>
        <imageZposition>-72.750 </imageZposition>
        <imageSOP_UID>1.3.6.1.4.1.14519.5.2.1.6279.6001.917826346134775740301438919940</imageSOP_UID>
        <inclusion>TRUE</inclusion>
        <edgeMap>
          <xCoord>137</xCoord>
          <yCoord>294</yCoord>
        </edgeMap>
      </roi>
    </unblindedReadNodule>
    <unblindedReadNodule>
      <noduleID>Nodule 003</noduleID>
      <roi>
        <imageZposition>-207.750</imageZposition>
        <imageSOP_UID>1.3.6.1.4.1.14519.5.2.1.6279.6001.259100927835329335402238169826</imageSOP_UID>
        <inclusion>TRUE</inclusion>
        <edgeMap>
          <xCoord>167</xCoord>
          <yCoord>271</yCoord>
        </edgeMap>
      </roi>
    </unblindedReadNodule>
    <nonNodule>
      <nonNoduleID>_Non-nodule 001</nonNoduleID>
      <imageZposition>-257.750</imageZposition>
      <imageSOP_UID>1.3.6.1.4.1.14519.5.2.1.6279.6001.307980616744264352218013004420</imageSOP_UID>
      <locus>
        <xCoord>215</xCoord>
        <yCoord>312</yCoord>
      </locus>
    </nonNodule>
    <nonNodule>
      <nonNoduleID>_Non-nodule 002</nonNoduleID>
      <imageZposition>-47.750 </imageZposition>
      <imageSOP_UID>1.3.6.1.4.1.14519.5.2.1.6279.6001.147096083533535127621516306831</imageSOP_UID>
      <locus>
        <xCoord>324</xCoord>
        <yCoord>283</yCoord>
      </locus>
    </nonNodule>
    <nonNodule>
      <nonNoduleID>_Non-nodule 003</nonNoduleID>
      <imageZposition>-45.250 </imageZposition>
      <imageSOP_UID>1.3.6.1.4.1.14519.5.2.1.6279.6001.159652741426540736852000880205</imageSOP_UID>
      <locus>
        <xCoord>176</xCoord>
        <yCoord>314</yCoord>
      </locus>
    </nonNodule>
    <nonNodule>
      <nonNoduleID>_Non-nodule 004</nonNoduleID>
      <imageZposition>-235.250</imageZposition>
      <imageSOP_UID>1.3.6.1.4.1.14519.5.2.1.6279.6001.119369532636618350028684373462</imageSOP_UID>
      <locus>
        <xCoord>174</xCoord>
        <yCoord>210</yCoord>
      </locus>
    </nonNodule>
  </readingSession>
  <readingSession>
    <annotationVersion>3.12</annotationVersion>
    <servicingRadiologistID>anon</servicingRadiologistID>
    <unblindedReadNodule>
      <noduleID>172608</noduleID>
      <roi>
        <imageZposition>-72.75</imageZposition>
        <imageSOP_UID>1.3.6.1.4.1.14519.5.2.1.6279.6001.917826346134775740301438919940</imageSOP_UID>
        <inclusion>TRUE</inclusion>
        <edgeMap>
          <xCoord>138</xCoord>
          <yCoord>295</yCoord>
        </edgeMap>
      </roi>
    </unblindedReadNodule>
    <unblindedReadNodule>
      <noduleID>172603</noduleID>
      <roi>
        <imageZposition>-200.25</imageZposition>
        <imageSOP_UID>1.3.6.1.4.1.14519.5.2.1.6279.6001.759925236289140528712889997282</imageSOP_UID>
        <inclusion>TRUE</inclusion>
        <edgeMap>
          <xCoord>194</xCoord>
          <yCoord>393</yCoord>
        </edgeMap>
      </roi>
    </unblindedReadNodule>
    <unblindedReadNodule>
      <noduleID>172605</noduleID>
      <roi>
        <imageZposition>-240.25</imageZposition>
        <imageSOP_UID>1.3.6.1.4.1.14519.5.2.1.6279.6001.113789312830290078564328654348</imageSOP_UID>
        <inclusion>TRUE</inclusion>
        <edgeMap>
          <xCoord>98</xCoord>
          <yCoord>214</yCoord>
        </edgeMap>
      </roi>
    </unblindedReadNodule>
    <nonNodule>
      <nonNoduleID>172609</nonNoduleID>
      <imageZposition>-37.75</imageZposition>
      <imageSOP_UID>1.3.6.1.4.1.14519.5.2.1.6279.6001.101467003443901915715532183444</imageSOP_UID>
      <locus>
        <xCoord>219</xCoord>
        <yCoord>294</yCoord>
      </locus>
    </nonNodule>
    <nonNodule>
      <nonNoduleID>172610</nonNoduleID>
      <imageZposition>-207.75</imageZposition>
      <imageSOP_UID>1.3.6.1.4.1.14519.5.2.1.6279.6001.259100927835329335402238169826</imageSOP_UID>
      <locus>
        <xCoord>167</xCoord>
        <yCoord>273</yCoord>
      </locus>
    </nonNodule>
    <nonNodule>
      <nonNoduleID>172600</nonNoduleID>
      <imageZposition>-235.25</imageZposition>
      <imageSOP_UID>1.3.6.1.4.1.14519.5.2.1.6279.6001.119369532636618350028684373462</imageSOP_UID>
      <locus>
        <xCoord>175</xCoord>
        <yCoord>209</yCoord>
      </locus>
    </nonNodule>
    <nonNodule>
      <nonNoduleID>172611</nonNoduleID>
      <imageZposition>-267.75</imageZposition>
      <imageSOP_UID>1.3.6.1.4.1.14519.5.2.1.6279.6001.209494683455345301663469427224</imageSOP_UID>
      <locus>
        <xCoord>199</xCoord>
        <yCoord>381</yCoord>
      </locus>
    </nonNodule>
    <nonNodule>
      <nonNoduleID>172612</nonNoduleID>
      <imageZposition>-215.25</imageZposition>
      <imageSOP_UID>1.3.6.1.4.1.14519.5.2.1.6279.6001.125713796029322427162175191557</imageSOP_UID>
      <locus>
        <xCoord>224</xCoord>
        <yCoord>322</yCoord>
      </locus>
    </nonNodule>
  </readingSession>
</LidcReadMessage>