<?xml version="1.0" encoding="UTF-8"?>
<LidcReadMessage uid="1.3.6.1.4.1.14519.5.2.1.6279.6001.1307390644300.0" xmlns="http://www.nih.gov" xmlns:xsi="http://www.w3.org/2001/XMLSchema-instance" xsi:schemaLocation="http://www.nih.gov       http://troll.rad.med.umich.edu/lidc/LidcReadMessage.xsd">
  <ResponseHeader>
    <Version>1.8</Version>
    <MessageId>UM1.3.6.1.4.1.9328.50.12.450572</MessageId>
    <DateRequest>2008-12-10</DateRequest>
    <TimeRequest>00:00:00</TimeRequest>
    <RequestingSite>removed</RequestingSite>
    <ServicingSite>removed</ServicingSite>
    <TaskDescription>Second unblinded read</TaskDescription>
    <CtImageFile>removed</CtImageFile>
    <SeriesInstanceUid>1.3.6.1.4.1.14519.5.2.1.6279.6001.174168737938619557573021395302</SeriesInstanceUid>
    <DateService>2008-12-10</DateService>
    <TimeService>00:00:00</TimeService>
    <ResponseDescription>1 - Reading complete</ResponseDescription>
  <StudyInstanceUID>1.3.6.1.4.1.14519.5.2.1.6279.6001.202972199430488069905719748096</StudyInstanceUID></ResponseHeader>
	<readingSession>
		<annotationVersion>3.12</annotationVersion>
		<servicingRadiologistID>anon</servicingRadiologistID>
			<unblindedReadNodule>
				<noduleID>0</noduleID>
				<roi>
					<imageZposition>-270.0</imageZposition>
					<imageSOP_UID>1.3.6.1.4.1.14519.5.2.1.6279.6001.160218868940279075633633019937</imageSOP_UID>
					<inclusion>TRUE</inclusion>
					<edgeMap>
					<xCoord>369</xCoord>
					<yCoord>353</yCoord>
					</edgeMap>
				</roi>
			</unblindedReadNodule>
			<nonNodule>
				<nonNoduleID>1</nonNoduleID>
				<imageZposition>-165.0</imageZposition>
				<imageSOP_UID>1.3.6.1.4.1.14519.5.2.1.6279.6001.144797230625928524287004951047</imageSOP_UID>
				<locus>
					<xCoord>240</xCoord>
					<yCoord>182</yCoord>
				</locus>
			</nonNodule>
	</readingSession>
<readingSession>
<annotationVersion>3.12</annotationVersion>
<servicingRadiologistID>anon</servicingRadiologistID>
<unblindedReadNodule>
<noduleID>163189</noduleID>
<characteristics>
<subtlety>4</subtlety>
<internalStructure>1</internalStructure>
<calcification>3</calcification>
<sphericity>2</sphericity>
<margin>5</margin>
<lobulation>2</lobulation>
<spiculation>1</spiculation>
<texture>5</texture>
<malignancy>1</malignancy>
</characteristics>
<roi>
<imageZposition>-267.5</imageZposition>
<imageSOP_UID>1.3.6.1.4.1.14519.5.2.1.6279.6001.297323111522979388827855135907</imageSOP_UID>
<inclusion>TRUE</inclusion>
<edgeMap>
<xCoord>368</xCoord>
<yCoord>355</yCoord>
</edgeMap>
<edgeMap>
<xCoord>369</xCoord>
<yCoord>354</yCoord>
</edgeMap>
<edgeMap>
<xCoord>370</xCoord>
<yCoord>353</yCoord>
</edgeMap>
<edgeMap>
<xCoord>371</xCoord>
<yCoord>352</yCoord>
</edgeMap>
<edgeMap>
<xCoord>371</xCoord>
<yCoord>351</yCoord>
</edgeMap>
<edgeMap>
<xCoord>370</xCoord>
<yCoord>350</yCoord>
</edgeMap>
<edgeMap>
<xCoord>369</xCoord>
<yCoord>349</yCoord>
</edgeMap>
<edgeMap>
<xCoord>368</xCoord>
<yCoord>349</yCoord>
</edgeMap>
<edgeMap>
<xCoord>367</xCoord>
<yCoord>350</yCoord>
</edgeMap>
<edgeMap>
<xCoord>366</xCoord>
<yCoord>351</yCoord>
</edgeMap>
<edgeMap>
<xCoord>365</xCoord>
<yCoord>352</yCoord>
</edgeMap>
<edgeMap>
<xCoord>366</xCoord>
<yCoord>353</yCoord>
</edgeMap>
<edgeMap>
<xCoord>367</xCoord>
<yCoord>354</yCoord>
</edgeMap>
<edgeMap>
<xCoord>368</xCoord>
<yCoord>355</yCoord>
</edgeMap>
</roi>
<roi>
<imageZposition>-270.0</imageZposition>
<imageSOP_UID>1.3.6.1.4.1.14519.5.2.1.6279.6001.160218868940279075633633019937</imageSOP_UID>
<inclusion>TRUE</inclusion>
<edgeMap>
<xCoord>371</xCoord>
<yCoord>355</yCoord>
</edgeMap>
<edgeMap>
<xCoord>372</xCoord>
<yCoord>354</yCoord>
</edgeMap>
<edgeMap>
<xCoord>372</xCoord>
<yCoord>353</yCoord>
</edgeMap>
<edgeMap>
<xCoord>372</xCoord>
<yCoord>352</yCoord>
</edgeMap>
<edgeMap>
<xCoord>372</xCoord>
<yCoord>351</yCoord>
</edgeMap>
<edgeMap>
<xCoord>371</xCoord>
<yCoord>350</yCoord>
</edgeMap>
<edgeMap>
<xCoord>370</xCoord>
<yCoord>350</yCoord>
</edgeMap>
<edgeMap>
<xCoord>369</xCoord>
<yCoord>349</yCoord>
</edgeMap>
<edgeMap>
<xCoord>368</xCoord>
<yCoord>349</yCoord>
</edgeMap>
<edgeMap>
<xCoord>367</xCoord>
<yCoord>350</yCoord>
</edgeMap>
<edgeMap>
<xCoord>366</xCoord>
<yCoord>350</yCoord>
</edgeMap>
<edgeMap>
<xCoord>365</xCoord>
<yCoord>351</yCoord>
</edgeMap>
<edgeMap>
<xCoord>364</xCoord>
<yCoord>352</yCoord>
</edgeMap>
<edgeMap>
<xCoord>364</xCoord>
<yCoord>353</yCoord>
</edgeMap>
<edgeMap>
<xCoord>365</xCoord>
<yCoord>354</yCoord>
</edgeMap>
<edgeMap>
<xCoord>366</xCoord>
<yCoord>353</yCoord>
</edgeMap>
<edgeMap>
<xCoord>367</xCoord>
<yCoord>354</yCoord>
</edgeMap>
<edgeMap>
<xCoord>368</xCoord>
<yCoord>355</yCoord>
</edgeMap>
<edgeMap>
<xCoord>369</xCoord>
<yCoord>355</yCoord>
</edgeMap>
<edgeMap>
<xCoord>370</xCoord>
<yCoord>355</yCoord>
</edgeMap>
<edgeMap>
<xCoord>371</xCoord>
<yCoord>355</yCoord>
</edgeMap>
</roi>
</unblindedReadNodule>
<nonNodule>
<nonNoduleID>163192</nonNoduleID>
<imageZposition>-152.5</imageZposition>
<imageSOP_UID>1.3.6.1.4.1.14519.5.2.1.6279.6001.790290734770025341318644576320</imageSOP_UID>
<locus>
<xCoord>247</xCoord>
<yCoord>188</yCoord>
</locus>
</nonNodule>
<nonNodule>
<nonNoduleID>163191</nonNoduleID>
<imageZposition>-165.0</imageZposition>
<imageSOP_UID>1.3.6.1.4.1.14519.5.2.1.6279.6001.144797230625928524287004951047</imageSOP_UID>
<locus>
<xCoord>240</xCoord>
<yCoord>182</yCoord>
</locus>
</nonNodule>
</readingSession>
  <readingSession>
    <annotationVersion>3.12</annotationVersion>
    <servicingRadiologistID>anon</servicingRadiologistID>
    <unblindedReadNodule>
      <noduleID>161965</noduleID>
      <characteristics>
        <subtlety>2</subtlety>
        <internalStructure>1</internalStructure>
        <calcification>3</calcification>
        <sphericity>3</sphericity>
        <margin>5</margin>
        <lobulation>1</lobulation>
        <spiculation>1</spiculation>
        <texture>5</texture>
        <malignancy>1</malignancy>
      </characteristics>
      <roi>
        <imageZposition>-267.5</imageZposition>
        <imageSOP_UID>1.3.6.1.4.1.14519.5.2.1.6279.6001.297323111522979388827855135907</imageSOP_UID>
        <inclusion>TRUE</inclusion>
        <edgeMap>
          <xCoord>370</xCoord>
          <yCoord>354</yCoord>
        </edgeMap>
        <edgeMap>
          <xCoord>371</xCoord>
          <yCoord>353</yCoord>
        </edgeMap>
        <edgeMap>
          <xCoord>371</xCoord>
          <yCoord>352</yCoord>
        </edgeMap>
        <edgeMap>
          <xCoord>371</xCoord>
          <yCoord>351</yCoord>
        </edgeMap>
        <edgeMap>
          <xCoord>370</xCoord>
          <yCoord>350</yCoord>
        </edgeMap>
        <edgeMap>
          <xCoord>369</xCoord>
          <yCoord>350</yCoord>
        </edgeMap>
        <edgeMap>
          <xCoord>368</xCoord>
          <yCoord>350</yCoord>
        </edgeMap>
        <edgeMap>
          <xCoord>367</xCoord>
          <yCoord>351</yCoord>
        </edgeMap>
        <edgeMap>
          <xCoord>367</xCoord>
          <yCoord>352</yCoord>
        </edgeMap>
        <edgeMap>
          <xCoord>367</xCoord>
          <yCoord>353</yCoord>
        </edgeMap>
        <edgeMap>
          <xCoord>368</xCoord>
          <yCoord>354</yCoord>
        </edgeMap>
        <edgeMap>
          <xCoord>369</xCoord>
          <yCoord>354</yCoord>
        </edgeMap>
        <edgeMap>
          <xCoord>370</xCoord>
          <yCoord>354</yCoord>
        </edgeMap>
      </roi>
      <roi>
        <imageZposition>-270.0</imageZposition>
        <imageSOP_UID>1.3.6.1.4.1.14519.5.2.1.6279.6001.160218868940279075633633019937</imageSOP_UID>
        <inclusion>TRUE</inclusion>
        <edgeMap>
          <xCoord>370</xCoord>
          <yCoord>356</yCoord>
        </edgeMap>
        <edgeMap>
          <xCoord>371</xCoord>
          <yCoord>355</yCoord>
        </edgeMap>
        <edgeMap>
          <xCoord>372</xCoord>
          <yCoord>354</yCoord>
        </edgeMap>
        <edgeMap>
          <xCoord>372</xCoord>
          <yCoord>353</yCoord>
        </edgeMap>
        <edgeMap>
          <xCoord>372</xCoord>
          <yCoord>352</yCoord>
        </edgeMap>
        <edgeMap>
          <xCoord>372</xCoord>
          <yCoord>351</yCoord>
        </edgeMap>
        <edgeMap>
          <xCoord>371</xCoord>
          <yCoord>350</yCoord>
        </edgeMap>
        <edgeMap>
          <xCoord>370</xCoord>
          <yCoord>349</yCoord>
        </edgeMap>
        <edgeMap>
          <xCoord>369</xCoord>
          <yCoord>348</yCoord>
        </edgeMap>
        <edgeMap>
          <xCoord>368</xCoord>
          <yCoord>349</yCoord>
        </edgeMap>
        <edgeMap>
          <xCoord>367</xCoord>
          <yCoord>349</yCoord>
        </edgeMap>
        <edgeMap>
          <xCoord>366</xCoord>
          <yCoord>349</yCoord>
        </edgeMap>
        <edgeMap>
          <xCoord>365</xCoord>
          <yCoord>350</yCoord>
        </edgeMap>
        <edgeMap>
          <xCoord>364</xCoord>
          <yCoord>351</yCoord>
        </edgeMap>
        <edgeMap>
          <xCoord>364</xCoord>
          <yCoord>352</yCoord>
        </edgeMap>
        <edgeMap>
          <xCoord>365</xCoord>
          <yCoord>353</yCoord>
        </edgeMap>
        <edgeMap>
          <xCoord>366</xCoord>
          <yCoord>354</yCoord>
        </edgeMap>
        <edgeMap>
          <xCoord>367</xCoord>
          <yCoord>355</yCoord>
        </edgeMap>
        <edgeMap>
          <xCoord>368</xCoord>
          <yCoord>356</yCoord>
        </edgeMap>
        <edgeMap>
          <xCoord>369</xCoord>
          <yCoord>356</yCoord>
        </edgeMap>
        <edgeMap>
          <xCoord>370</xCoord>
          <yCoord>356</yCoord>
        </edgeMap>
      </roi>
    </unblindedReadNodule>
    <nonNodule>
      <nonNoduleID>161963</nonNoduleID>
      <imageZposition>-165.0</imageZposition>
      <imageSOP_UID>1.3.6.1.4.1.14519.5.2.1.6279.6001.144797230625928524287004951047</imageSOP_UID>
      <locus>
        <xCoord>240</xCoord>
        <yCoord>182</yCoord>
      </locus>
    </nonNodule>
  </readingSession>
  <readingSession>
    <annotationVersion>3.12</annotationVersion>
    <servicingRadiologistID>anon</servicingRadiologistID>
    <unblindedReadNodule>
      <noduleID>Nodule 001</noduleID>
      <characteristics>
        <subtlety>3</subtlety>
        <internalStructure>1</internalStructure>
        <calcification>6</calcification>
        <sphericity>4</sphericity>
        <margin>5</margin>
        <lobulation>1</lobulation>
        <spiculation>1</spiculation>
        <texture>5</texture>
        <malignancy>2</malignancy>
      </characteristics>
      <roi>
        <imageZposition>-270.000</imageZposition>
        <imageSOP_UID>1.3.6.1.4.1.14519.5.2.1.6279.6001.160218868940279075633633019937</imageSOP_UID>
        <inclusion>TRUE</inclusion>
        <edgeMap>
          <xCoord>365</xCoord>
          <yCoord>349</yCoord>
        </edgeMap>
        <edgeMap>
          <xCoord>364</xCoord>
          <yCoord>350</yCoord>
        </edgeMap>
        <edgeMap>
          <xCoord>363</xCoord>
          <yCoord>351</yCoord>
        </edgeMap>
        <edgeMap>
          <xCoord>363</xCoord>
          <yCoord>352</yCoord>
        </edgeMap>
        <edgeMap>
          <xCoord>364</xCoord>
          <yCoord>353</yCoord>
        </edgeMap>
        <edgeMap>
          <xCoord>365</xCoord>
          <yCoord>353</yCoord>
        </edgeMap>
        <edgeMap>
          <xCoord>366</xCoord>
          <yCoord>354</yCoord>
        </edgeMap>
        <edgeMap>
          <xCoord>367</xCoord>
          <yCoord>354</yCoord>
        </edgeMap>
        <edgeMap>
          <xCoord>368</xCoord>
          <yCoord>354</yCoord>
        </edgeMap>
        <edgeMap>
          <xCoord>369</xCoord>
          <yCoord>354</yCoord>
        </edgeMap>
        <edgeMap>
          <xCoord>370</xCoord>
          <yCoord>354</yCoord>
        </edgeMap>
        <edgeMap>
          <xCoord>371</xCoord>
          <yCoord>353</yCoord>
        </edgeMap>
        <edgeMap>
          <xCoord>371</xCoord>
          <yCoord>352</yCoord>
        </edgeMap>
        <edgeMap>
          <xCoord>371</xCoord>
          <yCoord>351</yCoord>
        </edgeMap>
        <edgeMap>
          <xCoord>370</xCoord>
          <yCoord>350</yCoord>
        </edgeMap>
        <edgeMap>
          <xCoord>369</xCoord>
          <yCoord>349</yCoord>
        </edgeMap>
        <edgeMap>
          <xCoord>368</xCoord>
          <yCoord>349</yCoord>
        </edgeMap>
        <edgeMap>
          <xCoord>367</xCoord>
          <yCoord>349</yCoord>
        </edgeMap>
        <edgeMap>
          <xCoord>366</xCoord>
          <yCoord>349</yCoord>
        </edgeMap>
        <edgeMap>
          <xCoord>365</xCoord>
          <yCoord>349</yCoord>
        </edgeMap>
      </roi>
      <roi>
        <imageZposition>-267.500</imageZposition>
        <imageSOP_UID>1.3.6.1.4.1.14519.5.2.1.6279.6001.297323111522979388827855135907</imageSOP_UID>
        <inclusion>TRUE</inclusion>
        <edgeMap>
          <xCoord>366</xCoord>
          <yCoord>348</yCoord>
        </edgeMap>
        <edgeMap>
          <xCoord>365</xCoord>
          <yCoord>349</yCoord>
        </edgeMap>
        <edgeMap>
          <xCoord>365</xCoord>
          <yCoord>350</yCoord>
        </edgeMap>
        <edgeMap>
          <xCoord>364</xCoord>
          <yCoord>351</yCoord>
        </edgeMap>
        <edgeMap>
          <xCoord>364</xCoord>
          <yCoord>352</yCoord>
        </edgeMap>
        <edgeMap>
          <xCoord>364</xCoord>
          <yCoord>353</yCoord>
        </edgeMap>
        <edgeMap>
          <xCoord>365</xCoord>
          <yCoord>354</yCoord>
        </edgeMap>
        <edgeMap>
          <xCoord>366</xCoord>
          <yCoord>355</yCoord>
        </edgeMap>
        <edgeMap>
          <xCoord>367</xCoord>
          <yCoord>355</yCoord>
        </edgeMap>
        <edgeMap>
          <xCoord>368</xCoord>
          <yCoord>356</yCoord>
        </edgeMap>
        <edgeMap>
          <xCoord>369</xCoord>
          <yCoord>355</yCoord>
        </edgeMap>
        <edgeMap>
          <xCoord>369</xCoord>
          <yCoord>354</yCoord>
        </edgeMap>
        <edgeMap>
          <xCoord>370</xCoord>
          <yCoord>353</yCoord>
        </edgeMap>
        <edgeMap>
          <xCoord>371</xCoord>
          <yCoord>352</yCoord>
        </edgeMap>
        <edgeMap>
          <xCoord>371</xCoord>
          <yCoord>351</yCoord>
        </edgeMap>
        <edgeMap>
          <xCoord>370</xCoord>
          <yCoord>350</yCoord>
        </edgeMap>
        <edgeMap>
          <xCoord>369</xCoord>
          <yCoord>349</yCoord>
        </edgeMap>
        <edgeMap>
          <xCoord>368</xCoord>
          <yCoord>348</yCoord>
        </edgeMap>
        <edgeMap>
          <xCoord>367</xCoord>
          <yCoord>348</yCoord>
        </edgeMap>
        <edgeMap>
          <xCoord>366</xCoord>
          <yCoord>348</yCoord>
        </edgeMap>
      </roi>
    </unblindedReadNodule>
    <nonNodule>
      <nonNoduleID>_Non-nodule 001</nonNoduleID>
      <imageZposition>-152.500</imageZposition>
      <imageSOP_UID>1.3.6.1.4.1.14519.5.2.1.6279.6001.790290734770025341318644576320</imageSOP_UID>
      <locus>
        <xCoord>247</xCoord>
        <yCoord>187</yCoord>
      </locus>
    </nonNodule>
  </readingSession>
</LidcReadMessage>