<?xml version="1.0" encoding="UTF-8"?>
<LidcReadMessage uid="1.3.6.1.4.1.14519.5.2.1.6279.6001.1307390741621.0" xmlns="http://www.nih.gov" xmlns:xsi="http://www.w3.org/2001/XMLSchema-instance" xsi:schemaLocation="http://www.nih.gov  http://troll.rad.med.umich.edu/lidc/LidcReadMessage.xsd">
<ResponseHeader>
<Version>1.8.1</Version>
<MessageId>505556405</MessageId>
<DateRequest>2007-11-01</DateRequest>
<TimeRequest>12:31:03</TimeRequest>
<RequestingSite>removed</RequestingSite>
<ServicingSite>removed</ServicingSite>
<TaskDescription>Second unblinded read</TaskDescription>
<CtImageFile>removed</CtImageFile>
<SeriesInstanceUid>1.3.6.1.4.1.14519.5.2.1.6279.6001.188265424231150847356515802868</SeriesInstanceUid>
<DateService>2008-02-25</DateService>
<TimeService>10:51:09</TimeService>
<ResponseDescription>1 - Reading complete</ResponseDescription>
<StudyInstanceUID>1.3.6.1.4.1.14519.5.2.1.6279.6001.165741627456266454825445080793</StudyInstanceUID></ResponseHeader>
<readingSession>
    <annotationVersion>3.12</annotationVersion>
    <servicingRadiologistID>1653421874</servicingRadiologistID>
    <unblindedReadNodule>
      <noduleID>Nodule 002</noduleID>
      <characteristics>
        <subtlety>3</subtlety>
        <internalStructure>1</internalStructure>
        <calcification>6</calcification>
        <sphericity>4</sphericity>
        <margin>5</margin>
        <lobulation>1</lobulation>
        <spiculation>1</spiculation>
        <texture>5</texture>
        <malignancy>2</malignancy>
      </characteristics>
      <roi>
        <imageZposition>-225.500000 </imageZposition>
        <imageSOP_UID>1.3.6.1.4.1.14519.5.2.1.6279.6001.226767101759665238555843620268</imageSOP_UID>
        <inclusion>TRUE</inclusion>
        <edgeMap>
          <xCoord>352</xCoord>
          <yCoord>356</yCoord>
        </edgeMap>
        <edgeMap>
          <xCoord>351</xCoord>
          <yCoord>357</yCoord>
        </edgeMap>
        <edgeMap>
          <xCoord>350</xCoord>
          <yCoord>358</yCoord>
        </edgeMap>
        <edgeMap>
          <xCoord>350</xCoord>
          <yCoord>359</yCoord>
        </edgeMap>
        <edgeMap>
          <xCoord>349</xCoord>
          <yCoord>360</yCoord>
        </edgeMap>
        <edgeMap>
          <xCoord>349</xCoord>
          <yCoord>361</yCoord>
        </edgeMap>
        <edgeMap>
          <xCoord>349</xCoord>
          <yCoord>362</yCoord>
        </edgeMap>
        <edgeMap>
          <xCoord>349</xCoord>
          <yCoord>363</yCoord>
        </edgeMap>
        <edgeMap>
          <xCoord>350</xCoord>
          <yCoord>364</yCoord>
        </edgeMap>
        <edgeMap>
          <xCoord>351</xCoord>
          <yCoord>365</yCoord>
        </edgeMap>
        <edgeMap>
          <xCoord>352</xCoord>
          <yCoord>365</yCoord>
        </edgeMap>
        <edgeMap>
          <xCoord>353</xCoord>
          <yCoord>365</yCoord>
        </edgeMap>
        <edgeMap>
          <xCoord>354</xCoord>
          <yCoord>365</yCoord>
        </edgeMap>
        <edgeMap>
          <xCoord>355</xCoord>
          <yCoord>365</yCoord>
        </edgeMap>
        <edgeMap>
          <xCoord>356</xCoord>
          <yCoord>365</yCoord>
        </edgeMap>
        <edgeMap>
          <xCoord>357</xCoord>
          <yCoord>365</yCoord>
        </edgeMap>
        <edgeMap>
          <xCoord>358</xCoord>
          <yCoord>364</yCoord>
        </edgeMap>
        <edgeMap>
          <xCoord>358</xCoord>
          <yCoord>363</yCoord>
        </edgeMap>
        <edgeMap>
          <xCoord>358</xCoord>
          <yCoord>362</yCoord>
        </edgeMap>
        <edgeMap>
          <xCoord>358</xCoord>
          <yCoord>361</yCoord>
        </edgeMap>
        <edgeMap>
          <xCoord>358</xCoord>
          <yCoord>360</yCoord>
        </edgeMap>
        <edgeMap>
          <xCoord>358</xCoord>
          <yCoord>359</yCoord>
        </edgeMap>
        <edgeMap>
          <xCoord>358</xCoord>
          <yCoord>358</yCoord>
        </edgeMap>
        <edgeMap>
          <xCoord>358</xCoord>
          <yCoord>357</yCoord>
        </edgeMap>
        <edgeMap>
          <xCoord>357</xCoord>
          <yCoord>356</yCoord>
        </edgeMap>
        <edgeMap>
          <xCoord>356</xCoord>
          <yCoord>356</yCoord>
        </edgeMap>
        <edgeMap>
          <xCoord>355</xCoord>
          <yCoord>356</yCoord>
        </edgeMap>
        <edgeMap>
          <xCoord>354</xCoord>
          <yCoord>356</yCoord>
        </edgeMap>
        <edgeMap>
          <xCoord>353</xCoord>
          <yCoord>356</yCoord>
        </edgeMap>
        <edgeMap>
          <xCoord>352</xCoord>
          <yCoord>356</yCoord>
        </edgeMap>
      </roi>
      <roi>
        <imageZposition>-223.000000 </imageZposition>
        <imageSOP_UID>1.3.6.1.4.1.14519.5.2.1.6279.6001.245381852568489143717730290141</imageSOP_UID>
        <inclusion>TRUE</inclusion>
        <edgeMap>
          <xCoord>351</xCoord>
          <yCoord>355</yCoord>
        </edgeMap>
        <edgeMap>
          <xCoord>350</xCoord>
          <yCoord>356</yCoord>
        </edgeMap>
        <edgeMap>
          <xCoord>349</xCoord>
          <yCoord>357</yCoord>
        </edgeMap>
        <edgeMap>
          <xCoord>348</xCoord>
          <yCoord>358</yCoord>
        </edgeMap>
        <edgeMap>
          <xCoord>347</xCoord>
          <yCoord>359</yCoord>
        </edgeMap>
        <edgeMap>
          <xCoord>347</xCoord>
          <yCoord>360</yCoord>
        </edgeMap>
        <edgeMap>
          <xCoord>346</xCoord>
          <yCoord>361</yCoord>
        </edgeMap>
        <edgeMap>
          <xCoord>346</xCoord>
          <yCoord>362</yCoord>
        </edgeMap>
        <edgeMap>
          <xCoord>347</xCoord>
          <yCoord>363</yCoord>
        </edgeMap>
        <edgeMap>
          <xCoord>348</xCoord>
          <yCoord>364</yCoord>
        </edgeMap>
        <edgeMap>
          <xCoord>349</xCoord>
          <yCoord>365</yCoord>
        </edgeMap>
        <edgeMap>
          <xCoord>350</xCoord>
          <yCoord>365</yCoord>
        </edgeMap>
        <edgeMap>
          <xCoord>351</xCoord>
          <yCoord>365</yCoord>
        </edgeMap>
        <edgeMap>
          <xCoord>352</xCoord>
          <yCoord>365</yCoord>
        </edgeMap>
        <edgeMap>
          <xCoord>353</xCoord>
          <yCoord>365</yCoord>
        </edgeMap>
        <edgeMap>
          <xCoord>354</xCoord>
          <yCoord>365</yCoord>
        </edgeMap>
        <edgeMap>
          <xCoord>355</xCoord>
          <yCoord>365</yCoord>
        </edgeMap>
        <edgeMap>
          <xCoord>356</xCoord>
          <yCoord>365</yCoord>
        </edgeMap>
        <edgeMap>
          <xCoord>357</xCoord>
          <yCoord>364</yCoord>
        </edgeMap>
        <edgeMap>
          <xCoord>357</xCoord>
          <yCoord>363</yCoord>
        </edgeMap>
        <edgeMap>
          <xCoord>357</xCoord>
          <yCoord>362</yCoord>
        </edgeMap>
        <edgeMap>
          <xCoord>357</xCoord>
          <yCoord>361</yCoord>
        </edgeMap>
        <edgeMap>
          <xCoord>356</xCoord>
          <yCoord>360</yCoord>
        </edgeMap>
        <edgeMap>
          <xCoord>356</xCoord>
          <yCoord>359</yCoord>
        </edgeMap>
        <edgeMap>
          <xCoord>356</xCoord>
          <yCoord>358</yCoord>
        </edgeMap>
        <edgeMap>
          <xCoord>355</xCoord>
          <yCoord>357</yCoord>
        </edgeMap>
        <edgeMap>
          <xCoord>354</xCoord>
          <yCoord>356</yCoord>
        </edgeMap>
        <edgeMap>
          <xCoord>353</xCoord>
          <yCoord>355</yCoord>
        </edgeMap>
        <edgeMap>
          <xCoord>352</xCoord>
          <yCoord>355</yCoord>
        </edgeMap>
        <edgeMap>
          <xCoord>351</xCoord>
          <yCoord>355</yCoord>
        </edgeMap>
      </roi>
      <roi>
        <imageZposition>-220.500000 </imageZposition>
        <imageSOP_UID>1.3.6.1.4.1.14519.5.2.1.6279.6001.494093889265105442281056345436</imageSOP_UID>
        <inclusion>TRUE</inclusion>
        <edgeMap>
          <xCoord>352</xCoord>
          <yCoord>354</yCoord>
        </edgeMap>
        <edgeMap>
          <xCoord>351</xCoord>
          <yCoord>355</yCoord>
        </edgeMap>
        <edgeMap>
          <xCoord>350</xCoord>
          <yCoord>355</yCoord>
        </edgeMap>
        <edgeMap>
          <xCoord>349</xCoord>
          <yCoord>356</yCoord>
        </edgeMap>
        <edgeMap>
          <xCoord>348</xCoord>
          <yCoord>357</yCoord>
        </edgeMap>
        <edgeMap>
          <xCoord>347</xCoord>
          <yCoord>358</yCoord>
        </edgeMap>
        <edgeMap>
          <xCoord>346</xCoord>
          <yCoord>359</yCoord>
        </edgeMap>
        <edgeMap>
          <xCoord>345</xCoord>
          <yCoord>360</yCoord>
        </edgeMap>
        <edgeMap>
          <xCoord>345</xCoord>
          <yCoord>361</yCoord>
        </edgeMap>
        <edgeMap>
          <xCoord>346</xCoord>
          <yCoord>362</yCoord>
        </edgeMap>
        <edgeMap>
          <xCoord>346</xCoord>
          <yCoord>363</yCoord>
        </edgeMap>
        <edgeMap>
          <xCoord>347</xCoord>
          <yCoord>364</yCoord>
        </edgeMap>
        <edgeMap>
          <xCoord>348</xCoord>
          <yCoord>365</yCoord>
        </edgeMap>
        <edgeMap>
          <xCoord>349</xCoord>
          <yCoord>364</yCoord>
        </edgeMap>
        <edgeMap>
          <xCoord>350</xCoord>
          <yCoord>364</yCoord>
        </edgeMap>
        <edgeMap>
          <xCoord>351</xCoord>
          <yCoord>364</yCoord>
        </edgeMap>
        <edgeMap>
          <xCoord>352</xCoord>
          <yCoord>364</yCoord>
        </edgeMap>
        <edgeMap>
          <xCoord>353</xCoord>
          <yCoord>364</yCoord>
        </edgeMap>
        <edgeMap>
          <xCoord>354</xCoord>
          <yCoord>364</yCoord>
        </edgeMap>
        <edgeMap>
          <xCoord>355</xCoord>
          <yCoord>364</yCoord>
        </edgeMap>
        <edgeMap>
          <xCoord>356</xCoord>
          <yCoord>363</yCoord>
        </edgeMap>
        <edgeMap>
          <xCoord>357</xCoord>
          <yCoord>362</yCoord>
        </edgeMap>
        <edgeMap>
          <xCoord>358</xCoord>
          <yCoord>361</yCoord>
        </edgeMap>
        <edgeMap>
          <xCoord>357</xCoord>
          <yCoord>360</yCoord>
        </edgeMap>
        <edgeMap>
          <xCoord>356</xCoord>
          <yCoord>360</yCoord>
        </edgeMap>
        <edgeMap>
          <xCoord>356</xCoord>
          <yCoord>359</yCoord>
        </edgeMap>
        <edgeMap>
          <xCoord>355</xCoord>
          <yCoord>358</yCoord>
        </edgeMap>
        <edgeMap>
          <xCoord>355</xCoord>
          <yCoord>357</yCoord>
        </edgeMap>
        <edgeMap>
          <xCoord>354</xCoord>
          <yCoord>356</yCoord>
        </edgeMap>
        <edgeMap>
          <xCoord>353</xCoord>
          <yCoord>355</yCoord>
        </edgeMap>
        <edgeMap>
          <xCoord>352</xCoord>
          <yCoord>354</yCoord>
        </edgeMap>
      </roi>
      <roi>
        <imageZposition>-218.000000 </imageZposition>
        <imageSOP_UID>1.3.6.1.4.1.14519.5.2.1.6279.6001.800774094072110973025318403843</imageSOP_UID>
        <inclusion>TRUE</inclusion>
        <edgeMap>
          <xCoord>354</xCoord>
          <yCoord>355</yCoord>
        </edgeMap>
        <edgeMap>
          <xCoord>353</xCoord>
          <yCoord>356</yCoord>
        </edgeMap>
        <edgeMap>
          <xCoord>352</xCoord>
          <yCoord>356</yCoord>
        </edgeMap>
        <edgeMap>
          <xCoord>351</xCoord>
          <yCoord>357</yCoord>
        </edgeMap>
        <edgeMap>
          <xCoord>350</xCoord>
          <yCoord>357</yCoord>
        </edgeMap>
        <edgeMap>
          <xCoord>349</xCoord>
          <yCoord>357</yCoord>
        </edgeMap>
        <edgeMap>
          <xCoord>348</xCoord>
          <yCoord>357</yCoord>
        </edgeMap>
        <edgeMap>
          <xCoord>347</xCoord>
          <yCoord>358</yCoord>
        </edgeMap>
        <edgeMap>
          <xCoord>346</xCoord>
          <yCoord>359</yCoord>
        </edgeMap>
        <edgeMap>
          <xCoord>346</xCoord>
          <yCoord>360</yCoord>
        </edgeMap>
        <edgeMap>
          <xCoord>346</xCoord>
          <yCoord>361</yCoord>
        </edgeMap>
        <edgeMap>
          <xCoord>346</xCoord>
          <yCoord>362</yCoord>
        </edgeMap>
        <edgeMap>
          <xCoord>346</xCoord>
          <yCoord>363</yCoord>
        </edgeMap>
        <edgeMap>
          <xCoord>347</xCoord>
          <yCoord>364</yCoord>
        </edgeMap>
        <edgeMap>
          <xCoord>348</xCoord>
          <yCoord>364</yCoord>
        </edgeMap>
        <edgeMap>
          <xCoord>349</xCoord>
          <yCoord>364</yCoord>
        </edgeMap>
        <edgeMap>
          <xCoord>350</xCoord>
          <yCoord>364</yCoord>
        </edgeMap>
        <edgeMap>
          <xCoord>351</xCoord>
          <yCoord>364</yCoord>
        </edgeMap>
        <edgeMap>
          <xCoord>352</xCoord>
          <yCoord>364</yCoord>
        </edgeMap>
        <edgeMap>
          <xCoord>353</xCoord>
          <yCoord>364</yCoord>
        </edgeMap>
        <edgeMap>
          <xCoord>354</xCoord>
          <yCoord>363</yCoord>
        </edgeMap>
        <edgeMap>
          <xCoord>355</xCoord>
          <yCoord>363</yCoord>
        </edgeMap>
        <edgeMap>
          <xCoord>356</xCoord>
          <yCoord>363</yCoord>
        </edgeMap>
        <edgeMap>
          <xCoord>357</xCoord>
          <yCoord>363</yCoord>
        </edgeMap>
        <edgeMap>
          <xCoord>358</xCoord>
          <yCoord>362</yCoord>
        </edgeMap>
        <edgeMap>
          <xCoord>358</xCoord>
          <yCoord>361</yCoord>
        </edgeMap>
        <edgeMap>
          <xCoord>358</xCoord>
          <yCoord>360</yCoord>
        </edgeMap>
        <edgeMap>
          <xCoord>358</xCoord>
          <yCoord>359</yCoord>
        </edgeMap>
        <edgeMap>
          <xCoord>357</xCoord>
          <yCoord>358</yCoord>
        </edgeMap>
        <edgeMap>
          <xCoord>356</xCoord>
          <yCoord>357</yCoord>
        </edgeMap>
        <edgeMap>
          <xCoord>356</xCoord>
          <yCoord>356</yCoord>
        </edgeMap>
        <edgeMap>
          <xCoord>355</xCoord>
          <yCoord>355</yCoord>
        </edgeMap>
        <edgeMap>
          <xCoord>354</xCoord>
          <yCoord>355</yCoord>
        </edgeMap>
      </roi>
    </unblindedReadNodule>
    <unblindedReadNodule>
      <noduleID>Nodule 001</noduleID>
      <characteristics>
        <subtlety>4</subtlety>
        <internalStructure>1</internalStructure>
        <calcification>6</calcification>
        <sphericity>4</sphericity>
        <margin>4</margin>
        <lobulation>1</lobulation>
        <spiculation>1</spiculation>
        <texture>5</texture>
        <malignancy>3</malignancy>
      </characteristics>
      <roi>
        <imageZposition>-63.000000</imageZposition>
        <imageSOP_UID>1.3.6.1.4.1.14519.5.2.1.6279.6001.209058704109605882370760131125</imageSOP_UID>
        <inclusion>TRUE</inclusion>
        <edgeMap>
          <xCoord>179</xCoord>
          <yCoord>284</yCoord>
        </edgeMap>
        <edgeMap>
          <xCoord>178</xCoord>
          <yCoord>285</yCoord>
        </edgeMap>
        <edgeMap>
          <xCoord>177</xCoord>
          <yCoord>286</yCoord>
        </edgeMap>
        <edgeMap>
          <xCoord>176</xCoord>
          <yCoord>286</yCoord>
        </edgeMap>
        <edgeMap>
          <xCoord>175</xCoord>
          <yCoord>286</yCoord>
        </edgeMap>
        <edgeMap>
          <xCoord>174</xCoord>
          <yCoord>287</yCoord>
        </edgeMap>
        <edgeMap>
          <xCoord>174</xCoord>
          <yCoord>288</yCoord>
        </edgeMap>
        <edgeMap>
          <xCoord>174</xCoord>
          <yCoord>289</yCoord>
        </edgeMap>
        <edgeMap>
          <xCoord>175</xCoord>
          <yCoord>290</yCoord>
        </edgeMap>
        <edgeMap>
          <xCoord>176</xCoord>
          <yCoord>290</yCoord>
        </edgeMap>
        <edgeMap>
          <xCoord>176</xCoord>
          <yCoord>291</yCoord>
        </edgeMap>
        <edgeMap>
          <xCoord>177</xCoord>
          <yCoord>292</yCoord>
        </edgeMap>
        <edgeMap>
          <xCoord>178</xCoord>
          <yCoord>292</yCoord>
        </edgeMap>
        <edgeMap>
          <xCoord>179</xCoord>
          <yCoord>291</yCoord>
        </edgeMap>
        <edgeMap>
          <xCoord>180</xCoord>
          <yCoord>290</yCoord>
        </edgeMap>
        <edgeMap>
          <xCoord>181</xCoord>
          <yCoord>289</yCoord>
        </edgeMap>
        <edgeMap>
          <xCoord>182</xCoord>
          <yCoord>288</yCoord>
        </edgeMap>
        <edgeMap>
          <xCoord>182</xCoord>
          <yCoord>287</yCoord>
        </edgeMap>
        <edgeMap>
          <xCoord>182</xCoord>
          <yCoord>286</yCoord>
        </edgeMap>
        <edgeMap>
          <xCoord>183</xCoord>
          <yCoord>285</yCoord>
        </edgeMap>
        <edgeMap>
          <xCoord>182</xCoord>
          <yCoord>284</yCoord>
        </edgeMap>
        <edgeMap>
          <xCoord>181</xCoord>
          <yCoord>284</yCoord>
        </edgeMap>
        <edgeMap>
          <xCoord>180</xCoord>
          <yCoord>284</yCoord>
        </edgeMap>
        <edgeMap>
          <xCoord>179</xCoord>
          <yCoord>284</yCoord>
        </edgeMap>
      </roi>
      <roi>
        <imageZposition>-60.500000</imageZposition>
        <imageSOP_UID>1.3.6.1.4.1.14519.5.2.1.6279.6001.267575647308516837426970435536</imageSOP_UID>
        <inclusion>TRUE</inclusion>
        <edgeMap>
          <xCoord>176</xCoord>
          <yCoord>284</yCoord>
        </edgeMap>
        <edgeMap>
          <xCoord>175</xCoord>
          <yCoord>285</yCoord>
        </edgeMap>
        <edgeMap>
          <xCoord>175</xCoord>
          <yCoord>286</yCoord>
        </edgeMap>
        <edgeMap>
          <xCoord>174</xCoord>
          <yCoord>287</yCoord>
        </edgeMap>
        <edgeMap>
          <xCoord>175</xCoord>
          <yCoord>288</yCoord>
        </edgeMap>
        <edgeMap>
          <xCoord>175</xCoord>
          <yCoord>289</yCoord>
        </edgeMap>
        <edgeMap>
          <xCoord>176</xCoord>
          <yCoord>290</yCoord>
        </edgeMap>
        <edgeMap>
          <xCoord>176</xCoord>
          <yCoord>291</yCoord>
        </edgeMap>
        <edgeMap>
          <xCoord>177</xCoord>
          <yCoord>292</yCoord>
        </edgeMap>
        <edgeMap>
          <xCoord>178</xCoord>
          <yCoord>292</yCoord>
        </edgeMap>
        <edgeMap>
          <xCoord>179</xCoord>
          <yCoord>293</yCoord>
        </edgeMap>
        <edgeMap>
          <xCoord>180</xCoord>
          <yCoord>293</yCoord>
        </edgeMap>
        <edgeMap>
          <xCoord>181</xCoord>
          <yCoord>294</yCoord>
        </edgeMap>
        <edgeMap>
          <xCoord>182</xCoord>
          <yCoord>293</yCoord>
        </edgeMap>
        <edgeMap>
          <xCoord>183</xCoord>
          <yCoord>292</yCoord>
        </edgeMap>
        <edgeMap>
          <xCoord>184</xCoord>
          <yCoord>291</yCoord>
        </edgeMap>
        <edgeMap>
          <xCoord>185</xCoord>
          <yCoord>290</yCoord>
        </edgeMap>
        <edgeMap>
          <xCoord>185</xCoord>
          <yCoord>289</yCoord>
        </edgeMap>
        <edgeMap>
          <xCoord>185</xCoord>
          <yCoord>288</yCoord>
        </edgeMap>
        <edgeMap>
          <xCoord>185</xCoord>
          <yCoord>287</yCoord>
        </edgeMap>
        <edgeMap>
          <xCoord>184</xCoord>
          <yCoord>286</yCoord>
        </edgeMap>
        <edgeMap>
          <xCoord>184</xCoord>
          <yCoord>285</yCoord>
        </edgeMap>
        <edgeMap>
          <xCoord>183</xCoord>
          <yCoord>284</yCoord>
        </edgeMap>
        <edgeMap>
          <xCoord>182</xCoord>
          <yCoord>284</yCoord>
        </edgeMap>
        <edgeMap>
          <xCoord>181</xCoord>
          <yCoord>284</yCoord>
        </edgeMap>
        <edgeMap>
          <xCoord>180</xCoord>
          <yCoord>284</yCoord>
        </edgeMap>
        <edgeMap>
          <xCoord>179</xCoord>
          <yCoord>284</yCoord>
        </edgeMap>
        <edgeMap>
          <xCoord>178</xCoord>
          <yCoord>284</yCoord>
        </edgeMap>
        <edgeMap>
          <xCoord>177</xCoord>
          <yCoord>284</yCoord>
        </edgeMap>
        <edgeMap>
          <xCoord>176</xCoord>
          <yCoord>284</yCoord>
        </edgeMap>
      </roi>
      <roi>
        <imageZposition>-58.000000</imageZposition>
        <imageSOP_UID>1.3.6.1.4.1.14519.5.2.1.6279.6001.117091144980491985034781961588</imageSOP_UID>
        <inclusion>TRUE</inclusion>
        <edgeMap>
          <xCoord>183</xCoord>
          <yCoord>284</yCoord>
        </edgeMap>
        <edgeMap>
          <xCoord>182</xCoord>
          <yCoord>285</yCoord>
        </edgeMap>
        <edgeMap>
          <xCoord>181</xCoord>
          <yCoord>285</yCoord>
        </edgeMap>
        <edgeMap>
          <xCoord>180</xCoord>
          <yCoord>285</yCoord>
        </edgeMap>
        <edgeMap>
          <xCoord>179</xCoord>
          <yCoord>285</yCoord>
        </edgeMap>
        <edgeMap>
          <xCoord>178</xCoord>
          <yCoord>285</yCoord>
        </edgeMap>
        <edgeMap>
          <xCoord>177</xCoord>
          <yCoord>285</yCoord>
        </edgeMap>
        <edgeMap>
          <xCoord>176</xCoord>
          <yCoord>286</yCoord>
        </edgeMap>
        <edgeMap>
          <xCoord>175</xCoord>
          <yCoord>287</yCoord>
        </edgeMap>
        <edgeMap>
          <xCoord>175</xCoord>
          <yCoord>288</yCoord>
        </edgeMap>
        <edgeMap>
          <xCoord>175</xCoord>
          <yCoord>289</yCoord>
        </edgeMap>
        <edgeMap>
          <xCoord>175</xCoord>
          <yCoord>290</yCoord>
        </edgeMap>
        <edgeMap>
          <xCoord>176</xCoord>
          <yCoord>291</yCoord>
        </edgeMap>
        <edgeMap>
          <xCoord>177</xCoord>
          <yCoord>292</yCoord>
        </edgeMap>
        <edgeMap>
          <xCoord>178</xCoord>
          <yCoord>293</yCoord>
        </edgeMap>
        <edgeMap>
          <xCoord>179</xCoord>
          <yCoord>294</yCoord>
        </edgeMap>
        <edgeMap>
          <xCoord>180</xCoord>
          <yCoord>294</yCoord>
        </edgeMap>
        <edgeMap>
          <xCoord>181</xCoord>
          <yCoord>294</yCoord>
        </edgeMap>
        <edgeMap>
          <xCoord>182</xCoord>
          <yCoord>294</yCoord>
        </edgeMap>
        <edgeMap>
          <xCoord>183</xCoord>
          <yCoord>294</yCoord>
        </edgeMap>
        <edgeMap>
          <xCoord>184</xCoord>
          <yCoord>293</yCoord>
        </edgeMap>
        <edgeMap>
          <xCoord>185</xCoord>
          <yCoord>293</yCoord>
        </edgeMap>
        <edgeMap>
          <xCoord>186</xCoord>
          <yCoord>292</yCoord>
        </edgeMap>
        <edgeMap>
          <xCoord>186</xCoord>
          <yCoord>291</yCoord>
        </edgeMap>
        <edgeMap>
          <xCoord>186</xCoord>
          <yCoord>290</yCoord>
        </edgeMap>
        <edgeMap>
          <xCoord>186</xCoord>
          <yCoord>289</yCoord>
        </edgeMap>
        <edgeMap>
          <xCoord>186</xCoord>
          <yCoord>288</yCoord>
        </edgeMap>
        <edgeMap>
          <xCoord>186</xCoord>
          <yCoord>287</yCoord>
        </edgeMap>
        <edgeMap>
          <xCoord>186</xCoord>
          <yCoord>286</yCoord>
        </edgeMap>
        <edgeMap>
          <xCoord>186</xCoord>
          <yCoord>285</yCoord>
        </edgeMap>
        <edgeMap>
          <xCoord>185</xCoord>
          <yCoord>284</yCoord>
        </edgeMap>
        <edgeMap>
          <xCoord>184</xCoord>
          <yCoord>284</yCoord>
        </edgeMap>
        <edgeMap>
          <xCoord>183</xCoord>
          <yCoord>284</yCoord>
        </edgeMap>
      </roi>
      <roi>
        <imageZposition>-55.500000</imageZposition>
        <imageSOP_UID>1.3.6.1.4.1.14519.5.2.1.6279.6001.207280482127987910481815719457</imageSOP_UID>
        <inclusion>TRUE</inclusion>
        <edgeMap>
          <xCoord>177</xCoord>
          <yCoord>285</yCoord>
        </edgeMap>
        <edgeMap>
          <xCoord>176</xCoord>
          <yCoord>286</yCoord>
        </edgeMap>
        <edgeMap>
          <xCoord>175</xCoord>
          <yCoord>287</yCoord>
        </edgeMap>
        <edgeMap>
          <xCoord>175</xCoord>
          <yCoord>288</yCoord>
        </edgeMap>
        <edgeMap>
          <xCoord>175</xCoord>
          <yCoord>289</yCoord>
        </edgeMap>
        <edgeMap>
          <xCoord>175</xCoord>
          <yCoord>290</yCoord>
        </edgeMap>
        <edgeMap>
          <xCoord>175</xCoord>
          <yCoord>291</yCoord>
        </edgeMap>
        <edgeMap>
          <xCoord>175</xCoord>
          <yCoord>292</yCoord>
        </edgeMap>
        <edgeMap>
          <xCoord>176</xCoord>
          <yCoord>293</yCoord>
        </edgeMap>
        <edgeMap>
          <xCoord>177</xCoord>
          <yCoord>293</yCoord>
        </edgeMap>
        <edgeMap>
          <xCoord>178</xCoord>
          <yCoord>293</yCoord>
        </edgeMap>
        <edgeMap>
          <xCoord>179</xCoord>
          <yCoord>293</yCoord>
        </edgeMap>
        <edgeMap>
          <xCoord>180</xCoord>
          <yCoord>294</yCoord>
        </edgeMap>
        <edgeMap>
          <xCoord>181</xCoord>
          <yCoord>293</yCoord>
        </edgeMap>
        <edgeMap>
          <xCoord>182</xCoord>
          <yCoord>293</yCoord>
        </edgeMap>
        <edgeMap>
          <xCoord>183</xCoord>
          <yCoord>292</yCoord>
        </edgeMap>
        <edgeMap>
          <xCoord>184</xCoord>
          <yCoord>291</yCoord>
        </edgeMap>
        <edgeMap>
          <xCoord>185</xCoord>
          <yCoord>290</yCoord>
        </edgeMap>
        <edgeMap>
          <xCoord>185</xCoord>
          <yCoord>289</yCoord>
        </edgeMap>
        <edgeMap>
          <xCoord>185</xCoord>
          <yCoord>288</yCoord>
        </edgeMap>
        <edgeMap>
          <xCoord>184</xCoord>
          <yCoord>287</yCoord>
        </edgeMap>
        <edgeMap>
          <xCoord>183</xCoord>
          <yCoord>286</yCoord>
        </edgeMap>
        <edgeMap>
          <xCoord>182</xCoord>
          <yCoord>286</yCoord>
        </edgeMap>
        <edgeMap>
          <xCoord>181</xCoord>
          <yCoord>285</yCoord>
        </edgeMap>
        <edgeMap>
          <xCoord>180</xCoord>
          <yCoord>285</yCoord>
        </edgeMap>
        <edgeMap>
          <xCoord>179</xCoord>
          <yCoord>285</yCoord>
        </edgeMap>
        <edgeMap>
          <xCoord>178</xCoord>
          <yCoord>285</yCoord>
        </edgeMap>
        <edgeMap>
          <xCoord>177</xCoord>
          <yCoord>285</yCoord>
        </edgeMap>
      </roi>
      <roi>
        <imageZposition>-53.000000</imageZposition>
        <imageSOP_UID>1.3.6.1.4.1.14519.5.2.1.6279.6001.496803146128336461018404853264</imageSOP_UID>
        <inclusion>TRUE</inclusion>
        <edgeMap>
          <xCoord>178</xCoord>
          <yCoord>285</yCoord>
        </edgeMap>
        <edgeMap>
          <xCoord>177</xCoord>
          <yCoord>286</yCoord>
        </edgeMap>
        <edgeMap>
          <xCoord>176</xCoord>
          <yCoord>287</yCoord>
        </edgeMap>
        <edgeMap>
          <xCoord>176</xCoord>
          <yCoord>288</yCoord>
        </edgeMap>
        <edgeMap>
          <xCoord>176</xCoord>
          <yCoord>289</yCoord>
        </edgeMap>
        <edgeMap>
          <xCoord>177</xCoord>
          <yCoord>290</yCoord>
        </edgeMap>
        <edgeMap>
          <xCoord>178</xCoord>
          <yCoord>290</yCoord>
        </edgeMap>
        <edgeMap>
          <xCoord>179</xCoord>
          <yCoord>291</yCoord>
        </edgeMap>
        <edgeMap>
          <xCoord>180</xCoord>
          <yCoord>291</yCoord>
        </edgeMap>
        <edgeMap>
          <xCoord>181</xCoord>
          <yCoord>292</yCoord>
        </edgeMap>
        <edgeMap>
          <xCoord>182</xCoord>
          <yCoord>291</yCoord>
        </edgeMap>
        <edgeMap>
          <xCoord>183</xCoord>
          <yCoord>290</yCoord>
        </edgeMap>
        <edgeMap>
          <xCoord>183</xCoord>
          <yCoord>289</yCoord>
        </edgeMap>
        <edgeMap>
          <xCoord>183</xCoord>
          <yCoord>288</yCoord>
        </edgeMap>
        <edgeMap>
          <xCoord>182</xCoord>
          <yCoord>287</yCoord>
        </edgeMap>
        <edgeMap>
          <xCoord>181</xCoord>
          <yCoord>287</yCoord>
        </edgeMap>
        <edgeMap>
          <xCoord>180</xCoord>
          <yCoord>286</yCoord>
        </edgeMap>
        <edgeMap>
          <xCoord>179</xCoord>
          <yCoord>286</yCoord>
        </edgeMap>
        <edgeMap>
          <xCoord>178</xCoord>
          <yCoord>285</yCoord>
        </edgeMap>
      </roi>
    </unblindedReadNodule>
    <unblindedReadNodule>
      <noduleID>Nodule 003</noduleID>
      <roi>
        <imageZposition>-238.000000 </imageZposition>
        <imageSOP_UID>1.3.6.1.4.1.14519.5.2.1.6279.6001.324198633809790632087147746251</imageSOP_UID>
        <inclusion>TRUE</inclusion>
        <edgeMap>
          <xCoord>379</xCoord>
          <yCoord>162</yCoord>
        </edgeMap>
      </roi>
    </unblindedReadNodule>
    <unblindedReadNodule>
      <noduleID>Nodule 004</noduleID>
      <roi>
        <imageZposition>-253.000000 </imageZposition>
        <imageSOP_UID>1.3.6.1.4.1.14519.5.2.1.6279.6001.215116297453758850551015638747</imageSOP_UID>
        <inclusion>TRUE</inclusion>
        <edgeMap>
          <xCoord>390</xCoord>
          <yCoord>284</yCoord>
        </edgeMap>
      </roi>
    </unblindedReadNodule>
    <nonNodule>
      <nonNoduleID>_Non-nodule 001</nonNoduleID>
      <imageZposition>-33.000000</imageZposition>
      <imageSOP_UID>1.3.6.1.4.1.14519.5.2.1.6279.6001.313964669179601680239992485532</imageSOP_UID>
      <locus>
        <xCoord>235</xCoord>
        <yCoord>281</yCoord>
      </locus>
    </nonNodule>
    <nonNodule>
      <nonNoduleID>_Non-nodule 002</nonNoduleID>
      <imageZposition>-88.000000</imageZposition>
      <imageSOP_UID>1.3.6.1.4.1.14519.5.2.1.6279.6001.396735555854977131713273209364</imageSOP_UID>
      <locus>
        <xCoord>152</xCoord>
        <yCoord>242</yCoord>
      </locus>
    </nonNodule>
    <nonNodule>
      <nonNoduleID>_Non-nodule 003</nonNoduleID>
      <imageZposition>-130.500000 </imageZposition>
      <imageSOP_UID>1.3.6.1.4.1.14519.5.2.1.6279.6001.257808658868965171038404262975</imageSOP_UID>
      <locus>
        <xCoord>178</xCoord>
        <yCoord>194</yCoord>
      </locus>
    </nonNodule>
    <nonNodule>
      <nonNoduleID>_Non-nodule 004</nonNoduleID>
      <imageZposition>-208.000000 </imageZposition>
      <imageSOP_UID>1.3.6.1.4.1.14519.5.2.1.6279.6001.102191544588395528987926114339</imageSOP_UID>
      <locus>
        <xCoord>381</xCoord>
        <yCoord>221</yCoord>
      </locus>
    </nonNodule>
    <nonNodule>
      <nonNoduleID>_Non-nodule 005</nonNoduleID>
      <imageZposition>-160.500000 </imageZposition>
      <imageSOP_UID>1.3.6.1.4.1.14519.5.2.1.6279.6001.244243579766757186030816481230</imageSOP_UID>
      <locus>
        <xCoord>400</xCoord>
        <yCoord>315</yCoord>
      </locus>
    </nonNodule>
    <nonNodule>
      <nonNoduleID>_Non-nodule 006</nonNoduleID>
      <imageZposition>-160.500000 </imageZposition>
      <imageSOP_UID>1.3.6.1.4.1.14519.5.2.1.6279.6001.244243579766757186030816481230</imageSOP_UID>
      <locus>
        <xCoord>384</xCoord>
        <yCoord>305</yCoord>
      </locus>
    </nonNodule>
  </readingSession>
<readingSession>
    <annotationVersion>3.12</annotationVersion>
    <servicingRadiologistID>-1556242181</servicingRadiologistID>
    <unblindedReadNodule>
      <noduleID>IL057_127399</noduleID>
      <characteristics>
        <subtlety>5</subtlety>
        <internalStructure>1</internalStructure>
        <calcification>3</calcification>
        <sphericity>4</sphericity>
        <margin>5</margin>
        <lobulation>2</lobulation>
        <spiculation>1</spiculation>
        <texture>5</texture>
        <malignancy>1</malignancy>
      </characteristics>
      <roi>
        <imageZposition>-55.5</imageZposition>
        <imageSOP_UID>1.3.6.1.4.1.14519.5.2.1.6279.6001.207280482127987910481815719457</imageSOP_UID>
        <inclusion>TRUE</inclusion>
        <edgeMap>
          <xCoord>181</xCoord>
          <yCoord>295</yCoord>
        </edgeMap>
        <edgeMap>
          <xCoord>182</xCoord>
          <yCoord>294</yCoord>
        </edgeMap>
        <edgeMap>
          <xCoord>183</xCoord>
          <yCoord>293</yCoord>
        </edgeMap>
        <edgeMap>
          <xCoord>184</xCoord>
          <yCoord>292</yCoord>
        </edgeMap>
        <edgeMap>
          <xCoord>185</xCoord>
          <yCoord>291</yCoord>
        </edgeMap>
        <edgeMap>
          <xCoord>186</xCoord>
          <yCoord>290</yCoord>
        </edgeMap>
        <edgeMap>
          <xCoord>185</xCoord>
          <yCoord>289</yCoord>
        </edgeMap>
        <edgeMap>
          <xCoord>185</xCoord>
          <yCoord>288</yCoord>
        </edgeMap>
        <edgeMap>
          <xCoord>184</xCoord>
          <yCoord>287</yCoord>
        </edgeMap>
        <edgeMap>
          <xCoord>183</xCoord>
          <yCoord>286</yCoord>
        </edgeMap>
        <edgeMap>
          <xCoord>182</xCoord>
          <yCoord>285</yCoord>
        </edgeMap>
        <edgeMap>
          <xCoord>181</xCoord>
          <yCoord>285</yCoord>
        </edgeMap>
        <edgeMap>
          <xCoord>180</xCoord>
          <yCoord>285</yCoord>
        </edgeMap>
        <edgeMap>
          <xCoord>179</xCoord>
          <yCoord>285</yCoord>
        </edgeMap>
        <edgeMap>
          <xCoord>178</xCoord>
          <yCoord>286</yCoord>
        </edgeMap>
        <edgeMap>
          <xCoord>177</xCoord>
          <yCoord>287</yCoord>
        </edgeMap>
        <edgeMap>
          <xCoord>176</xCoord>
          <yCoord>288</yCoord>
        </edgeMap>
        <edgeMap>
          <xCoord>175</xCoord>
          <yCoord>289</yCoord>
        </edgeMap>
        <edgeMap>
          <xCoord>175</xCoord>
          <yCoord>290</yCoord>
        </edgeMap>
        <edgeMap>
          <xCoord>176</xCoord>
          <yCoord>291</yCoord>
        </edgeMap>
        <edgeMap>
          <xCoord>177</xCoord>
          <yCoord>292</yCoord>
        </edgeMap>
        <edgeMap>
          <xCoord>178</xCoord>
          <yCoord>293</yCoord>
        </edgeMap>
        <edgeMap>
          <xCoord>179</xCoord>
          <yCoord>294</yCoord>
        </edgeMap>
        <edgeMap>
          <xCoord>180</xCoord>
          <yCoord>295</yCoord>
        </edgeMap>
        <edgeMap>
          <xCoord>181</xCoord>
          <yCoord>295</yCoord>
        </edgeMap>
      </roi>
      <roi>
        <imageZposition>-58.0</imageZposition>
        <imageSOP_UID>1.3.6.1.4.1.14519.5.2.1.6279.6001.117091144980491985034781961588</imageSOP_UID>
        <inclusion>TRUE</inclusion>
        <edgeMap>
          <xCoord>182</xCoord>
          <yCoord>296</yCoord>
        </edgeMap>
        <edgeMap>
          <xCoord>183</xCoord>
          <yCoord>295</yCoord>
        </edgeMap>
        <edgeMap>
          <xCoord>184</xCoord>
          <yCoord>294</yCoord>
        </edgeMap>
        <edgeMap>
          <xCoord>185</xCoord>
          <yCoord>293</yCoord>
        </edgeMap>
        <edgeMap>
          <xCoord>186</xCoord>
          <yCoord>292</yCoord>
        </edgeMap>
        <edgeMap>
          <xCoord>187</xCoord>
          <yCoord>291</yCoord>
        </edgeMap>
        <edgeMap>
          <xCoord>187</xCoord>
          <yCoord>290</yCoord>
        </edgeMap>
        <edgeMap>
          <xCoord>187</xCoord>
          <yCoord>289</yCoord>
        </edgeMap>
        <edgeMap>
          <xCoord>186</xCoord>
          <yCoord>288</yCoord>
        </edgeMap>
        <edgeMap>
          <xCoord>186</xCoord>
          <yCoord>287</yCoord>
        </edgeMap>
        <edgeMap>
          <xCoord>186</xCoord>
          <yCoord>286</yCoord>
        </edgeMap>
        <edgeMap>
          <xCoord>185</xCoord>
          <yCoord>285</yCoord>
        </edgeMap>
        <edgeMap>
          <xCoord>184</xCoord>
          <yCoord>284</yCoord>
        </edgeMap>
        <edgeMap>
          <xCoord>183</xCoord>
          <yCoord>283</yCoord>
        </edgeMap>
        <edgeMap>
          <xCoord>182</xCoord>
          <yCoord>283</yCoord>
        </edgeMap>
        <edgeMap>
          <xCoord>181</xCoord>
          <yCoord>283</yCoord>
        </edgeMap>
        <edgeMap>
          <xCoord>180</xCoord>
          <yCoord>283</yCoord>
        </edgeMap>
        <edgeMap>
          <xCoord>179</xCoord>
          <yCoord>284</yCoord>
        </edgeMap>
        <edgeMap>
          <xCoord>178</xCoord>
          <yCoord>284</yCoord>
        </edgeMap>
        <edgeMap>
          <xCoord>177</xCoord>
          <yCoord>284</yCoord>
        </edgeMap>
        <edgeMap>
          <xCoord>176</xCoord>
          <yCoord>285</yCoord>
        </edgeMap>
        <edgeMap>
          <xCoord>175</xCoord>
          <yCoord>286</yCoord>
        </edgeMap>
        <edgeMap>
          <xCoord>174</xCoord>
          <yCoord>287</yCoord>
        </edgeMap>
        <edgeMap>
          <xCoord>174</xCoord>
          <yCoord>288</yCoord>
        </edgeMap>
        <edgeMap>
          <xCoord>174</xCoord>
          <yCoord>289</yCoord>
        </edgeMap>
        <edgeMap>
          <xCoord>174</xCoord>
          <yCoord>290</yCoord>
        </edgeMap>
        <edgeMap>
          <xCoord>174</xCoord>
          <yCoord>291</yCoord>
        </edgeMap>
        <edgeMap>
          <xCoord>175</xCoord>
          <yCoord>292</yCoord>
        </edgeMap>
        <edgeMap>
          <xCoord>176</xCoord>
          <yCoord>293</yCoord>
        </edgeMap>
        <edgeMap>
          <xCoord>177</xCoord>
          <yCoord>294</yCoord>
        </edgeMap>
        <edgeMap>
          <xCoord>178</xCoord>
          <yCoord>295</yCoord>
        </edgeMap>
        <edgeMap>
          <xCoord>179</xCoord>
          <yCoord>295</yCoord>
        </edgeMap>
        <edgeMap>
          <xCoord>180</xCoord>
          <yCoord>295</yCoord>
        </edgeMap>
        <edgeMap>
          <xCoord>181</xCoord>
          <yCoord>296</yCoord>
        </edgeMap>
        <edgeMap>
          <xCoord>182</xCoord>
          <yCoord>296</yCoord>
        </edgeMap>
      </roi>
      <roi>
        <imageZposition>-60.5</imageZposition>
        <imageSOP_UID>1.3.6.1.4.1.14519.5.2.1.6279.6001.267575647308516837426970435536</imageSOP_UID>
        <inclusion>TRUE</inclusion>
        <edgeMap>
          <xCoord>183</xCoord>
          <yCoord>295</yCoord>
        </edgeMap>
        <edgeMap>
          <xCoord>184</xCoord>
          <yCoord>294</yCoord>
        </edgeMap>
        <edgeMap>
          <xCoord>185</xCoord>
          <yCoord>293</yCoord>
        </edgeMap>
        <edgeMap>
          <xCoord>186</xCoord>
          <yCoord>292</yCoord>
        </edgeMap>
        <edgeMap>
          <xCoord>186</xCoord>
          <yCoord>291</yCoord>
        </edgeMap>
        <edgeMap>
          <xCoord>186</xCoord>
          <yCoord>290</yCoord>
        </edgeMap>
        <edgeMap>
          <xCoord>186</xCoord>
          <yCoord>289</yCoord>
        </edgeMap>
        <edgeMap>
          <xCoord>185</xCoord>
          <yCoord>288</yCoord>
        </edgeMap>
        <edgeMap>
          <xCoord>186</xCoord>
          <yCoord>287</yCoord>
        </edgeMap>
        <edgeMap>
          <xCoord>186</xCoord>
          <yCoord>286</yCoord>
        </edgeMap>
        <edgeMap>
          <xCoord>185</xCoord>
          <yCoord>285</yCoord>
        </edgeMap>
        <edgeMap>
          <xCoord>184</xCoord>
          <yCoord>284</yCoord>
        </edgeMap>
        <edgeMap>
          <xCoord>183</xCoord>
          <yCoord>283</yCoord>
        </edgeMap>
        <edgeMap>
          <xCoord>182</xCoord>
          <yCoord>283</yCoord>
        </edgeMap>
        <edgeMap>
          <xCoord>181</xCoord>
          <yCoord>283</yCoord>
        </edgeMap>
        <edgeMap>
          <xCoord>180</xCoord>
          <yCoord>283</yCoord>
        </edgeMap>
        <edgeMap>
          <xCoord>179</xCoord>
          <yCoord>283</yCoord>
        </edgeMap>
        <edgeMap>
          <xCoord>178</xCoord>
          <yCoord>284</yCoord>
        </edgeMap>
        <edgeMap>
          <xCoord>177</xCoord>
          <yCoord>284</yCoord>
        </edgeMap>
        <edgeMap>
          <xCoord>176</xCoord>
          <yCoord>285</yCoord>
        </edgeMap>
        <edgeMap>
          <xCoord>175</xCoord>
          <yCoord>286</yCoord>
        </edgeMap>
        <edgeMap>
          <xCoord>174</xCoord>
          <yCoord>287</yCoord>
        </edgeMap>
        <edgeMap>
          <xCoord>174</xCoord>
          <yCoord>288</yCoord>
        </edgeMap>
        <edgeMap>
          <xCoord>173</xCoord>
          <yCoord>289</yCoord>
        </edgeMap>
        <edgeMap>
          <xCoord>174</xCoord>
          <yCoord>290</yCoord>
        </edgeMap>
        <edgeMap>
          <xCoord>174</xCoord>
          <yCoord>291</yCoord>
        </edgeMap>
        <edgeMap>
          <xCoord>175</xCoord>
          <yCoord>292</yCoord>
        </edgeMap>
        <edgeMap>
          <xCoord>176</xCoord>
          <yCoord>293</yCoord>
        </edgeMap>
        <edgeMap>
          <xCoord>177</xCoord>
          <yCoord>294</yCoord>
        </edgeMap>
        <edgeMap>
          <xCoord>178</xCoord>
          <yCoord>294</yCoord>
        </edgeMap>
        <edgeMap>
          <xCoord>179</xCoord>
          <yCoord>294</yCoord>
        </edgeMap>
        <edgeMap>
          <xCoord>180</xCoord>
          <yCoord>295</yCoord>
        </edgeMap>
        <edgeMap>
          <xCoord>181</xCoord>
          <yCoord>295</yCoord>
        </edgeMap>
        <edgeMap>
          <xCoord>182</xCoord>
          <yCoord>295</yCoord>
        </edgeMap>
        <edgeMap>
          <xCoord>183</xCoord>
          <yCoord>295</yCoord>
        </edgeMap>
      </roi>
      <roi>
        <imageZposition>-63.0</imageZposition>
        <imageSOP_UID>1.3.6.1.4.1.14519.5.2.1.6279.6001.209058704109605882370760131125</imageSOP_UID>
        <inclusion>TRUE</inclusion>
        <edgeMap>
          <xCoord>180</xCoord>
          <yCoord>291</yCoord>
        </edgeMap>
        <edgeMap>
          <xCoord>181</xCoord>
          <yCoord>290</yCoord>
        </edgeMap>
        <edgeMap>
          <xCoord>182</xCoord>
          <yCoord>289</yCoord>
        </edgeMap>
        <edgeMap>
          <xCoord>183</xCoord>
          <yCoord>288</yCoord>
        </edgeMap>
        <edgeMap>
          <xCoord>184</xCoord>
          <yCoord>287</yCoord>
        </edgeMap>
        <edgeMap>
          <xCoord>183</xCoord>
          <yCoord>286</yCoord>
        </edgeMap>
        <edgeMap>
          <xCoord>182</xCoord>
          <yCoord>285</yCoord>
        </edgeMap>
        <edgeMap>
          <xCoord>181</xCoord>
          <yCoord>284</yCoord>
        </edgeMap>
        <edgeMap>
          <xCoord>180</xCoord>
          <yCoord>284</yCoord>
        </edgeMap>
        <edgeMap>
          <xCoord>179</xCoord>
          <yCoord>284</yCoord>
        </edgeMap>
        <edgeMap>
          <xCoord>178</xCoord>
          <yCoord>284</yCoord>
        </edgeMap>
        <edgeMap>
          <xCoord>177</xCoord>
          <yCoord>285</yCoord>
        </edgeMap>
        <edgeMap>
          <xCoord>176</xCoord>
          <yCoord>286</yCoord>
        </edgeMap>
        <edgeMap>
          <xCoord>175</xCoord>
          <yCoord>287</yCoord>
        </edgeMap>
        <edgeMap>
          <xCoord>175</xCoord>
          <yCoord>288</yCoord>
        </edgeMap>
        <edgeMap>
          <xCoord>176</xCoord>
          <yCoord>289</yCoord>
        </edgeMap>
        <edgeMap>
          <xCoord>177</xCoord>
          <yCoord>290</yCoord>
        </edgeMap>
        <edgeMap>
          <xCoord>178</xCoord>
          <yCoord>291</yCoord>
        </edgeMap>
        <edgeMap>
          <xCoord>179</xCoord>
          <yCoord>291</yCoord>
        </edgeMap>
        <edgeMap>
          <xCoord>180</xCoord>
          <yCoord>291</yCoord>
        </edgeMap>
      </roi>
    </unblindedReadNodule>
    <nonNodule>
      <nonNoduleID>IL057_127412</nonNoduleID>
      <imageZposition>-120.5</imageZposition>
      <imageSOP_UID>1.3.6.1.4.1.14519.5.2.1.6279.6001.186223139425429268884949619044</imageSOP_UID>
      <locus>
        <xCoord>164</xCoord>
        <yCoord>213</yCoord>
      </locus>
    </nonNodule>
    <nonNodule>
      <nonNoduleID>IL057_127413</nonNoduleID>
      <imageZposition>-208.0</imageZposition>
      <imageSOP_UID>1.3.6.1.4.1.14519.5.2.1.6279.6001.102191544588395528987926114339</imageSOP_UID>
      <locus>
        <xCoord>384</xCoord>
        <yCoord>224</yCoord>
      </locus>
    </nonNodule>
    <nonNodule>
      <nonNoduleID>IL057_127396</nonNoduleID>
      <imageZposition>-160.5</imageZposition>
      <imageSOP_UID>1.3.6.1.4.1.14519.5.2.1.6279.6001.244243579766757186030816481230</imageSOP_UID>
      <locus>
        <xCoord>387</xCoord>
        <yCoord>308</yCoord>
      </locus>
    </nonNodule>
    <nonNodule>
      <nonNoduleID>IL057_127414</nonNoduleID>
      <imageZposition>-238.0</imageZposition>
      <imageSOP_UID>1.3.6.1.4.1.14519.5.2.1.6279.6001.324198633809790632087147746251</imageSOP_UID>
      <locus>
        <xCoord>380</xCoord>
        <yCoord>162</yCoord>
      </locus>
    </nonNodule>
  </readingSession>
<readingSession>
<annotationVersion>3.12</annotationVersion>
<servicingRadiologistID>-1837328350</servicingRadiologistID>
<unblindedReadNodule>
<noduleID>MI014_16426</noduleID>
<characteristics>
<subtlety>5</subtlety>
<internalStructure>1</internalStructure>
<calcification>3</calcification>
<sphericity>4</sphericity>
<margin>5</margin>
<lobulation>2</lobulation>
<spiculation>1</spiculation>
<texture>5</texture>
<malignancy>1</malignancy>
</characteristics>
<roi>
<imageZposition>-53.0</imageZposition>
<imageSOP_UID>1.3.6.1.4.1.14519.5.2.1.6279.6001.496803146128336461018404853264</imageSOP_UID>
<inclusion>TRUE</inclusion>
<edgeMap>
<xCoord>181</xCoord>
<yCoord>290</yCoord>
</edgeMap>
<edgeMap>
<xCoord>181</xCoord>
<yCoord>289</yCoord>
</edgeMap>
<edgeMap>
<xCoord>181</xCoord>
<yCoord>288</yCoord>
</edgeMap>
<edgeMap>
<xCoord>180</xCoord>
<yCoord>288</yCoord>
</edgeMap>
<edgeMap>
<xCoord>179</xCoord>
<yCoord>288</yCoord>
</edgeMap>
<edgeMap>
<xCoord>178</xCoord>
<yCoord>288</yCoord>
</edgeMap>
<edgeMap>
<xCoord>178</xCoord>
<yCoord>289</yCoord>
</edgeMap>
<edgeMap>
<xCoord>178</xCoord>
<yCoord>290</yCoord>
</edgeMap>
<edgeMap>
<xCoord>179</xCoord>
<yCoord>290</yCoord>
</edgeMap>
<edgeMap>
<xCoord>180</xCoord>
<yCoord>290</yCoord>
</edgeMap>
<edgeMap>
<xCoord>181</xCoord>
<yCoord>290</yCoord>
</edgeMap>
</roi>
<roi>
<imageZposition>-55.5</imageZposition>
<imageSOP_UID>1.3.6.1.4.1.14519.5.2.1.6279.6001.207280482127987910481815719457</imageSOP_UID>
<inclusion>TRUE</inclusion>
<edgeMap>
<xCoord>182</xCoord>
<yCoord>293</yCoord>
</edgeMap>
<edgeMap>
<xCoord>183</xCoord>
<yCoord>292</yCoord>
</edgeMap>
<edgeMap>
<xCoord>184</xCoord>
<yCoord>291</yCoord>
</edgeMap>
<edgeMap>
<xCoord>185</xCoord>
<yCoord>290</yCoord>
</edgeMap>
<edgeMap>
<xCoord>185</xCoord>
<yCoord>289</yCoord>
</edgeMap>
<edgeMap>
<xCoord>184</xCoord>
<yCoord>288</yCoord>
</edgeMap>
<edgeMap>
<xCoord>183</xCoord>
<yCoord>287</yCoord>
</edgeMap>
<edgeMap>
<xCoord>182</xCoord>
<yCoord>286</yCoord>
</edgeMap>
<edgeMap>
<xCoord>181</xCoord>
<yCoord>286</yCoord>
</edgeMap>
<edgeMap>
<xCoord>180</xCoord>
<yCoord>286</yCoord>
</edgeMap>
<edgeMap>
<xCoord>179</xCoord>
<yCoord>286</yCoord>
</edgeMap>
<edgeMap>
<xCoord>178</xCoord>
<yCoord>286</yCoord>
</edgeMap>
<edgeMap>
<xCoord>177</xCoord>
<yCoord>287</yCoord>
</edgeMap>
<edgeMap>
<xCoord>176</xCoord>
<yCoord>288</yCoord>
</edgeMap>
<edgeMap>
<xCoord>176</xCoord>
<yCoord>289</yCoord>
</edgeMap>
<edgeMap>
<xCoord>176</xCoord>
<yCoord>290</yCoord>
</edgeMap>
<edgeMap>
<xCoord>177</xCoord>
<yCoord>291</yCoord>
</edgeMap>
<edgeMap>
<xCoord>178</xCoord>
<yCoord>292</yCoord>
</edgeMap>
<edgeMap>
<xCoord>179</xCoord>
<yCoord>293</yCoord>
</edgeMap>
<edgeMap>
<xCoord>180</xCoord>
<yCoord>293</yCoord>
</edgeMap>
<edgeMap>
<xCoord>181</xCoord>
<yCoord>293</yCoord>
</edgeMap>
<edgeMap>
<xCoord>182</xCoord>
<yCoord>293</yCoord>
</edgeMap>
</roi>
<roi>
<imageZposition>-58.0</imageZposition>
<imageSOP_UID>1.3.6.1.4.1.14519.5.2.1.6279.6001.117091144980491985034781961588</imageSOP_UID>
<inclusion>TRUE</inclusion>
<edgeMap>
<xCoord>183</xCoord>
<yCoord>294</yCoord>
</edgeMap>
<edgeMap>
<xCoord>184</xCoord>
<yCoord>293</yCoord>
</edgeMap>
<edgeMap>
<xCoord>185</xCoord>
<yCoord>292</yCoord>
</edgeMap>
<edgeMap>
<xCoord>186</xCoord>
<yCoord>291</yCoord>
</edgeMap>
<edgeMap>
<xCoord>186</xCoord>
<yCoord>290</yCoord>
</edgeMap>
<edgeMap>
<xCoord>186</xCoord>
<yCoord>289</yCoord>
</edgeMap>
<edgeMap>
<xCoord>185</xCoord>
<yCoord>288</yCoord>
</edgeMap>
<edgeMap>
<xCoord>185</xCoord>
<yCoord>287</yCoord>
</edgeMap>
<edgeMap>
<xCoord>186</xCoord>
<yCoord>286</yCoord>
</edgeMap>
<edgeMap>
<xCoord>185</xCoord>
<yCoord>285</yCoord>
</edgeMap>
<edgeMap>
<xCoord>184</xCoord>
<yCoord>285</yCoord>
</edgeMap>
<edgeMap>
<xCoord>183</xCoord>
<yCoord>285</yCoord>
</edgeMap>
<edgeMap>
<xCoord>182</xCoord>
<yCoord>285</yCoord>
</edgeMap>
<edgeMap>
<xCoord>181</xCoord>
<yCoord>285</yCoord>
</edgeMap>
<edgeMap>
<xCoord>180</xCoord>
<yCoord>285</yCoord>
</edgeMap>
<edgeMap>
<xCoord>179</xCoord>
<yCoord>285</yCoord>
</edgeMap>
<edgeMap>
<xCoord>178</xCoord>
<yCoord>285</yCoord>
</edgeMap>
<edgeMap>
<xCoord>177</xCoord>
<yCoord>285</yCoord>
</edgeMap>
<edgeMap>
<xCoord>176</xCoord>
<yCoord>286</yCoord>
</edgeMap>
<edgeMap>
<xCoord>175</xCoord>
<yCoord>287</yCoord>
</edgeMap>
<edgeMap>
<xCoord>175</xCoord>
<yCoord>288</yCoord>
</edgeMap>
<edgeMap>
<xCoord>175</xCoord>
<yCoord>289</yCoord>
</edgeMap>
<edgeMap>
<xCoord>175</xCoord>
<yCoord>290</yCoord>
</edgeMap>
<edgeMap>
<xCoord>175</xCoord>
<yCoord>291</yCoord>
</edgeMap>
<edgeMap>
<xCoord>176</xCoord>
<yCoord>292</yCoord>
</edgeMap>
<edgeMap>
<xCoord>177</xCoord>
<yCoord>293</yCoord>
</edgeMap>
<edgeMap>
<xCoord>178</xCoord>
<yCoord>294</yCoord>
</edgeMap>
<edgeMap>
<xCoord>179</xCoord>
<yCoord>294</yCoord>
</edgeMap>
<edgeMap>
<xCoord>180</xCoord>
<yCoord>294</yCoord>
</edgeMap>
<edgeMap>
<xCoord>181</xCoord>
<yCoord>294</yCoord>
</edgeMap>
<edgeMap>
<xCoord>182</xCoord>
<yCoord>294</yCoord>
</edgeMap>
<edgeMap>
<xCoord>183</xCoord>
<yCoord>294</yCoord>
</edgeMap>
</roi>
<roi>
<imageZposition>-60.5</imageZposition>
<imageSOP_UID>1.3.6.1.4.1.14519.5.2.1.6279.6001.267575647308516837426970435536</imageSOP_UID>
<inclusion>TRUE</inclusion>
<edgeMap>
<xCoord>183</xCoord>
<yCoord>294</yCoord>
</edgeMap>
<edgeMap>
<xCoord>184</xCoord>
<yCoord>293</yCoord>
</edgeMap>
<edgeMap>
<xCoord>185</xCoord>
<yCoord>292</yCoord>
</edgeMap>
<edgeMap>
<xCoord>186</xCoord>
<yCoord>291</yCoord>
</edgeMap>
<edgeMap>
<xCoord>186</xCoord>
<yCoord>290</yCoord>
</edgeMap>
<edgeMap>
<xCoord>185</xCoord>
<yCoord>289</yCoord>
</edgeMap>
<edgeMap>
<xCoord>184</xCoord>
<yCoord>288</yCoord>
</edgeMap>
<edgeMap>
<xCoord>184</xCoord>
<yCoord>287</yCoord>
</edgeMap>
<edgeMap>
<xCoord>185</xCoord>
<yCoord>286</yCoord>
</edgeMap>
<edgeMap>
<xCoord>184</xCoord>
<yCoord>285</yCoord>
</edgeMap>
<edgeMap>
<xCoord>183</xCoord>
<yCoord>285</yCoord>
</edgeMap>
<edgeMap>
<xCoord>182</xCoord>
<yCoord>285</yCoord>
</edgeMap>
<edgeMap>
<xCoord>181</xCoord>
<yCoord>285</yCoord>
</edgeMap>
<edgeMap>
<xCoord>180</xCoord>
<yCoord>285</yCoord>
</edgeMap>
<edgeMap>
<xCoord>179</xCoord>
<yCoord>285</yCoord>
</edgeMap>
<edgeMap>
<xCoord>178</xCoord>
<yCoord>285</yCoord>
</edgeMap>
<edgeMap>
<xCoord>177</xCoord>
<yCoord>285</yCoord>
</edgeMap>
<edgeMap>
<xCoord>176</xCoord>
<yCoord>286</yCoord>
</edgeMap>
<edgeMap>
<xCoord>175</xCoord>
<yCoord>287</yCoord>
</edgeMap>
<edgeMap>
<xCoord>175</xCoord>
<yCoord>288</yCoord>
</edgeMap>
<edgeMap>
<xCoord>175</xCoord>
<yCoord>289</yCoord>
</edgeMap>
<edgeMap>
<xCoord>175</xCoord>
<yCoord>290</yCoord>
</edgeMap>
<edgeMap>
<xCoord>175</xCoord>
<yCoord>291</yCoord>
</edgeMap>
<edgeMap>
<xCoord>176</xCoord>
<yCoord>292</yCoord>
</edgeMap>
<edgeMap>
<xCoord>177</xCoord>
<yCoord>293</yCoord>
</edgeMap>
<edgeMap>
<xCoord>178</xCoord>
<yCoord>293</yCoord>
</edgeMap>
<edgeMap>
<xCoord>179</xCoord>
<yCoord>294</yCoord>
</edgeMap>
<edgeMap>
<xCoord>180</xCoord>
<yCoord>294</yCoord>
</edgeMap>
<edgeMap>
<xCoord>181</xCoord>
<yCoord>294</yCoord>
</edgeMap>
<edgeMap>
<xCoord>182</xCoord>
<yCoord>294</yCoord>
</edgeMap>
<edgeMap>
<xCoord>183</xCoord>
<yCoord>294</yCoord>
</edgeMap>
</roi>
<roi>
<imageZposition>-63.0</imageZposition>
<imageSOP_UID>1.3.6.1.4.1.14519.5.2.1.6279.6001.209058704109605882370760131125</imageSOP_UID>
<inclusion>TRUE</inclusion>
<edgeMap>
<xCoord>180</xCoord>
<yCoord>291</yCoord>
</edgeMap>
<edgeMap>
<xCoord>181</xCoord>
<yCoord>290</yCoord>
</edgeMap>
<edgeMap>
<xCoord>182</xCoord>
<yCoord>289</yCoord>
</edgeMap>
<edgeMap>
<xCoord>183</xCoord>
<yCoord>288</yCoord>
</edgeMap>
<edgeMap>
<xCoord>183</xCoord>
<yCoord>287</yCoord>
</edgeMap>
<edgeMap>
<xCoord>183</xCoord>
<yCoord>286</yCoord>
</edgeMap>
<edgeMap>
<xCoord>183</xCoord>
<yCoord>285</yCoord>
</edgeMap>
<edgeMap>
<xCoord>182</xCoord>
<yCoord>285</yCoord>
</edgeMap>
<edgeMap>
<xCoord>181</xCoord>
<yCoord>285</yCoord>
</edgeMap>
<edgeMap>
<xCoord>180</xCoord>
<yCoord>285</yCoord>
</edgeMap>
<edgeMap>
<xCoord>179</xCoord>
<yCoord>285</yCoord>
</edgeMap>
<edgeMap>
<xCoord>178</xCoord>
<yCoord>285</yCoord>
</edgeMap>
<edgeMap>
<xCoord>177</xCoord>
<yCoord>285</yCoord>
</edgeMap>
<edgeMap>
<xCoord>176</xCoord>
<yCoord>286</yCoord>
</edgeMap>
<edgeMap>
<xCoord>175</xCoord>
<yCoord>286</yCoord>
</edgeMap>
<edgeMap>
<xCoord>174</xCoord>
<yCoord>287</yCoord>
</edgeMap>
<edgeMap>
<xCoord>174</xCoord>
<yCoord>288</yCoord>
</edgeMap>
<edgeMap>
<xCoord>175</xCoord>
<yCoord>289</yCoord>
</edgeMap>
<edgeMap>
<xCoord>175</xCoord>
<yCoord>290</yCoord>
</edgeMap>
<edgeMap>
<xCoord>176</xCoord>
<yCoord>291</yCoord>
</edgeMap>
<edgeMap>
<xCoord>177</xCoord>
<yCoord>291</yCoord>
</edgeMap>
<edgeMap>
<xCoord>178</xCoord>
<yCoord>291</yCoord>
</edgeMap>
<edgeMap>
<xCoord>179</xCoord>
<yCoord>291</yCoord>
</edgeMap>
<edgeMap>
<xCoord>180</xCoord>
<yCoord>291</yCoord>
</edgeMap>
</roi>
</unblindedReadNodule>
<nonNodule>
<nonNoduleID>MI014_16420</nonNoduleID>
<imageZposition>-160.5</imageZposition>
<imageSOP_UID>1.3.6.1.4.1.14519.5.2.1.6279.6001.244243579766757186030816481230</imageSOP_UID>
<locus>
<xCoord>384</xCoord>
<yCoord>305</yCoord>
</locus>
</nonNodule>
<nonNodule>
<nonNoduleID>MI014_16423</nonNoduleID>
<imageZposition>-160.5</imageZposition>
<imageSOP_UID>1.3.6.1.4.1.14519.5.2.1.6279.6001.244243579766757186030816481230</imageSOP_UID>
<locus>
<xCoord>400</xCoord>
<yCoord>315</yCoord>
</locus>
</nonNodule>
<nonNodule>
<nonNoduleID>MI014_16430</nonNoduleID>
<imageZposition>-220.5</imageZposition>
<imageSOP_UID>1.3.6.1.4.1.14519.5.2.1.6279.6001.494093889265105442281056345436</imageSOP_UID>
<locus>
<xCoord>352</xCoord>
<yCoord>361</yCoord>
</locus>
</nonNodule>
<nonNodule>
<nonNoduleID>MI014_16432</nonNoduleID>
<imageZposition>-33.0</imageZposition>
<imageSOP_UID>1.3.6.1.4.1.14519.5.2.1.6279.6001.313964669179601680239992485532</imageSOP_UID>
<locus>
<xCoord>235</xCoord>
<yCoord>281</yCoord>
</locus>
</nonNodule>
<nonNodule>
<nonNoduleID>MI014_16433</nonNoduleID>
<imageZposition>-88.0</imageZposition>
<imageSOP_UID>1.3.6.1.4.1.14519.5.2.1.6279.6001.396735555854977131713273209364</imageSOP_UID>
<locus>
<xCoord>152</xCoord>
<yCoord>242</yCoord>
</locus>
</nonNodule>
<nonNodule>
<nonNoduleID>MI014_16434</nonNoduleID>
<imageZposition>-130.5</imageZposition>
<imageSOP_UID>1.3.6.1.4.1.14519.5.2.1.6279.6001.257808658868965171038404262975</imageSOP_UID>
<locus>
<xCoord>178</xCoord>
<yCoord>194</yCoord>
</locus>
</nonNodule>
<nonNodule>
<nonNoduleID>MI014_16435</nonNoduleID>
<imageZposition>-208.0</imageZposition>
<imageSOP_UID>1.3.6.1.4.1.14519.5.2.1.6279.6001.102191544588395528987926114339</imageSOP_UID>
<locus>
<xCoord>381</xCoord>
<yCoord>221</yCoord>
</locus>
</nonNodule>
<nonNodule>
<nonNoduleID>MI014_16437</nonNoduleID>
<imageZposition>-120.5</imageZposition>
<imageSOP_UID>1.3.6.1.4.1.14519.5.2.1.6279.6001.186223139425429268884949619044</imageSOP_UID>
<locus>
<xCoord>164</xCoord>
<yCoord>213</yCoord>
</locus>
</nonNodule>
<nonNodule>
<nonNoduleID>MI014_16439</nonNoduleID>
<imageZposition>-238.0</imageZposition>
<imageSOP_UID>1.3.6.1.4.1.14519.5.2.1.6279.6001.324198633809790632087147746251</imageSOP_UID>
<locus>
<xCoord>380</xCoord>
<yCoord>162</yCoord>
</locus>
</nonNodule>
<nonNodule>
<nonNoduleID>MI014_16440</nonNoduleID>
<imageZposition>-25.5</imageZposition>
<imageSOP_UID>1.3.6.1.4.1.14519.5.2.1.6279.6001.287793594145368526914380128516</imageSOP_UID>
<locus>
<xCoord>241</xCoord>
<yCoord>257</yCoord>
</locus>
</nonNodule>
<nonNodule>
<nonNoduleID>MI014_16441</nonNoduleID>
<imageZposition>-98.0</imageZposition>
<imageSOP_UID>1.3.6.1.4.1.14519.5.2.1.6279.6001.196386228778757230285592954581</imageSOP_UID>
<locus>
<xCoord>146</xCoord>
<yCoord>236</yCoord>
</locus>
</nonNodule>
<nonNodule>
<nonNoduleID>MI014_16442</nonNoduleID>
<imageZposition>-118.0</imageZposition>
<imageSOP_UID>1.3.6.1.4.1.14519.5.2.1.6279.6001.315928174701184986128861793704</imageSOP_UID>
<locus>
<xCoord>161</xCoord>
<yCoord>215</yCoord>
</locus>
</nonNodule>
<nonNodule>
<nonNoduleID>MI014_16443</nonNoduleID>
<imageZposition>-63.0</imageZposition>
<imageSOP_UID>1.3.6.1.4.1.14519.5.2.1.6279.6001.209058704109605882370760131125</imageSOP_UID>
<locus>
<xCoord>305</xCoord>
<yCoord>282</yCoord>
</locus>
</nonNodule>
<nonNodule>
<nonNoduleID>MI014_16444</nonNoduleID>
<imageZposition>-253.0</imageZposition>
<imageSOP_UID>1.3.6.1.4.1.14519.5.2.1.6279.6001.215116297453758850551015638747</imageSOP_UID>
<locus>
<xCoord>359</xCoord>
<yCoord>317</yCoord>
</locus>
</nonNodule>
<nonNodule>
<nonNoduleID>MI014_16445</nonNoduleID>
<imageZposition>-213.0</imageZposition>
<imageSOP_UID>1.3.6.1.4.1.14519.5.2.1.6279.6001.496957236698215465045993852918</imageSOP_UID>
<locus>
<xCoord>367</xCoord>
<yCoord>159</yCoord>
</locus>
</nonNodule>
</readingSession>
<readingSession>
		<annotationVersion>3.12</annotationVersion>
		<servicingRadiologistID>-1260072539</servicingRadiologistID>
			<unblindedReadNodule>
				<noduleID>0</noduleID>
				<characteristics>
					<subtlety>3</subtlety>
					<internalStructure>1</internalStructure>
					<calcification>6</calcification>
					<sphericity>5</sphericity>
					<margin>5</margin>
					<lobulation>1</lobulation>
					<spiculation>1</spiculation>
					<texture>5</texture>
					<malignancy>2</malignancy>
				</characteristics>
				<roi>
					<imageZposition>-250.5</imageZposition>
					<imageSOP_UID>1.3.6.1.4.1.14519.5.2.1.6279.6001.142593265119328644171102006320</imageSOP_UID>
					<inclusion>TRUE</inclusion>
					<edgeMap>
					<xCoord>386</xCoord>
					<yCoord>285</yCoord>
					</edgeMap>
					<edgeMap>
					<xCoord>387</xCoord>
					<yCoord>284</yCoord>
					</edgeMap>
					<edgeMap>
					<xCoord>387</xCoord>
					<yCoord>283</yCoord>
					</edgeMap>
					<edgeMap>
					<xCoord>388</xCoord>
					<yCoord>282</yCoord>
					</edgeMap>
					<edgeMap>
					<xCoord>388</xCoord>
					<yCoord>281</yCoord>
					</edgeMap>
					<edgeMap>
					<xCoord>389</xCoord>
					<yCoord>281</yCoord>
					</edgeMap>
					<edgeMap>
					<xCoord>390</xCoord>
					<yCoord>281</yCoord>
					</edgeMap>
					<edgeMap>
					<xCoord>391</xCoord>
					<yCoord>281</yCoord>
					</edgeMap>
					<edgeMap>
					<xCoord>392</xCoord>
					<yCoord>281</yCoord>
					</edgeMap>
					<edgeMap>
					<xCoord>392</xCoord>
					<yCoord>282</yCoord>
					</edgeMap>
					<edgeMap>
					<xCoord>392</xCoord>
					<yCoord>283</yCoord>
					</edgeMap>
					<edgeMap>
					<xCoord>393</xCoord>
					<yCoord>283</yCoord>
					</edgeMap>
					<edgeMap>
					<xCoord>393</xCoord>
					<yCoord>284</yCoord>
					</edgeMap>
					<edgeMap>
					<xCoord>394</xCoord>
					<yCoord>285</yCoord>
					</edgeMap>
					<edgeMap>
					<xCoord>394</xCoord>
					<yCoord>286</yCoord>
					</edgeMap>
					<edgeMap>
					<xCoord>394</xCoord>
					<yCoord>287</yCoord>
					</edgeMap>
					<edgeMap>
					<xCoord>393</xCoord>
					<yCoord>288</yCoord>
					</edgeMap>
					<edgeMap>
					<xCoord>393</xCoord>
					<yCoord>289</yCoord>
					</edgeMap>
					<edgeMap>
					<xCoord>393</xCoord>
					<yCoord>290</yCoord>
					</edgeMap>
					<edgeMap>
					<xCoord>393</xCoord>
					<yCoord>291</yCoord>
					</edgeMap>
					<edgeMap>
					<xCoord>392</xCoord>
					<yCoord>292</yCoord>
					</edgeMap>
					<edgeMap>
					<xCoord>391</xCoord>
					<yCoord>292</yCoord>
					</edgeMap>
					<edgeMap>
					<xCoord>390</xCoord>
					<yCoord>291</yCoord>
					</edgeMap>
					<edgeMap>
					<xCoord>390</xCoord>
					<yCoord>290</yCoord>
					</edgeMap>
					<edgeMap>
					<xCoord>389</xCoord>
					<yCoord>289</yCoord>
					</edgeMap>
					<edgeMap>
					<xCoord>389</xCoord>
					<yCoord>288</yCoord>
					</edgeMap>
					<edgeMap>
					<xCoord>388</xCoord>
					<yCoord>288</yCoord>
					</edgeMap>
					<edgeMap>
					<xCoord>387</xCoord>
					<yCoord>287</yCoord>
					</edgeMap>
					<edgeMap>
					<xCoord>386</xCoord>
					<yCoord>286</yCoord>
					</edgeMap>
					<edgeMap>
					<xCoord>386</xCoord>
					<yCoord>285</yCoord>
					</edgeMap>
				</roi>
				<roi>
					<imageZposition>-253.0</imageZposition>
					<imageSOP_UID>1.3.6.1.4.1.14519.5.2.1.6279.6001.215116297453758850551015638747</imageSOP_UID>
					<inclusion>TRUE</inclusion>
					<edgeMap>
					<xCoord>386</xCoord>
					<yCoord>286</yCoord>
					</edgeMap>
					<edgeMap>
					<xCoord>386</xCoord>
					<yCoord>285</yCoord>
					</edgeMap>
					<edgeMap>
					<xCoord>386</xCoord>
					<yCoord>284</yCoord>
					</edgeMap>
					<edgeMap>
					<xCoord>387</xCoord>
					<yCoord>283</yCoord>
					</edgeMap>
					<edgeMap>
					<xCoord>388</xCoord>
					<yCoord>282</yCoord>
					</edgeMap>
					<edgeMap>
					<xCoord>389</xCoord>
					<yCoord>281</yCoord>
					</edgeMap>
					<edgeMap>
					<xCoord>390</xCoord>
					<yCoord>280</yCoord>
					</edgeMap>
					<edgeMap>
					<xCoord>391</xCoord>
					<yCoord>280</yCoord>
					</edgeMap>
					<edgeMap>
					<xCoord>392</xCoord>
					<yCoord>281</yCoord>
					</edgeMap>
					<edgeMap>
					<xCoord>392</xCoord>
					<yCoord>282</yCoord>
					</edgeMap>
					<edgeMap>
					<xCoord>393</xCoord>
					<yCoord>283</yCoord>
					</edgeMap>
					<edgeMap>
					<xCoord>394</xCoord>
					<yCoord>284</yCoord>
					</edgeMap>
					<edgeMap>
					<xCoord>393</xCoord>
					<yCoord>285</yCoord>
					</edgeMap>
					<edgeMap>
					<xCoord>393</xCoord>
					<yCoord>286</yCoord>
					</edgeMap>
					<edgeMap>
					<xCoord>392</xCoord>
					<yCoord>287</yCoord>
					</edgeMap>
					<edgeMap>
					<xCoord>392</xCoord>
					<yCoord>288</yCoord>
					</edgeMap>
					<edgeMap>
					<xCoord>393</xCoord>
					<yCoord>288</yCoord>
					</edgeMap>
					<edgeMap>
					<xCoord>393</xCoord>
					<yCoord>289</yCoord>
					</edgeMap>
					<edgeMap>
					<xCoord>393</xCoord>
					<yCoord>290</yCoord>
					</edgeMap>
					<edgeMap>
					<xCoord>393</xCoord>
					<yCoord>291</yCoord>
					</edgeMap>
					<edgeMap>
					<xCoord>392</xCoord>
					<yCoord>291</yCoord>
					</edgeMap>
					<edgeMap>
					<xCoord>391</xCoord>
					<yCoord>291</yCoord>
					</edgeMap>
					<edgeMap>
					<xCoord>391</xCoord>
					<yCoord>290</yCoord>
					</edgeMap>
					<edgeMap>
					<xCoord>390</xCoord>
					<yCoord>289</yCoord>
					</edgeMap>
					<edgeMap>
					<xCoord>389</xCoord>
					<yCoord>289</yCoord>
					</edgeMap>
					<edgeMap>
					<xCoord>388</xCoord>
					<yCoord>288</yCoord>
					</edgeMap>
					<edgeMap>
					<xCoord>387</xCoord>
					<yCoord>287</yCoord>
					</edgeMap>
					<edgeMap>
					<xCoord>386</xCoord>
					<yCoord>286</yCoord>
					</edgeMap>
				</roi>
			</unblindedReadNodule>
			<unblindedReadNodule>
				<noduleID>2</noduleID>
				<characteristics>
					<subtlety>5</subtlety>
					<internalStructure>1</internalStructure>
					<calcification>3</calcification>
					<sphericity>5</sphericity>
					<margin>5</margin>
					<lobulation>1</lobulation>
					<spiculation>1</spiculation>
					<texture>5</texture>
					<malignancy>1</malignancy>
				</characteristics>
				<roi>
					<imageZposition>-53.0</imageZposition>
					<imageSOP_UID>1.3.6.1.4.1.14519.5.2.1.6279.6001.496803146128336461018404853264</imageSOP_UID>
					<inclusion>TRUE</inclusion>
					<edgeMap>
					<xCoord>177</xCoord>
					<yCoord>289</yCoord>
					</edgeMap>
					<edgeMap>
					<xCoord>178</xCoord>
					<yCoord>288</yCoord>
					</edgeMap>
					<edgeMap>
					<xCoord>179</xCoord>
					<yCoord>287</yCoord>
					</edgeMap>
					<edgeMap>
					<xCoord>180</xCoord>
					<yCoord>287</yCoord>
					</edgeMap>
					<edgeMap>
					<xCoord>181</xCoord>
					<yCoord>287</yCoord>
					</edgeMap>
					<edgeMap>
					<xCoord>182</xCoord>
					<yCoord>288</yCoord>
					</edgeMap>
					<edgeMap>
					<xCoord>182</xCoord>
					<yCoord>289</yCoord>
					</edgeMap>
					<edgeMap>
					<xCoord>183</xCoord>
					<yCoord>290</yCoord>
					</edgeMap>
					<edgeMap>
					<xCoord>183</xCoord>
					<yCoord>291</yCoord>
					</edgeMap>
					<edgeMap>
					<xCoord>182</xCoord>
					<yCoord>291</yCoord>
					</edgeMap>
					<edgeMap>
					<xCoord>181</xCoord>
					<yCoord>291</yCoord>
					</edgeMap>
					<edgeMap>
					<xCoord>180</xCoord>
					<yCoord>291</yCoord>
					</edgeMap>
					<edgeMap>
					<xCoord>179</xCoord>
					<yCoord>291</yCoord>
					</edgeMap>
					<edgeMap>
					<xCoord>178</xCoord>
					<yCoord>291</yCoord>
					</edgeMap>
					<edgeMap>
					<xCoord>177</xCoord>
					<yCoord>290</yCoord>
					</edgeMap>
					<edgeMap>
					<xCoord>177</xCoord>
					<yCoord>289</yCoord>
					</edgeMap>
				</roi>
				<roi>
					<imageZposition>-55.5</imageZposition>
					<imageSOP_UID>1.3.6.1.4.1.14519.5.2.1.6279.6001.207280482127987910481815719457</imageSOP_UID>
					<inclusion>TRUE</inclusion>
					<edgeMap>
					<xCoord>176</xCoord>
					<yCoord>288</yCoord>
					</edgeMap>
					<edgeMap>
					<xCoord>176</xCoord>
					<yCoord>287</yCoord>
					</edgeMap>
					<edgeMap>
					<xCoord>177</xCoord>
					<yCoord>287</yCoord>
					</edgeMap>
					<edgeMap>
					<xCoord>178</xCoord>
					<yCoord>286</yCoord>
					</edgeMap>
					<edgeMap>
					<xCoord>179</xCoord>
					<yCoord>286</yCoord>
					</edgeMap>
					<edgeMap>
					<xCoord>180</xCoord>
					<yCoord>286</yCoord>
					</edgeMap>
					<edgeMap>
					<xCoord>181</xCoord>
					<yCoord>286</yCoord>
					</edgeMap>
					<edgeMap>
					<xCoord>182</xCoord>
					<yCoord>286</yCoord>
					</edgeMap>
					<edgeMap>
					<xCoord>183</xCoord>
					<yCoord>286</yCoord>
					</edgeMap>
					<edgeMap>
					<xCoord>183</xCoord>
					<yCoord>287</yCoord>
					</edgeMap>
					<edgeMap>
					<xCoord>184</xCoord>
					<yCoord>288</yCoord>
					</edgeMap>
					<edgeMap>
					<xCoord>185</xCoord>
					<yCoord>289</yCoord>
					</edgeMap>
					<edgeMap>
					<xCoord>184</xCoord>
					<yCoord>290</yCoord>
					</edgeMap>
					<edgeMap>
					<xCoord>184</xCoord>
					<yCoord>291</yCoord>
					</edgeMap>
					<edgeMap>
					<xCoord>184</xCoord>
					<yCoord>292</yCoord>
					</edgeMap>
					<edgeMap>
					<xCoord>183</xCoord>
					<yCoord>292</yCoord>
					</edgeMap>
					<edgeMap>
					<xCoord>182</xCoord>
					<yCoord>293</yCoord>
					</edgeMap>
					<edgeMap>
					<xCoord>181</xCoord>
					<yCoord>293</yCoord>
					</edgeMap>
					<edgeMap>
					<xCoord>180</xCoord>
					<yCoord>293</yCoord>
					</edgeMap>
					<edgeMap>
					<xCoord>179</xCoord>
					<yCoord>293</yCoord>
					</edgeMap>
					<edgeMap>
					<xCoord>178</xCoord>
					<yCoord>292</yCoord>
					</edgeMap>
					<edgeMap>
					<xCoord>177</xCoord>
					<yCoord>292</yCoord>
					</edgeMap>
					<edgeMap>
					<xCoord>177</xCoord>
					<yCoord>291</yCoord>
					</edgeMap>
					<edgeMap>
					<xCoord>177</xCoord>
					<yCoord>290</yCoord>
					</edgeMap>
					<edgeMap>
					<xCoord>176</xCoord>
					<yCoord>289</yCoord>
					</edgeMap>
					<edgeMap>
					<xCoord>176</xCoord>
					<yCoord>288</yCoord>
					</edgeMap>
				</roi>
				<roi>
					<imageZposition>-58.0</imageZposition>
					<imageSOP_UID>1.3.6.1.4.1.14519.5.2.1.6279.6001.117091144980491985034781961588</imageSOP_UID>
					<inclusion>TRUE</inclusion>
					<edgeMap>
					<xCoord>175</xCoord>
					<yCoord>289</yCoord>
					</edgeMap>
					<edgeMap>
					<xCoord>175</xCoord>
					<yCoord>288</yCoord>
					</edgeMap>
					<edgeMap>
					<xCoord>175</xCoord>
					<yCoord>287</yCoord>
					</edgeMap>
					<edgeMap>
					<xCoord>176</xCoord>
					<yCoord>286</yCoord>
					</edgeMap>
					<edgeMap>
					<xCoord>177</xCoord>
					<yCoord>285</yCoord>
					</edgeMap>
					<edgeMap>
					<xCoord>178</xCoord>
					<yCoord>285</yCoord>
					</edgeMap>
					<edgeMap>
					<xCoord>179</xCoord>
					<yCoord>285</yCoord>
					</edgeMap>
					<edgeMap>
					<xCoord>180</xCoord>
					<yCoord>285</yCoord>
					</edgeMap>
					<edgeMap>
					<xCoord>181</xCoord>
					<yCoord>285</yCoord>
					</edgeMap>
					<edgeMap>
					<xCoord>182</xCoord>
					<yCoord>285</yCoord>
					</edgeMap>
					<edgeMap>
					<xCoord>183</xCoord>
					<yCoord>285</yCoord>
					</edgeMap>
					<edgeMap>
					<xCoord>184</xCoord>
					<yCoord>285</yCoord>
					</edgeMap>
					<edgeMap>
					<xCoord>185</xCoord>
					<yCoord>285</yCoord>
					</edgeMap>
					<edgeMap>
					<xCoord>186</xCoord>
					<yCoord>285</yCoord>
					</edgeMap>
					<edgeMap>
					<xCoord>186</xCoord>
					<yCoord>286</yCoord>
					</edgeMap>
					<edgeMap>
					<xCoord>185</xCoord>
					<yCoord>287</yCoord>
					</edgeMap>
					<edgeMap>
					<xCoord>185</xCoord>
					<yCoord>288</yCoord>
					</edgeMap>
					<edgeMap>
					<xCoord>185</xCoord>
					<yCoord>289</yCoord>
					</edgeMap>
					<edgeMap>
					<xCoord>186</xCoord>
					<yCoord>290</yCoord>
					</edgeMap>
					<edgeMap>
					<xCoord>185</xCoord>
					<yCoord>291</yCoord>
					</edgeMap>
					<edgeMap>
					<xCoord>185</xCoord>
					<yCoord>292</yCoord>
					</edgeMap>
					<edgeMap>
					<xCoord>184</xCoord>
					<yCoord>293</yCoord>
					</edgeMap>
					<edgeMap>
					<xCoord>183</xCoord>
					<yCoord>293</yCoord>
					</edgeMap>
					<edgeMap>
					<xCoord>182</xCoord>
					<yCoord>293</yCoord>
					</edgeMap>
					<edgeMap>
					<xCoord>181</xCoord>
					<yCoord>293</yCoord>
					</edgeMap>
					<edgeMap>
					<xCoord>180</xCoord>
					<yCoord>293</yCoord>
					</edgeMap>
					<edgeMap>
					<xCoord>179</xCoord>
					<yCoord>293</yCoord>
					</edgeMap>
					<edgeMap>
					<xCoord>178</xCoord>
					<yCoord>293</yCoord>
					</edgeMap>
					<edgeMap>
					<xCoord>177</xCoord>
					<yCoord>292</yCoord>
					</edgeMap>
					<edgeMap>
					<xCoord>176</xCoord>
					<yCoord>291</yCoord>
					</edgeMap>
					<edgeMap>
					<xCoord>176</xCoord>
					<yCoord>290</yCoord>
					</edgeMap>
					<edgeMap>
					<xCoord>175</xCoord>
					<yCoord>289</yCoord>
					</edgeMap>
				</roi>
				<roi>
					<imageZposition>-60.5</imageZposition>
					<imageSOP_UID>1.3.6.1.4.1.14519.5.2.1.6279.6001.267575647308516837426970435536</imageSOP_UID>
					<inclusion>TRUE</inclusion>
					<edgeMap>
					<xCoord>175</xCoord>
					<yCoord>291</yCoord>
					</edgeMap>
					<edgeMap>
					<xCoord>175</xCoord>
					<yCoord>290</yCoord>
					</edgeMap>
					<edgeMap>
					<xCoord>175</xCoord>
					<yCoord>289</yCoord>
					</edgeMap>
					<edgeMap>
					<xCoord>175</xCoord>
					<yCoord>288</yCoord>
					</edgeMap>
					<edgeMap>
					<xCoord>174</xCoord>
					<yCoord>287</yCoord>
					</edgeMap>
					<edgeMap>
					<xCoord>175</xCoord>
					<yCoord>286</yCoord>
					</edgeMap>
					<edgeMap>
					<xCoord>176</xCoord>
					<yCoord>285</yCoord>
					</edgeMap>
					<edgeMap>
					<xCoord>177</xCoord>
					<yCoord>285</yCoord>
					</edgeMap>
					<edgeMap>
					<xCoord>178</xCoord>
					<yCoord>285</yCoord>
					</edgeMap>
					<edgeMap>
					<xCoord>179</xCoord>
					<yCoord>285</yCoord>
					</edgeMap>
					<edgeMap>
					<xCoord>180</xCoord>
					<yCoord>285</yCoord>
					</edgeMap>
					<edgeMap>
					<xCoord>181</xCoord>
					<yCoord>285</yCoord>
					</edgeMap>
					<edgeMap>
					<xCoord>182</xCoord>
					<yCoord>285</yCoord>
					</edgeMap>
					<edgeMap>
					<xCoord>183</xCoord>
					<yCoord>284</yCoord>
					</edgeMap>
					<edgeMap>
					<xCoord>184</xCoord>
					<yCoord>284</yCoord>
					</edgeMap>
					<edgeMap>
					<xCoord>185</xCoord>
					<yCoord>284</yCoord>
					</edgeMap>
					<edgeMap>
					<xCoord>186</xCoord>
					<yCoord>284</yCoord>
					</edgeMap>
					<edgeMap>
					<xCoord>187</xCoord>
					<yCoord>284</yCoord>
					</edgeMap>
					<edgeMap>
					<xCoord>186</xCoord>
					<yCoord>285</yCoord>
					</edgeMap>
					<edgeMap>
					<xCoord>186</xCoord>
					<yCoord>286</yCoord>
					</edgeMap>
					<edgeMap>
					<xCoord>185</xCoord>
					<yCoord>286</yCoord>
					</edgeMap>
					<edgeMap>
					<xCoord>184</xCoord>
					<yCoord>286</yCoord>
					</edgeMap>
					<edgeMap>
					<xCoord>184</xCoord>
					<yCoord>287</yCoord>
					</edgeMap>
					<edgeMap>
					<xCoord>184</xCoord>
					<yCoord>288</yCoord>
					</edgeMap>
					<edgeMap>
					<xCoord>185</xCoord>
					<yCoord>289</yCoord>
					</edgeMap>
					<edgeMap>
					<xCoord>186</xCoord>
					<yCoord>289</yCoord>
					</edgeMap>
					<edgeMap>
					<xCoord>186</xCoord>
					<yCoord>290</yCoord>
					</edgeMap>
					<edgeMap>
					<xCoord>185</xCoord>
					<yCoord>291</yCoord>
					</edgeMap>
					<edgeMap>
					<xCoord>185</xCoord>
					<yCoord>292</yCoord>
					</edgeMap>
					<edgeMap>
					<xCoord>184</xCoord>
					<yCoord>293</yCoord>
					</edgeMap>
					<edgeMap>
					<xCoord>183</xCoord>
					<yCoord>293</yCoord>
					</edgeMap>
					<edgeMap>
					<xCoord>182</xCoord>
					<yCoord>294</yCoord>
					</edgeMap>
					<edgeMap>
					<xCoord>181</xCoord>
					<yCoord>294</yCoord>
					</edgeMap>
					<edgeMap>
					<xCoord>180</xCoord>
					<yCoord>294</yCoord>
					</edgeMap>
					<edgeMap>
					<xCoord>179</xCoord>
					<yCoord>293</yCoord>
					</edgeMap>
					<edgeMap>
					<xCoord>178</xCoord>
					<yCoord>293</yCoord>
					</edgeMap>
					<edgeMap>
					<xCoord>177</xCoord>
					<yCoord>293</yCoord>
					</edgeMap>
					<edgeMap>
					<xCoord>176</xCoord>
					<yCoord>292</yCoord>
					</edgeMap>
					<edgeMap>
					<xCoord>175</xCoord>
					<yCoord>291</yCoord>
					</edgeMap>
				</roi>
				<roi>
					<imageZposition>-63.0</imageZposition>
					<imageSOP_UID>1.3.6.1.4.1.14519.5.2.1.6279.6001.209058704109605882370760131125</imageSOP_UID>
					<inclusion>TRUE</inclusion>
					<edgeMap>
					<xCoord>175</xCoord>
					<yCoord>288</yCoord>
					</edgeMap>
					<edgeMap>
					<xCoord>175</xCoord>
					<yCoord>287</yCoord>
					</edgeMap>
					<edgeMap>
					<xCoord>176</xCoord>
					<yCoord>286</yCoord>
					</edgeMap>
					<edgeMap>
					<xCoord>177</xCoord>
					<yCoord>285</yCoord>
					</edgeMap>
					<edgeMap>
					<xCoord>178</xCoord>
					<yCoord>285</yCoord>
					</edgeMap>
					<edgeMap>
					<xCoord>179</xCoord>
					<yCoord>285</yCoord>
					</edgeMap>
					<edgeMap>
					<xCoord>180</xCoord>
					<yCoord>285</yCoord>
					</edgeMap>
					<edgeMap>
					<xCoord>181</xCoord>
					<yCoord>285</yCoord>
					</edgeMap>
					<edgeMap>
					<xCoord>182</xCoord>
					<yCoord>285</yCoord>
					</edgeMap>
					<edgeMap>
					<xCoord>183</xCoord>
					<yCoord>285</yCoord>
					</edgeMap>
					<edgeMap>
					<xCoord>184</xCoord>
					<yCoord>285</yCoord>
					</edgeMap>
					<edgeMap>
					<xCoord>184</xCoord>
					<yCoord>286</yCoord>
					</edgeMap>
					<edgeMap>
					<xCoord>183</xCoord>
					<yCoord>287</yCoord>
					</edgeMap>
					<edgeMap>
					<xCoord>182</xCoord>
					<yCoord>288</yCoord>
					</edgeMap>
					<edgeMap>
					<xCoord>181</xCoord>
					<yCoord>289</yCoord>
					</edgeMap>
					<edgeMap>
					<xCoord>180</xCoord>
					<yCoord>290</yCoord>
					</edgeMap>
					<edgeMap>
					<xCoord>180</xCoord>
					<yCoord>291</yCoord>
					</edgeMap>
					<edgeMap>
					<xCoord>179</xCoord>
					<yCoord>291</yCoord>
					</edgeMap>
					<edgeMap>
					<xCoord>178</xCoord>
					<yCoord>291</yCoord>
					</edgeMap>
					<edgeMap>
					<xCoord>177</xCoord>
					<yCoord>291</yCoord>
					</edgeMap>
					<edgeMap>
					<xCoord>176</xCoord>
					<yCoord>291</yCoord>
					</edgeMap>
					<edgeMap>
					<xCoord>175</xCoord>
					<yCoord>291</yCoord>
					</edgeMap>
					<edgeMap>
					<xCoord>175</xCoord>
					<yCoord>290</yCoord>
					</edgeMap>
					<edgeMap>
					<xCoord>175</xCoord>
					<yCoord>289</yCoord>
					</edgeMap>
					<edgeMap>
					<xCoord>175</xCoord>
					<yCoord>288</yCoord>
					</edgeMap>
				</roi>
				<roi>
					<imageZposition>-65.5</imageZposition>
					<imageSOP_UID>1.3.6.1.4.1.14519.5.2.1.6279.6001.290316951409160248238619599527</imageSOP_UID>
					<inclusion>TRUE</inclusion>
					<edgeMap>
					<xCoord>176</xCoord>
					<yCoord>287</yCoord>
					</edgeMap>
					<edgeMap>
					<xCoord>176</xCoord>
					<yCoord>286</yCoord>
					</edgeMap>
					<edgeMap>
					<xCoord>176</xCoord>
					<yCoord>285</yCoord>
					</edgeMap>
					<edgeMap>
					<xCoord>177</xCoord>
					<yCoord>284</yCoord>
					</edgeMap>
					<edgeMap>
					<xCoord>178</xCoord>
					<yCoord>284</yCoord>
					</edgeMap>
					<edgeMap>
					<xCoord>179</xCoord>
					<yCoord>284</yCoord>
					</edgeMap>
					<edgeMap>
					<xCoord>180</xCoord>
					<yCoord>284</yCoord>
					</edgeMap>
					<edgeMap>
					<xCoord>181</xCoord>
					<yCoord>284</yCoord>
					</edgeMap>
					<edgeMap>
					<xCoord>182</xCoord>
					<yCoord>285</yCoord>
					</edgeMap>
					<edgeMap>
					<xCoord>183</xCoord>
					<yCoord>285</yCoord>
					</edgeMap>
					<edgeMap>
					<xCoord>183</xCoord>
					<yCoord>286</yCoord>
					</edgeMap>
					<edgeMap>
					<xCoord>183</xCoord>
					<yCoord>287</yCoord>
					</edgeMap>
					<edgeMap>
					<xCoord>182</xCoord>
					<yCoord>288</yCoord>
					</edgeMap>
					<edgeMap>
					<xCoord>181</xCoord>
					<yCoord>288</yCoord>
					</edgeMap>
					<edgeMap>
					<xCoord>180</xCoord>
					<yCoord>288</yCoord>
					</edgeMap>
					<edgeMap>
					<xCoord>179</xCoord>
					<yCoord>288</yCoord>
					</edgeMap>
					<edgeMap>
					<xCoord>178</xCoord>
					<yCoord>288</yCoord>
					</edgeMap>
					<edgeMap>
					<xCoord>177</xCoord>
					<yCoord>287</yCoord>
					</edgeMap>
					<edgeMap>
					<xCoord>176</xCoord>
					<yCoord>287</yCoord>
					</edgeMap>
				</roi>
			</unblindedReadNodule>
			<nonNodule>
				<nonNoduleID>1</nonNoduleID>
				<imageZposition>-213.0</imageZposition>
				<imageSOP_UID>1.3.6.1.4.1.14519.5.2.1.6279.6001.496957236698215465045993852918</imageSOP_UID>
				<locus>
					<xCoord>367</xCoord>
					<yCoord>159</yCoord>
				</locus>
			</nonNodule>
	</readingSession>
</LidcReadMessage>