<?xml version="1.0" encoding="UTF-8"?>
<LidcReadMessage uid="1.3.6.1.4.1.14519.5.2.1.6279.6001.1307390728993.0" xmlns="http://www.nih.gov" xmlns:xsi="http://www.w3.org/2001/XMLSchema-instance" xsi:schemaLocation="http://www.nih.gov  http://troll.rad.med.umich.edu/lidc/LidcReadMessage.xsd">
<ResponseHeader>
<Version>1.8.1</Version>
<MessageId>458390194</MessageId>
<DateRequest>2007-10-11</DateRequest>
<TimeRequest>08:59:35</TimeRequest>
<RequestingSite>removed</RequestingSite>
<ServicingSite>removed</ServicingSite>
<TaskDescription>Second unblinded read</TaskDescription>
<CtImageFile>removed</CtImageFile>
<SeriesInstanceUid>1.3.6.1.4.1.14519.5.2.1.6279.6001.101228986346984399347858840086</SeriesInstanceUid>
<DateService>2008-09-17</DateService>
<TimeService>09:51:46</TimeService>
<ResponseDescription>1 - Reading complete</ResponseDescription>
<StudyInstanceUID>1.3.6.1.4.1.14519.5.2.1.6279.6001.279133908903915300821612602665</StudyInstanceUID></ResponseHeader>
<readingSession>
    <annotationVersion>3.12</annotationVersion>
    <servicingRadiologistID>1971716492</servicingRadiologistID>
    <unblindedReadNodule>
      <noduleID>Nodule 008</noduleID>
      <characteristics>
        <subtlety>3</subtlety>
        <internalStructure>1</internalStructure>
        <calcification>6</calcification>
        <sphericity>4</sphericity>
        <margin>5</margin>
        <lobulation>1</lobulation>
        <spiculation>1</spiculation>
        <texture>5</texture>
        <malignancy>2</malignancy>
      </characteristics>
      <roi>
        <imageZposition>-233.750000 </imageZposition>
        <imageSOP_UID>1.3.6.1.4.1.14519.5.2.1.6279.6001.132432450214099061370587233774</imageSOP_UID>
        <inclusion>TRUE</inclusion>
        <edgeMap>
          <xCoord>94</xCoord>
          <yCoord>303</yCoord>
        </edgeMap>
        <edgeMap>
          <xCoord>93</xCoord>
          <yCoord>304</yCoord>
        </edgeMap>
        <edgeMap>
          <xCoord>92</xCoord>
          <yCoord>304</yCoord>
        </edgeMap>
        <edgeMap>
          <xCoord>91</xCoord>
          <yCoord>305</yCoord>
        </edgeMap>
        <edgeMap>
          <xCoord>91</xCoord>
          <yCoord>306</yCoord>
        </edgeMap>
        <edgeMap>
          <xCoord>92</xCoord>
          <yCoord>307</yCoord>
        </edgeMap>
        <edgeMap>
          <xCoord>93</xCoord>
          <yCoord>308</yCoord>
        </edgeMap>
        <edgeMap>
          <xCoord>94</xCoord>
          <yCoord>308</yCoord>
        </edgeMap>
        <edgeMap>
          <xCoord>95</xCoord>
          <yCoord>309</yCoord>
        </edgeMap>
        <edgeMap>
          <xCoord>96</xCoord>
          <yCoord>309</yCoord>
        </edgeMap>
        <edgeMap>
          <xCoord>97</xCoord>
          <yCoord>309</yCoord>
        </edgeMap>
        <edgeMap>
          <xCoord>98</xCoord>
          <yCoord>309</yCoord>
        </edgeMap>
        <edgeMap>
          <xCoord>99</xCoord>
          <yCoord>308</yCoord>
        </edgeMap>
        <edgeMap>
          <xCoord>99</xCoord>
          <yCoord>307</yCoord>
        </edgeMap>
        <edgeMap>
          <xCoord>99</xCoord>
          <yCoord>306</yCoord>
        </edgeMap>
        <edgeMap>
          <xCoord>99</xCoord>
          <yCoord>305</yCoord>
        </edgeMap>
        <edgeMap>
          <xCoord>98</xCoord>
          <yCoord>304</yCoord>
        </edgeMap>
        <edgeMap>
          <xCoord>97</xCoord>
          <yCoord>303</yCoord>
        </edgeMap>
        <edgeMap>
          <xCoord>96</xCoord>
          <yCoord>303</yCoord>
        </edgeMap>
        <edgeMap>
          <xCoord>95</xCoord>
          <yCoord>303</yCoord>
        </edgeMap>
        <edgeMap>
          <xCoord>94</xCoord>
          <yCoord>303</yCoord>
        </edgeMap>
      </roi>
      <roi>
        <imageZposition>-232.500000 </imageZposition>
        <imageSOP_UID>1.3.6.1.4.1.14519.5.2.1.6279.6001.671363704326528282092737828447</imageSOP_UID>
        <inclusion>TRUE</inclusion>
        <edgeMap>
          <xCoord>96</xCoord>
          <yCoord>302</yCoord>
        </edgeMap>
        <edgeMap>
          <xCoord>95</xCoord>
          <yCoord>303</yCoord>
        </edgeMap>
        <edgeMap>
          <xCoord>94</xCoord>
          <yCoord>304</yCoord>
        </edgeMap>
        <edgeMap>
          <xCoord>93</xCoord>
          <yCoord>305</yCoord>
        </edgeMap>
        <edgeMap>
          <xCoord>92</xCoord>
          <yCoord>306</yCoord>
        </edgeMap>
        <edgeMap>
          <xCoord>93</xCoord>
          <yCoord>307</yCoord>
        </edgeMap>
        <edgeMap>
          <xCoord>93</xCoord>
          <yCoord>308</yCoord>
        </edgeMap>
        <edgeMap>
          <xCoord>94</xCoord>
          <yCoord>309</yCoord>
        </edgeMap>
        <edgeMap>
          <xCoord>95</xCoord>
          <yCoord>309</yCoord>
        </edgeMap>
        <edgeMap>
          <xCoord>96</xCoord>
          <yCoord>309</yCoord>
        </edgeMap>
        <edgeMap>
          <xCoord>97</xCoord>
          <yCoord>309</yCoord>
        </edgeMap>
        <edgeMap>
          <xCoord>98</xCoord>
          <yCoord>308</yCoord>
        </edgeMap>
        <edgeMap>
          <xCoord>99</xCoord>
          <yCoord>307</yCoord>
        </edgeMap>
        <edgeMap>
          <xCoord>99</xCoord>
          <yCoord>306</yCoord>
        </edgeMap>
        <edgeMap>
          <xCoord>99</xCoord>
          <yCoord>305</yCoord>
        </edgeMap>
        <edgeMap>
          <xCoord>99</xCoord>
          <yCoord>304</yCoord>
        </edgeMap>
        <edgeMap>
          <xCoord>98</xCoord>
          <yCoord>303</yCoord>
        </edgeMap>
        <edgeMap>
          <xCoord>97</xCoord>
          <yCoord>302</yCoord>
        </edgeMap>
        <edgeMap>
          <xCoord>96</xCoord>
          <yCoord>302</yCoord>
        </edgeMap>
      </roi>
    </unblindedReadNodule>
    <unblindedReadNodule>
      <noduleID>Nodule 001</noduleID>
      <roi>
        <imageZposition>-77.500000</imageZposition>
        <imageSOP_UID>1.3.6.1.4.1.14519.5.2.1.6279.6001.211630655629404857979380675316</imageSOP_UID>
        <inclusion>TRUE</inclusion>
        <edgeMap>
          <xCoord>158</xCoord>
          <yCoord>267</yCoord>
        </edgeMap>
      </roi>
    </unblindedReadNodule>
    <unblindedReadNodule>
      <noduleID>Nodule 002</noduleID>
      <roi>
        <imageZposition>-80.000000</imageZposition>
        <imageSOP_UID>1.3.6.1.4.1.14519.5.2.1.6279.6001.758031889404343697027735559671</imageSOP_UID>
        <inclusion>TRUE</inclusion>
        <edgeMap>
          <xCoord>158</xCoord>
          <yCoord>244</yCoord>
        </edgeMap>
      </roi>
    </unblindedReadNodule>
    <unblindedReadNodule>
      <noduleID>Nodule 003</noduleID>
      <roi>
        <imageZposition>-102.500000 </imageZposition>
        <imageSOP_UID>1.3.6.1.4.1.14519.5.2.1.6279.6001.195171851813748235873948763084</imageSOP_UID>
        <inclusion>TRUE</inclusion>
        <edgeMap>
          <xCoord>153</xCoord>
          <yCoord>216</yCoord>
        </edgeMap>
      </roi>
    </unblindedReadNodule>
    <unblindedReadNodule>
      <noduleID>Nodule 004</noduleID>
      <roi>
        <imageZposition>-128.750000 </imageZposition>
        <imageSOP_UID>1.3.6.1.4.1.14519.5.2.1.6279.6001.208931012959509369053081909299</imageSOP_UID>
        <inclusion>TRUE</inclusion>
        <edgeMap>
          <xCoord>131</xCoord>
          <yCoord>324</yCoord>
        </edgeMap>
      </roi>
    </unblindedReadNodule>
    <unblindedReadNodule>
      <noduleID>Nodule 005</noduleID>
      <roi>
        <imageZposition>-143.750000 </imageZposition>
        <imageSOP_UID>1.3.6.1.4.1.14519.5.2.1.6279.6001.320873214662944308635859849523</imageSOP_UID>
        <inclusion>TRUE</inclusion>
        <edgeMap>
          <xCoord>205</xCoord>
          <yCoord>165</yCoord>
        </edgeMap>
      </roi>
    </unblindedReadNodule>
    <unblindedReadNodule>
      <noduleID>Nodule 006</noduleID>
      <roi>
        <imageZposition>-193.750000 </imageZposition>
        <imageSOP_UID>1.3.6.1.4.1.14519.5.2.1.6279.6001.536000625585916274402834949494</imageSOP_UID>
        <inclusion>TRUE</inclusion>
        <edgeMap>
          <xCoord>178</xCoord>
          <yCoord>163</yCoord>
        </edgeMap>
      </roi>
    </unblindedReadNodule>
    <unblindedReadNodule>
      <noduleID>Nodule 007</noduleID>
      <roi>
        <imageZposition>-188.750000 </imageZposition>
        <imageSOP_UID>1.3.6.1.4.1.14519.5.2.1.6279.6001.177467289474225882126873344292</imageSOP_UID>
        <inclusion>TRUE</inclusion>
        <edgeMap>
          <xCoord>124</xCoord>
          <yCoord>200</yCoord>
        </edgeMap>
      </roi>
    </unblindedReadNodule>
    <unblindedReadNodule>
      <noduleID>Nodule 009</noduleID>
      <roi>
        <imageZposition>-165.000000 </imageZposition>
        <imageSOP_UID>1.3.6.1.4.1.14519.5.2.1.6279.6001.285683560280210056815635064720</imageSOP_UID>
        <inclusion>TRUE</inclusion>
        <edgeMap>
          <xCoord>422</xCoord>
          <yCoord>234</yCoord>
        </edgeMap>
      </roi>
    </unblindedReadNodule>
    <unblindedReadNodule>
      <noduleID>Nodule 010</noduleID>
      <roi>
        <imageZposition>-128.750000 </imageZposition>
        <imageSOP_UID>1.3.6.1.4.1.14519.5.2.1.6279.6001.208931012959509369053081909299</imageSOP_UID>
        <inclusion>TRUE</inclusion>
        <edgeMap>
          <xCoord>405</xCoord>
          <yCoord>213</yCoord>
        </edgeMap>
      </roi>
    </unblindedReadNodule>
    <unblindedReadNodule>
      <noduleID>Nodule 011</noduleID>
      <roi>
        <imageZposition>-118.750000 </imageZposition>
        <imageSOP_UID>1.3.6.1.4.1.14519.5.2.1.6279.6001.197284802402942521186093038437</imageSOP_UID>
        <inclusion>TRUE</inclusion>
        <edgeMap>
          <xCoord>319</xCoord>
          <yCoord>320</yCoord>
        </edgeMap>
      </roi>
    </unblindedReadNodule>
    <unblindedReadNodule>
      <noduleID>Nodule 012</noduleID>
      <roi>
        <imageZposition>-130.000000 </imageZposition>
        <imageSOP_UID>1.3.6.1.4.1.14519.5.2.1.6279.6001.432211728178306995483077430861</imageSOP_UID>
        <inclusion>TRUE</inclusion>
        <edgeMap>
          <xCoord>313</xCoord>
          <yCoord>173</yCoord>
        </edgeMap>
      </roi>
    </unblindedReadNodule>
    <unblindedReadNodule>
      <noduleID>Nodule 013</noduleID>
      <roi>
        <imageZposition>-113.750000 </imageZposition>
        <imageSOP_UID>1.3.6.1.4.1.14519.5.2.1.6279.6001.937243495775613547702214557988</imageSOP_UID>
        <inclusion>TRUE</inclusion>
        <edgeMap>
          <xCoord>310</xCoord>
          <yCoord>175</yCoord>
        </edgeMap>
      </roi>
    </unblindedReadNodule>
    <unblindedReadNodule>
      <noduleID>Nodule 014</noduleID>
      <roi>
        <imageZposition>-143.750000 </imageZposition>
        <imageSOP_UID>1.3.6.1.4.1.14519.5.2.1.6279.6001.320873214662944308635859849523</imageSOP_UID>
        <inclusion>TRUE</inclusion>
        <edgeMap>
          <xCoord>385</xCoord>
          <yCoord>195</yCoord>
        </edgeMap>
      </roi>
    </unblindedReadNodule>
    <unblindedReadNodule>
      <noduleID>Nodule 015</noduleID>
      <roi>
        <imageZposition>-98.750000</imageZposition>
        <imageSOP_UID>1.3.6.1.4.1.14519.5.2.1.6279.6001.198079084967216159677532984523</imageSOP_UID>
        <inclusion>TRUE</inclusion>
        <edgeMap>
          <xCoord>133</xCoord>
          <yCoord>254</yCoord>
        </edgeMap>
      </roi>
    </unblindedReadNodule>
    <unblindedReadNodule>
      <noduleID>Nodule 016</noduleID>
      <roi>
        <imageZposition>-113.750000 </imageZposition>
        <imageSOP_UID>1.3.6.1.4.1.14519.5.2.1.6279.6001.937243495775613547702214557988</imageSOP_UID>
        <inclusion>TRUE</inclusion>
        <edgeMap>
          <xCoord>200</xCoord>
          <yCoord>182</yCoord>
        </edgeMap>
      </roi>
    </unblindedReadNodule>
    <unblindedReadNodule>
      <noduleID>Nodule 017</noduleID>
      <roi>
        <imageZposition>-97.500000</imageZposition>
        <imageSOP_UID>1.3.6.1.4.1.14519.5.2.1.6279.6001.189613298680080038150071872530</imageSOP_UID>
        <inclusion>TRUE</inclusion>
        <edgeMap>
          <xCoord>314</xCoord>
          <yCoord>321</yCoord>
        </edgeMap>
      </roi>
    </unblindedReadNodule>
    <unblindedReadNodule>
      <noduleID>Nodule 018</noduleID>
      <roi>
        <imageZposition>-193.750000 </imageZposition>
        <imageSOP_UID>1.3.6.1.4.1.14519.5.2.1.6279.6001.536000625585916274402834949494</imageSOP_UID>
        <inclusion>TRUE</inclusion>
        <edgeMap>
          <xCoord>111</xCoord>
          <yCoord>260</yCoord>
        </edgeMap>
      </roi>
    </unblindedReadNodule>
    <unblindedReadNodule>
      <noduleID>Nodule 019</noduleID>
      <roi>
        <imageZposition>-196.250000 </imageZposition>
        <imageSOP_UID>1.3.6.1.4.1.14519.5.2.1.6279.6001.328073658556456843284805560668</imageSOP_UID>
        <inclusion>TRUE</inclusion>
        <edgeMap>
          <xCoord>132</xCoord>
          <yCoord>216</yCoord>
        </edgeMap>
      </roi>
    </unblindedReadNodule>
    <unblindedReadNodule>
      <noduleID>Nodule 020</noduleID>
      <roi>
        <imageZposition>-170.000000 </imageZposition>
        <imageSOP_UID>1.3.6.1.4.1.14519.5.2.1.6279.6001.106654455182556246114512609423</imageSOP_UID>
        <inclusion>TRUE</inclusion>
        <edgeMap>
          <xCoord>112</xCoord>
          <yCoord>224</yCoord>
        </edgeMap>
      </roi>
    </unblindedReadNodule>
    <unblindedReadNodule>
      <noduleID>Nodule 021</noduleID>
      <roi>
        <imageZposition>-131.250000 </imageZposition>
        <imageSOP_UID>1.3.6.1.4.1.14519.5.2.1.6279.6001.247109945413851783978280613552</imageSOP_UID>
        <inclusion>TRUE</inclusion>
        <edgeMap>
          <xCoord>152</xCoord>
          <yCoord>196</yCoord>
        </edgeMap>
      </roi>
    </unblindedReadNodule>
    <nonNodule>
      <nonNoduleID>_Non-nodule 001</nonNoduleID>
      <imageZposition>-265.000000 </imageZposition>
      <imageSOP_UID>1.3.6.1.4.1.14519.5.2.1.6279.6001.184002268359288493692284449855</imageSOP_UID>
      <locus>
        <xCoord>181</xCoord>
        <yCoord>182</yCoord>
      </locus>
    </nonNodule>
    <nonNodule>
      <nonNoduleID>_Non-nodule 002</nonNoduleID>
      <imageZposition>-271.250000 </imageZposition>
      <imageSOP_UID>1.3.6.1.4.1.14519.5.2.1.6279.6001.216787391871826909375993949464</imageSOP_UID>
      <locus>
        <xCoord>136</xCoord>
        <yCoord>352</yCoord>
      </locus>
    </nonNodule>
  </readingSession>
<readingSession>
    <annotationVersion>3.12</annotationVersion>
    <servicingRadiologistID>2048134262</servicingRadiologistID>
    <unblindedReadNodule>
      <noduleID>IL057_122824</noduleID>
      <roi>
        <imageZposition>-128.75</imageZposition>
        <imageSOP_UID>1.3.6.1.4.1.14519.5.2.1.6279.6001.208931012959509369053081909299</imageSOP_UID>
        <inclusion>TRUE</inclusion>
        <edgeMap>
          <xCoord>406</xCoord>
          <yCoord>215</yCoord>
        </edgeMap>
      </roi>
    </unblindedReadNodule>
    <unblindedReadNodule>
      <noduleID>IL057_122820</noduleID>
      <roi>
        <imageZposition>-188.75</imageZposition>
        <imageSOP_UID>1.3.6.1.4.1.14519.5.2.1.6279.6001.177467289474225882126873344292</imageSOP_UID>
        <inclusion>TRUE</inclusion>
        <edgeMap>
          <xCoord>125</xCoord>
          <yCoord>202</yCoord>
        </edgeMap>
      </roi>
    </unblindedReadNodule>
    <unblindedReadNodule>
      <noduleID>IL057_122828</noduleID>
      <roi>
        <imageZposition>-143.75</imageZposition>
        <imageSOP_UID>1.3.6.1.4.1.14519.5.2.1.6279.6001.320873214662944308635859849523</imageSOP_UID>
        <inclusion>TRUE</inclusion>
        <edgeMap>
          <xCoord>385</xCoord>
          <yCoord>197</yCoord>
        </edgeMap>
      </roi>
    </unblindedReadNodule>
    <unblindedReadNodule>
      <noduleID>IL057_122814</noduleID>
      <roi>
        <imageZposition>-128.75</imageZposition>
        <imageSOP_UID>1.3.6.1.4.1.14519.5.2.1.6279.6001.208931012959509369053081909299</imageSOP_UID>
        <inclusion>TRUE</inclusion>
        <edgeMap>
          <xCoord>132</xCoord>
          <yCoord>325</yCoord>
        </edgeMap>
      </roi>
    </unblindedReadNodule>
    <unblindedReadNodule>
      <noduleID>IL057_122806</noduleID>
      <roi>
        <imageZposition>-232.5</imageZposition>
        <imageSOP_UID>1.3.6.1.4.1.14519.5.2.1.6279.6001.671363704326528282092737828447</imageSOP_UID>
        <inclusion>TRUE</inclusion>
        <edgeMap>
          <xCoord>96</xCoord>
          <yCoord>306</yCoord>
        </edgeMap>
      </roi>
    </unblindedReadNodule>
    <unblindedReadNodule>
      <noduleID>IL057_122807</noduleID>
      <roi>
        <imageZposition>-77.5</imageZposition>
        <imageSOP_UID>1.3.6.1.4.1.14519.5.2.1.6279.6001.211630655629404857979380675316</imageSOP_UID>
        <inclusion>TRUE</inclusion>
        <edgeMap>
          <xCoord>158</xCoord>
          <yCoord>267</yCoord>
        </edgeMap>
      </roi>
    </unblindedReadNodule>
    <unblindedReadNodule>
      <noduleID>IL057_122809</noduleID>
      <roi>
        <imageZposition>-80.0</imageZposition>
        <imageSOP_UID>1.3.6.1.4.1.14519.5.2.1.6279.6001.758031889404343697027735559671</imageSOP_UID>
        <inclusion>TRUE</inclusion>
        <edgeMap>
          <xCoord>158</xCoord>
          <yCoord>244</yCoord>
        </edgeMap>
      </roi>
    </unblindedReadNodule>
    <unblindedReadNodule>
      <noduleID>IL057_122811</noduleID>
      <roi>
        <imageZposition>-102.5</imageZposition>
        <imageSOP_UID>1.3.6.1.4.1.14519.5.2.1.6279.6001.195171851813748235873948763084</imageSOP_UID>
        <inclusion>TRUE</inclusion>
        <edgeMap>
          <xCoord>153</xCoord>
          <yCoord>216</yCoord>
        </edgeMap>
      </roi>
    </unblindedReadNodule>
  </readingSession>
<readingSession>
<annotationVersion>3.12</annotationVersion>
<servicingRadiologistID>1890789455</servicingRadiologistID>
<unblindedReadNodule>
<noduleID>MI014_17431</noduleID>
<roi>
<imageZposition>-77.5</imageZposition>
<imageSOP_UID>1.3.6.1.4.1.14519.5.2.1.6279.6001.211630655629404857979380675316</imageSOP_UID>
<inclusion>TRUE</inclusion>
<edgeMap>
<xCoord>158</xCoord>
<yCoord>267</yCoord>
</edgeMap>
</roi>
</unblindedReadNodule>
<unblindedReadNodule>
<noduleID>MI014_17433</noduleID>
<roi>
<imageZposition>-78.75</imageZposition>
<imageSOP_UID>1.3.6.1.4.1.14519.5.2.1.6279.6001.215003947633405256980039518983</imageSOP_UID>
<inclusion>TRUE</inclusion>
<edgeMap>
<xCoord>157</xCoord>
<yCoord>245</yCoord>
</edgeMap>
</roi>
</unblindedReadNodule>
<unblindedReadNodule>
<noduleID>MI014_17452</noduleID>
<roi>
<imageZposition>-98.75</imageZposition>
<imageSOP_UID>1.3.6.1.4.1.14519.5.2.1.6279.6001.198079084967216159677532984523</imageSOP_UID>
<inclusion>TRUE</inclusion>
<edgeMap>
<xCoord>133</xCoord>
<yCoord>254</yCoord>
</edgeMap>
</roi>
</unblindedReadNodule>
<unblindedReadNodule>
<noduleID>MI014_17435</noduleID>
<roi>
<imageZposition>-103.75</imageZposition>
<imageSOP_UID>1.3.6.1.4.1.14519.5.2.1.6279.6001.192522266624427035307943171231</imageSOP_UID>
<inclusion>TRUE</inclusion>
<edgeMap>
<xCoord>154</xCoord>
<yCoord>216</yCoord>
</edgeMap>
</roi>
</unblindedReadNodule>
<unblindedReadNodule>
<noduleID>MI014_17453</noduleID>
<roi>
<imageZposition>-103.75</imageZposition>
<imageSOP_UID>1.3.6.1.4.1.14519.5.2.1.6279.6001.192522266624427035307943171231</imageSOP_UID>
<inclusion>TRUE</inclusion>
<edgeMap>
<xCoord>139</xCoord>
<yCoord>226</yCoord>
</edgeMap>
</roi>
</unblindedReadNodule>
<unblindedReadNodule>
<noduleID>MI014_17454</noduleID>
<roi>
<imageZposition>-113.75</imageZposition>
<imageSOP_UID>1.3.6.1.4.1.14519.5.2.1.6279.6001.937243495775613547702214557988</imageSOP_UID>
<inclusion>TRUE</inclusion>
<edgeMap>
<xCoord>201</xCoord>
<yCoord>182</yCoord>
</edgeMap>
</roi>
</unblindedReadNodule>
<unblindedReadNodule>
<noduleID>MI014_17438</noduleID>
<roi>
<imageZposition>-128.75</imageZposition>
<imageSOP_UID>1.3.6.1.4.1.14519.5.2.1.6279.6001.208931012959509369053081909299</imageSOP_UID>
<inclusion>TRUE</inclusion>
<edgeMap>
<xCoord>132</xCoord>
<yCoord>324</yCoord>
</edgeMap>
</roi>
</unblindedReadNodule>
<unblindedReadNodule>
<noduleID>MI014_17455</noduleID>
<roi>
<imageZposition>-131.25</imageZposition>
<imageSOP_UID>1.3.6.1.4.1.14519.5.2.1.6279.6001.247109945413851783978280613552</imageSOP_UID>
<inclusion>TRUE</inclusion>
<edgeMap>
<xCoord>153</xCoord>
<yCoord>196</yCoord>
</edgeMap>
</roi>
</unblindedReadNodule>
<unblindedReadNodule>
<noduleID>MI014_17456</noduleID>
<roi>
<imageZposition>-148.75</imageZposition>
<imageSOP_UID>1.3.6.1.4.1.14519.5.2.1.6279.6001.280198965984231316000363514735</imageSOP_UID>
<inclusion>TRUE</inclusion>
<edgeMap>
<xCoord>191</xCoord>
<yCoord>166</yCoord>
</edgeMap>
</roi>
</unblindedReadNodule>
<unblindedReadNodule>
<noduleID>MI014_17457</noduleID>
<roi>
<imageZposition>-170.0</imageZposition>
<imageSOP_UID>1.3.6.1.4.1.14519.5.2.1.6279.6001.106654455182556246114512609423</imageSOP_UID>
<inclusion>TRUE</inclusion>
<edgeMap>
<xCoord>112</xCoord>
<yCoord>224</yCoord>
</edgeMap>
</roi>
</unblindedReadNodule>
<unblindedReadNodule>
<noduleID>MI014_17458</noduleID>
<roi>
<imageZposition>-181.25</imageZposition>
<imageSOP_UID>1.3.6.1.4.1.14519.5.2.1.6279.6001.135456289626146585248280916552</imageSOP_UID>
<inclusion>TRUE</inclusion>
<edgeMap>
<xCoord>208</xCoord>
<yCoord>222</yCoord>
</edgeMap>
</roi>
</unblindedReadNodule>
<unblindedReadNodule>
<noduleID>MI014_17443</noduleID>
<roi>
<imageZposition>-188.75</imageZposition>
<imageSOP_UID>1.3.6.1.4.1.14519.5.2.1.6279.6001.177467289474225882126873344292</imageSOP_UID>
<inclusion>TRUE</inclusion>
<edgeMap>
<xCoord>124</xCoord>
<yCoord>200</yCoord>
</edgeMap>
</roi>
</unblindedReadNodule>
<unblindedReadNodule>
<noduleID>MI014_17441</noduleID>
<roi>
<imageZposition>-193.75</imageZposition>
<imageSOP_UID>1.3.6.1.4.1.14519.5.2.1.6279.6001.536000625585916274402834949494</imageSOP_UID>
<inclusion>TRUE</inclusion>
<edgeMap>
<xCoord>178</xCoord>
<yCoord>163</yCoord>
</edgeMap>
</roi>
</unblindedReadNodule>
<unblindedReadNodule>
<noduleID>MI014_17459</noduleID>
<roi>
<imageZposition>-196.25</imageZposition>
<imageSOP_UID>1.3.6.1.4.1.14519.5.2.1.6279.6001.328073658556456843284805560668</imageSOP_UID>
<inclusion>TRUE</inclusion>
<edgeMap>
<xCoord>133</xCoord>
<yCoord>216</yCoord>
</edgeMap>
</roi>
</unblindedReadNodule>
<unblindedReadNodule>
<noduleID>MI014_17460</noduleID>
<roi>
<imageZposition>-193.75</imageZposition>
<imageSOP_UID>1.3.6.1.4.1.14519.5.2.1.6279.6001.536000625585916274402834949494</imageSOP_UID>
<inclusion>TRUE</inclusion>
<edgeMap>
<xCoord>111</xCoord>
<yCoord>260</yCoord>
</edgeMap>
</roi>
</unblindedReadNodule>
<unblindedReadNodule>
<noduleID>MI014_17429</noduleID>
<roi>
<imageZposition>-232.5</imageZposition>
<imageSOP_UID>1.3.6.1.4.1.14519.5.2.1.6279.6001.671363704326528282092737828447</imageSOP_UID>
<inclusion>TRUE</inclusion>
<edgeMap>
<xCoord>96</xCoord>
<yCoord>306</yCoord>
</edgeMap>
</roi>
</unblindedReadNodule>
<unblindedReadNodule>
<noduleID>MI014_17461</noduleID>
<roi>
<imageZposition>-97.5</imageZposition>
<imageSOP_UID>1.3.6.1.4.1.14519.5.2.1.6279.6001.189613298680080038150071872530</imageSOP_UID>
<inclusion>TRUE</inclusion>
<edgeMap>
<xCoord>314</xCoord>
<yCoord>321</yCoord>
</edgeMap>
</roi>
</unblindedReadNodule>
<unblindedReadNodule>
<noduleID>MI014_17462</noduleID>
<roi>
<imageZposition>-113.75</imageZposition>
<imageSOP_UID>1.3.6.1.4.1.14519.5.2.1.6279.6001.937243495775613547702214557988</imageSOP_UID>
<inclusion>TRUE</inclusion>
<edgeMap>
<xCoord>310</xCoord>
<yCoord>175</yCoord>
</edgeMap>
</roi>
</unblindedReadNodule>
<unblindedReadNodule>
<noduleID>MI014_17446</noduleID>
<roi>
<imageZposition>-128.75</imageZposition>
<imageSOP_UID>1.3.6.1.4.1.14519.5.2.1.6279.6001.208931012959509369053081909299</imageSOP_UID>
<inclusion>TRUE</inclusion>
<edgeMap>
<xCoord>406</xCoord>
<yCoord>214</yCoord>
</edgeMap>
</roi>
</unblindedReadNodule>
<unblindedReadNodule>
<noduleID>MI014_17463</noduleID>
<roi>
<imageZposition>-128.75</imageZposition>
<imageSOP_UID>1.3.6.1.4.1.14519.5.2.1.6279.6001.208931012959509369053081909299</imageSOP_UID>
<inclusion>TRUE</inclusion>
<edgeMap>
<xCoord>313</xCoord>
<yCoord>173</yCoord>
</edgeMap>
</roi>
</unblindedReadNodule>
<unblindedReadNodule>
<noduleID>MI014_17464</noduleID>
<roi>
<imageZposition>-118.75</imageZposition>
<imageSOP_UID>1.3.6.1.4.1.14519.5.2.1.6279.6001.197284802402942521186093038437</imageSOP_UID>
<inclusion>TRUE</inclusion>
<edgeMap>
<xCoord>320</xCoord>
<yCoord>320</yCoord>
</edgeMap>
</roi>
</unblindedReadNodule>
<unblindedReadNodule>
<noduleID>MI014_17439</noduleID>
<roi>
<imageZposition>-143.75</imageZposition>
<imageSOP_UID>1.3.6.1.4.1.14519.5.2.1.6279.6001.320873214662944308635859849523</imageSOP_UID>
<inclusion>TRUE</inclusion>
<edgeMap>
<xCoord>205</xCoord>
<yCoord>165</yCoord>
</edgeMap>
</roi>
</unblindedReadNodule>
<unblindedReadNodule>
<noduleID>MI014_17444</noduleID>
<roi>
<imageZposition>-165.0</imageZposition>
<imageSOP_UID>1.3.6.1.4.1.14519.5.2.1.6279.6001.285683560280210056815635064720</imageSOP_UID>
<inclusion>TRUE</inclusion>
<edgeMap>
<xCoord>422</xCoord>
<yCoord>234</yCoord>
</edgeMap>
</roi>
</unblindedReadNodule>
<unblindedReadNodule>
<noduleID>MI014_17451</noduleID>
<roi>
<imageZposition>-143.75</imageZposition>
<imageSOP_UID>1.3.6.1.4.1.14519.5.2.1.6279.6001.320873214662944308635859849523</imageSOP_UID>
<inclusion>TRUE</inclusion>
<edgeMap>
<xCoord>385</xCoord>
<yCoord>197</yCoord>
</edgeMap>
</roi>
</unblindedReadNodule>
<nonNodule>
<nonNoduleID>MI014_17465</nonNoduleID>
<imageZposition>-272.5</imageZposition>
<imageSOP_UID>1.3.6.1.4.1.14519.5.2.1.6279.6001.269637922819273864568259598734</imageSOP_UID>
<locus>
<xCoord>131</xCoord>
<yCoord>357</yCoord>
</locus>
</nonNodule>
<nonNodule>
<nonNoduleID>MI014_17447</nonNoduleID>
<imageZposition>-265.0</imageZposition>
<imageSOP_UID>1.3.6.1.4.1.14519.5.2.1.6279.6001.184002268359288493692284449855</imageSOP_UID>
<locus>
<xCoord>181</xCoord>
<yCoord>182</yCoord>
</locus>
</nonNodule>
<nonNodule>
<nonNoduleID>MI014_17448</nonNoduleID>
<imageZposition>-271.25</imageZposition>
<imageSOP_UID>1.3.6.1.4.1.14519.5.2.1.6279.6001.216787391871826909375993949464</imageSOP_UID>
<locus>
<xCoord>136</xCoord>
<yCoord>352</yCoord>
</locus>
</nonNodule>
<nonNodule>
<nonNoduleID>MI014_17467</nonNoduleID>
<imageZposition>-276.25</imageZposition>
<imageSOP_UID>1.3.6.1.4.1.14519.5.2.1.6279.6001.243357480181093924663158288627</imageSOP_UID>
<locus>
<xCoord>128</xCoord>
<yCoord>354</yCoord>
</locus>
</nonNodule>
</readingSession>
<readingSession>
		<annotationVersion>3.12</annotationVersion>
		<servicingRadiologistID>-1593762029</servicingRadiologistID>
			<unblindedReadNodule>
				<noduleID>0</noduleID>
				<characteristics>
					<subtlety>2</subtlety>
					<internalStructure>1</internalStructure>
					<calcification>6</calcification>
					<sphericity>4</sphericity>
					<margin>4</margin>
					<lobulation>2</lobulation>
					<spiculation>1</spiculation>
					<texture>5</texture>
					<malignancy>1</malignancy>
				</characteristics>
				<roi>
					<imageZposition>-232.5</imageZposition>
					<imageSOP_UID>1.3.6.1.4.1.14519.5.2.1.6279.6001.671363704326528282092737828447</imageSOP_UID>
					<inclusion>TRUE</inclusion>
					<edgeMap>
					<xCoord>94</xCoord>
					<yCoord>305</yCoord>
					</edgeMap>
					<edgeMap>
					<xCoord>94</xCoord>
					<yCoord>304</yCoord>
					</edgeMap>
					<edgeMap>
					<xCoord>95</xCoord>
					<yCoord>304</yCoord>
					</edgeMap>
					<edgeMap>
					<xCoord>96</xCoord>
					<yCoord>303</yCoord>
					</edgeMap>
					<edgeMap>
					<xCoord>97</xCoord>
					<yCoord>303</yCoord>
					</edgeMap>
					<edgeMap>
					<xCoord>98</xCoord>
					<yCoord>303</yCoord>
					</edgeMap>
					<edgeMap>
					<xCoord>98</xCoord>
					<yCoord>304</yCoord>
					</edgeMap>
					<edgeMap>
					<xCoord>98</xCoord>
					<yCoord>305</yCoord>
					</edgeMap>
					<edgeMap>
					<xCoord>99</xCoord>
					<yCoord>306</yCoord>
					</edgeMap>
					<edgeMap>
					<xCoord>98</xCoord>
					<yCoord>307</yCoord>
					</edgeMap>
					<edgeMap>
					<xCoord>97</xCoord>
					<yCoord>308</yCoord>
					</edgeMap>
					<edgeMap>
					<xCoord>96</xCoord>
					<yCoord>309</yCoord>
					</edgeMap>
					<edgeMap>
					<xCoord>95</xCoord>
					<yCoord>309</yCoord>
					</edgeMap>
					<edgeMap>
					<xCoord>94</xCoord>
					<yCoord>308</yCoord>
					</edgeMap>
					<edgeMap>
					<xCoord>94</xCoord>
					<yCoord>307</yCoord>
					</edgeMap>
					<edgeMap>
					<xCoord>94</xCoord>
					<yCoord>306</yCoord>
					</edgeMap>
					<edgeMap>
					<xCoord>94</xCoord>
					<yCoord>305</yCoord>
					</edgeMap>
				</roi>
				<roi>
					<imageZposition>-233.75</imageZposition>
					<imageSOP_UID>1.3.6.1.4.1.14519.5.2.1.6279.6001.132432450214099061370587233774</imageSOP_UID>
					<inclusion>TRUE</inclusion>
					<edgeMap>
					<xCoord>93</xCoord>
					<yCoord>305</yCoord>
					</edgeMap>
					<edgeMap>
					<xCoord>93</xCoord>
					<yCoord>304</yCoord>
					</edgeMap>
					<edgeMap>
					<xCoord>94</xCoord>
					<yCoord>303</yCoord>
					</edgeMap>
					<edgeMap>
					<xCoord>95</xCoord>
					<yCoord>303</yCoord>
					</edgeMap>
					<edgeMap>
					<xCoord>96</xCoord>
					<yCoord>303</yCoord>
					</edgeMap>
					<edgeMap>
					<xCoord>96</xCoord>
					<yCoord>302</yCoord>
					</edgeMap>
					<edgeMap>
					<xCoord>97</xCoord>
					<yCoord>303</yCoord>
					</edgeMap>
					<edgeMap>
					<xCoord>98</xCoord>
					<yCoord>303</yCoord>
					</edgeMap>
					<edgeMap>
					<xCoord>98</xCoord>
					<yCoord>304</yCoord>
					</edgeMap>
					<edgeMap>
					<xCoord>98</xCoord>
					<yCoord>305</yCoord>
					</edgeMap>
					<edgeMap>
					<xCoord>98</xCoord>
					<yCoord>306</yCoord>
					</edgeMap>
					<edgeMap>
					<xCoord>98</xCoord>
					<yCoord>307</yCoord>
					</edgeMap>
					<edgeMap>
					<xCoord>97</xCoord>
					<yCoord>307</yCoord>
					</edgeMap>
					<edgeMap>
					<xCoord>97</xCoord>
					<yCoord>308</yCoord>
					</edgeMap>
					<edgeMap>
					<xCoord>96</xCoord>
					<yCoord>309</yCoord>
					</edgeMap>
					<edgeMap>
					<xCoord>95</xCoord>
					<yCoord>309</yCoord>
					</edgeMap>
					<edgeMap>
					<xCoord>94</xCoord>
					<yCoord>309</yCoord>
					</edgeMap>
					<edgeMap>
					<xCoord>94</xCoord>
					<yCoord>308</yCoord>
					</edgeMap>
					<edgeMap>
					<xCoord>93</xCoord>
					<yCoord>307</yCoord>
					</edgeMap>
					<edgeMap>
					<xCoord>93</xCoord>
					<yCoord>306</yCoord>
					</edgeMap>
					<edgeMap>
					<xCoord>93</xCoord>
					<yCoord>305</yCoord>
					</edgeMap>
				</roi>
			</unblindedReadNodule>
			<unblindedReadNodule>
				<noduleID>1</noduleID>
				<roi>
					<imageZposition>-128.75</imageZposition>
					<imageSOP_UID>1.3.6.1.4.1.14519.5.2.1.6279.6001.208931012959509369053081909299</imageSOP_UID>
					<inclusion>TRUE</inclusion>
					<edgeMap>
					<xCoord>406</xCoord>
					<yCoord>214</yCoord>
					</edgeMap>
				</roi>
			</unblindedReadNodule>
			<unblindedReadNodule>
				<noduleID>3</noduleID>
				<characteristics>
					<subtlety>1</subtlety>
					<internalStructure>1</internalStructure>
					<calcification>6</calcification>
					<sphericity>4</sphericity>
					<margin>1</margin>
					<lobulation>1</lobulation>
					<spiculation>1</spiculation>
					<texture>1</texture>
					<malignancy>3</malignancy>
				</characteristics>
				<roi>
					<imageZposition>-142.5</imageZposition>
					<imageSOP_UID>1.3.6.1.4.1.14519.5.2.1.6279.6001.632442144727131052829442822552</imageSOP_UID>
					<inclusion>TRUE</inclusion>
					<edgeMap>
					<xCoord>382</xCoord>
					<yCoord>196</yCoord>
					</edgeMap>
					<edgeMap>
					<xCoord>382</xCoord>
					<yCoord>195</yCoord>
					</edgeMap>
					<edgeMap>
					<xCoord>382</xCoord>
					<yCoord>194</yCoord>
					</edgeMap>
					<edgeMap>
					<xCoord>382</xCoord>
					<yCoord>193</yCoord>
					</edgeMap>
					<edgeMap>
					<xCoord>382</xCoord>
					<yCoord>192</yCoord>
					</edgeMap>
					<edgeMap>
					<xCoord>383</xCoord>
					<yCoord>191</yCoord>
					</edgeMap>
					<edgeMap>
					<xCoord>384</xCoord>
					<yCoord>191</yCoord>
					</edgeMap>
					<edgeMap>
					<xCoord>385</xCoord>
					<yCoord>191</yCoord>
					</edgeMap>
					<edgeMap>
					<xCoord>386</xCoord>
					<yCoord>191</yCoord>
					</edgeMap>
					<edgeMap>
					<xCoord>387</xCoord>
					<yCoord>192</yCoord>
					</edgeMap>
					<edgeMap>
					<xCoord>388</xCoord>
					<yCoord>192</yCoord>
					</edgeMap>
					<edgeMap>
					<xCoord>388</xCoord>
					<yCoord>193</yCoord>
					</edgeMap>
					<edgeMap>
					<xCoord>388</xCoord>
					<yCoord>194</yCoord>
					</edgeMap>
					<edgeMap>
					<xCoord>388</xCoord>
					<yCoord>195</yCoord>
					</edgeMap>
					<edgeMap>
					<xCoord>388</xCoord>
					<yCoord>196</yCoord>
					</edgeMap>
					<edgeMap>
					<xCoord>388</xCoord>
					<yCoord>197</yCoord>
					</edgeMap>
					<edgeMap>
					<xCoord>387</xCoord>
					<yCoord>198</yCoord>
					</edgeMap>
					<edgeMap>
					<xCoord>386</xCoord>
					<yCoord>199</yCoord>
					</edgeMap>
					<edgeMap>
					<xCoord>385</xCoord>
					<yCoord>200</yCoord>
					</edgeMap>
					<edgeMap>
					<xCoord>384</xCoord>
					<yCoord>200</yCoord>
					</edgeMap>
					<edgeMap>
					<xCoord>383</xCoord>
					<yCoord>200</yCoord>
					</edgeMap>
					<edgeMap>
					<xCoord>382</xCoord>
					<yCoord>200</yCoord>
					</edgeMap>
					<edgeMap>
					<xCoord>381</xCoord>
					<yCoord>199</yCoord>
					</edgeMap>
					<edgeMap>
					<xCoord>382</xCoord>
					<yCoord>198</yCoord>
					</edgeMap>
					<edgeMap>
					<xCoord>382</xCoord>
					<yCoord>197</yCoord>
					</edgeMap>
					<edgeMap>
					<xCoord>382</xCoord>
					<yCoord>196</yCoord>
					</edgeMap>
				</roi>
				<roi>
					<imageZposition>-143.75</imageZposition>
					<imageSOP_UID>1.3.6.1.4.1.14519.5.2.1.6279.6001.320873214662944308635859849523</imageSOP_UID>
					<inclusion>TRUE</inclusion>
					<edgeMap>
					<xCoord>381</xCoord>
					<yCoord>198</yCoord>
					</edgeMap>
					<edgeMap>
					<xCoord>381</xCoord>
					<yCoord>197</yCoord>
					</edgeMap>
					<edgeMap>
					<xCoord>381</xCoord>
					<yCoord>196</yCoord>
					</edgeMap>
					<edgeMap>
					<xCoord>381</xCoord>
					<yCoord>195</yCoord>
					</edgeMap>
					<edgeMap>
					<xCoord>381</xCoord>
					<yCoord>194</yCoord>
					</edgeMap>
					<edgeMap>
					<xCoord>381</xCoord>
					<yCoord>193</yCoord>
					</edgeMap>
					<edgeMap>
					<xCoord>381</xCoord>
					<yCoord>192</yCoord>
					</edgeMap>
					<edgeMap>
					<xCoord>382</xCoord>
					<yCoord>191</yCoord>
					</edgeMap>
					<edgeMap>
					<xCoord>383</xCoord>
					<yCoord>191</yCoord>
					</edgeMap>
					<edgeMap>
					<xCoord>384</xCoord>
					<yCoord>191</yCoord>
					</edgeMap>
					<edgeMap>
					<xCoord>385</xCoord>
					<yCoord>191</yCoord>
					</edgeMap>
					<edgeMap>
					<xCoord>386</xCoord>
					<yCoord>191</yCoord>
					</edgeMap>
					<edgeMap>
					<xCoord>387</xCoord>
					<yCoord>191</yCoord>
					</edgeMap>
					<edgeMap>
					<xCoord>388</xCoord>
					<yCoord>191</yCoord>
					</edgeMap>
					<edgeMap>
					<xCoord>389</xCoord>
					<yCoord>192</yCoord>
					</edgeMap>
					<edgeMap>
					<xCoord>390</xCoord>
					<yCoord>193</yCoord>
					</edgeMap>
					<edgeMap>
					<xCoord>390</xCoord>
					<yCoord>194</yCoord>
					</edgeMap>
					<edgeMap>
					<xCoord>390</xCoord>
					<yCoord>195</yCoord>
					</edgeMap>
					<edgeMap>
					<xCoord>389</xCoord>
					<yCoord>196</yCoord>
					</edgeMap>
					<edgeMap>
					<xCoord>388</xCoord>
					<yCoord>197</yCoord>
					</edgeMap>
					<edgeMap>
					<xCoord>388</xCoord>
					<yCoord>198</yCoord>
					</edgeMap>
					<edgeMap>
					<xCoord>387</xCoord>
					<yCoord>198</yCoord>
					</edgeMap>
					<edgeMap>
					<xCoord>386</xCoord>
					<yCoord>198</yCoord>
					</edgeMap>
					<edgeMap>
					<xCoord>385</xCoord>
					<yCoord>199</yCoord>
					</edgeMap>
					<edgeMap>
					<xCoord>384</xCoord>
					<yCoord>199</yCoord>
					</edgeMap>
					<edgeMap>
					<xCoord>383</xCoord>
					<yCoord>199</yCoord>
					</edgeMap>
					<edgeMap>
					<xCoord>382</xCoord>
					<yCoord>198</yCoord>
					</edgeMap>
					<edgeMap>
					<xCoord>381</xCoord>
					<yCoord>198</yCoord>
					</edgeMap>
				</roi>
				<roi>
					<imageZposition>-145.0</imageZposition>
					<imageSOP_UID>1.3.6.1.4.1.14519.5.2.1.6279.6001.825245143196394811330894489939</imageSOP_UID>
					<inclusion>TRUE</inclusion>
					<edgeMap>
					<xCoord>382</xCoord>
					<yCoord>195</yCoord>
					</edgeMap>
					<edgeMap>
					<xCoord>382</xCoord>
					<yCoord>194</yCoord>
					</edgeMap>
					<edgeMap>
					<xCoord>383</xCoord>
					<yCoord>193</yCoord>
					</edgeMap>
					<edgeMap>
					<xCoord>384</xCoord>
					<yCoord>192</yCoord>
					</edgeMap>
					<edgeMap>
					<xCoord>385</xCoord>
					<yCoord>192</yCoord>
					</edgeMap>
					<edgeMap>
					<xCoord>386</xCoord>
					<yCoord>192</yCoord>
					</edgeMap>
					<edgeMap>
					<xCoord>387</xCoord>
					<yCoord>192</yCoord>
					</edgeMap>
					<edgeMap>
					<xCoord>388</xCoord>
					<yCoord>192</yCoord>
					</edgeMap>
					<edgeMap>
					<xCoord>389</xCoord>
					<yCoord>192</yCoord>
					</edgeMap>
					<edgeMap>
					<xCoord>390</xCoord>
					<yCoord>192</yCoord>
					</edgeMap>
					<edgeMap>
					<xCoord>390</xCoord>
					<yCoord>193</yCoord>
					</edgeMap>
					<edgeMap>
					<xCoord>390</xCoord>
					<yCoord>194</yCoord>
					</edgeMap>
					<edgeMap>
					<xCoord>389</xCoord>
					<yCoord>195</yCoord>
					</edgeMap>
					<edgeMap>
					<xCoord>388</xCoord>
					<yCoord>196</yCoord>
					</edgeMap>
					<edgeMap>
					<xCoord>388</xCoord>
					<yCoord>197</yCoord>
					</edgeMap>
					<edgeMap>
					<xCoord>387</xCoord>
					<yCoord>197</yCoord>
					</edgeMap>
					<edgeMap>
					<xCoord>386</xCoord>
					<yCoord>198</yCoord>
					</edgeMap>
					<edgeMap>
					<xCoord>385</xCoord>
					<yCoord>198</yCoord>
					</edgeMap>
					<edgeMap>
					<xCoord>384</xCoord>
					<yCoord>199</yCoord>
					</edgeMap>
					<edgeMap>
					<xCoord>383</xCoord>
					<yCoord>199</yCoord>
					</edgeMap>
					<edgeMap>
					<xCoord>382</xCoord>
					<yCoord>199</yCoord>
					</edgeMap>
					<edgeMap>
					<xCoord>382</xCoord>
					<yCoord>198</yCoord>
					</edgeMap>
					<edgeMap>
					<xCoord>382</xCoord>
					<yCoord>197</yCoord>
					</edgeMap>
					<edgeMap>
					<xCoord>382</xCoord>
					<yCoord>196</yCoord>
					</edgeMap>
					<edgeMap>
					<xCoord>382</xCoord>
					<yCoord>195</yCoord>
					</edgeMap>
				</roi>
			</unblindedReadNodule>
			<unblindedReadNodule>
				<noduleID>4</noduleID>
				<roi>
					<imageZposition>-98.75</imageZposition>
					<imageSOP_UID>1.3.6.1.4.1.14519.5.2.1.6279.6001.198079084967216159677532984523</imageSOP_UID>
					<inclusion>TRUE</inclusion>
					<edgeMap>
					<xCoord>132</xCoord>
					<yCoord>253</yCoord>
					</edgeMap>
				</roi>
			</unblindedReadNodule>
			<unblindedReadNodule>
				<noduleID>6</noduleID>
				<roi>
					<imageZposition>-113.75</imageZposition>
					<imageSOP_UID>1.3.6.1.4.1.14519.5.2.1.6279.6001.937243495775613547702214557988</imageSOP_UID>
					<inclusion>TRUE</inclusion>
					<edgeMap>
					<xCoord>202</xCoord>
					<yCoord>181</yCoord>
					</edgeMap>
				</roi>
			</unblindedReadNodule>
			<unblindedReadNodule>
				<noduleID>7</noduleID>
				<roi>
					<imageZposition>-130.0</imageZposition>
					<imageSOP_UID>1.3.6.1.4.1.14519.5.2.1.6279.6001.432211728178306995483077430861</imageSOP_UID>
					<inclusion>TRUE</inclusion>
					<edgeMap>
					<xCoord>153</xCoord>
					<yCoord>196</yCoord>
					</edgeMap>
				</roi>
			</unblindedReadNodule>
			<unblindedReadNodule>
				<noduleID>8</noduleID>
				<roi>
					<imageZposition>-148.75</imageZposition>
					<imageSOP_UID>1.3.6.1.4.1.14519.5.2.1.6279.6001.280198965984231316000363514735</imageSOP_UID>
					<inclusion>TRUE</inclusion>
					<edgeMap>
					<xCoord>191</xCoord>
					<yCoord>166</yCoord>
					</edgeMap>
				</roi>
			</unblindedReadNodule>
			<unblindedReadNodule>
				<noduleID>9</noduleID>
				<roi>
					<imageZposition>-170.0</imageZposition>
					<imageSOP_UID>1.3.6.1.4.1.14519.5.2.1.6279.6001.106654455182556246114512609423</imageSOP_UID>
					<inclusion>TRUE</inclusion>
					<edgeMap>
					<xCoord>112</xCoord>
					<yCoord>225</yCoord>
					</edgeMap>
				</roi>
			</unblindedReadNodule>
			<unblindedReadNodule>
				<noduleID>10</noduleID>
				<roi>
					<imageZposition>-77.5</imageZposition>
					<imageSOP_UID>1.3.6.1.4.1.14519.5.2.1.6279.6001.211630655629404857979380675316</imageSOP_UID>
					<inclusion>TRUE</inclusion>
					<edgeMap>
					<xCoord>158</xCoord>
					<yCoord>267</yCoord>
					</edgeMap>
				</roi>
			</unblindedReadNodule>
			<unblindedReadNodule>
				<noduleID>11</noduleID>
				<roi>
					<imageZposition>-180.0</imageZposition>
					<imageSOP_UID>1.3.6.1.4.1.14519.5.2.1.6279.6001.296642758066344284372212090147</imageSOP_UID>
					<inclusion>TRUE</inclusion>
					<edgeMap>
					<xCoord>207</xCoord>
					<yCoord>222</yCoord>
					</edgeMap>
				</roi>
			</unblindedReadNodule>
			<unblindedReadNodule>
				<noduleID>13</noduleID>
				<roi>
					<imageZposition>-98.75</imageZposition>
					<imageSOP_UID>1.3.6.1.4.1.14519.5.2.1.6279.6001.198079084967216159677532984523</imageSOP_UID>
					<inclusion>TRUE</inclusion>
					<edgeMap>
					<xCoord>314</xCoord>
					<yCoord>320</yCoord>
					</edgeMap>
				</roi>
			</unblindedReadNodule>
			<unblindedReadNodule>
				<noduleID>14</noduleID>
				<roi>
					<imageZposition>-113.75</imageZposition>
					<imageSOP_UID>1.3.6.1.4.1.14519.5.2.1.6279.6001.937243495775613547702214557988</imageSOP_UID>
					<inclusion>TRUE</inclusion>
					<edgeMap>
					<xCoord>310</xCoord>
					<yCoord>175</yCoord>
					</edgeMap>
				</roi>
			</unblindedReadNodule>
			<unblindedReadNodule>
				<noduleID>15</noduleID>
				<roi>
					<imageZposition>-130.0</imageZposition>
					<imageSOP_UID>1.3.6.1.4.1.14519.5.2.1.6279.6001.432211728178306995483077430861</imageSOP_UID>
					<inclusion>TRUE</inclusion>
					<edgeMap>
					<xCoord>313</xCoord>
					<yCoord>173</yCoord>
					</edgeMap>
				</roi>
			</unblindedReadNodule>
			<unblindedReadNodule>
				<noduleID>16</noduleID>
				<roi>
					<imageZposition>-117.5</imageZposition>
					<imageSOP_UID>1.3.6.1.4.1.14519.5.2.1.6279.6001.243456539082438657785903350732</imageSOP_UID>
					<inclusion>TRUE</inclusion>
					<edgeMap>
					<xCoord>320</xCoord>
					<yCoord>320</yCoord>
					</edgeMap>
				</roi>
			</unblindedReadNodule>
			<unblindedReadNodule>
				<noduleID>17</noduleID>
				<roi>
					<imageZposition>-151.25</imageZposition>
					<imageSOP_UID>1.3.6.1.4.1.14519.5.2.1.6279.6001.146271435873431475094455969202</imageSOP_UID>
					<inclusion>TRUE</inclusion>
					<edgeMap>
					<xCoord>165</xCoord>
					<yCoord>308</yCoord>
					</edgeMap>
				</roi>
			</unblindedReadNodule>
			<unblindedReadNodule>
				<noduleID>18</noduleID>
				<roi>
					<imageZposition>-78.75</imageZposition>
					<imageSOP_UID>1.3.6.1.4.1.14519.5.2.1.6279.6001.215003947633405256980039518983</imageSOP_UID>
					<inclusion>TRUE</inclusion>
					<edgeMap>
					<xCoord>158</xCoord>
					<yCoord>245</yCoord>
					</edgeMap>
				</roi>
			</unblindedReadNodule>
			<unblindedReadNodule>
				<noduleID>19</noduleID>
				<roi>
					<imageZposition>-103.75</imageZposition>
					<imageSOP_UID>1.3.6.1.4.1.14519.5.2.1.6279.6001.192522266624427035307943171231</imageSOP_UID>
					<inclusion>TRUE</inclusion>
					<edgeMap>
					<xCoord>154</xCoord>
					<yCoord>217</yCoord>
					</edgeMap>
				</roi>
			</unblindedReadNodule>
			<unblindedReadNodule>
				<noduleID>20</noduleID>
				<roi>
					<imageZposition>-128.75</imageZposition>
					<imageSOP_UID>1.3.6.1.4.1.14519.5.2.1.6279.6001.208931012959509369053081909299</imageSOP_UID>
					<inclusion>TRUE</inclusion>
					<edgeMap>
					<xCoord>132</xCoord>
					<yCoord>324</yCoord>
					</edgeMap>
				</roi>
			</unblindedReadNodule>
			<unblindedReadNodule>
				<noduleID>21</noduleID>
				<roi>
					<imageZposition>-145.0</imageZposition>
					<imageSOP_UID>1.3.6.1.4.1.14519.5.2.1.6279.6001.825245143196394811330894489939</imageSOP_UID>
					<inclusion>TRUE</inclusion>
					<edgeMap>
					<xCoord>205</xCoord>
					<yCoord>165</yCoord>
					</edgeMap>
				</roi>
			</unblindedReadNodule>
			<unblindedReadNodule>
				<noduleID>22</noduleID>
				<roi>
					<imageZposition>-193.75</imageZposition>
					<imageSOP_UID>1.3.6.1.4.1.14519.5.2.1.6279.6001.536000625585916274402834949494</imageSOP_UID>
					<inclusion>TRUE</inclusion>
					<edgeMap>
					<xCoord>178</xCoord>
					<yCoord>163</yCoord>
					</edgeMap>
				</roi>
			</unblindedReadNodule>
			<unblindedReadNodule>
				<noduleID>23</noduleID>
				<roi>
					<imageZposition>-188.75</imageZposition>
					<imageSOP_UID>1.3.6.1.4.1.14519.5.2.1.6279.6001.177467289474225882126873344292</imageSOP_UID>
					<inclusion>TRUE</inclusion>
					<edgeMap>
					<xCoord>124</xCoord>
					<yCoord>201</yCoord>
					</edgeMap>
				</roi>
			</unblindedReadNodule>
			<unblindedReadNodule>
				<noduleID>24</noduleID>
				<roi>
					<imageZposition>-166.25</imageZposition>
					<imageSOP_UID>1.3.6.1.4.1.14519.5.2.1.6279.6001.178408742966410939702936732773</imageSOP_UID>
					<inclusion>TRUE</inclusion>
					<edgeMap>
					<xCoord>422</xCoord>
					<yCoord>234</yCoord>
					</edgeMap>
				</roi>
			</unblindedReadNodule>
			<nonNodule>
				<nonNoduleID>2</nonNoduleID>
				<imageZposition>-276.25</imageZposition>
				<imageSOP_UID>1.3.6.1.4.1.14519.5.2.1.6279.6001.243357480181093924663158288627</imageSOP_UID>
				<locus>
					<xCoord>128</xCoord>
					<yCoord>354</yCoord>
				</locus>
			</nonNodule>
			<nonNodule>
				<nonNoduleID>5</nonNoduleID>
				<imageZposition>-105.0</imageZposition>
				<imageSOP_UID>1.3.6.1.4.1.14519.5.2.1.6279.6001.147197214565546325029862212637</imageSOP_UID>
				<locus>
					<xCoord>139</xCoord>
					<yCoord>227</yCoord>
				</locus>
			</nonNodule>
			<nonNodule>
				<nonNoduleID>12</nonNoduleID>
				<imageZposition>-193.75</imageZposition>
				<imageSOP_UID>1.3.6.1.4.1.14519.5.2.1.6279.6001.536000625585916274402834949494</imageSOP_UID>
				<locus>
					<xCoord>111</xCoord>
					<yCoord>259</yCoord>
				</locus>
			</nonNodule>
	</readingSession>
</LidcReadMessage>