<?xml version="1.0" encoding="UTF-8"?>
<LidcReadMessage uid="1.3.6.1.4.1.14519.5.2.1.6279.6001.1307390692914.0" xmlns="http://www.nih.gov" xmlns:xsi="http://www.w3.org/2001/XMLSchema-instance" xsi:schemaLocation="http://www.nih.gov  http://troll.rad.med.umich.edu/lidc/LidcReadMessage.xsd">
<ResponseHeader>
<Version>1.8.1</Version>
<MessageId>643183013</MessageId>
<DateRequest>2009-01-21</DateRequest>
<TimeRequest>10:15:09</TimeRequest>
<RequestingSite>removed</RequestingSite>
<ServicingSite>removed</ServicingSite>
<TaskDescription>Second unblinded read</TaskDescription>
<CtImageFile>removed</CtImageFile>
<SeriesInstanceUid>1.3.6.1.4.1.14519.5.2.1.6279.6001.177685820605315926524514718990</SeriesInstanceUid>
<DateService>2009-06-03</DateService>
<TimeService>02:41:45</TimeService>
<ResponseDescription>1 - Reading complete</ResponseDescription>
<StudyInstanceUID>1.3.6.1.4.1.14519.5.2.1.6279.6001.147528196931888636188830549231</StudyInstanceUID></ResponseHeader>
<readingSession>
    <annotationVersion>3.12</annotationVersion>
    <servicingRadiologistID>753990118</servicingRadiologistID>
    <unblindedReadNodule>
      <noduleID>Nodule 001</noduleID>
      <characteristics>
        <subtlety>4</subtlety>
        <internalStructure>1</internalStructure>
        <calcification>6</calcification>
        <sphericity>3</sphericity>
        <margin>4</margin>
        <lobulation>2</lobulation>
        <spiculation>1</spiculation>
        <texture>5</texture>
        <malignancy>4</malignancy>
      </characteristics>
      <roi>
        <imageZposition>-127.750000 </imageZposition>
        <imageSOP_UID>1.3.6.1.4.1.14519.5.2.1.6279.6001.190204489128870010122188281675</imageSOP_UID>
        <inclusion>TRUE</inclusion>
        <edgeMap>
          <xCoord>142</xCoord>
          <yCoord>305</yCoord>
        </edgeMap>
        <edgeMap>
          <xCoord>141</xCoord>
          <yCoord>306</yCoord>
        </edgeMap>
        <edgeMap>
          <xCoord>140</xCoord>
          <yCoord>306</yCoord>
        </edgeMap>
        <edgeMap>
          <xCoord>139</xCoord>
          <yCoord>307</yCoord>
        </edgeMap>
        <edgeMap>
          <xCoord>138</xCoord>
          <yCoord>308</yCoord>
        </edgeMap>
        <edgeMap>
          <xCoord>138</xCoord>
          <yCoord>309</yCoord>
        </edgeMap>
        <edgeMap>
          <xCoord>137</xCoord>
          <yCoord>310</yCoord>
        </edgeMap>
        <edgeMap>
          <xCoord>137</xCoord>
          <yCoord>311</yCoord>
        </edgeMap>
        <edgeMap>
          <xCoord>137</xCoord>
          <yCoord>312</yCoord>
        </edgeMap>
        <edgeMap>
          <xCoord>137</xCoord>
          <yCoord>313</yCoord>
        </edgeMap>
        <edgeMap>
          <xCoord>137</xCoord>
          <yCoord>314</yCoord>
        </edgeMap>
        <edgeMap>
          <xCoord>138</xCoord>
          <yCoord>315</yCoord>
        </edgeMap>
        <edgeMap>
          <xCoord>139</xCoord>
          <yCoord>315</yCoord>
        </edgeMap>
        <edgeMap>
          <xCoord>140</xCoord>
          <yCoord>316</yCoord>
        </edgeMap>
        <edgeMap>
          <xCoord>141</xCoord>
          <yCoord>316</yCoord>
        </edgeMap>
        <edgeMap>
          <xCoord>142</xCoord>
          <yCoord>316</yCoord>
        </edgeMap>
        <edgeMap>
          <xCoord>143</xCoord>
          <yCoord>316</yCoord>
        </edgeMap>
        <edgeMap>
          <xCoord>144</xCoord>
          <yCoord>316</yCoord>
        </edgeMap>
        <edgeMap>
          <xCoord>145</xCoord>
          <yCoord>316</yCoord>
        </edgeMap>
        <edgeMap>
          <xCoord>146</xCoord>
          <yCoord>315</yCoord>
        </edgeMap>
        <edgeMap>
          <xCoord>146</xCoord>
          <yCoord>314</yCoord>
        </edgeMap>
        <edgeMap>
          <xCoord>146</xCoord>
          <yCoord>313</yCoord>
        </edgeMap>
        <edgeMap>
          <xCoord>146</xCoord>
          <yCoord>312</yCoord>
        </edgeMap>
        <edgeMap>
          <xCoord>146</xCoord>
          <yCoord>311</yCoord>
        </edgeMap>
        <edgeMap>
          <xCoord>147</xCoord>
          <yCoord>310</yCoord>
        </edgeMap>
        <edgeMap>
          <xCoord>147</xCoord>
          <yCoord>309</yCoord>
        </edgeMap>
        <edgeMap>
          <xCoord>146</xCoord>
          <yCoord>308</yCoord>
        </edgeMap>
        <edgeMap>
          <xCoord>145</xCoord>
          <yCoord>307</yCoord>
        </edgeMap>
        <edgeMap>
          <xCoord>144</xCoord>
          <yCoord>306</yCoord>
        </edgeMap>
        <edgeMap>
          <xCoord>143</xCoord>
          <yCoord>305</yCoord>
        </edgeMap>
        <edgeMap>
          <xCoord>142</xCoord>
          <yCoord>305</yCoord>
        </edgeMap>
      </roi>
      <roi>
        <imageZposition>-126.500000 </imageZposition>
        <imageSOP_UID>1.3.6.1.4.1.14519.5.2.1.6279.6001.299533436638252763011425410424</imageSOP_UID>
        <inclusion>TRUE</inclusion>
        <edgeMap>
          <xCoord>141</xCoord>
          <yCoord>305</yCoord>
        </edgeMap>
        <edgeMap>
          <xCoord>140</xCoord>
          <yCoord>306</yCoord>
        </edgeMap>
        <edgeMap>
          <xCoord>139</xCoord>
          <yCoord>306</yCoord>
        </edgeMap>
        <edgeMap>
          <xCoord>138</xCoord>
          <yCoord>307</yCoord>
        </edgeMap>
        <edgeMap>
          <xCoord>137</xCoord>
          <yCoord>308</yCoord>
        </edgeMap>
        <edgeMap>
          <xCoord>136</xCoord>
          <yCoord>308</yCoord>
        </edgeMap>
        <edgeMap>
          <xCoord>135</xCoord>
          <yCoord>308</yCoord>
        </edgeMap>
        <edgeMap>
          <xCoord>134</xCoord>
          <yCoord>309</yCoord>
        </edgeMap>
        <edgeMap>
          <xCoord>133</xCoord>
          <yCoord>310</yCoord>
        </edgeMap>
        <edgeMap>
          <xCoord>133</xCoord>
          <yCoord>311</yCoord>
        </edgeMap>
        <edgeMap>
          <xCoord>133</xCoord>
          <yCoord>312</yCoord>
        </edgeMap>
        <edgeMap>
          <xCoord>133</xCoord>
          <yCoord>313</yCoord>
        </edgeMap>
        <edgeMap>
          <xCoord>133</xCoord>
          <yCoord>314</yCoord>
        </edgeMap>
        <edgeMap>
          <xCoord>133</xCoord>
          <yCoord>315</yCoord>
        </edgeMap>
        <edgeMap>
          <xCoord>134</xCoord>
          <yCoord>316</yCoord>
        </edgeMap>
        <edgeMap>
          <xCoord>135</xCoord>
          <yCoord>316</yCoord>
        </edgeMap>
        <edgeMap>
          <xCoord>136</xCoord>
          <yCoord>317</yCoord>
        </edgeMap>
        <edgeMap>
          <xCoord>137</xCoord>
          <yCoord>317</yCoord>
        </edgeMap>
        <edgeMap>
          <xCoord>138</xCoord>
          <yCoord>317</yCoord>
        </edgeMap>
        <edgeMap>
          <xCoord>139</xCoord>
          <yCoord>317</yCoord>
        </edgeMap>
        <edgeMap>
          <xCoord>140</xCoord>
          <yCoord>318</yCoord>
        </edgeMap>
        <edgeMap>
          <xCoord>141</xCoord>
          <yCoord>318</yCoord>
        </edgeMap>
        <edgeMap>
          <xCoord>142</xCoord>
          <yCoord>318</yCoord>
        </edgeMap>
        <edgeMap>
          <xCoord>143</xCoord>
          <yCoord>318</yCoord>
        </edgeMap>
        <edgeMap>
          <xCoord>144</xCoord>
          <yCoord>319</yCoord>
        </edgeMap>
        <edgeMap>
          <xCoord>145</xCoord>
          <yCoord>319</yCoord>
        </edgeMap>
        <edgeMap>
          <xCoord>146</xCoord>
          <yCoord>318</yCoord>
        </edgeMap>
        <edgeMap>
          <xCoord>147</xCoord>
          <yCoord>317</yCoord>
        </edgeMap>
        <edgeMap>
          <xCoord>148</xCoord>
          <yCoord>316</yCoord>
        </edgeMap>
        <edgeMap>
          <xCoord>148</xCoord>
          <yCoord>315</yCoord>
        </edgeMap>
        <edgeMap>
          <xCoord>149</xCoord>
          <yCoord>314</yCoord>
        </edgeMap>
        <edgeMap>
          <xCoord>149</xCoord>
          <yCoord>313</yCoord>
        </edgeMap>
        <edgeMap>
          <xCoord>149</xCoord>
          <yCoord>312</yCoord>
        </edgeMap>
        <edgeMap>
          <xCoord>149</xCoord>
          <yCoord>311</yCoord>
        </edgeMap>
        <edgeMap>
          <xCoord>149</xCoord>
          <yCoord>310</yCoord>
        </edgeMap>
        <edgeMap>
          <xCoord>148</xCoord>
          <yCoord>309</yCoord>
        </edgeMap>
        <edgeMap>
          <xCoord>148</xCoord>
          <yCoord>308</yCoord>
        </edgeMap>
        <edgeMap>
          <xCoord>147</xCoord>
          <yCoord>307</yCoord>
        </edgeMap>
        <edgeMap>
          <xCoord>146</xCoord>
          <yCoord>307</yCoord>
        </edgeMap>
        <edgeMap>
          <xCoord>145</xCoord>
          <yCoord>306</yCoord>
        </edgeMap>
        <edgeMap>
          <xCoord>144</xCoord>
          <yCoord>306</yCoord>
        </edgeMap>
        <edgeMap>
          <xCoord>143</xCoord>
          <yCoord>305</yCoord>
        </edgeMap>
        <edgeMap>
          <xCoord>142</xCoord>
          <yCoord>305</yCoord>
        </edgeMap>
        <edgeMap>
          <xCoord>141</xCoord>
          <yCoord>305</yCoord>
        </edgeMap>
      </roi>
      <roi>
        <imageZposition>-125.250000 </imageZposition>
        <imageSOP_UID>1.3.6.1.4.1.14519.5.2.1.6279.6001.403251212534136761294443496365</imageSOP_UID>
        <inclusion>TRUE</inclusion>
        <edgeMap>
          <xCoord>141</xCoord>
          <yCoord>305</yCoord>
        </edgeMap>
        <edgeMap>
          <xCoord>140</xCoord>
          <yCoord>306</yCoord>
        </edgeMap>
        <edgeMap>
          <xCoord>139</xCoord>
          <yCoord>306</yCoord>
        </edgeMap>
        <edgeMap>
          <xCoord>138</xCoord>
          <yCoord>306</yCoord>
        </edgeMap>
        <edgeMap>
          <xCoord>137</xCoord>
          <yCoord>307</yCoord>
        </edgeMap>
        <edgeMap>
          <xCoord>136</xCoord>
          <yCoord>307</yCoord>
        </edgeMap>
        <edgeMap>
          <xCoord>135</xCoord>
          <yCoord>308</yCoord>
        </edgeMap>
        <edgeMap>
          <xCoord>134</xCoord>
          <yCoord>309</yCoord>
        </edgeMap>
        <edgeMap>
          <xCoord>133</xCoord>
          <yCoord>310</yCoord>
        </edgeMap>
        <edgeMap>
          <xCoord>132</xCoord>
          <yCoord>311</yCoord>
        </edgeMap>
        <edgeMap>
          <xCoord>132</xCoord>
          <yCoord>312</yCoord>
        </edgeMap>
        <edgeMap>
          <xCoord>132</xCoord>
          <yCoord>313</yCoord>
        </edgeMap>
        <edgeMap>
          <xCoord>133</xCoord>
          <yCoord>314</yCoord>
        </edgeMap>
        <edgeMap>
          <xCoord>134</xCoord>
          <yCoord>315</yCoord>
        </edgeMap>
        <edgeMap>
          <xCoord>134</xCoord>
          <yCoord>316</yCoord>
        </edgeMap>
        <edgeMap>
          <xCoord>135</xCoord>
          <yCoord>317</yCoord>
        </edgeMap>
        <edgeMap>
          <xCoord>136</xCoord>
          <yCoord>318</yCoord>
        </edgeMap>
        <edgeMap>
          <xCoord>137</xCoord>
          <yCoord>318</yCoord>
        </edgeMap>
        <edgeMap>
          <xCoord>138</xCoord>
          <yCoord>318</yCoord>
        </edgeMap>
        <edgeMap>
          <xCoord>139</xCoord>
          <yCoord>318</yCoord>
        </edgeMap>
        <edgeMap>
          <xCoord>140</xCoord>
          <yCoord>318</yCoord>
        </edgeMap>
        <edgeMap>
          <xCoord>141</xCoord>
          <yCoord>318</yCoord>
        </edgeMap>
        <edgeMap>
          <xCoord>142</xCoord>
          <yCoord>318</yCoord>
        </edgeMap>
        <edgeMap>
          <xCoord>143</xCoord>
          <yCoord>318</yCoord>
        </edgeMap>
        <edgeMap>
          <xCoord>144</xCoord>
          <yCoord>318</yCoord>
        </edgeMap>
        <edgeMap>
          <xCoord>145</xCoord>
          <yCoord>317</yCoord>
        </edgeMap>
        <edgeMap>
          <xCoord>146</xCoord>
          <yCoord>316</yCoord>
        </edgeMap>
        <edgeMap>
          <xCoord>147</xCoord>
          <yCoord>316</yCoord>
        </edgeMap>
        <edgeMap>
          <xCoord>148</xCoord>
          <yCoord>315</yCoord>
        </edgeMap>
        <edgeMap>
          <xCoord>148</xCoord>
          <yCoord>314</yCoord>
        </edgeMap>
        <edgeMap>
          <xCoord>149</xCoord>
          <yCoord>313</yCoord>
        </edgeMap>
        <edgeMap>
          <xCoord>149</xCoord>
          <yCoord>312</yCoord>
        </edgeMap>
        <edgeMap>
          <xCoord>148</xCoord>
          <yCoord>311</yCoord>
        </edgeMap>
        <edgeMap>
          <xCoord>148</xCoord>
          <yCoord>310</yCoord>
        </edgeMap>
        <edgeMap>
          <xCoord>147</xCoord>
          <yCoord>309</yCoord>
        </edgeMap>
        <edgeMap>
          <xCoord>147</xCoord>
          <yCoord>308</yCoord>
        </edgeMap>
        <edgeMap>
          <xCoord>146</xCoord>
          <yCoord>307</yCoord>
        </edgeMap>
        <edgeMap>
          <xCoord>145</xCoord>
          <yCoord>306</yCoord>
        </edgeMap>
        <edgeMap>
          <xCoord>144</xCoord>
          <yCoord>306</yCoord>
        </edgeMap>
        <edgeMap>
          <xCoord>143</xCoord>
          <yCoord>306</yCoord>
        </edgeMap>
        <edgeMap>
          <xCoord>142</xCoord>
          <yCoord>305</yCoord>
        </edgeMap>
        <edgeMap>
          <xCoord>141</xCoord>
          <yCoord>305</yCoord>
        </edgeMap>
      </roi>
      <roi>
        <imageZposition>-124.000000 </imageZposition>
        <imageSOP_UID>1.3.6.1.4.1.14519.5.2.1.6279.6001.246507841030361365432753290941</imageSOP_UID>
        <inclusion>TRUE</inclusion>
        <edgeMap>
          <xCoord>139</xCoord>
          <yCoord>307</yCoord>
        </edgeMap>
        <edgeMap>
          <xCoord>138</xCoord>
          <yCoord>308</yCoord>
        </edgeMap>
        <edgeMap>
          <xCoord>137</xCoord>
          <yCoord>309</yCoord>
        </edgeMap>
        <edgeMap>
          <xCoord>136</xCoord>
          <yCoord>310</yCoord>
        </edgeMap>
        <edgeMap>
          <xCoord>135</xCoord>
          <yCoord>311</yCoord>
        </edgeMap>
        <edgeMap>
          <xCoord>134</xCoord>
          <yCoord>312</yCoord>
        </edgeMap>
        <edgeMap>
          <xCoord>134</xCoord>
          <yCoord>313</yCoord>
        </edgeMap>
        <edgeMap>
          <xCoord>134</xCoord>
          <yCoord>314</yCoord>
        </edgeMap>
        <edgeMap>
          <xCoord>134</xCoord>
          <yCoord>315</yCoord>
        </edgeMap>
        <edgeMap>
          <xCoord>135</xCoord>
          <yCoord>316</yCoord>
        </edgeMap>
        <edgeMap>
          <xCoord>136</xCoord>
          <yCoord>316</yCoord>
        </edgeMap>
        <edgeMap>
          <xCoord>137</xCoord>
          <yCoord>316</yCoord>
        </edgeMap>
        <edgeMap>
          <xCoord>138</xCoord>
          <yCoord>316</yCoord>
        </edgeMap>
        <edgeMap>
          <xCoord>139</xCoord>
          <yCoord>317</yCoord>
        </edgeMap>
        <edgeMap>
          <xCoord>140</xCoord>
          <yCoord>317</yCoord>
        </edgeMap>
        <edgeMap>
          <xCoord>141</xCoord>
          <yCoord>317</yCoord>
        </edgeMap>
        <edgeMap>
          <xCoord>142</xCoord>
          <yCoord>317</yCoord>
        </edgeMap>
        <edgeMap>
          <xCoord>143</xCoord>
          <yCoord>317</yCoord>
        </edgeMap>
        <edgeMap>
          <xCoord>144</xCoord>
          <yCoord>317</yCoord>
        </edgeMap>
        <edgeMap>
          <xCoord>145</xCoord>
          <yCoord>317</yCoord>
        </edgeMap>
        <edgeMap>
          <xCoord>146</xCoord>
          <yCoord>317</yCoord>
        </edgeMap>
        <edgeMap>
          <xCoord>147</xCoord>
          <yCoord>316</yCoord>
        </edgeMap>
        <edgeMap>
          <xCoord>147</xCoord>
          <yCoord>315</yCoord>
        </edgeMap>
        <edgeMap>
          <xCoord>147</xCoord>
          <yCoord>314</yCoord>
        </edgeMap>
        <edgeMap>
          <xCoord>146</xCoord>
          <yCoord>313</yCoord>
        </edgeMap>
        <edgeMap>
          <xCoord>146</xCoord>
          <yCoord>312</yCoord>
        </edgeMap>
        <edgeMap>
          <xCoord>145</xCoord>
          <yCoord>311</yCoord>
        </edgeMap>
        <edgeMap>
          <xCoord>144</xCoord>
          <yCoord>311</yCoord>
        </edgeMap>
        <edgeMap>
          <xCoord>143</xCoord>
          <yCoord>310</yCoord>
        </edgeMap>
        <edgeMap>
          <xCoord>142</xCoord>
          <yCoord>309</yCoord>
        </edgeMap>
        <edgeMap>
          <xCoord>141</xCoord>
          <yCoord>308</yCoord>
        </edgeMap>
        <edgeMap>
          <xCoord>140</xCoord>
          <yCoord>307</yCoord>
        </edgeMap>
        <edgeMap>
          <xCoord>139</xCoord>
          <yCoord>307</yCoord>
        </edgeMap>
      </roi>
      <roi>
        <imageZposition>-122.750000 </imageZposition>
        <imageSOP_UID>1.3.6.1.4.1.14519.5.2.1.6279.6001.669702174514341482657301696213</imageSOP_UID>
        <inclusion>TRUE</inclusion>
        <edgeMap>
          <xCoord>137</xCoord>
          <yCoord>310</yCoord>
        </edgeMap>
        <edgeMap>
          <xCoord>136</xCoord>
          <yCoord>311</yCoord>
        </edgeMap>
        <edgeMap>
          <xCoord>136</xCoord>
          <yCoord>312</yCoord>
        </edgeMap>
        <edgeMap>
          <xCoord>135</xCoord>
          <yCoord>313</yCoord>
        </edgeMap>
        <edgeMap>
          <xCoord>135</xCoord>
          <yCoord>314</yCoord>
        </edgeMap>
        <edgeMap>
          <xCoord>136</xCoord>
          <yCoord>315</yCoord>
        </edgeMap>
        <edgeMap>
          <xCoord>137</xCoord>
          <yCoord>316</yCoord>
        </edgeMap>
        <edgeMap>
          <xCoord>138</xCoord>
          <yCoord>316</yCoord>
        </edgeMap>
        <edgeMap>
          <xCoord>139</xCoord>
          <yCoord>316</yCoord>
        </edgeMap>
        <edgeMap>
          <xCoord>140</xCoord>
          <yCoord>317</yCoord>
        </edgeMap>
        <edgeMap>
          <xCoord>141</xCoord>
          <yCoord>317</yCoord>
        </edgeMap>
        <edgeMap>
          <xCoord>142</xCoord>
          <yCoord>317</yCoord>
        </edgeMap>
        <edgeMap>
          <xCoord>143</xCoord>
          <yCoord>317</yCoord>
        </edgeMap>
        <edgeMap>
          <xCoord>144</xCoord>
          <yCoord>316</yCoord>
        </edgeMap>
        <edgeMap>
          <xCoord>144</xCoord>
          <yCoord>315</yCoord>
        </edgeMap>
        <edgeMap>
          <xCoord>144</xCoord>
          <yCoord>314</yCoord>
        </edgeMap>
        <edgeMap>
          <xCoord>143</xCoord>
          <yCoord>313</yCoord>
        </edgeMap>
        <edgeMap>
          <xCoord>143</xCoord>
          <yCoord>312</yCoord>
        </edgeMap>
        <edgeMap>
          <xCoord>142</xCoord>
          <yCoord>311</yCoord>
        </edgeMap>
        <edgeMap>
          <xCoord>141</xCoord>
          <yCoord>310</yCoord>
        </edgeMap>
        <edgeMap>
          <xCoord>140</xCoord>
          <yCoord>310</yCoord>
        </edgeMap>
        <edgeMap>
          <xCoord>139</xCoord>
          <yCoord>310</yCoord>
        </edgeMap>
        <edgeMap>
          <xCoord>138</xCoord>
          <yCoord>310</yCoord>
        </edgeMap>
        <edgeMap>
          <xCoord>137</xCoord>
          <yCoord>310</yCoord>
        </edgeMap>
      </roi>
      <roi>
        <imageZposition>-121.500000 </imageZposition>
        <imageSOP_UID>1.3.6.1.4.1.14519.5.2.1.6279.6001.315168527852837141761893809774</imageSOP_UID>
        <inclusion>TRUE</inclusion>
        <edgeMap>
          <xCoord>137</xCoord>
          <yCoord>312</yCoord>
        </edgeMap>
        <edgeMap>
          <xCoord>136</xCoord>
          <yCoord>313</yCoord>
        </edgeMap>
        <edgeMap>
          <xCoord>136</xCoord>
          <yCoord>314</yCoord>
        </edgeMap>
        <edgeMap>
          <xCoord>136</xCoord>
          <yCoord>315</yCoord>
        </edgeMap>
        <edgeMap>
          <xCoord>136</xCoord>
          <yCoord>316</yCoord>
        </edgeMap>
        <edgeMap>
          <xCoord>137</xCoord>
          <yCoord>317</yCoord>
        </edgeMap>
        <edgeMap>
          <xCoord>138</xCoord>
          <yCoord>318</yCoord>
        </edgeMap>
        <edgeMap>
          <xCoord>139</xCoord>
          <yCoord>318</yCoord>
        </edgeMap>
        <edgeMap>
          <xCoord>140</xCoord>
          <yCoord>319</yCoord>
        </edgeMap>
        <edgeMap>
          <xCoord>141</xCoord>
          <yCoord>318</yCoord>
        </edgeMap>
        <edgeMap>
          <xCoord>141</xCoord>
          <yCoord>317</yCoord>
        </edgeMap>
        <edgeMap>
          <xCoord>142</xCoord>
          <yCoord>316</yCoord>
        </edgeMap>
        <edgeMap>
          <xCoord>142</xCoord>
          <yCoord>315</yCoord>
        </edgeMap>
        <edgeMap>
          <xCoord>143</xCoord>
          <yCoord>314</yCoord>
        </edgeMap>
        <edgeMap>
          <xCoord>142</xCoord>
          <yCoord>313</yCoord>
        </edgeMap>
        <edgeMap>
          <xCoord>141</xCoord>
          <yCoord>312</yCoord>
        </edgeMap>
        <edgeMap>
          <xCoord>140</xCoord>
          <yCoord>312</yCoord>
        </edgeMap>
        <edgeMap>
          <xCoord>139</xCoord>
          <yCoord>312</yCoord>
        </edgeMap>
        <edgeMap>
          <xCoord>138</xCoord>
          <yCoord>312</yCoord>
        </edgeMap>
        <edgeMap>
          <xCoord>137</xCoord>
          <yCoord>312</yCoord>
        </edgeMap>
      </roi>
    </unblindedReadNodule>
    <unblindedReadNodule>
      <noduleID>Nodule 002</noduleID>
      <roi>
        <imageZposition>-139.000000 </imageZposition>
        <imageSOP_UID>1.3.6.1.4.1.14519.5.2.1.6279.6001.332854312938021003259361095823</imageSOP_UID>
        <inclusion>TRUE</inclusion>
        <edgeMap>
          <xCoord>182</xCoord>
          <yCoord>347</yCoord>
        </edgeMap>
      </roi>
    </unblindedReadNodule>
    <unblindedReadNodule>
      <noduleID>Nodule 003</noduleID>
      <roi>
        <imageZposition>-179.000000 </imageZposition>
        <imageSOP_UID>1.3.6.1.4.1.14519.5.2.1.6279.6001.887462416743423642247972351706</imageSOP_UID>
        <inclusion>TRUE</inclusion>
        <edgeMap>
          <xCoord>88</xCoord>
          <yCoord>255</yCoord>
        </edgeMap>
      </roi>
    </unblindedReadNodule>
    <unblindedReadNodule>
      <noduleID>Nodule 004</noduleID>
      <roi>
        <imageZposition>-175.250000 </imageZposition>
        <imageSOP_UID>1.3.6.1.4.1.14519.5.2.1.6279.6001.759551722438049365808922649451</imageSOP_UID>
        <inclusion>TRUE</inclusion>
        <edgeMap>
          <xCoord>389</xCoord>
          <yCoord>182</yCoord>
        </edgeMap>
      </roi>
    </unblindedReadNodule>
    <nonNodule>
      <nonNoduleID>_Non-nodule 001</nonNoduleID>
      <imageZposition>-204.000000 </imageZposition>
      <imageSOP_UID>1.3.6.1.4.1.14519.5.2.1.6279.6001.225374167211382350175294704689</imageSOP_UID>
      <locus>
        <xCoord>320</xCoord>
        <yCoord>377</yCoord>
      </locus>
    </nonNodule>
  </readingSession>
<readingSession>
    <annotationVersion>3.12</annotationVersion>
    <servicingRadiologistID>1131154001</servicingRadiologistID>
    <unblindedReadNodule>
      <noduleID>IL057_202752</noduleID>
      <characteristics>
        <subtlety>3</subtlety>
        <internalStructure>1</internalStructure>
        <calcification>6</calcification>
        <sphericity>4</sphericity>
        <margin>2</margin>
        <lobulation>4</lobulation>
        <spiculation>3</spiculation>
        <texture>4</texture>
        <malignancy>5</malignancy>
      </characteristics>
      <roi>
        <imageZposition>-120.25</imageZposition>
        <imageSOP_UID>1.3.6.1.4.1.14519.5.2.1.6279.6001.281343008146017156649571622969</imageSOP_UID>
        <inclusion>TRUE</inclusion>
        <edgeMap>
          <xCoord>141</xCoord>
          <yCoord>317</yCoord>
        </edgeMap>
        <edgeMap>
          <xCoord>142</xCoord>
          <yCoord>316</yCoord>
        </edgeMap>
        <edgeMap>
          <xCoord>142</xCoord>
          <yCoord>315</yCoord>
        </edgeMap>
        <edgeMap>
          <xCoord>141</xCoord>
          <yCoord>314</yCoord>
        </edgeMap>
        <edgeMap>
          <xCoord>140</xCoord>
          <yCoord>313</yCoord>
        </edgeMap>
        <edgeMap>
          <xCoord>139</xCoord>
          <yCoord>313</yCoord>
        </edgeMap>
        <edgeMap>
          <xCoord>138</xCoord>
          <yCoord>313</yCoord>
        </edgeMap>
        <edgeMap>
          <xCoord>137</xCoord>
          <yCoord>314</yCoord>
        </edgeMap>
        <edgeMap>
          <xCoord>137</xCoord>
          <yCoord>315</yCoord>
        </edgeMap>
        <edgeMap>
          <xCoord>138</xCoord>
          <yCoord>316</yCoord>
        </edgeMap>
        <edgeMap>
          <xCoord>139</xCoord>
          <yCoord>316</yCoord>
        </edgeMap>
        <edgeMap>
          <xCoord>140</xCoord>
          <yCoord>317</yCoord>
        </edgeMap>
        <edgeMap>
          <xCoord>141</xCoord>
          <yCoord>317</yCoord>
        </edgeMap>
      </roi>
      <roi>
        <imageZposition>-121.5</imageZposition>
        <imageSOP_UID>1.3.6.1.4.1.14519.5.2.1.6279.6001.315168527852837141761893809774</imageSOP_UID>
        <inclusion>TRUE</inclusion>
        <edgeMap>
          <xCoord>140</xCoord>
          <yCoord>317</yCoord>
        </edgeMap>
        <edgeMap>
          <xCoord>141</xCoord>
          <yCoord>316</yCoord>
        </edgeMap>
        <edgeMap>
          <xCoord>142</xCoord>
          <yCoord>316</yCoord>
        </edgeMap>
        <edgeMap>
          <xCoord>143</xCoord>
          <yCoord>315</yCoord>
        </edgeMap>
        <edgeMap>
          <xCoord>143</xCoord>
          <yCoord>314</yCoord>
        </edgeMap>
        <edgeMap>
          <xCoord>142</xCoord>
          <yCoord>313</yCoord>
        </edgeMap>
        <edgeMap>
          <xCoord>141</xCoord>
          <yCoord>312</yCoord>
        </edgeMap>
        <edgeMap>
          <xCoord>140</xCoord>
          <yCoord>312</yCoord>
        </edgeMap>
        <edgeMap>
          <xCoord>139</xCoord>
          <yCoord>311</yCoord>
        </edgeMap>
        <edgeMap>
          <xCoord>138</xCoord>
          <yCoord>311</yCoord>
        </edgeMap>
        <edgeMap>
          <xCoord>137</xCoord>
          <yCoord>312</yCoord>
        </edgeMap>
        <edgeMap>
          <xCoord>137</xCoord>
          <yCoord>313</yCoord>
        </edgeMap>
        <edgeMap>
          <xCoord>137</xCoord>
          <yCoord>314</yCoord>
        </edgeMap>
        <edgeMap>
          <xCoord>136</xCoord>
          <yCoord>315</yCoord>
        </edgeMap>
        <edgeMap>
          <xCoord>136</xCoord>
          <yCoord>316</yCoord>
        </edgeMap>
        <edgeMap>
          <xCoord>137</xCoord>
          <yCoord>317</yCoord>
        </edgeMap>
        <edgeMap>
          <xCoord>138</xCoord>
          <yCoord>317</yCoord>
        </edgeMap>
        <edgeMap>
          <xCoord>139</xCoord>
          <yCoord>317</yCoord>
        </edgeMap>
        <edgeMap>
          <xCoord>140</xCoord>
          <yCoord>317</yCoord>
        </edgeMap>
      </roi>
      <roi>
        <imageZposition>-122.75</imageZposition>
        <imageSOP_UID>1.3.6.1.4.1.14519.5.2.1.6279.6001.669702174514341482657301696213</imageSOP_UID>
        <inclusion>TRUE</inclusion>
        <edgeMap>
          <xCoord>135</xCoord>
          <yCoord>319</yCoord>
        </edgeMap>
        <edgeMap>
          <xCoord>136</xCoord>
          <yCoord>318</yCoord>
        </edgeMap>
        <edgeMap>
          <xCoord>137</xCoord>
          <yCoord>317</yCoord>
        </edgeMap>
        <edgeMap>
          <xCoord>138</xCoord>
          <yCoord>317</yCoord>
        </edgeMap>
        <edgeMap>
          <xCoord>139</xCoord>
          <yCoord>317</yCoord>
        </edgeMap>
        <edgeMap>
          <xCoord>140</xCoord>
          <yCoord>317</yCoord>
        </edgeMap>
        <edgeMap>
          <xCoord>141</xCoord>
          <yCoord>317</yCoord>
        </edgeMap>
        <edgeMap>
          <xCoord>142</xCoord>
          <yCoord>316</yCoord>
        </edgeMap>
        <edgeMap>
          <xCoord>143</xCoord>
          <yCoord>316</yCoord>
        </edgeMap>
        <edgeMap>
          <xCoord>144</xCoord>
          <yCoord>317</yCoord>
        </edgeMap>
        <edgeMap>
          <xCoord>145</xCoord>
          <yCoord>317</yCoord>
        </edgeMap>
        <edgeMap>
          <xCoord>146</xCoord>
          <yCoord>316</yCoord>
        </edgeMap>
        <edgeMap>
          <xCoord>146</xCoord>
          <yCoord>315</yCoord>
        </edgeMap>
        <edgeMap>
          <xCoord>145</xCoord>
          <yCoord>314</yCoord>
        </edgeMap>
        <edgeMap>
          <xCoord>144</xCoord>
          <yCoord>313</yCoord>
        </edgeMap>
        <edgeMap>
          <xCoord>143</xCoord>
          <yCoord>312</yCoord>
        </edgeMap>
        <edgeMap>
          <xCoord>142</xCoord>
          <yCoord>311</yCoord>
        </edgeMap>
        <edgeMap>
          <xCoord>141</xCoord>
          <yCoord>310</yCoord>
        </edgeMap>
        <edgeMap>
          <xCoord>140</xCoord>
          <yCoord>310</yCoord>
        </edgeMap>
        <edgeMap>
          <xCoord>139</xCoord>
          <yCoord>310</yCoord>
        </edgeMap>
        <edgeMap>
          <xCoord>138</xCoord>
          <yCoord>310</yCoord>
        </edgeMap>
        <edgeMap>
          <xCoord>137</xCoord>
          <yCoord>311</yCoord>
        </edgeMap>
        <edgeMap>
          <xCoord>137</xCoord>
          <yCoord>312</yCoord>
        </edgeMap>
        <edgeMap>
          <xCoord>136</xCoord>
          <yCoord>313</yCoord>
        </edgeMap>
        <edgeMap>
          <xCoord>136</xCoord>
          <yCoord>314</yCoord>
        </edgeMap>
        <edgeMap>
          <xCoord>136</xCoord>
          <yCoord>315</yCoord>
        </edgeMap>
        <edgeMap>
          <xCoord>135</xCoord>
          <yCoord>316</yCoord>
        </edgeMap>
        <edgeMap>
          <xCoord>134</xCoord>
          <yCoord>317</yCoord>
        </edgeMap>
        <edgeMap>
          <xCoord>133</xCoord>
          <yCoord>318</yCoord>
        </edgeMap>
        <edgeMap>
          <xCoord>134</xCoord>
          <yCoord>319</yCoord>
        </edgeMap>
        <edgeMap>
          <xCoord>135</xCoord>
          <yCoord>319</yCoord>
        </edgeMap>
      </roi>
      <roi>
        <imageZposition>-124.0</imageZposition>
        <imageSOP_UID>1.3.6.1.4.1.14519.5.2.1.6279.6001.246507841030361365432753290941</imageSOP_UID>
        <inclusion>TRUE</inclusion>
        <edgeMap>
          <xCoord>144</xCoord>
          <yCoord>318</yCoord>
        </edgeMap>
        <edgeMap>
          <xCoord>145</xCoord>
          <yCoord>317</yCoord>
        </edgeMap>
        <edgeMap>
          <xCoord>146</xCoord>
          <yCoord>316</yCoord>
        </edgeMap>
        <edgeMap>
          <xCoord>147</xCoord>
          <yCoord>315</yCoord>
        </edgeMap>
        <edgeMap>
          <xCoord>147</xCoord>
          <yCoord>314</yCoord>
        </edgeMap>
        <edgeMap>
          <xCoord>147</xCoord>
          <yCoord>313</yCoord>
        </edgeMap>
        <edgeMap>
          <xCoord>146</xCoord>
          <yCoord>312</yCoord>
        </edgeMap>
        <edgeMap>
          <xCoord>145</xCoord>
          <yCoord>311</yCoord>
        </edgeMap>
        <edgeMap>
          <xCoord>144</xCoord>
          <yCoord>310</yCoord>
        </edgeMap>
        <edgeMap>
          <xCoord>143</xCoord>
          <yCoord>310</yCoord>
        </edgeMap>
        <edgeMap>
          <xCoord>142</xCoord>
          <yCoord>309</yCoord>
        </edgeMap>
        <edgeMap>
          <xCoord>141</xCoord>
          <yCoord>308</yCoord>
        </edgeMap>
        <edgeMap>
          <xCoord>140</xCoord>
          <yCoord>307</yCoord>
        </edgeMap>
        <edgeMap>
          <xCoord>139</xCoord>
          <yCoord>308</yCoord>
        </edgeMap>
        <edgeMap>
          <xCoord>138</xCoord>
          <yCoord>309</yCoord>
        </edgeMap>
        <edgeMap>
          <xCoord>137</xCoord>
          <yCoord>310</yCoord>
        </edgeMap>
        <edgeMap>
          <xCoord>136</xCoord>
          <yCoord>311</yCoord>
        </edgeMap>
        <edgeMap>
          <xCoord>135</xCoord>
          <yCoord>312</yCoord>
        </edgeMap>
        <edgeMap>
          <xCoord>134</xCoord>
          <yCoord>313</yCoord>
        </edgeMap>
        <edgeMap>
          <xCoord>134</xCoord>
          <yCoord>314</yCoord>
        </edgeMap>
        <edgeMap>
          <xCoord>134</xCoord>
          <yCoord>315</yCoord>
        </edgeMap>
        <edgeMap>
          <xCoord>134</xCoord>
          <yCoord>316</yCoord>
        </edgeMap>
        <edgeMap>
          <xCoord>135</xCoord>
          <yCoord>317</yCoord>
        </edgeMap>
        <edgeMap>
          <xCoord>136</xCoord>
          <yCoord>317</yCoord>
        </edgeMap>
        <edgeMap>
          <xCoord>137</xCoord>
          <yCoord>317</yCoord>
        </edgeMap>
        <edgeMap>
          <xCoord>138</xCoord>
          <yCoord>317</yCoord>
        </edgeMap>
        <edgeMap>
          <xCoord>139</xCoord>
          <yCoord>318</yCoord>
        </edgeMap>
        <edgeMap>
          <xCoord>140</xCoord>
          <yCoord>318</yCoord>
        </edgeMap>
        <edgeMap>
          <xCoord>141</xCoord>
          <yCoord>318</yCoord>
        </edgeMap>
        <edgeMap>
          <xCoord>142</xCoord>
          <yCoord>318</yCoord>
        </edgeMap>
        <edgeMap>
          <xCoord>143</xCoord>
          <yCoord>318</yCoord>
        </edgeMap>
        <edgeMap>
          <xCoord>144</xCoord>
          <yCoord>318</yCoord>
        </edgeMap>
      </roi>
      <roi>
        <imageZposition>-125.25</imageZposition>
        <imageSOP_UID>1.3.6.1.4.1.14519.5.2.1.6279.6001.403251212534136761294443496365</imageSOP_UID>
        <inclusion>TRUE</inclusion>
        <edgeMap>
          <xCoord>143</xCoord>
          <yCoord>319</yCoord>
        </edgeMap>
        <edgeMap>
          <xCoord>144</xCoord>
          <yCoord>318</yCoord>
        </edgeMap>
        <edgeMap>
          <xCoord>145</xCoord>
          <yCoord>317</yCoord>
        </edgeMap>
        <edgeMap>
          <xCoord>146</xCoord>
          <yCoord>316</yCoord>
        </edgeMap>
        <edgeMap>
          <xCoord>147</xCoord>
          <yCoord>315</yCoord>
        </edgeMap>
        <edgeMap>
          <xCoord>148</xCoord>
          <yCoord>314</yCoord>
        </edgeMap>
        <edgeMap>
          <xCoord>148</xCoord>
          <yCoord>313</yCoord>
        </edgeMap>
        <edgeMap>
          <xCoord>148</xCoord>
          <yCoord>312</yCoord>
        </edgeMap>
        <edgeMap>
          <xCoord>147</xCoord>
          <yCoord>311</yCoord>
        </edgeMap>
        <edgeMap>
          <xCoord>147</xCoord>
          <yCoord>310</yCoord>
        </edgeMap>
        <edgeMap>
          <xCoord>146</xCoord>
          <yCoord>309</yCoord>
        </edgeMap>
        <edgeMap>
          <xCoord>146</xCoord>
          <yCoord>308</yCoord>
        </edgeMap>
        <edgeMap>
          <xCoord>145</xCoord>
          <yCoord>307</yCoord>
        </edgeMap>
        <edgeMap>
          <xCoord>144</xCoord>
          <yCoord>307</yCoord>
        </edgeMap>
        <edgeMap>
          <xCoord>143</xCoord>
          <yCoord>307</yCoord>
        </edgeMap>
        <edgeMap>
          <xCoord>142</xCoord>
          <yCoord>307</yCoord>
        </edgeMap>
        <edgeMap>
          <xCoord>141</xCoord>
          <yCoord>307</yCoord>
        </edgeMap>
        <edgeMap>
          <xCoord>140</xCoord>
          <yCoord>307</yCoord>
        </edgeMap>
        <edgeMap>
          <xCoord>139</xCoord>
          <yCoord>308</yCoord>
        </edgeMap>
        <edgeMap>
          <xCoord>138</xCoord>
          <yCoord>308</yCoord>
        </edgeMap>
        <edgeMap>
          <xCoord>137</xCoord>
          <yCoord>309</yCoord>
        </edgeMap>
        <edgeMap>
          <xCoord>136</xCoord>
          <yCoord>309</yCoord>
        </edgeMap>
        <edgeMap>
          <xCoord>135</xCoord>
          <yCoord>310</yCoord>
        </edgeMap>
        <edgeMap>
          <xCoord>134</xCoord>
          <yCoord>311</yCoord>
        </edgeMap>
        <edgeMap>
          <xCoord>134</xCoord>
          <yCoord>312</yCoord>
        </edgeMap>
        <edgeMap>
          <xCoord>134</xCoord>
          <yCoord>313</yCoord>
        </edgeMap>
        <edgeMap>
          <xCoord>135</xCoord>
          <yCoord>314</yCoord>
        </edgeMap>
        <edgeMap>
          <xCoord>136</xCoord>
          <yCoord>315</yCoord>
        </edgeMap>
        <edgeMap>
          <xCoord>136</xCoord>
          <yCoord>316</yCoord>
        </edgeMap>
        <edgeMap>
          <xCoord>137</xCoord>
          <yCoord>317</yCoord>
        </edgeMap>
        <edgeMap>
          <xCoord>138</xCoord>
          <yCoord>317</yCoord>
        </edgeMap>
        <edgeMap>
          <xCoord>139</xCoord>
          <yCoord>318</yCoord>
        </edgeMap>
        <edgeMap>
          <xCoord>140</xCoord>
          <yCoord>318</yCoord>
        </edgeMap>
        <edgeMap>
          <xCoord>141</xCoord>
          <yCoord>318</yCoord>
        </edgeMap>
        <edgeMap>
          <xCoord>142</xCoord>
          <yCoord>318</yCoord>
        </edgeMap>
        <edgeMap>
          <xCoord>143</xCoord>
          <yCoord>319</yCoord>
        </edgeMap>
      </roi>
      <roi>
        <imageZposition>-126.5</imageZposition>
        <imageSOP_UID>1.3.6.1.4.1.14519.5.2.1.6279.6001.299533436638252763011425410424</imageSOP_UID>
        <inclusion>TRUE</inclusion>
        <edgeMap>
          <xCoord>143</xCoord>
          <yCoord>319</yCoord>
        </edgeMap>
        <edgeMap>
          <xCoord>144</xCoord>
          <yCoord>318</yCoord>
        </edgeMap>
        <edgeMap>
          <xCoord>145</xCoord>
          <yCoord>317</yCoord>
        </edgeMap>
        <edgeMap>
          <xCoord>146</xCoord>
          <yCoord>316</yCoord>
        </edgeMap>
        <edgeMap>
          <xCoord>147</xCoord>
          <yCoord>315</yCoord>
        </edgeMap>
        <edgeMap>
          <xCoord>148</xCoord>
          <yCoord>314</yCoord>
        </edgeMap>
        <edgeMap>
          <xCoord>148</xCoord>
          <yCoord>313</yCoord>
        </edgeMap>
        <edgeMap>
          <xCoord>147</xCoord>
          <yCoord>312</yCoord>
        </edgeMap>
        <edgeMap>
          <xCoord>147</xCoord>
          <yCoord>311</yCoord>
        </edgeMap>
        <edgeMap>
          <xCoord>147</xCoord>
          <yCoord>310</yCoord>
        </edgeMap>
        <edgeMap>
          <xCoord>147</xCoord>
          <yCoord>309</yCoord>
        </edgeMap>
        <edgeMap>
          <xCoord>146</xCoord>
          <yCoord>308</yCoord>
        </edgeMap>
        <edgeMap>
          <xCoord>145</xCoord>
          <yCoord>307</yCoord>
        </edgeMap>
        <edgeMap>
          <xCoord>144</xCoord>
          <yCoord>306</yCoord>
        </edgeMap>
        <edgeMap>
          <xCoord>143</xCoord>
          <yCoord>306</yCoord>
        </edgeMap>
        <edgeMap>
          <xCoord>142</xCoord>
          <yCoord>306</yCoord>
        </edgeMap>
        <edgeMap>
          <xCoord>141</xCoord>
          <yCoord>307</yCoord>
        </edgeMap>
        <edgeMap>
          <xCoord>140</xCoord>
          <yCoord>307</yCoord>
        </edgeMap>
        <edgeMap>
          <xCoord>139</xCoord>
          <yCoord>307</yCoord>
        </edgeMap>
        <edgeMap>
          <xCoord>138</xCoord>
          <yCoord>308</yCoord>
        </edgeMap>
        <edgeMap>
          <xCoord>137</xCoord>
          <yCoord>309</yCoord>
        </edgeMap>
        <edgeMap>
          <xCoord>136</xCoord>
          <yCoord>310</yCoord>
        </edgeMap>
        <edgeMap>
          <xCoord>135</xCoord>
          <yCoord>311</yCoord>
        </edgeMap>
        <edgeMap>
          <xCoord>135</xCoord>
          <yCoord>312</yCoord>
        </edgeMap>
        <edgeMap>
          <xCoord>136</xCoord>
          <yCoord>313</yCoord>
        </edgeMap>
        <edgeMap>
          <xCoord>137</xCoord>
          <yCoord>314</yCoord>
        </edgeMap>
        <edgeMap>
          <xCoord>137</xCoord>
          <yCoord>315</yCoord>
        </edgeMap>
        <edgeMap>
          <xCoord>137</xCoord>
          <yCoord>316</yCoord>
        </edgeMap>
        <edgeMap>
          <xCoord>138</xCoord>
          <yCoord>317</yCoord>
        </edgeMap>
        <edgeMap>
          <xCoord>139</xCoord>
          <yCoord>318</yCoord>
        </edgeMap>
        <edgeMap>
          <xCoord>140</xCoord>
          <yCoord>317</yCoord>
        </edgeMap>
        <edgeMap>
          <xCoord>141</xCoord>
          <yCoord>318</yCoord>
        </edgeMap>
        <edgeMap>
          <xCoord>142</xCoord>
          <yCoord>319</yCoord>
        </edgeMap>
        <edgeMap>
          <xCoord>143</xCoord>
          <yCoord>319</yCoord>
        </edgeMap>
      </roi>
      <roi>
        <imageZposition>-127.75</imageZposition>
        <imageSOP_UID>1.3.6.1.4.1.14519.5.2.1.6279.6001.190204489128870010122188281675</imageSOP_UID>
        <inclusion>TRUE</inclusion>
        <edgeMap>
          <xCoord>143</xCoord>
          <yCoord>319</yCoord>
        </edgeMap>
        <edgeMap>
          <xCoord>144</xCoord>
          <yCoord>318</yCoord>
        </edgeMap>
        <edgeMap>
          <xCoord>144</xCoord>
          <yCoord>317</yCoord>
        </edgeMap>
        <edgeMap>
          <xCoord>144</xCoord>
          <yCoord>316</yCoord>
        </edgeMap>
        <edgeMap>
          <xCoord>144</xCoord>
          <yCoord>315</yCoord>
        </edgeMap>
        <edgeMap>
          <xCoord>145</xCoord>
          <yCoord>314</yCoord>
        </edgeMap>
        <edgeMap>
          <xCoord>146</xCoord>
          <yCoord>313</yCoord>
        </edgeMap>
        <edgeMap>
          <xCoord>146</xCoord>
          <yCoord>312</yCoord>
        </edgeMap>
        <edgeMap>
          <xCoord>146</xCoord>
          <yCoord>311</yCoord>
        </edgeMap>
        <edgeMap>
          <xCoord>146</xCoord>
          <yCoord>310</yCoord>
        </edgeMap>
        <edgeMap>
          <xCoord>146</xCoord>
          <yCoord>309</yCoord>
        </edgeMap>
        <edgeMap>
          <xCoord>146</xCoord>
          <yCoord>308</yCoord>
        </edgeMap>
        <edgeMap>
          <xCoord>145</xCoord>
          <yCoord>307</yCoord>
        </edgeMap>
        <edgeMap>
          <xCoord>144</xCoord>
          <yCoord>306</yCoord>
        </edgeMap>
        <edgeMap>
          <xCoord>143</xCoord>
          <yCoord>305</yCoord>
        </edgeMap>
        <edgeMap>
          <xCoord>142</xCoord>
          <yCoord>306</yCoord>
        </edgeMap>
        <edgeMap>
          <xCoord>141</xCoord>
          <yCoord>306</yCoord>
        </edgeMap>
        <edgeMap>
          <xCoord>140</xCoord>
          <yCoord>306</yCoord>
        </edgeMap>
        <edgeMap>
          <xCoord>139</xCoord>
          <yCoord>307</yCoord>
        </edgeMap>
        <edgeMap>
          <xCoord>138</xCoord>
          <yCoord>308</yCoord>
        </edgeMap>
        <edgeMap>
          <xCoord>138</xCoord>
          <yCoord>309</yCoord>
        </edgeMap>
        <edgeMap>
          <xCoord>138</xCoord>
          <yCoord>310</yCoord>
        </edgeMap>
        <edgeMap>
          <xCoord>137</xCoord>
          <yCoord>311</yCoord>
        </edgeMap>
        <edgeMap>
          <xCoord>136</xCoord>
          <yCoord>312</yCoord>
        </edgeMap>
        <edgeMap>
          <xCoord>137</xCoord>
          <yCoord>313</yCoord>
        </edgeMap>
        <edgeMap>
          <xCoord>138</xCoord>
          <yCoord>314</yCoord>
        </edgeMap>
        <edgeMap>
          <xCoord>139</xCoord>
          <yCoord>315</yCoord>
        </edgeMap>
        <edgeMap>
          <xCoord>140</xCoord>
          <yCoord>316</yCoord>
        </edgeMap>
        <edgeMap>
          <xCoord>141</xCoord>
          <yCoord>317</yCoord>
        </edgeMap>
        <edgeMap>
          <xCoord>142</xCoord>
          <yCoord>318</yCoord>
        </edgeMap>
        <edgeMap>
          <xCoord>143</xCoord>
          <yCoord>319</yCoord>
        </edgeMap>
      </roi>
    </unblindedReadNodule>
    <unblindedReadNodule>
      <noduleID>IL057_202756</noduleID>
      <roi>
        <imageZposition>-139.0</imageZposition>
        <imageSOP_UID>1.3.6.1.4.1.14519.5.2.1.6279.6001.332854312938021003259361095823</imageSOP_UID>
        <inclusion>TRUE</inclusion>
        <edgeMap>
          <xCoord>183</xCoord>
          <yCoord>348</yCoord>
        </edgeMap>
      </roi>
    </unblindedReadNodule>
    <unblindedReadNodule>
      <noduleID>IL057_202759</noduleID>
      <roi>
        <imageZposition>-179.0</imageZposition>
        <imageSOP_UID>1.3.6.1.4.1.14519.5.2.1.6279.6001.887462416743423642247972351706</imageSOP_UID>
        <inclusion>TRUE</inclusion>
        <edgeMap>
          <xCoord>88</xCoord>
          <yCoord>255</yCoord>
        </edgeMap>
      </roi>
    </unblindedReadNodule>
    <unblindedReadNodule>
      <noduleID>IL057_202763</noduleID>
      <roi>
        <imageZposition>-149.0</imageZposition>
        <imageSOP_UID>1.3.6.1.4.1.14519.5.2.1.6279.6001.124415023261412317473191405815</imageSOP_UID>
        <inclusion>TRUE</inclusion>
        <edgeMap>
          <xCoord>206</xCoord>
          <yCoord>335</yCoord>
        </edgeMap>
      </roi>
    </unblindedReadNodule>
    <unblindedReadNodule>
      <noduleID>IL057_202765</noduleID>
      <roi>
        <imageZposition>-235.25</imageZposition>
        <imageSOP_UID>1.3.6.1.4.1.14519.5.2.1.6279.6001.208612765789517381571858679040</imageSOP_UID>
        <inclusion>TRUE</inclusion>
        <edgeMap>
          <xCoord>143</xCoord>
          <yCoord>359</yCoord>
        </edgeMap>
      </roi>
    </unblindedReadNodule>
  </readingSession>
<readingSession>
<annotationVersion>3.12</annotationVersion>
<servicingRadiologistID>-173368055</servicingRadiologistID>
<unblindedReadNodule>
<noduleID>MI014_15475</noduleID>
<characteristics>
<subtlety>4</subtlety>
<internalStructure>1</internalStructure>
<calcification>6</calcification>
<sphericity>3</sphericity>
<margin>3</margin>
<lobulation>2</lobulation>
<spiculation>1</spiculation>
<texture>5</texture>
<malignancy>3</malignancy>
</characteristics>
<roi>
<imageZposition>-120.25</imageZposition>
<imageSOP_UID>1.3.6.1.4.1.14519.5.2.1.6279.6001.281343008146017156649571622969</imageSOP_UID>
<inclusion>TRUE</inclusion>
<edgeMap>
<xCoord>141</xCoord>
<yCoord>316</yCoord>
</edgeMap>
<edgeMap>
<xCoord>141</xCoord>
<yCoord>315</yCoord>
</edgeMap>
<edgeMap>
<xCoord>140</xCoord>
<yCoord>314</yCoord>
</edgeMap>
<edgeMap>
<xCoord>139</xCoord>
<yCoord>314</yCoord>
</edgeMap>
<edgeMap>
<xCoord>138</xCoord>
<yCoord>314</yCoord>
</edgeMap>
<edgeMap>
<xCoord>138</xCoord>
<yCoord>315</yCoord>
</edgeMap>
<edgeMap>
<xCoord>139</xCoord>
<yCoord>315</yCoord>
</edgeMap>
<edgeMap>
<xCoord>140</xCoord>
<yCoord>316</yCoord>
</edgeMap>
<edgeMap>
<xCoord>141</xCoord>
<yCoord>316</yCoord>
</edgeMap>
</roi>
<roi>
<imageZposition>-121.5</imageZposition>
<imageSOP_UID>1.3.6.1.4.1.14519.5.2.1.6279.6001.315168527852837141761893809774</imageSOP_UID>
<inclusion>TRUE</inclusion>
<edgeMap>
<xCoord>140</xCoord>
<yCoord>317</yCoord>
</edgeMap>
<edgeMap>
<xCoord>141</xCoord>
<yCoord>316</yCoord>
</edgeMap>
<edgeMap>
<xCoord>142</xCoord>
<yCoord>315</yCoord>
</edgeMap>
<edgeMap>
<xCoord>142</xCoord>
<yCoord>314</yCoord>
</edgeMap>
<edgeMap>
<xCoord>142</xCoord>
<yCoord>313</yCoord>
</edgeMap>
<edgeMap>
<xCoord>141</xCoord>
<yCoord>312</yCoord>
</edgeMap>
<edgeMap>
<xCoord>140</xCoord>
<yCoord>311</yCoord>
</edgeMap>
<edgeMap>
<xCoord>139</xCoord>
<yCoord>311</yCoord>
</edgeMap>
<edgeMap>
<xCoord>138</xCoord>
<yCoord>312</yCoord>
</edgeMap>
<edgeMap>
<xCoord>137</xCoord>
<yCoord>313</yCoord>
</edgeMap>
<edgeMap>
<xCoord>136</xCoord>
<yCoord>314</yCoord>
</edgeMap>
<edgeMap>
<xCoord>137</xCoord>
<yCoord>315</yCoord>
</edgeMap>
<edgeMap>
<xCoord>137</xCoord>
<yCoord>316</yCoord>
</edgeMap>
<edgeMap>
<xCoord>138</xCoord>
<yCoord>316</yCoord>
</edgeMap>
<edgeMap>
<xCoord>139</xCoord>
<yCoord>316</yCoord>
</edgeMap>
<edgeMap>
<xCoord>140</xCoord>
<yCoord>317</yCoord>
</edgeMap>
</roi>
<roi>
<imageZposition>-122.75</imageZposition>
<imageSOP_UID>1.3.6.1.4.1.14519.5.2.1.6279.6001.669702174514341482657301696213</imageSOP_UID>
<inclusion>TRUE</inclusion>
<edgeMap>
<xCoord>141</xCoord>
<yCoord>318</yCoord>
</edgeMap>
<edgeMap>
<xCoord>142</xCoord>
<yCoord>317</yCoord>
</edgeMap>
<edgeMap>
<xCoord>143</xCoord>
<yCoord>317</yCoord>
</edgeMap>
<edgeMap>
<xCoord>144</xCoord>
<yCoord>316</yCoord>
</edgeMap>
<edgeMap>
<xCoord>145</xCoord>
<yCoord>316</yCoord>
</edgeMap>
<edgeMap>
<xCoord>145</xCoord>
<yCoord>315</yCoord>
</edgeMap>
<edgeMap>
<xCoord>145</xCoord>
<yCoord>314</yCoord>
</edgeMap>
<edgeMap>
<xCoord>144</xCoord>
<yCoord>313</yCoord>
</edgeMap>
<edgeMap>
<xCoord>143</xCoord>
<yCoord>312</yCoord>
</edgeMap>
<edgeMap>
<xCoord>142</xCoord>
<yCoord>311</yCoord>
</edgeMap>
<edgeMap>
<xCoord>141</xCoord>
<yCoord>311</yCoord>
</edgeMap>
<edgeMap>
<xCoord>140</xCoord>
<yCoord>311</yCoord>
</edgeMap>
<edgeMap>
<xCoord>139</xCoord>
<yCoord>311</yCoord>
</edgeMap>
<edgeMap>
<xCoord>138</xCoord>
<yCoord>311</yCoord>
</edgeMap>
<edgeMap>
<xCoord>137</xCoord>
<yCoord>312</yCoord>
</edgeMap>
<edgeMap>
<xCoord>136</xCoord>
<yCoord>313</yCoord>
</edgeMap>
<edgeMap>
<xCoord>137</xCoord>
<yCoord>314</yCoord>
</edgeMap>
<edgeMap>
<xCoord>136</xCoord>
<yCoord>315</yCoord>
</edgeMap>
<edgeMap>
<xCoord>136</xCoord>
<yCoord>316</yCoord>
</edgeMap>
<edgeMap>
<xCoord>135</xCoord>
<yCoord>317</yCoord>
</edgeMap>
<edgeMap>
<xCoord>134</xCoord>
<yCoord>318</yCoord>
</edgeMap>
<edgeMap>
<xCoord>135</xCoord>
<yCoord>318</yCoord>
</edgeMap>
<edgeMap>
<xCoord>136</xCoord>
<yCoord>317</yCoord>
</edgeMap>
<edgeMap>
<xCoord>137</xCoord>
<yCoord>317</yCoord>
</edgeMap>
<edgeMap>
<xCoord>138</xCoord>
<yCoord>318</yCoord>
</edgeMap>
<edgeMap>
<xCoord>139</xCoord>
<yCoord>318</yCoord>
</edgeMap>
<edgeMap>
<xCoord>140</xCoord>
<yCoord>318</yCoord>
</edgeMap>
<edgeMap>
<xCoord>141</xCoord>
<yCoord>318</yCoord>
</edgeMap>
</roi>
<roi>
<imageZposition>-124.0</imageZposition>
<imageSOP_UID>1.3.6.1.4.1.14519.5.2.1.6279.6001.246507841030361365432753290941</imageSOP_UID>
<inclusion>TRUE</inclusion>
<edgeMap>
<xCoord>143</xCoord>
<yCoord>318</yCoord>
</edgeMap>
<edgeMap>
<xCoord>144</xCoord>
<yCoord>317</yCoord>
</edgeMap>
<edgeMap>
<xCoord>145</xCoord>
<yCoord>316</yCoord>
</edgeMap>
<edgeMap>
<xCoord>146</xCoord>
<yCoord>315</yCoord>
</edgeMap>
<edgeMap>
<xCoord>146</xCoord>
<yCoord>314</yCoord>
</edgeMap>
<edgeMap>
<xCoord>147</xCoord>
<yCoord>313</yCoord>
</edgeMap>
<edgeMap>
<xCoord>146</xCoord>
<yCoord>312</yCoord>
</edgeMap>
<edgeMap>
<xCoord>145</xCoord>
<yCoord>311</yCoord>
</edgeMap>
<edgeMap>
<xCoord>144</xCoord>
<yCoord>310</yCoord>
</edgeMap>
<edgeMap>
<xCoord>143</xCoord>
<yCoord>309</yCoord>
</edgeMap>
<edgeMap>
<xCoord>142</xCoord>
<yCoord>308</yCoord>
</edgeMap>
<edgeMap>
<xCoord>141</xCoord>
<yCoord>308</yCoord>
</edgeMap>
<edgeMap>
<xCoord>140</xCoord>
<yCoord>308</yCoord>
</edgeMap>
<edgeMap>
<xCoord>139</xCoord>
<yCoord>309</yCoord>
</edgeMap>
<edgeMap>
<xCoord>138</xCoord>
<yCoord>309</yCoord>
</edgeMap>
<edgeMap>
<xCoord>137</xCoord>
<yCoord>309</yCoord>
</edgeMap>
<edgeMap>
<xCoord>136</xCoord>
<yCoord>310</yCoord>
</edgeMap>
<edgeMap>
<xCoord>135</xCoord>
<yCoord>311</yCoord>
</edgeMap>
<edgeMap>
<xCoord>135</xCoord>
<yCoord>312</yCoord>
</edgeMap>
<edgeMap>
<xCoord>134</xCoord>
<yCoord>313</yCoord>
</edgeMap>
<edgeMap>
<xCoord>134</xCoord>
<yCoord>314</yCoord>
</edgeMap>
<edgeMap>
<xCoord>135</xCoord>
<yCoord>315</yCoord>
</edgeMap>
<edgeMap>
<xCoord>135</xCoord>
<yCoord>316</yCoord>
</edgeMap>
<edgeMap>
<xCoord>136</xCoord>
<yCoord>316</yCoord>
</edgeMap>
<edgeMap>
<xCoord>137</xCoord>
<yCoord>317</yCoord>
</edgeMap>
<edgeMap>
<xCoord>138</xCoord>
<yCoord>317</yCoord>
</edgeMap>
<edgeMap>
<xCoord>139</xCoord>
<yCoord>317</yCoord>
</edgeMap>
<edgeMap>
<xCoord>140</xCoord>
<yCoord>317</yCoord>
</edgeMap>
<edgeMap>
<xCoord>141</xCoord>
<yCoord>318</yCoord>
</edgeMap>
<edgeMap>
<xCoord>142</xCoord>
<yCoord>318</yCoord>
</edgeMap>
<edgeMap>
<xCoord>143</xCoord>
<yCoord>318</yCoord>
</edgeMap>
</roi>
<roi>
<imageZposition>-125.25</imageZposition>
<imageSOP_UID>1.3.6.1.4.1.14519.5.2.1.6279.6001.403251212534136761294443496365</imageSOP_UID>
<inclusion>TRUE</inclusion>
<edgeMap>
<xCoord>144</xCoord>
<yCoord>318</yCoord>
</edgeMap>
<edgeMap>
<xCoord>145</xCoord>
<yCoord>317</yCoord>
</edgeMap>
<edgeMap>
<xCoord>146</xCoord>
<yCoord>316</yCoord>
</edgeMap>
<edgeMap>
<xCoord>146</xCoord>
<yCoord>315</yCoord>
</edgeMap>
<edgeMap>
<xCoord>147</xCoord>
<yCoord>314</yCoord>
</edgeMap>
<edgeMap>
<xCoord>148</xCoord>
<yCoord>313</yCoord>
</edgeMap>
<edgeMap>
<xCoord>147</xCoord>
<yCoord>312</yCoord>
</edgeMap>
<edgeMap>
<xCoord>148</xCoord>
<yCoord>311</yCoord>
</edgeMap>
<edgeMap>
<xCoord>147</xCoord>
<yCoord>310</yCoord>
</edgeMap>
<edgeMap>
<xCoord>146</xCoord>
<yCoord>309</yCoord>
</edgeMap>
<edgeMap>
<xCoord>145</xCoord>
<yCoord>308</yCoord>
</edgeMap>
<edgeMap>
<xCoord>144</xCoord>
<yCoord>307</yCoord>
</edgeMap>
<edgeMap>
<xCoord>143</xCoord>
<yCoord>307</yCoord>
</edgeMap>
<edgeMap>
<xCoord>142</xCoord>
<yCoord>307</yCoord>
</edgeMap>
<edgeMap>
<xCoord>141</xCoord>
<yCoord>307</yCoord>
</edgeMap>
<edgeMap>
<xCoord>140</xCoord>
<yCoord>307</yCoord>
</edgeMap>
<edgeMap>
<xCoord>139</xCoord>
<yCoord>308</yCoord>
</edgeMap>
<edgeMap>
<xCoord>138</xCoord>
<yCoord>308</yCoord>
</edgeMap>
<edgeMap>
<xCoord>137</xCoord>
<yCoord>308</yCoord>
</edgeMap>
<edgeMap>
<xCoord>136</xCoord>
<yCoord>309</yCoord>
</edgeMap>
<edgeMap>
<xCoord>135</xCoord>
<yCoord>310</yCoord>
</edgeMap>
<edgeMap>
<xCoord>135</xCoord>
<yCoord>311</yCoord>
</edgeMap>
<edgeMap>
<xCoord>134</xCoord>
<yCoord>312</yCoord>
</edgeMap>
<edgeMap>
<xCoord>133</xCoord>
<yCoord>313</yCoord>
</edgeMap>
<edgeMap>
<xCoord>133</xCoord>
<yCoord>314</yCoord>
</edgeMap>
<edgeMap>
<xCoord>134</xCoord>
<yCoord>315</yCoord>
</edgeMap>
<edgeMap>
<xCoord>135</xCoord>
<yCoord>316</yCoord>
</edgeMap>
<edgeMap>
<xCoord>136</xCoord>
<yCoord>316</yCoord>
</edgeMap>
<edgeMap>
<xCoord>137</xCoord>
<yCoord>316</yCoord>
</edgeMap>
<edgeMap>
<xCoord>138</xCoord>
<yCoord>317</yCoord>
</edgeMap>
<edgeMap>
<xCoord>139</xCoord>
<yCoord>318</yCoord>
</edgeMap>
<edgeMap>
<xCoord>140</xCoord>
<yCoord>318</yCoord>
</edgeMap>
<edgeMap>
<xCoord>141</xCoord>
<yCoord>318</yCoord>
</edgeMap>
<edgeMap>
<xCoord>142</xCoord>
<yCoord>318</yCoord>
</edgeMap>
<edgeMap>
<xCoord>143</xCoord>
<yCoord>318</yCoord>
</edgeMap>
<edgeMap>
<xCoord>144</xCoord>
<yCoord>318</yCoord>
</edgeMap>
</roi>
<roi>
<imageZposition>-126.5</imageZposition>
<imageSOP_UID>1.3.6.1.4.1.14519.5.2.1.6279.6001.299533436638252763011425410424</imageSOP_UID>
<inclusion>TRUE</inclusion>
<edgeMap>
<xCoord>144</xCoord>
<yCoord>318</yCoord>
</edgeMap>
<edgeMap>
<xCoord>145</xCoord>
<yCoord>317</yCoord>
</edgeMap>
<edgeMap>
<xCoord>146</xCoord>
<yCoord>317</yCoord>
</edgeMap>
<edgeMap>
<xCoord>147</xCoord>
<yCoord>316</yCoord>
</edgeMap>
<edgeMap>
<xCoord>148</xCoord>
<yCoord>315</yCoord>
</edgeMap>
<edgeMap>
<xCoord>148</xCoord>
<yCoord>314</yCoord>
</edgeMap>
<edgeMap>
<xCoord>148</xCoord>
<yCoord>313</yCoord>
</edgeMap>
<edgeMap>
<xCoord>148</xCoord>
<yCoord>312</yCoord>
</edgeMap>
<edgeMap>
<xCoord>148</xCoord>
<yCoord>311</yCoord>
</edgeMap>
<edgeMap>
<xCoord>148</xCoord>
<yCoord>310</yCoord>
</edgeMap>
<edgeMap>
<xCoord>147</xCoord>
<yCoord>309</yCoord>
</edgeMap>
<edgeMap>
<xCoord>147</xCoord>
<yCoord>308</yCoord>
</edgeMap>
<edgeMap>
<xCoord>146</xCoord>
<yCoord>307</yCoord>
</edgeMap>
<edgeMap>
<xCoord>145</xCoord>
<yCoord>306</yCoord>
</edgeMap>
<edgeMap>
<xCoord>144</xCoord>
<yCoord>305</yCoord>
</edgeMap>
<edgeMap>
<xCoord>143</xCoord>
<yCoord>306</yCoord>
</edgeMap>
<edgeMap>
<xCoord>142</xCoord>
<yCoord>306</yCoord>
</edgeMap>
<edgeMap>
<xCoord>141</xCoord>
<yCoord>306</yCoord>
</edgeMap>
<edgeMap>
<xCoord>140</xCoord>
<yCoord>307</yCoord>
</edgeMap>
<edgeMap>
<xCoord>139</xCoord>
<yCoord>307</yCoord>
</edgeMap>
<edgeMap>
<xCoord>138</xCoord>
<yCoord>308</yCoord>
</edgeMap>
<edgeMap>
<xCoord>137</xCoord>
<yCoord>309</yCoord>
</edgeMap>
<edgeMap>
<xCoord>136</xCoord>
<yCoord>310</yCoord>
</edgeMap>
<edgeMap>
<xCoord>135</xCoord>
<yCoord>311</yCoord>
</edgeMap>
<edgeMap>
<xCoord>135</xCoord>
<yCoord>312</yCoord>
</edgeMap>
<edgeMap>
<xCoord>135</xCoord>
<yCoord>313</yCoord>
</edgeMap>
<edgeMap>
<xCoord>136</xCoord>
<yCoord>314</yCoord>
</edgeMap>
<edgeMap>
<xCoord>136</xCoord>
<yCoord>315</yCoord>
</edgeMap>
<edgeMap>
<xCoord>137</xCoord>
<yCoord>316</yCoord>
</edgeMap>
<edgeMap>
<xCoord>138</xCoord>
<yCoord>317</yCoord>
</edgeMap>
<edgeMap>
<xCoord>139</xCoord>
<yCoord>317</yCoord>
</edgeMap>
<edgeMap>
<xCoord>140</xCoord>
<yCoord>318</yCoord>
</edgeMap>
<edgeMap>
<xCoord>141</xCoord>
<yCoord>318</yCoord>
</edgeMap>
<edgeMap>
<xCoord>142</xCoord>
<yCoord>318</yCoord>
</edgeMap>
<edgeMap>
<xCoord>143</xCoord>
<yCoord>318</yCoord>
</edgeMap>
<edgeMap>
<xCoord>144</xCoord>
<yCoord>318</yCoord>
</edgeMap>
</roi>
<roi>
<imageZposition>-127.75</imageZposition>
<imageSOP_UID>1.3.6.1.4.1.14519.5.2.1.6279.6001.190204489128870010122188281675</imageSOP_UID>
<inclusion>TRUE</inclusion>
<edgeMap>
<xCoord>143</xCoord>
<yCoord>318</yCoord>
</edgeMap>
<edgeMap>
<xCoord>144</xCoord>
<yCoord>317</yCoord>
</edgeMap>
<edgeMap>
<xCoord>145</xCoord>
<yCoord>316</yCoord>
</edgeMap>
<edgeMap>
<xCoord>146</xCoord>
<yCoord>315</yCoord>
</edgeMap>
<edgeMap>
<xCoord>146</xCoord>
<yCoord>314</yCoord>
</edgeMap>
<edgeMap>
<xCoord>146</xCoord>
<yCoord>313</yCoord>
</edgeMap>
<edgeMap>
<xCoord>146</xCoord>
<yCoord>312</yCoord>
</edgeMap>
<edgeMap>
<xCoord>146</xCoord>
<yCoord>311</yCoord>
</edgeMap>
<edgeMap>
<xCoord>146</xCoord>
<yCoord>310</yCoord>
</edgeMap>
<edgeMap>
<xCoord>146</xCoord>
<yCoord>309</yCoord>
</edgeMap>
<edgeMap>
<xCoord>146</xCoord>
<yCoord>308</yCoord>
</edgeMap>
<edgeMap>
<xCoord>145</xCoord>
<yCoord>307</yCoord>
</edgeMap>
<edgeMap>
<xCoord>144</xCoord>
<yCoord>306</yCoord>
</edgeMap>
<edgeMap>
<xCoord>143</xCoord>
<yCoord>306</yCoord>
</edgeMap>
<edgeMap>
<xCoord>142</xCoord>
<yCoord>305</yCoord>
</edgeMap>
<edgeMap>
<xCoord>141</xCoord>
<yCoord>306</yCoord>
</edgeMap>
<edgeMap>
<xCoord>140</xCoord>
<yCoord>307</yCoord>
</edgeMap>
<edgeMap>
<xCoord>139</xCoord>
<yCoord>307</yCoord>
</edgeMap>
<edgeMap>
<xCoord>138</xCoord>
<yCoord>308</yCoord>
</edgeMap>
<edgeMap>
<xCoord>137</xCoord>
<yCoord>309</yCoord>
</edgeMap>
<edgeMap>
<xCoord>137</xCoord>
<yCoord>310</yCoord>
</edgeMap>
<edgeMap>
<xCoord>137</xCoord>
<yCoord>311</yCoord>
</edgeMap>
<edgeMap>
<xCoord>137</xCoord>
<yCoord>312</yCoord>
</edgeMap>
<edgeMap>
<xCoord>137</xCoord>
<yCoord>313</yCoord>
</edgeMap>
<edgeMap>
<xCoord>138</xCoord>
<yCoord>314</yCoord>
</edgeMap>
<edgeMap>
<xCoord>139</xCoord>
<yCoord>315</yCoord>
</edgeMap>
<edgeMap>
<xCoord>140</xCoord>
<yCoord>316</yCoord>
</edgeMap>
<edgeMap>
<xCoord>141</xCoord>
<yCoord>317</yCoord>
</edgeMap>
<edgeMap>
<xCoord>142</xCoord>
<yCoord>318</yCoord>
</edgeMap>
<edgeMap>
<xCoord>143</xCoord>
<yCoord>318</yCoord>
</edgeMap>
</roi>
<roi>
<imageZposition>-129.0</imageZposition>
<imageSOP_UID>1.3.6.1.4.1.14519.5.2.1.6279.6001.249673428391568034831073122344</imageSOP_UID>
<inclusion>TRUE</inclusion>
<edgeMap>
<xCoord>142</xCoord>
<yCoord>314</yCoord>
</edgeMap>
<edgeMap>
<xCoord>143</xCoord>
<yCoord>313</yCoord>
</edgeMap>
<edgeMap>
<xCoord>144</xCoord>
<yCoord>312</yCoord>
</edgeMap>
<edgeMap>
<xCoord>143</xCoord>
<yCoord>311</yCoord>
</edgeMap>
<edgeMap>
<xCoord>142</xCoord>
<yCoord>310</yCoord>
</edgeMap>
<edgeMap>
<xCoord>141</xCoord>
<yCoord>311</yCoord>
</edgeMap>
<edgeMap>
<xCoord>140</xCoord>
<yCoord>312</yCoord>
</edgeMap>
<edgeMap>
<xCoord>141</xCoord>
<yCoord>313</yCoord>
</edgeMap>
<edgeMap>
<xCoord>142</xCoord>
<yCoord>314</yCoord>
</edgeMap>
</roi>
</unblindedReadNodule>
<unblindedReadNodule>
<noduleID>MI014_15484</noduleID>
<roi>
<imageZposition>-149.0</imageZposition>
<imageSOP_UID>1.3.6.1.4.1.14519.5.2.1.6279.6001.124415023261412317473191405815</imageSOP_UID>
<inclusion>TRUE</inclusion>
<edgeMap>
<xCoord>206</xCoord>
<yCoord>335</yCoord>
</edgeMap>
</roi>
</unblindedReadNodule>
<unblindedReadNodule>
<noduleID>MI014_15478</noduleID>
<roi>
<imageZposition>-139.0</imageZposition>
<imageSOP_UID>1.3.6.1.4.1.14519.5.2.1.6279.6001.332854312938021003259361095823</imageSOP_UID>
<inclusion>TRUE</inclusion>
<edgeMap>
<xCoord>183</xCoord>
<yCoord>349</yCoord>
</edgeMap>
</roi>
</unblindedReadNodule>
<unblindedReadNodule>
<noduleID>MI014_15480</noduleID>
<roi>
<imageZposition>-179.0</imageZposition>
<imageSOP_UID>1.3.6.1.4.1.14519.5.2.1.6279.6001.887462416743423642247972351706</imageSOP_UID>
<inclusion>TRUE</inclusion>
<edgeMap>
<xCoord>88</xCoord>
<yCoord>255</yCoord>
</edgeMap>
</roi>
</unblindedReadNodule>
<unblindedReadNodule>
<noduleID>MI014_15481</noduleID>
<roi>
<imageZposition>-175.25</imageZposition>
<imageSOP_UID>1.3.6.1.4.1.14519.5.2.1.6279.6001.759551722438049365808922649451</imageSOP_UID>
<inclusion>TRUE</inclusion>
<edgeMap>
<xCoord>389</xCoord>
<yCoord>182</yCoord>
</edgeMap>
</roi>
</unblindedReadNodule>
<unblindedReadNodule>
<noduleID>MI014_15486</noduleID>
<roi>
<imageZposition>-235.25</imageZposition>
<imageSOP_UID>1.3.6.1.4.1.14519.5.2.1.6279.6001.208612765789517381571858679040</imageSOP_UID>
<inclusion>TRUE</inclusion>
<edgeMap>
<xCoord>143</xCoord>
<yCoord>359</yCoord>
</edgeMap>
</roi>
</unblindedReadNodule>
<nonNodule>
<nonNoduleID>MI014_15485</nonNoduleID>
<imageZposition>-202.75</imageZposition>
<imageSOP_UID>1.3.6.1.4.1.14519.5.2.1.6279.6001.307656083813173722967079977788</imageSOP_UID>
<locus>
<xCoord>323</xCoord>
<yCoord>379</yCoord>
</locus>
</nonNodule>
<nonNodule>
<nonNoduleID>MI014_15482</nonNoduleID>
<imageZposition>-204.0</imageZposition>
<imageSOP_UID>1.3.6.1.4.1.14519.5.2.1.6279.6001.225374167211382350175294704689</imageSOP_UID>
<locus>
<xCoord>320</xCoord>
<yCoord>377</yCoord>
</locus>
</nonNodule>
</readingSession>
<readingSession>
		<annotationVersion>3.12</annotationVersion>
		<servicingRadiologistID>72194212</servicingRadiologistID>
			<unblindedReadNodule>
				<noduleID>0</noduleID>
				<characteristics>
					<subtlety>4</subtlety>
					<internalStructure>1</internalStructure>
					<calcification>6</calcification>
					<sphericity>4</sphericity>
					<margin>4</margin>
					<lobulation>2</lobulation>
					<spiculation>2</spiculation>
					<texture>4</texture>
					<malignancy>3</malignancy>
				</characteristics>
				<roi>
					<imageZposition>-136.5</imageZposition>
					<imageSOP_UID>1.3.6.1.4.1.14519.5.2.1.6279.6001.352659177058475644556647364700</imageSOP_UID>
					<inclusion>TRUE</inclusion>
					<edgeMap>
					<xCoord>180</xCoord>
					<yCoord>347</yCoord>
					</edgeMap>
					<edgeMap>
					<xCoord>181</xCoord>
					<yCoord>347</yCoord>
					</edgeMap>
					<edgeMap>
					<xCoord>182</xCoord>
					<yCoord>346</yCoord>
					</edgeMap>
					<edgeMap>
					<xCoord>183</xCoord>
					<yCoord>347</yCoord>
					</edgeMap>
					<edgeMap>
					<xCoord>184</xCoord>
					<yCoord>347</yCoord>
					</edgeMap>
					<edgeMap>
					<xCoord>184</xCoord>
					<yCoord>348</yCoord>
					</edgeMap>
					<edgeMap>
					<xCoord>183</xCoord>
					<yCoord>349</yCoord>
					</edgeMap>
					<edgeMap>
					<xCoord>183</xCoord>
					<yCoord>350</yCoord>
					</edgeMap>
					<edgeMap>
					<xCoord>182</xCoord>
					<yCoord>350</yCoord>
					</edgeMap>
					<edgeMap>
					<xCoord>181</xCoord>
					<yCoord>350</yCoord>
					</edgeMap>
					<edgeMap>
					<xCoord>180</xCoord>
					<yCoord>349</yCoord>
					</edgeMap>
					<edgeMap>
					<xCoord>180</xCoord>
					<yCoord>348</yCoord>
					</edgeMap>
					<edgeMap>
					<xCoord>180</xCoord>
					<yCoord>347</yCoord>
					</edgeMap>
				</roi>
				<roi>
					<imageZposition>-137.75</imageZposition>
					<imageSOP_UID>1.3.6.1.4.1.14519.5.2.1.6279.6001.165079010828388597366338805757</imageSOP_UID>
					<inclusion>TRUE</inclusion>
					<edgeMap>
					<xCoord>181</xCoord>
					<yCoord>346</yCoord>
					</edgeMap>
					<edgeMap>
					<xCoord>182</xCoord>
					<yCoord>346</yCoord>
					</edgeMap>
					<edgeMap>
					<xCoord>183</xCoord>
					<yCoord>346</yCoord>
					</edgeMap>
					<edgeMap>
					<xCoord>184</xCoord>
					<yCoord>346</yCoord>
					</edgeMap>
					<edgeMap>
					<xCoord>185</xCoord>
					<yCoord>346</yCoord>
					</edgeMap>
					<edgeMap>
					<xCoord>186</xCoord>
					<yCoord>346</yCoord>
					</edgeMap>
					<edgeMap>
					<xCoord>185</xCoord>
					<yCoord>347</yCoord>
					</edgeMap>
					<edgeMap>
					<xCoord>185</xCoord>
					<yCoord>348</yCoord>
					</edgeMap>
					<edgeMap>
					<xCoord>184</xCoord>
					<yCoord>349</yCoord>
					</edgeMap>
					<edgeMap>
					<xCoord>183</xCoord>
					<yCoord>349</yCoord>
					</edgeMap>
					<edgeMap>
					<xCoord>182</xCoord>
					<yCoord>350</yCoord>
					</edgeMap>
					<edgeMap>
					<xCoord>181</xCoord>
					<yCoord>349</yCoord>
					</edgeMap>
					<edgeMap>
					<xCoord>180</xCoord>
					<yCoord>349</yCoord>
					</edgeMap>
					<edgeMap>
					<xCoord>180</xCoord>
					<yCoord>348</yCoord>
					</edgeMap>
					<edgeMap>
					<xCoord>181</xCoord>
					<yCoord>347</yCoord>
					</edgeMap>
					<edgeMap>
					<xCoord>181</xCoord>
					<yCoord>346</yCoord>
					</edgeMap>
				</roi>
				<roi>
					<imageZposition>-139.0</imageZposition>
					<imageSOP_UID>1.3.6.1.4.1.14519.5.2.1.6279.6001.332854312938021003259361095823</imageSOP_UID>
					<inclusion>TRUE</inclusion>
					<edgeMap>
					<xCoord>178</xCoord>
					<yCoord>346</yCoord>
					</edgeMap>
					<edgeMap>
					<xCoord>179</xCoord>
					<yCoord>345</yCoord>
					</edgeMap>
					<edgeMap>
					<xCoord>180</xCoord>
					<yCoord>345</yCoord>
					</edgeMap>
					<edgeMap>
					<xCoord>181</xCoord>
					<yCoord>345</yCoord>
					</edgeMap>
					<edgeMap>
					<xCoord>182</xCoord>
					<yCoord>345</yCoord>
					</edgeMap>
					<edgeMap>
					<xCoord>183</xCoord>
					<yCoord>345</yCoord>
					</edgeMap>
					<edgeMap>
					<xCoord>184</xCoord>
					<yCoord>345</yCoord>
					</edgeMap>
					<edgeMap>
					<xCoord>185</xCoord>
					<yCoord>345</yCoord>
					</edgeMap>
					<edgeMap>
					<xCoord>186</xCoord>
					<yCoord>345</yCoord>
					</edgeMap>
					<edgeMap>
					<xCoord>186</xCoord>
					<yCoord>346</yCoord>
					</edgeMap>
					<edgeMap>
					<xCoord>186</xCoord>
					<yCoord>347</yCoord>
					</edgeMap>
					<edgeMap>
					<xCoord>186</xCoord>
					<yCoord>348</yCoord>
					</edgeMap>
					<edgeMap>
					<xCoord>185</xCoord>
					<yCoord>349</yCoord>
					</edgeMap>
					<edgeMap>
					<xCoord>184</xCoord>
					<yCoord>350</yCoord>
					</edgeMap>
					<edgeMap>
					<xCoord>183</xCoord>
					<yCoord>350</yCoord>
					</edgeMap>
					<edgeMap>
					<xCoord>182</xCoord>
					<yCoord>350</yCoord>
					</edgeMap>
					<edgeMap>
					<xCoord>181</xCoord>
					<yCoord>349</yCoord>
					</edgeMap>
					<edgeMap>
					<xCoord>180</xCoord>
					<yCoord>349</yCoord>
					</edgeMap>
					<edgeMap>
					<xCoord>179</xCoord>
					<yCoord>349</yCoord>
					</edgeMap>
					<edgeMap>
					<xCoord>179</xCoord>
					<yCoord>348</yCoord>
					</edgeMap>
					<edgeMap>
					<xCoord>179</xCoord>
					<yCoord>347</yCoord>
					</edgeMap>
					<edgeMap>
					<xCoord>178</xCoord>
					<yCoord>346</yCoord>
					</edgeMap>
				</roi>
				<roi>
					<imageZposition>-140.25</imageZposition>
					<imageSOP_UID>1.3.6.1.4.1.14519.5.2.1.6279.6001.260769177035826391904137859378</imageSOP_UID>
					<inclusion>TRUE</inclusion>
					<edgeMap>
					<xCoord>179</xCoord>
					<yCoord>347</yCoord>
					</edgeMap>
					<edgeMap>
					<xCoord>180</xCoord>
					<yCoord>347</yCoord>
					</edgeMap>
					<edgeMap>
					<xCoord>181</xCoord>
					<yCoord>346</yCoord>
					</edgeMap>
					<edgeMap>
					<xCoord>182</xCoord>
					<yCoord>347</yCoord>
					</edgeMap>
					<edgeMap>
					<xCoord>183</xCoord>
					<yCoord>347</yCoord>
					</edgeMap>
					<edgeMap>
					<xCoord>183</xCoord>
					<yCoord>348</yCoord>
					</edgeMap>
					<edgeMap>
					<xCoord>183</xCoord>
					<yCoord>349</yCoord>
					</edgeMap>
					<edgeMap>
					<xCoord>183</xCoord>
					<yCoord>350</yCoord>
					</edgeMap>
					<edgeMap>
					<xCoord>182</xCoord>
					<yCoord>350</yCoord>
					</edgeMap>
					<edgeMap>
					<xCoord>181</xCoord>
					<yCoord>350</yCoord>
					</edgeMap>
					<edgeMap>
					<xCoord>180</xCoord>
					<yCoord>351</yCoord>
					</edgeMap>
					<edgeMap>
					<xCoord>180</xCoord>
					<yCoord>350</yCoord>
					</edgeMap>
					<edgeMap>
					<xCoord>180</xCoord>
					<yCoord>349</yCoord>
					</edgeMap>
					<edgeMap>
					<xCoord>179</xCoord>
					<yCoord>348</yCoord>
					</edgeMap>
					<edgeMap>
					<xCoord>179</xCoord>
					<yCoord>347</yCoord>
					</edgeMap>
				</roi>
			</unblindedReadNodule>
			<unblindedReadNodule>
				<noduleID>1</noduleID>
				<roi>
					<imageZposition>-179.0</imageZposition>
					<imageSOP_UID>1.3.6.1.4.1.14519.5.2.1.6279.6001.887462416743423642247972351706</imageSOP_UID>
					<inclusion>TRUE</inclusion>
					<edgeMap>
					<xCoord>89</xCoord>
					<yCoord>255</yCoord>
					</edgeMap>
				</roi>
			</unblindedReadNodule>
			<unblindedReadNodule>
				<noduleID>2</noduleID>
				<roi>
					<imageZposition>-175.25</imageZposition>
					<imageSOP_UID>1.3.6.1.4.1.14519.5.2.1.6279.6001.759551722438049365808922649451</imageSOP_UID>
					<inclusion>TRUE</inclusion>
					<edgeMap>
					<xCoord>389</xCoord>
					<yCoord>182</yCoord>
					</edgeMap>
				</roi>
			</unblindedReadNodule>
			<unblindedReadNodule>
				<noduleID>4</noduleID>
				<roi>
					<imageZposition>-149.0</imageZposition>
					<imageSOP_UID>1.3.6.1.4.1.14519.5.2.1.6279.6001.124415023261412317473191405815</imageSOP_UID>
					<inclusion>TRUE</inclusion>
					<edgeMap>
					<xCoord>204</xCoord>
					<yCoord>333</yCoord>
					</edgeMap>
				</roi>
			</unblindedReadNodule>
			<unblindedReadNodule>
				<noduleID>5</noduleID>
				<characteristics>
					<subtlety>4</subtlety>
					<internalStructure>1</internalStructure>
					<calcification>6</calcification>
					<sphericity>4</sphericity>
					<margin>4</margin>
					<lobulation>2</lobulation>
					<spiculation>2</spiculation>
					<texture>4</texture>
					<malignancy>3</malignancy>
				</characteristics>
				<roi>
					<imageZposition>-121.5</imageZposition>
					<imageSOP_UID>1.3.6.1.4.1.14519.5.2.1.6279.6001.315168527852837141761893809774</imageSOP_UID>
					<inclusion>TRUE</inclusion>
					<edgeMap>
					<xCoord>138</xCoord>
					<yCoord>312</yCoord>
					</edgeMap>
					<edgeMap>
					<xCoord>139</xCoord>
					<yCoord>312</yCoord>
					</edgeMap>
					<edgeMap>
					<xCoord>140</xCoord>
					<yCoord>312</yCoord>
					</edgeMap>
					<edgeMap>
					<xCoord>141</xCoord>
					<yCoord>312</yCoord>
					</edgeMap>
					<edgeMap>
					<xCoord>142</xCoord>
					<yCoord>313</yCoord>
					</edgeMap>
					<edgeMap>
					<xCoord>143</xCoord>
					<yCoord>313</yCoord>
					</edgeMap>
					<edgeMap>
					<xCoord>143</xCoord>
					<yCoord>314</yCoord>
					</edgeMap>
					<edgeMap>
					<xCoord>143</xCoord>
					<yCoord>315</yCoord>
					</edgeMap>
					<edgeMap>
					<xCoord>143</xCoord>
					<yCoord>316</yCoord>
					</edgeMap>
					<edgeMap>
					<xCoord>142</xCoord>
					<yCoord>316</yCoord>
					</edgeMap>
					<edgeMap>
					<xCoord>141</xCoord>
					<yCoord>316</yCoord>
					</edgeMap>
					<edgeMap>
					<xCoord>140</xCoord>
					<yCoord>316</yCoord>
					</edgeMap>
					<edgeMap>
					<xCoord>139</xCoord>
					<yCoord>316</yCoord>
					</edgeMap>
					<edgeMap>
					<xCoord>138</xCoord>
					<yCoord>316</yCoord>
					</edgeMap>
					<edgeMap>
					<xCoord>137</xCoord>
					<yCoord>316</yCoord>
					</edgeMap>
					<edgeMap>
					<xCoord>137</xCoord>
					<yCoord>315</yCoord>
					</edgeMap>
					<edgeMap>
					<xCoord>137</xCoord>
					<yCoord>314</yCoord>
					</edgeMap>
					<edgeMap>
					<xCoord>137</xCoord>
					<yCoord>313</yCoord>
					</edgeMap>
					<edgeMap>
					<xCoord>137</xCoord>
					<yCoord>312</yCoord>
					</edgeMap>
					<edgeMap>
					<xCoord>138</xCoord>
					<yCoord>312</yCoord>
					</edgeMap>
				</roi>
				<roi>
					<imageZposition>-122.75</imageZposition>
					<imageSOP_UID>1.3.6.1.4.1.14519.5.2.1.6279.6001.669702174514341482657301696213</imageSOP_UID>
					<inclusion>TRUE</inclusion>
					<edgeMap>
					<xCoord>137</xCoord>
					<yCoord>311</yCoord>
					</edgeMap>
					<edgeMap>
					<xCoord>138</xCoord>
					<yCoord>311</yCoord>
					</edgeMap>
					<edgeMap>
					<xCoord>139</xCoord>
					<yCoord>311</yCoord>
					</edgeMap>
					<edgeMap>
					<xCoord>140</xCoord>
					<yCoord>311</yCoord>
					</edgeMap>
					<edgeMap>
					<xCoord>141</xCoord>
					<yCoord>311</yCoord>
					</edgeMap>
					<edgeMap>
					<xCoord>142</xCoord>
					<yCoord>311</yCoord>
					</edgeMap>
					<edgeMap>
					<xCoord>143</xCoord>
					<yCoord>312</yCoord>
					</edgeMap>
					<edgeMap>
					<xCoord>144</xCoord>
					<yCoord>313</yCoord>
					</edgeMap>
					<edgeMap>
					<xCoord>144</xCoord>
					<yCoord>314</yCoord>
					</edgeMap>
					<edgeMap>
					<xCoord>143</xCoord>
					<yCoord>315</yCoord>
					</edgeMap>
					<edgeMap>
					<xCoord>142</xCoord>
					<yCoord>316</yCoord>
					</edgeMap>
					<edgeMap>
					<xCoord>141</xCoord>
					<yCoord>316</yCoord>
					</edgeMap>
					<edgeMap>
					<xCoord>140</xCoord>
					<yCoord>316</yCoord>
					</edgeMap>
					<edgeMap>
					<xCoord>139</xCoord>
					<yCoord>316</yCoord>
					</edgeMap>
					<edgeMap>
					<xCoord>138</xCoord>
					<yCoord>316</yCoord>
					</edgeMap>
					<edgeMap>
					<xCoord>137</xCoord>
					<yCoord>316</yCoord>
					</edgeMap>
					<edgeMap>
					<xCoord>137</xCoord>
					<yCoord>315</yCoord>
					</edgeMap>
					<edgeMap>
					<xCoord>137</xCoord>
					<yCoord>314</yCoord>
					</edgeMap>
					<edgeMap>
					<xCoord>137</xCoord>
					<yCoord>313</yCoord>
					</edgeMap>
					<edgeMap>
					<xCoord>137</xCoord>
					<yCoord>312</yCoord>
					</edgeMap>
					<edgeMap>
					<xCoord>137</xCoord>
					<yCoord>311</yCoord>
					</edgeMap>
				</roi>
				<roi>
					<imageZposition>-124.0</imageZposition>
					<imageSOP_UID>1.3.6.1.4.1.14519.5.2.1.6279.6001.246507841030361365432753290941</imageSOP_UID>
					<inclusion>TRUE</inclusion>
					<edgeMap>
					<xCoord>138</xCoord>
					<yCoord>309</yCoord>
					</edgeMap>
					<edgeMap>
					<xCoord>139</xCoord>
					<yCoord>308</yCoord>
					</edgeMap>
					<edgeMap>
					<xCoord>140</xCoord>
					<yCoord>308</yCoord>
					</edgeMap>
					<edgeMap>
					<xCoord>141</xCoord>
					<yCoord>308</yCoord>
					</edgeMap>
					<edgeMap>
					<xCoord>142</xCoord>
					<yCoord>309</yCoord>
					</edgeMap>
					<edgeMap>
					<xCoord>143</xCoord>
					<yCoord>309</yCoord>
					</edgeMap>
					<edgeMap>
					<xCoord>144</xCoord>
					<yCoord>310</yCoord>
					</edgeMap>
					<edgeMap>
					<xCoord>145</xCoord>
					<yCoord>310</yCoord>
					</edgeMap>
					<edgeMap>
					<xCoord>146</xCoord>
					<yCoord>311</yCoord>
					</edgeMap>
					<edgeMap>
					<xCoord>147</xCoord>
					<yCoord>312</yCoord>
					</edgeMap>
					<edgeMap>
					<xCoord>147</xCoord>
					<yCoord>313</yCoord>
					</edgeMap>
					<edgeMap>
					<xCoord>147</xCoord>
					<yCoord>314</yCoord>
					</edgeMap>
					<edgeMap>
					<xCoord>147</xCoord>
					<yCoord>315</yCoord>
					</edgeMap>
					<edgeMap>
					<xCoord>146</xCoord>
					<yCoord>316</yCoord>
					</edgeMap>
					<edgeMap>
					<xCoord>145</xCoord>
					<yCoord>317</yCoord>
					</edgeMap>
					<edgeMap>
					<xCoord>144</xCoord>
					<yCoord>317</yCoord>
					</edgeMap>
					<edgeMap>
					<xCoord>143</xCoord>
					<yCoord>318</yCoord>
					</edgeMap>
					<edgeMap>
					<xCoord>142</xCoord>
					<yCoord>318</yCoord>
					</edgeMap>
					<edgeMap>
					<xCoord>141</xCoord>
					<yCoord>318</yCoord>
					</edgeMap>
					<edgeMap>
					<xCoord>140</xCoord>
					<yCoord>318</yCoord>
					</edgeMap>
					<edgeMap>
					<xCoord>139</xCoord>
					<yCoord>318</yCoord>
					</edgeMap>
					<edgeMap>
					<xCoord>138</xCoord>
					<yCoord>317</yCoord>
					</edgeMap>
					<edgeMap>
					<xCoord>137</xCoord>
					<yCoord>317</yCoord>
					</edgeMap>
					<edgeMap>
					<xCoord>136</xCoord>
					<yCoord>317</yCoord>
					</edgeMap>
					<edgeMap>
					<xCoord>136</xCoord>
					<yCoord>316</yCoord>
					</edgeMap>
					<edgeMap>
					<xCoord>135</xCoord>
					<yCoord>315</yCoord>
					</edgeMap>
					<edgeMap>
					<xCoord>135</xCoord>
					<yCoord>314</yCoord>
					</edgeMap>
					<edgeMap>
					<xCoord>135</xCoord>
					<yCoord>313</yCoord>
					</edgeMap>
					<edgeMap>
					<xCoord>135</xCoord>
					<yCoord>312</yCoord>
					</edgeMap>
					<edgeMap>
					<xCoord>136</xCoord>
					<yCoord>311</yCoord>
					</edgeMap>
					<edgeMap>
					<xCoord>137</xCoord>
					<yCoord>310</yCoord>
					</edgeMap>
					<edgeMap>
					<xCoord>138</xCoord>
					<yCoord>309</yCoord>
					</edgeMap>
				</roi>
				<roi>
					<imageZposition>-125.25</imageZposition>
					<imageSOP_UID>1.3.6.1.4.1.14519.5.2.1.6279.6001.403251212534136761294443496365</imageSOP_UID>
					<inclusion>TRUE</inclusion>
					<edgeMap>
					<xCoord>139</xCoord>
					<yCoord>308</yCoord>
					</edgeMap>
					<edgeMap>
					<xCoord>140</xCoord>
					<yCoord>308</yCoord>
					</edgeMap>
					<edgeMap>
					<xCoord>140</xCoord>
					<yCoord>307</yCoord>
					</edgeMap>
					<edgeMap>
					<xCoord>141</xCoord>
					<yCoord>308</yCoord>
					</edgeMap>
					<edgeMap>
					<xCoord>142</xCoord>
					<yCoord>308</yCoord>
					</edgeMap>
					<edgeMap>
					<xCoord>143</xCoord>
					<yCoord>308</yCoord>
					</edgeMap>
					<edgeMap>
					<xCoord>144</xCoord>
					<yCoord>308</yCoord>
					</edgeMap>
					<edgeMap>
					<xCoord>145</xCoord>
					<yCoord>309</yCoord>
					</edgeMap>
					<edgeMap>
					<xCoord>146</xCoord>
					<yCoord>310</yCoord>
					</edgeMap>
					<edgeMap>
					<xCoord>147</xCoord>
					<yCoord>311</yCoord>
					</edgeMap>
					<edgeMap>
					<xCoord>148</xCoord>
					<yCoord>311</yCoord>
					</edgeMap>
					<edgeMap>
					<xCoord>148</xCoord>
					<yCoord>312</yCoord>
					</edgeMap>
					<edgeMap>
					<xCoord>148</xCoord>
					<yCoord>313</yCoord>
					</edgeMap>
					<edgeMap>
					<xCoord>148</xCoord>
					<yCoord>314</yCoord>
					</edgeMap>
					<edgeMap>
					<xCoord>147</xCoord>
					<yCoord>315</yCoord>
					</edgeMap>
					<edgeMap>
					<xCoord>146</xCoord>
					<yCoord>315</yCoord>
					</edgeMap>
					<edgeMap>
					<xCoord>145</xCoord>
					<yCoord>316</yCoord>
					</edgeMap>
					<edgeMap>
					<xCoord>144</xCoord>
					<yCoord>316</yCoord>
					</edgeMap>
					<edgeMap>
					<xCoord>143</xCoord>
					<yCoord>317</yCoord>
					</edgeMap>
					<edgeMap>
					<xCoord>142</xCoord>
					<yCoord>317</yCoord>
					</edgeMap>
					<edgeMap>
					<xCoord>141</xCoord>
					<yCoord>317</yCoord>
					</edgeMap>
					<edgeMap>
					<xCoord>140</xCoord>
					<yCoord>317</yCoord>
					</edgeMap>
					<edgeMap>
					<xCoord>139</xCoord>
					<yCoord>317</yCoord>
					</edgeMap>
					<edgeMap>
					<xCoord>138</xCoord>
					<yCoord>317</yCoord>
					</edgeMap>
					<edgeMap>
					<xCoord>137</xCoord>
					<yCoord>317</yCoord>
					</edgeMap>
					<edgeMap>
					<xCoord>136</xCoord>
					<yCoord>316</yCoord>
					</edgeMap>
					<edgeMap>
					<xCoord>135</xCoord>
					<yCoord>315</yCoord>
					</edgeMap>
					<edgeMap>
					<xCoord>135</xCoord>
					<yCoord>314</yCoord>
					</edgeMap>
					<edgeMap>
					<xCoord>135</xCoord>
					<yCoord>313</yCoord>
					</edgeMap>
					<edgeMap>
					<xCoord>135</xCoord>
					<yCoord>312</yCoord>
					</edgeMap>
					<edgeMap>
					<xCoord>135</xCoord>
					<yCoord>311</yCoord>
					</edgeMap>
					<edgeMap>
					<xCoord>136</xCoord>
					<yCoord>310</yCoord>
					</edgeMap>
					<edgeMap>
					<xCoord>137</xCoord>
					<yCoord>309</yCoord>
					</edgeMap>
					<edgeMap>
					<xCoord>138</xCoord>
					<yCoord>309</yCoord>
					</edgeMap>
					<edgeMap>
					<xCoord>139</xCoord>
					<yCoord>308</yCoord>
					</edgeMap>
				</roi>
				<roi>
					<imageZposition>-126.5</imageZposition>
					<imageSOP_UID>1.3.6.1.4.1.14519.5.2.1.6279.6001.299533436638252763011425410424</imageSOP_UID>
					<inclusion>TRUE</inclusion>
					<edgeMap>
					<xCoord>139</xCoord>
					<yCoord>308</yCoord>
					</edgeMap>
					<edgeMap>
					<xCoord>140</xCoord>
					<yCoord>307</yCoord>
					</edgeMap>
					<edgeMap>
					<xCoord>141</xCoord>
					<yCoord>307</yCoord>
					</edgeMap>
					<edgeMap>
					<xCoord>142</xCoord>
					<yCoord>307</yCoord>
					</edgeMap>
					<edgeMap>
					<xCoord>143</xCoord>
					<yCoord>306</yCoord>
					</edgeMap>
					<edgeMap>
					<xCoord>144</xCoord>
					<yCoord>306</yCoord>
					</edgeMap>
					<edgeMap>
					<xCoord>145</xCoord>
					<yCoord>306</yCoord>
					</edgeMap>
					<edgeMap>
					<xCoord>146</xCoord>
					<yCoord>307</yCoord>
					</edgeMap>
					<edgeMap>
					<xCoord>146</xCoord>
					<yCoord>308</yCoord>
					</edgeMap>
					<edgeMap>
					<xCoord>147</xCoord>
					<yCoord>309</yCoord>
					</edgeMap>
					<edgeMap>
					<xCoord>147</xCoord>
					<yCoord>310</yCoord>
					</edgeMap>
					<edgeMap>
					<xCoord>147</xCoord>
					<yCoord>311</yCoord>
					</edgeMap>
					<edgeMap>
					<xCoord>147</xCoord>
					<yCoord>312</yCoord>
					</edgeMap>
					<edgeMap>
					<xCoord>147</xCoord>
					<yCoord>313</yCoord>
					</edgeMap>
					<edgeMap>
					<xCoord>147</xCoord>
					<yCoord>314</yCoord>
					</edgeMap>
					<edgeMap>
					<xCoord>147</xCoord>
					<yCoord>315</yCoord>
					</edgeMap>
					<edgeMap>
					<xCoord>146</xCoord>
					<yCoord>316</yCoord>
					</edgeMap>
					<edgeMap>
					<xCoord>145</xCoord>
					<yCoord>317</yCoord>
					</edgeMap>
					<edgeMap>
					<xCoord>145</xCoord>
					<yCoord>318</yCoord>
					</edgeMap>
					<edgeMap>
					<xCoord>144</xCoord>
					<yCoord>318</yCoord>
					</edgeMap>
					<edgeMap>
					<xCoord>143</xCoord>
					<yCoord>318</yCoord>
					</edgeMap>
					<edgeMap>
					<xCoord>142</xCoord>
					<yCoord>318</yCoord>
					</edgeMap>
					<edgeMap>
					<xCoord>141</xCoord>
					<yCoord>317</yCoord>
					</edgeMap>
					<edgeMap>
					<xCoord>140</xCoord>
					<yCoord>317</yCoord>
					</edgeMap>
					<edgeMap>
					<xCoord>139</xCoord>
					<yCoord>317</yCoord>
					</edgeMap>
					<edgeMap>
					<xCoord>138</xCoord>
					<yCoord>316</yCoord>
					</edgeMap>
					<edgeMap>
					<xCoord>137</xCoord>
					<yCoord>315</yCoord>
					</edgeMap>
					<edgeMap>
					<xCoord>136</xCoord>
					<yCoord>314</yCoord>
					</edgeMap>
					<edgeMap>
					<xCoord>136</xCoord>
					<yCoord>313</yCoord>
					</edgeMap>
					<edgeMap>
					<xCoord>136</xCoord>
					<yCoord>312</yCoord>
					</edgeMap>
					<edgeMap>
					<xCoord>136</xCoord>
					<yCoord>311</yCoord>
					</edgeMap>
					<edgeMap>
					<xCoord>137</xCoord>
					<yCoord>310</yCoord>
					</edgeMap>
					<edgeMap>
					<xCoord>138</xCoord>
					<yCoord>309</yCoord>
					</edgeMap>
					<edgeMap>
					<xCoord>139</xCoord>
					<yCoord>308</yCoord>
					</edgeMap>
				</roi>
				<roi>
					<imageZposition>-127.75</imageZposition>
					<imageSOP_UID>1.3.6.1.4.1.14519.5.2.1.6279.6001.190204489128870010122188281675</imageSOP_UID>
					<inclusion>TRUE</inclusion>
					<edgeMap>
					<xCoord>139</xCoord>
					<yCoord>307</yCoord>
					</edgeMap>
					<edgeMap>
					<xCoord>140</xCoord>
					<yCoord>306</yCoord>
					</edgeMap>
					<edgeMap>
					<xCoord>141</xCoord>
					<yCoord>306</yCoord>
					</edgeMap>
					<edgeMap>
					<xCoord>141</xCoord>
					<yCoord>305</yCoord>
					</edgeMap>
					<edgeMap>
					<xCoord>142</xCoord>
					<yCoord>306</yCoord>
					</edgeMap>
					<edgeMap>
					<xCoord>143</xCoord>
					<yCoord>306</yCoord>
					</edgeMap>
					<edgeMap>
					<xCoord>144</xCoord>
					<yCoord>306</yCoord>
					</edgeMap>
					<edgeMap>
					<xCoord>145</xCoord>
					<yCoord>307</yCoord>
					</edgeMap>
					<edgeMap>
					<xCoord>146</xCoord>
					<yCoord>308</yCoord>
					</edgeMap>
					<edgeMap>
					<xCoord>146</xCoord>
					<yCoord>309</yCoord>
					</edgeMap>
					<edgeMap>
					<xCoord>146</xCoord>
					<yCoord>310</yCoord>
					</edgeMap>
					<edgeMap>
					<xCoord>146</xCoord>
					<yCoord>311</yCoord>
					</edgeMap>
					<edgeMap>
					<xCoord>146</xCoord>
					<yCoord>312</yCoord>
					</edgeMap>
					<edgeMap>
					<xCoord>145</xCoord>
					<yCoord>313</yCoord>
					</edgeMap>
					<edgeMap>
					<xCoord>144</xCoord>
					<yCoord>314</yCoord>
					</edgeMap>
					<edgeMap>
					<xCoord>143</xCoord>
					<yCoord>315</yCoord>
					</edgeMap>
					<edgeMap>
					<xCoord>142</xCoord>
					<yCoord>315</yCoord>
					</edgeMap>
					<edgeMap>
					<xCoord>141</xCoord>
					<yCoord>315</yCoord>
					</edgeMap>
					<edgeMap>
					<xCoord>140</xCoord>
					<yCoord>315</yCoord>
					</edgeMap>
					<edgeMap>
					<xCoord>139</xCoord>
					<yCoord>314</yCoord>
					</edgeMap>
					<edgeMap>
					<xCoord>138</xCoord>
					<yCoord>313</yCoord>
					</edgeMap>
					<edgeMap>
					<xCoord>137</xCoord>
					<yCoord>313</yCoord>
					</edgeMap>
					<edgeMap>
					<xCoord>137</xCoord>
					<yCoord>312</yCoord>
					</edgeMap>
					<edgeMap>
					<xCoord>137</xCoord>
					<yCoord>311</yCoord>
					</edgeMap>
					<edgeMap>
					<xCoord>137</xCoord>
					<yCoord>310</yCoord>
					</edgeMap>
					<edgeMap>
					<xCoord>138</xCoord>
					<yCoord>309</yCoord>
					</edgeMap>
					<edgeMap>
					<xCoord>138</xCoord>
					<yCoord>308</yCoord>
					</edgeMap>
					<edgeMap>
					<xCoord>139</xCoord>
					<yCoord>307</yCoord>
					</edgeMap>
				</roi>
			</unblindedReadNodule>
			<unblindedReadNodule>
				<noduleID>6</noduleID>
				<roi>
					<imageZposition>-235.25</imageZposition>
					<imageSOP_UID>1.3.6.1.4.1.14519.5.2.1.6279.6001.208612765789517381571858679040</imageSOP_UID>
					<inclusion>TRUE</inclusion>
					<edgeMap>
					<xCoord>143</xCoord>
					<yCoord>358</yCoord>
					</edgeMap>
				</roi>
			</unblindedReadNodule>
			<nonNodule>
				<nonNoduleID>3</nonNoduleID>
				<imageZposition>-205.25</imageZposition>
				<imageSOP_UID>1.3.6.1.4.1.14519.5.2.1.6279.6001.147792021305347208002273674938</imageSOP_UID>
				<locus>
					<xCoord>319</xCoord>
					<yCoord>377</yCoord>
				</locus>
			</nonNodule>
	</readingSession>
</LidcReadMessage>