<?xml version="1.0" encoding="UTF-8"?>
<LidcReadMessage uid="1.3.6.1.4.1.14519.5.2.1.6279.6001.1307390648649.0" xmlns="http://www.nih.gov" xmlns:xsi="http://www.w3.org/2001/XMLSchema-instance" xsi:schemaLocation="http://www.nih.gov  http://troll.rad.med.umich.edu/lidc/LidcReadMessage.xsd">
<ResponseHeader>
<Version>1.8.1</Version>
<MessageId>1170254604</MessageId>
<DateRequest>2007-11-01</DateRequest>
<TimeRequest>12:28:33</TimeRequest>
<RequestingSite>removed</RequestingSite>
<ServicingSite>removed</ServicingSite>
<TaskDescription>Second unblinded read</TaskDescription>
<CtImageFile>removed</CtImageFile>
<SeriesInstanceUid>1.3.6.1.4.1.14519.5.2.1.6279.6001.338114620394879648539943280992</SeriesInstanceUid>
<DateService>2008-08-18</DateService>
<TimeService>02:01:29</TimeService>
<ResponseDescription>1 - Reading complete</ResponseDescription>
<StudyInstanceUID>1.3.6.1.4.1.14519.5.2.1.6279.6001.262595324886254011362748468025</StudyInstanceUID></ResponseHeader>
<readingSession>
    <annotationVersion>3.12</annotationVersion>
    <servicingRadiologistID>-613070486</servicingRadiologistID>
    <unblindedReadNodule>
      <noduleID>Nodule 001</noduleID>
      <characteristics>
        <subtlety>4</subtlety>
        <internalStructure>1</internalStructure>
        <calcification>6</calcification>
        <sphericity>3</sphericity>
        <margin>4</margin>
        <lobulation>2</lobulation>
        <spiculation>2</spiculation>
        <texture>5</texture>
        <malignancy>4</malignancy>
      </characteristics>
      <roi>
        <imageZposition>-190.000000 </imageZposition>
        <imageSOP_UID>1.3.6.1.4.1.14519.5.2.1.6279.6001.834008902010408017044104797747</imageSOP_UID>
        <inclusion>TRUE</inclusion>
        <edgeMap>
          <xCoord>149</xCoord>
          <yCoord>279</yCoord>
        </edgeMap>
        <edgeMap>
          <xCoord>148</xCoord>
          <yCoord>280</yCoord>
        </edgeMap>
        <edgeMap>
          <xCoord>147</xCoord>
          <yCoord>281</yCoord>
        </edgeMap>
        <edgeMap>
          <xCoord>146</xCoord>
          <yCoord>281</yCoord>
        </edgeMap>
        <edgeMap>
          <xCoord>145</xCoord>
          <yCoord>281</yCoord>
        </edgeMap>
        <edgeMap>
          <xCoord>144</xCoord>
          <yCoord>281</yCoord>
        </edgeMap>
        <edgeMap>
          <xCoord>143</xCoord>
          <yCoord>281</yCoord>
        </edgeMap>
        <edgeMap>
          <xCoord>142</xCoord>
          <yCoord>282</yCoord>
        </edgeMap>
        <edgeMap>
          <xCoord>141</xCoord>
          <yCoord>283</yCoord>
        </edgeMap>
        <edgeMap>
          <xCoord>141</xCoord>
          <yCoord>284</yCoord>
        </edgeMap>
        <edgeMap>
          <xCoord>141</xCoord>
          <yCoord>285</yCoord>
        </edgeMap>
        <edgeMap>
          <xCoord>142</xCoord>
          <yCoord>286</yCoord>
        </edgeMap>
        <edgeMap>
          <xCoord>143</xCoord>
          <yCoord>286</yCoord>
        </edgeMap>
        <edgeMap>
          <xCoord>144</xCoord>
          <yCoord>286</yCoord>
        </edgeMap>
        <edgeMap>
          <xCoord>145</xCoord>
          <yCoord>286</yCoord>
        </edgeMap>
        <edgeMap>
          <xCoord>146</xCoord>
          <yCoord>286</yCoord>
        </edgeMap>
        <edgeMap>
          <xCoord>147</xCoord>
          <yCoord>286</yCoord>
        </edgeMap>
        <edgeMap>
          <xCoord>148</xCoord>
          <yCoord>286</yCoord>
        </edgeMap>
        <edgeMap>
          <xCoord>149</xCoord>
          <yCoord>286</yCoord>
        </edgeMap>
        <edgeMap>
          <xCoord>150</xCoord>
          <yCoord>286</yCoord>
        </edgeMap>
        <edgeMap>
          <xCoord>151</xCoord>
          <yCoord>286</yCoord>
        </edgeMap>
        <edgeMap>
          <xCoord>152</xCoord>
          <yCoord>286</yCoord>
        </edgeMap>
        <edgeMap>
          <xCoord>153</xCoord>
          <yCoord>285</yCoord>
        </edgeMap>
        <edgeMap>
          <xCoord>153</xCoord>
          <yCoord>284</yCoord>
        </edgeMap>
        <edgeMap>
          <xCoord>153</xCoord>
          <yCoord>283</yCoord>
        </edgeMap>
        <edgeMap>
          <xCoord>152</xCoord>
          <yCoord>282</yCoord>
        </edgeMap>
        <edgeMap>
          <xCoord>152</xCoord>
          <yCoord>281</yCoord>
        </edgeMap>
        <edgeMap>
          <xCoord>152</xCoord>
          <yCoord>280</yCoord>
        </edgeMap>
        <edgeMap>
          <xCoord>151</xCoord>
          <yCoord>279</yCoord>
        </edgeMap>
        <edgeMap>
          <xCoord>150</xCoord>
          <yCoord>279</yCoord>
        </edgeMap>
        <edgeMap>
          <xCoord>149</xCoord>
          <yCoord>279</yCoord>
        </edgeMap>
      </roi>
      <roi>
        <imageZposition>-190.000000 </imageZposition>
        <imageSOP_UID>1.3.6.1.4.1.14519.5.2.1.6279.6001.834008902010408017044104797747</imageSOP_UID>
        <inclusion>TRUE</inclusion>
        <edgeMap>
          <xCoord>134</xCoord>
          <yCoord>286</yCoord>
        </edgeMap>
        <edgeMap>
          <xCoord>133</xCoord>
          <yCoord>287</yCoord>
        </edgeMap>
        <edgeMap>
          <xCoord>132</xCoord>
          <yCoord>288</yCoord>
        </edgeMap>
        <edgeMap>
          <xCoord>133</xCoord>
          <yCoord>289</yCoord>
        </edgeMap>
        <edgeMap>
          <xCoord>134</xCoord>
          <yCoord>290</yCoord>
        </edgeMap>
        <edgeMap>
          <xCoord>135</xCoord>
          <yCoord>291</yCoord>
        </edgeMap>
        <edgeMap>
          <xCoord>136</xCoord>
          <yCoord>291</yCoord>
        </edgeMap>
        <edgeMap>
          <xCoord>137</xCoord>
          <yCoord>291</yCoord>
        </edgeMap>
        <edgeMap>
          <xCoord>138</xCoord>
          <yCoord>290</yCoord>
        </edgeMap>
        <edgeMap>
          <xCoord>139</xCoord>
          <yCoord>290</yCoord>
        </edgeMap>
        <edgeMap>
          <xCoord>140</xCoord>
          <yCoord>290</yCoord>
        </edgeMap>
        <edgeMap>
          <xCoord>141</xCoord>
          <yCoord>291</yCoord>
        </edgeMap>
        <edgeMap>
          <xCoord>142</xCoord>
          <yCoord>291</yCoord>
        </edgeMap>
        <edgeMap>
          <xCoord>143</xCoord>
          <yCoord>292</yCoord>
        </edgeMap>
        <edgeMap>
          <xCoord>144</xCoord>
          <yCoord>291</yCoord>
        </edgeMap>
        <edgeMap>
          <xCoord>144</xCoord>
          <yCoord>290</yCoord>
        </edgeMap>
        <edgeMap>
          <xCoord>144</xCoord>
          <yCoord>289</yCoord>
        </edgeMap>
        <edgeMap>
          <xCoord>144</xCoord>
          <yCoord>288</yCoord>
        </edgeMap>
        <edgeMap>
          <xCoord>143</xCoord>
          <yCoord>287</yCoord>
        </edgeMap>
        <edgeMap>
          <xCoord>142</xCoord>
          <yCoord>287</yCoord>
        </edgeMap>
        <edgeMap>
          <xCoord>141</xCoord>
          <yCoord>286</yCoord>
        </edgeMap>
        <edgeMap>
          <xCoord>140</xCoord>
          <yCoord>286</yCoord>
        </edgeMap>
        <edgeMap>
          <xCoord>139</xCoord>
          <yCoord>286</yCoord>
        </edgeMap>
        <edgeMap>
          <xCoord>138</xCoord>
          <yCoord>286</yCoord>
        </edgeMap>
        <edgeMap>
          <xCoord>137</xCoord>
          <yCoord>286</yCoord>
        </edgeMap>
        <edgeMap>
          <xCoord>136</xCoord>
          <yCoord>286</yCoord>
        </edgeMap>
        <edgeMap>
          <xCoord>135</xCoord>
          <yCoord>286</yCoord>
        </edgeMap>
        <edgeMap>
          <xCoord>134</xCoord>
          <yCoord>286</yCoord>
        </edgeMap>
      </roi>
      <roi>
        <imageZposition>-187.500000 </imageZposition>
        <imageSOP_UID>1.3.6.1.4.1.14519.5.2.1.6279.6001.158863062959956345764009173453</imageSOP_UID>
        <inclusion>TRUE</inclusion>
        <edgeMap>
          <xCoord>140</xCoord>
          <yCoord>271</yCoord>
        </edgeMap>
        <edgeMap>
          <xCoord>139</xCoord>
          <yCoord>272</yCoord>
        </edgeMap>
        <edgeMap>
          <xCoord>139</xCoord>
          <yCoord>273</yCoord>
        </edgeMap>
        <edgeMap>
          <xCoord>139</xCoord>
          <yCoord>274</yCoord>
        </edgeMap>
        <edgeMap>
          <xCoord>139</xCoord>
          <yCoord>275</yCoord>
        </edgeMap>
        <edgeMap>
          <xCoord>139</xCoord>
          <yCoord>276</yCoord>
        </edgeMap>
        <edgeMap>
          <xCoord>139</xCoord>
          <yCoord>277</yCoord>
        </edgeMap>
        <edgeMap>
          <xCoord>139</xCoord>
          <yCoord>278</yCoord>
        </edgeMap>
        <edgeMap>
          <xCoord>138</xCoord>
          <yCoord>279</yCoord>
        </edgeMap>
        <edgeMap>
          <xCoord>137</xCoord>
          <yCoord>280</yCoord>
        </edgeMap>
        <edgeMap>
          <xCoord>136</xCoord>
          <yCoord>281</yCoord>
        </edgeMap>
        <edgeMap>
          <xCoord>136</xCoord>
          <yCoord>282</yCoord>
        </edgeMap>
        <edgeMap>
          <xCoord>135</xCoord>
          <yCoord>282</yCoord>
        </edgeMap>
        <edgeMap>
          <xCoord>134</xCoord>
          <yCoord>282</yCoord>
        </edgeMap>
        <edgeMap>
          <xCoord>133</xCoord>
          <yCoord>282</yCoord>
        </edgeMap>
        <edgeMap>
          <xCoord>132</xCoord>
          <yCoord>283</yCoord>
        </edgeMap>
        <edgeMap>
          <xCoord>132</xCoord>
          <yCoord>284</yCoord>
        </edgeMap>
        <edgeMap>
          <xCoord>132</xCoord>
          <yCoord>285</yCoord>
        </edgeMap>
        <edgeMap>
          <xCoord>133</xCoord>
          <yCoord>286</yCoord>
        </edgeMap>
        <edgeMap>
          <xCoord>133</xCoord>
          <yCoord>287</yCoord>
        </edgeMap>
        <edgeMap>
          <xCoord>132</xCoord>
          <yCoord>287</yCoord>
        </edgeMap>
        <edgeMap>
          <xCoord>131</xCoord>
          <yCoord>288</yCoord>
        </edgeMap>
        <edgeMap>
          <xCoord>132</xCoord>
          <yCoord>289</yCoord>
        </edgeMap>
        <edgeMap>
          <xCoord>133</xCoord>
          <yCoord>289</yCoord>
        </edgeMap>
        <edgeMap>
          <xCoord>134</xCoord>
          <yCoord>289</yCoord>
        </edgeMap>
        <edgeMap>
          <xCoord>134</xCoord>
          <yCoord>290</yCoord>
        </edgeMap>
        <edgeMap>
          <xCoord>134</xCoord>
          <yCoord>291</yCoord>
        </edgeMap>
        <edgeMap>
          <xCoord>134</xCoord>
          <yCoord>292</yCoord>
        </edgeMap>
        <edgeMap>
          <xCoord>135</xCoord>
          <yCoord>293</yCoord>
        </edgeMap>
        <edgeMap>
          <xCoord>136</xCoord>
          <yCoord>293</yCoord>
        </edgeMap>
        <edgeMap>
          <xCoord>137</xCoord>
          <yCoord>292</yCoord>
        </edgeMap>
        <edgeMap>
          <xCoord>138</xCoord>
          <yCoord>291</yCoord>
        </edgeMap>
        <edgeMap>
          <xCoord>139</xCoord>
          <yCoord>291</yCoord>
        </edgeMap>
        <edgeMap>
          <xCoord>140</xCoord>
          <yCoord>291</yCoord>
        </edgeMap>
        <edgeMap>
          <xCoord>141</xCoord>
          <yCoord>291</yCoord>
        </edgeMap>
        <edgeMap>
          <xCoord>142</xCoord>
          <yCoord>291</yCoord>
        </edgeMap>
        <edgeMap>
          <xCoord>143</xCoord>
          <yCoord>290</yCoord>
        </edgeMap>
        <edgeMap>
          <xCoord>143</xCoord>
          <yCoord>289</yCoord>
        </edgeMap>
        <edgeMap>
          <xCoord>144</xCoord>
          <yCoord>289</yCoord>
        </edgeMap>
        <edgeMap>
          <xCoord>145</xCoord>
          <yCoord>289</yCoord>
        </edgeMap>
        <edgeMap>
          <xCoord>146</xCoord>
          <yCoord>288</yCoord>
        </edgeMap>
        <edgeMap>
          <xCoord>146</xCoord>
          <yCoord>287</yCoord>
        </edgeMap>
        <edgeMap>
          <xCoord>147</xCoord>
          <yCoord>287</yCoord>
        </edgeMap>
        <edgeMap>
          <xCoord>148</xCoord>
          <yCoord>286</yCoord>
        </edgeMap>
        <edgeMap>
          <xCoord>149</xCoord>
          <yCoord>286</yCoord>
        </edgeMap>
        <edgeMap>
          <xCoord>150</xCoord>
          <yCoord>286</yCoord>
        </edgeMap>
        <edgeMap>
          <xCoord>151</xCoord>
          <yCoord>285</yCoord>
        </edgeMap>
        <edgeMap>
          <xCoord>152</xCoord>
          <yCoord>284</yCoord>
        </edgeMap>
        <edgeMap>
          <xCoord>152</xCoord>
          <yCoord>283</yCoord>
        </edgeMap>
        <edgeMap>
          <xCoord>152</xCoord>
          <yCoord>282</yCoord>
        </edgeMap>
        <edgeMap>
          <xCoord>152</xCoord>
          <yCoord>281</yCoord>
        </edgeMap>
        <edgeMap>
          <xCoord>152</xCoord>
          <yCoord>280</yCoord>
        </edgeMap>
        <edgeMap>
          <xCoord>152</xCoord>
          <yCoord>279</yCoord>
        </edgeMap>
        <edgeMap>
          <xCoord>151</xCoord>
          <yCoord>278</yCoord>
        </edgeMap>
        <edgeMap>
          <xCoord>150</xCoord>
          <yCoord>278</yCoord>
        </edgeMap>
        <edgeMap>
          <xCoord>149</xCoord>
          <yCoord>278</yCoord>
        </edgeMap>
        <edgeMap>
          <xCoord>148</xCoord>
          <yCoord>278</yCoord>
        </edgeMap>
        <edgeMap>
          <xCoord>147</xCoord>
          <yCoord>278</yCoord>
        </edgeMap>
        <edgeMap>
          <xCoord>147</xCoord>
          <yCoord>277</yCoord>
        </edgeMap>
        <edgeMap>
          <xCoord>146</xCoord>
          <yCoord>276</yCoord>
        </edgeMap>
        <edgeMap>
          <xCoord>145</xCoord>
          <yCoord>276</yCoord>
        </edgeMap>
        <edgeMap>
          <xCoord>145</xCoord>
          <yCoord>275</yCoord>
        </edgeMap>
        <edgeMap>
          <xCoord>144</xCoord>
          <yCoord>274</yCoord>
        </edgeMap>
        <edgeMap>
          <xCoord>143</xCoord>
          <yCoord>273</yCoord>
        </edgeMap>
        <edgeMap>
          <xCoord>142</xCoord>
          <yCoord>272</yCoord>
        </edgeMap>
        <edgeMap>
          <xCoord>141</xCoord>
          <yCoord>272</yCoord>
        </edgeMap>
        <edgeMap>
          <xCoord>140</xCoord>
          <yCoord>271</yCoord>
        </edgeMap>
      </roi>
      <roi>
        <imageZposition>-185.000000 </imageZposition>
        <imageSOP_UID>1.3.6.1.4.1.14519.5.2.1.6279.6001.244233625252851014884616968657</imageSOP_UID>
        <inclusion>TRUE</inclusion>
        <edgeMap>
          <xCoord>139</xCoord>
          <yCoord>273</yCoord>
        </edgeMap>
        <edgeMap>
          <xCoord>138</xCoord>
          <yCoord>274</yCoord>
        </edgeMap>
        <edgeMap>
          <xCoord>137</xCoord>
          <yCoord>275</yCoord>
        </edgeMap>
        <edgeMap>
          <xCoord>136</xCoord>
          <yCoord>276</yCoord>
        </edgeMap>
        <edgeMap>
          <xCoord>136</xCoord>
          <yCoord>277</yCoord>
        </edgeMap>
        <edgeMap>
          <xCoord>136</xCoord>
          <yCoord>278</yCoord>
        </edgeMap>
        <edgeMap>
          <xCoord>136</xCoord>
          <yCoord>279</yCoord>
        </edgeMap>
        <edgeMap>
          <xCoord>136</xCoord>
          <yCoord>280</yCoord>
        </edgeMap>
        <edgeMap>
          <xCoord>135</xCoord>
          <yCoord>280</yCoord>
        </edgeMap>
        <edgeMap>
          <xCoord>134</xCoord>
          <yCoord>280</yCoord>
        </edgeMap>
        <edgeMap>
          <xCoord>133</xCoord>
          <yCoord>281</yCoord>
        </edgeMap>
        <edgeMap>
          <xCoord>132</xCoord>
          <yCoord>282</yCoord>
        </edgeMap>
        <edgeMap>
          <xCoord>132</xCoord>
          <yCoord>283</yCoord>
        </edgeMap>
        <edgeMap>
          <xCoord>133</xCoord>
          <yCoord>284</yCoord>
        </edgeMap>
        <edgeMap>
          <xCoord>133</xCoord>
          <yCoord>285</yCoord>
        </edgeMap>
        <edgeMap>
          <xCoord>134</xCoord>
          <yCoord>286</yCoord>
        </edgeMap>
        <edgeMap>
          <xCoord>135</xCoord>
          <yCoord>286</yCoord>
        </edgeMap>
        <edgeMap>
          <xCoord>136</xCoord>
          <yCoord>287</yCoord>
        </edgeMap>
        <edgeMap>
          <xCoord>137</xCoord>
          <yCoord>288</yCoord>
        </edgeMap>
        <edgeMap>
          <xCoord>138</xCoord>
          <yCoord>289</yCoord>
        </edgeMap>
        <edgeMap>
          <xCoord>139</xCoord>
          <yCoord>290</yCoord>
        </edgeMap>
        <edgeMap>
          <xCoord>140</xCoord>
          <yCoord>291</yCoord>
        </edgeMap>
        <edgeMap>
          <xCoord>141</xCoord>
          <yCoord>291</yCoord>
        </edgeMap>
        <edgeMap>
          <xCoord>142</xCoord>
          <yCoord>291</yCoord>
        </edgeMap>
        <edgeMap>
          <xCoord>143</xCoord>
          <yCoord>291</yCoord>
        </edgeMap>
        <edgeMap>
          <xCoord>144</xCoord>
          <yCoord>291</yCoord>
        </edgeMap>
        <edgeMap>
          <xCoord>145</xCoord>
          <yCoord>291</yCoord>
        </edgeMap>
        <edgeMap>
          <xCoord>146</xCoord>
          <yCoord>291</yCoord>
        </edgeMap>
        <edgeMap>
          <xCoord>147</xCoord>
          <yCoord>291</yCoord>
        </edgeMap>
        <edgeMap>
          <xCoord>148</xCoord>
          <yCoord>291</yCoord>
        </edgeMap>
        <edgeMap>
          <xCoord>149</xCoord>
          <yCoord>290</yCoord>
        </edgeMap>
        <edgeMap>
          <xCoord>148</xCoord>
          <yCoord>289</yCoord>
        </edgeMap>
        <edgeMap>
          <xCoord>148</xCoord>
          <yCoord>288</yCoord>
        </edgeMap>
        <edgeMap>
          <xCoord>147</xCoord>
          <yCoord>287</yCoord>
        </edgeMap>
        <edgeMap>
          <xCoord>146</xCoord>
          <yCoord>287</yCoord>
        </edgeMap>
        <edgeMap>
          <xCoord>146</xCoord>
          <yCoord>286</yCoord>
        </edgeMap>
        <edgeMap>
          <xCoord>146</xCoord>
          <yCoord>285</yCoord>
        </edgeMap>
        <edgeMap>
          <xCoord>146</xCoord>
          <yCoord>284</yCoord>
        </edgeMap>
        <edgeMap>
          <xCoord>146</xCoord>
          <yCoord>283</yCoord>
        </edgeMap>
        <edgeMap>
          <xCoord>146</xCoord>
          <yCoord>282</yCoord>
        </edgeMap>
        <edgeMap>
          <xCoord>147</xCoord>
          <yCoord>281</yCoord>
        </edgeMap>
        <edgeMap>
          <xCoord>147</xCoord>
          <yCoord>280</yCoord>
        </edgeMap>
        <edgeMap>
          <xCoord>147</xCoord>
          <yCoord>279</yCoord>
        </edgeMap>
        <edgeMap>
          <xCoord>147</xCoord>
          <yCoord>278</yCoord>
        </edgeMap>
        <edgeMap>
          <xCoord>147</xCoord>
          <yCoord>277</yCoord>
        </edgeMap>
        <edgeMap>
          <xCoord>148</xCoord>
          <yCoord>277</yCoord>
        </edgeMap>
        <edgeMap>
          <xCoord>149</xCoord>
          <yCoord>277</yCoord>
        </edgeMap>
        <edgeMap>
          <xCoord>150</xCoord>
          <yCoord>276</yCoord>
        </edgeMap>
        <edgeMap>
          <xCoord>150</xCoord>
          <yCoord>275</yCoord>
        </edgeMap>
        <edgeMap>
          <xCoord>149</xCoord>
          <yCoord>274</yCoord>
        </edgeMap>
        <edgeMap>
          <xCoord>148</xCoord>
          <yCoord>274</yCoord>
        </edgeMap>
        <edgeMap>
          <xCoord>147</xCoord>
          <yCoord>274</yCoord>
        </edgeMap>
        <edgeMap>
          <xCoord>146</xCoord>
          <yCoord>274</yCoord>
        </edgeMap>
        <edgeMap>
          <xCoord>145</xCoord>
          <yCoord>274</yCoord>
        </edgeMap>
        <edgeMap>
          <xCoord>144</xCoord>
          <yCoord>274</yCoord>
        </edgeMap>
        <edgeMap>
          <xCoord>143</xCoord>
          <yCoord>275</yCoord>
        </edgeMap>
        <edgeMap>
          <xCoord>142</xCoord>
          <yCoord>275</yCoord>
        </edgeMap>
        <edgeMap>
          <xCoord>142</xCoord>
          <yCoord>274</yCoord>
        </edgeMap>
        <edgeMap>
          <xCoord>141</xCoord>
          <yCoord>273</yCoord>
        </edgeMap>
        <edgeMap>
          <xCoord>140</xCoord>
          <yCoord>273</yCoord>
        </edgeMap>
        <edgeMap>
          <xCoord>139</xCoord>
          <yCoord>273</yCoord>
        </edgeMap>
      </roi>
      <roi>
        <imageZposition>-182.500000 </imageZposition>
        <imageSOP_UID>1.3.6.1.4.1.14519.5.2.1.6279.6001.812177612832261498860825733358</imageSOP_UID>
        <inclusion>TRUE</inclusion>
        <edgeMap>
          <xCoord>135</xCoord>
          <yCoord>278</yCoord>
        </edgeMap>
        <edgeMap>
          <xCoord>134</xCoord>
          <yCoord>279</yCoord>
        </edgeMap>
        <edgeMap>
          <xCoord>133</xCoord>
          <yCoord>280</yCoord>
        </edgeMap>
        <edgeMap>
          <xCoord>132</xCoord>
          <yCoord>281</yCoord>
        </edgeMap>
        <edgeMap>
          <xCoord>132</xCoord>
          <yCoord>282</yCoord>
        </edgeMap>
        <edgeMap>
          <xCoord>133</xCoord>
          <yCoord>283</yCoord>
        </edgeMap>
        <edgeMap>
          <xCoord>134</xCoord>
          <yCoord>284</yCoord>
        </edgeMap>
        <edgeMap>
          <xCoord>135</xCoord>
          <yCoord>285</yCoord>
        </edgeMap>
        <edgeMap>
          <xCoord>136</xCoord>
          <yCoord>285</yCoord>
        </edgeMap>
        <edgeMap>
          <xCoord>136</xCoord>
          <yCoord>286</yCoord>
        </edgeMap>
        <edgeMap>
          <xCoord>136</xCoord>
          <yCoord>287</yCoord>
        </edgeMap>
        <edgeMap>
          <xCoord>136</xCoord>
          <yCoord>288</yCoord>
        </edgeMap>
        <edgeMap>
          <xCoord>137</xCoord>
          <yCoord>289</yCoord>
        </edgeMap>
        <edgeMap>
          <xCoord>138</xCoord>
          <yCoord>289</yCoord>
        </edgeMap>
        <edgeMap>
          <xCoord>139</xCoord>
          <yCoord>290</yCoord>
        </edgeMap>
        <edgeMap>
          <xCoord>140</xCoord>
          <yCoord>290</yCoord>
        </edgeMap>
        <edgeMap>
          <xCoord>141</xCoord>
          <yCoord>290</yCoord>
        </edgeMap>
        <edgeMap>
          <xCoord>142</xCoord>
          <yCoord>290</yCoord>
        </edgeMap>
        <edgeMap>
          <xCoord>142</xCoord>
          <yCoord>291</yCoord>
        </edgeMap>
        <edgeMap>
          <xCoord>143</xCoord>
          <yCoord>292</yCoord>
        </edgeMap>
        <edgeMap>
          <xCoord>144</xCoord>
          <yCoord>292</yCoord>
        </edgeMap>
        <edgeMap>
          <xCoord>145</xCoord>
          <yCoord>292</yCoord>
        </edgeMap>
        <edgeMap>
          <xCoord>146</xCoord>
          <yCoord>292</yCoord>
        </edgeMap>
        <edgeMap>
          <xCoord>147</xCoord>
          <yCoord>292</yCoord>
        </edgeMap>
        <edgeMap>
          <xCoord>148</xCoord>
          <yCoord>291</yCoord>
        </edgeMap>
        <edgeMap>
          <xCoord>149</xCoord>
          <yCoord>290</yCoord>
        </edgeMap>
        <edgeMap>
          <xCoord>149</xCoord>
          <yCoord>289</yCoord>
        </edgeMap>
        <edgeMap>
          <xCoord>148</xCoord>
          <yCoord>288</yCoord>
        </edgeMap>
        <edgeMap>
          <xCoord>147</xCoord>
          <yCoord>287</yCoord>
        </edgeMap>
        <edgeMap>
          <xCoord>146</xCoord>
          <yCoord>287</yCoord>
        </edgeMap>
        <edgeMap>
          <xCoord>145</xCoord>
          <yCoord>286</yCoord>
        </edgeMap>
        <edgeMap>
          <xCoord>145</xCoord>
          <yCoord>285</yCoord>
        </edgeMap>
        <edgeMap>
          <xCoord>146</xCoord>
          <yCoord>284</yCoord>
        </edgeMap>
        <edgeMap>
          <xCoord>147</xCoord>
          <yCoord>283</yCoord>
        </edgeMap>
        <edgeMap>
          <xCoord>147</xCoord>
          <yCoord>282</yCoord>
        </edgeMap>
        <edgeMap>
          <xCoord>147</xCoord>
          <yCoord>281</yCoord>
        </edgeMap>
        <edgeMap>
          <xCoord>147</xCoord>
          <yCoord>280</yCoord>
        </edgeMap>
        <edgeMap>
          <xCoord>146</xCoord>
          <yCoord>279</yCoord>
        </edgeMap>
        <edgeMap>
          <xCoord>145</xCoord>
          <yCoord>278</yCoord>
        </edgeMap>
        <edgeMap>
          <xCoord>144</xCoord>
          <yCoord>278</yCoord>
        </edgeMap>
        <edgeMap>
          <xCoord>143</xCoord>
          <yCoord>278</yCoord>
        </edgeMap>
        <edgeMap>
          <xCoord>142</xCoord>
          <yCoord>278</yCoord>
        </edgeMap>
        <edgeMap>
          <xCoord>141</xCoord>
          <yCoord>278</yCoord>
        </edgeMap>
        <edgeMap>
          <xCoord>140</xCoord>
          <yCoord>278</yCoord>
        </edgeMap>
        <edgeMap>
          <xCoord>139</xCoord>
          <yCoord>278</yCoord>
        </edgeMap>
        <edgeMap>
          <xCoord>138</xCoord>
          <yCoord>278</yCoord>
        </edgeMap>
        <edgeMap>
          <xCoord>137</xCoord>
          <yCoord>278</yCoord>
        </edgeMap>
        <edgeMap>
          <xCoord>136</xCoord>
          <yCoord>278</yCoord>
        </edgeMap>
        <edgeMap>
          <xCoord>135</xCoord>
          <yCoord>278</yCoord>
        </edgeMap>
      </roi>
    </unblindedReadNodule>
    <nonNodule>
      <nonNoduleID>_Non-nodule 001</nonNoduleID>
      <imageZposition>-257.500000 </imageZposition>
      <imageSOP_UID>1.3.6.1.4.1.14519.5.2.1.6279.6001.295250417860948704515341828272</imageSOP_UID>
      <locus>
        <xCoord>156</xCoord>
        <yCoord>169</yCoord>
      </locus>
    </nonNodule>
  </readingSession>
<readingSession>
    <annotationVersion>3.12</annotationVersion>
    <servicingRadiologistID>491195257</servicingRadiologistID>
    <unblindedReadNodule>
      <noduleID>IL057_127017</noduleID>
      <characteristics>
        <subtlety>5</subtlety>
        <internalStructure>1</internalStructure>
        <calcification>6</calcification>
        <sphericity>3</sphericity>
        <margin>4</margin>
        <lobulation>3</lobulation>
        <spiculation>4</spiculation>
        <texture>5</texture>
        <malignancy>5</malignancy>
      </characteristics>
      <roi>
        <imageZposition>-182.5</imageZposition>
        <imageSOP_UID>1.3.6.1.4.1.14519.5.2.1.6279.6001.812177612832261498860825733358</imageSOP_UID>
        <inclusion>TRUE</inclusion>
        <edgeMap>
          <xCoord>146</xCoord>
          <yCoord>291</yCoord>
        </edgeMap>
        <edgeMap>
          <xCoord>147</xCoord>
          <yCoord>290</yCoord>
        </edgeMap>
        <edgeMap>
          <xCoord>147</xCoord>
          <yCoord>289</yCoord>
        </edgeMap>
        <edgeMap>
          <xCoord>146</xCoord>
          <yCoord>288</yCoord>
        </edgeMap>
        <edgeMap>
          <xCoord>146</xCoord>
          <yCoord>287</yCoord>
        </edgeMap>
        <edgeMap>
          <xCoord>147</xCoord>
          <yCoord>286</yCoord>
        </edgeMap>
        <edgeMap>
          <xCoord>146</xCoord>
          <yCoord>285</yCoord>
        </edgeMap>
        <edgeMap>
          <xCoord>145</xCoord>
          <yCoord>284</yCoord>
        </edgeMap>
        <edgeMap>
          <xCoord>145</xCoord>
          <yCoord>283</yCoord>
        </edgeMap>
        <edgeMap>
          <xCoord>145</xCoord>
          <yCoord>282</yCoord>
        </edgeMap>
        <edgeMap>
          <xCoord>145</xCoord>
          <yCoord>281</yCoord>
        </edgeMap>
        <edgeMap>
          <xCoord>144</xCoord>
          <yCoord>280</yCoord>
        </edgeMap>
        <edgeMap>
          <xCoord>143</xCoord>
          <yCoord>280</yCoord>
        </edgeMap>
        <edgeMap>
          <xCoord>142</xCoord>
          <yCoord>280</yCoord>
        </edgeMap>
        <edgeMap>
          <xCoord>141</xCoord>
          <yCoord>279</yCoord>
        </edgeMap>
        <edgeMap>
          <xCoord>140</xCoord>
          <yCoord>279</yCoord>
        </edgeMap>
        <edgeMap>
          <xCoord>139</xCoord>
          <yCoord>279</yCoord>
        </edgeMap>
        <edgeMap>
          <xCoord>138</xCoord>
          <yCoord>279</yCoord>
        </edgeMap>
        <edgeMap>
          <xCoord>137</xCoord>
          <yCoord>280</yCoord>
        </edgeMap>
        <edgeMap>
          <xCoord>136</xCoord>
          <yCoord>280</yCoord>
        </edgeMap>
        <edgeMap>
          <xCoord>135</xCoord>
          <yCoord>280</yCoord>
        </edgeMap>
        <edgeMap>
          <xCoord>134</xCoord>
          <yCoord>280</yCoord>
        </edgeMap>
        <edgeMap>
          <xCoord>133</xCoord>
          <yCoord>281</yCoord>
        </edgeMap>
        <edgeMap>
          <xCoord>133</xCoord>
          <yCoord>282</yCoord>
        </edgeMap>
        <edgeMap>
          <xCoord>134</xCoord>
          <yCoord>283</yCoord>
        </edgeMap>
        <edgeMap>
          <xCoord>135</xCoord>
          <yCoord>284</yCoord>
        </edgeMap>
        <edgeMap>
          <xCoord>135</xCoord>
          <yCoord>285</yCoord>
        </edgeMap>
        <edgeMap>
          <xCoord>135</xCoord>
          <yCoord>286</yCoord>
        </edgeMap>
        <edgeMap>
          <xCoord>136</xCoord>
          <yCoord>287</yCoord>
        </edgeMap>
        <edgeMap>
          <xCoord>137</xCoord>
          <yCoord>287</yCoord>
        </edgeMap>
        <edgeMap>
          <xCoord>138</xCoord>
          <yCoord>288</yCoord>
        </edgeMap>
        <edgeMap>
          <xCoord>139</xCoord>
          <yCoord>289</yCoord>
        </edgeMap>
        <edgeMap>
          <xCoord>140</xCoord>
          <yCoord>289</yCoord>
        </edgeMap>
        <edgeMap>
          <xCoord>141</xCoord>
          <yCoord>289</yCoord>
        </edgeMap>
        <edgeMap>
          <xCoord>142</xCoord>
          <yCoord>289</yCoord>
        </edgeMap>
        <edgeMap>
          <xCoord>143</xCoord>
          <yCoord>290</yCoord>
        </edgeMap>
        <edgeMap>
          <xCoord>144</xCoord>
          <yCoord>291</yCoord>
        </edgeMap>
        <edgeMap>
          <xCoord>145</xCoord>
          <yCoord>291</yCoord>
        </edgeMap>
        <edgeMap>
          <xCoord>146</xCoord>
          <yCoord>291</yCoord>
        </edgeMap>
      </roi>
      <roi>
        <imageZposition>-185.0</imageZposition>
        <imageSOP_UID>1.3.6.1.4.1.14519.5.2.1.6279.6001.244233625252851014884616968657</imageSOP_UID>
        <inclusion>TRUE</inclusion>
        <edgeMap>
          <xCoord>143</xCoord>
          <yCoord>290</yCoord>
        </edgeMap>
        <edgeMap>
          <xCoord>144</xCoord>
          <yCoord>289</yCoord>
        </edgeMap>
        <edgeMap>
          <xCoord>145</xCoord>
          <yCoord>289</yCoord>
        </edgeMap>
        <edgeMap>
          <xCoord>146</xCoord>
          <yCoord>289</yCoord>
        </edgeMap>
        <edgeMap>
          <xCoord>147</xCoord>
          <yCoord>289</yCoord>
        </edgeMap>
        <edgeMap>
          <xCoord>148</xCoord>
          <yCoord>288</yCoord>
        </edgeMap>
        <edgeMap>
          <xCoord>147</xCoord>
          <yCoord>287</yCoord>
        </edgeMap>
        <edgeMap>
          <xCoord>147</xCoord>
          <yCoord>286</yCoord>
        </edgeMap>
        <edgeMap>
          <xCoord>148</xCoord>
          <yCoord>285</yCoord>
        </edgeMap>
        <edgeMap>
          <xCoord>149</xCoord>
          <yCoord>284</yCoord>
        </edgeMap>
        <edgeMap>
          <xCoord>149</xCoord>
          <yCoord>283</yCoord>
        </edgeMap>
        <edgeMap>
          <xCoord>150</xCoord>
          <yCoord>282</yCoord>
        </edgeMap>
        <edgeMap>
          <xCoord>151</xCoord>
          <yCoord>281</yCoord>
        </edgeMap>
        <edgeMap>
          <xCoord>150</xCoord>
          <yCoord>280</yCoord>
        </edgeMap>
        <edgeMap>
          <xCoord>149</xCoord>
          <yCoord>279</yCoord>
        </edgeMap>
        <edgeMap>
          <xCoord>149</xCoord>
          <yCoord>278</yCoord>
        </edgeMap>
        <edgeMap>
          <xCoord>150</xCoord>
          <yCoord>277</yCoord>
        </edgeMap>
        <edgeMap>
          <xCoord>150</xCoord>
          <yCoord>276</yCoord>
        </edgeMap>
        <edgeMap>
          <xCoord>149</xCoord>
          <yCoord>275</yCoord>
        </edgeMap>
        <edgeMap>
          <xCoord>148</xCoord>
          <yCoord>275</yCoord>
        </edgeMap>
        <edgeMap>
          <xCoord>147</xCoord>
          <yCoord>275</yCoord>
        </edgeMap>
        <edgeMap>
          <xCoord>146</xCoord>
          <yCoord>275</yCoord>
        </edgeMap>
        <edgeMap>
          <xCoord>145</xCoord>
          <yCoord>275</yCoord>
        </edgeMap>
        <edgeMap>
          <xCoord>144</xCoord>
          <yCoord>275</yCoord>
        </edgeMap>
        <edgeMap>
          <xCoord>143</xCoord>
          <yCoord>275</yCoord>
        </edgeMap>
        <edgeMap>
          <xCoord>142</xCoord>
          <yCoord>275</yCoord>
        </edgeMap>
        <edgeMap>
          <xCoord>141</xCoord>
          <yCoord>275</yCoord>
        </edgeMap>
        <edgeMap>
          <xCoord>140</xCoord>
          <yCoord>275</yCoord>
        </edgeMap>
        <edgeMap>
          <xCoord>139</xCoord>
          <yCoord>275</yCoord>
        </edgeMap>
        <edgeMap>
          <xCoord>138</xCoord>
          <yCoord>276</yCoord>
        </edgeMap>
        <edgeMap>
          <xCoord>138</xCoord>
          <yCoord>277</yCoord>
        </edgeMap>
        <edgeMap>
          <xCoord>137</xCoord>
          <yCoord>278</yCoord>
        </edgeMap>
        <edgeMap>
          <xCoord>136</xCoord>
          <yCoord>279</yCoord>
        </edgeMap>
        <edgeMap>
          <xCoord>135</xCoord>
          <yCoord>280</yCoord>
        </edgeMap>
        <edgeMap>
          <xCoord>134</xCoord>
          <yCoord>281</yCoord>
        </edgeMap>
        <edgeMap>
          <xCoord>133</xCoord>
          <yCoord>282</yCoord>
        </edgeMap>
        <edgeMap>
          <xCoord>133</xCoord>
          <yCoord>283</yCoord>
        </edgeMap>
        <edgeMap>
          <xCoord>133</xCoord>
          <yCoord>284</yCoord>
        </edgeMap>
        <edgeMap>
          <xCoord>134</xCoord>
          <yCoord>285</yCoord>
        </edgeMap>
        <edgeMap>
          <xCoord>134</xCoord>
          <yCoord>286</yCoord>
        </edgeMap>
        <edgeMap>
          <xCoord>135</xCoord>
          <yCoord>287</yCoord>
        </edgeMap>
        <edgeMap>
          <xCoord>136</xCoord>
          <yCoord>288</yCoord>
        </edgeMap>
        <edgeMap>
          <xCoord>137</xCoord>
          <yCoord>289</yCoord>
        </edgeMap>
        <edgeMap>
          <xCoord>138</xCoord>
          <yCoord>290</yCoord>
        </edgeMap>
        <edgeMap>
          <xCoord>139</xCoord>
          <yCoord>290</yCoord>
        </edgeMap>
        <edgeMap>
          <xCoord>140</xCoord>
          <yCoord>290</yCoord>
        </edgeMap>
        <edgeMap>
          <xCoord>141</xCoord>
          <yCoord>290</yCoord>
        </edgeMap>
        <edgeMap>
          <xCoord>142</xCoord>
          <yCoord>290</yCoord>
        </edgeMap>
        <edgeMap>
          <xCoord>143</xCoord>
          <yCoord>290</yCoord>
        </edgeMap>
      </roi>
      <roi>
        <imageZposition>-187.5</imageZposition>
        <imageSOP_UID>1.3.6.1.4.1.14519.5.2.1.6279.6001.158863062959956345764009173453</imageSOP_UID>
        <inclusion>TRUE</inclusion>
        <edgeMap>
          <xCoord>142</xCoord>
          <yCoord>291</yCoord>
        </edgeMap>
        <edgeMap>
          <xCoord>143</xCoord>
          <yCoord>290</yCoord>
        </edgeMap>
        <edgeMap>
          <xCoord>144</xCoord>
          <yCoord>290</yCoord>
        </edgeMap>
        <edgeMap>
          <xCoord>145</xCoord>
          <yCoord>290</yCoord>
        </edgeMap>
        <edgeMap>
          <xCoord>146</xCoord>
          <yCoord>289</yCoord>
        </edgeMap>
        <edgeMap>
          <xCoord>147</xCoord>
          <yCoord>288</yCoord>
        </edgeMap>
        <edgeMap>
          <xCoord>148</xCoord>
          <yCoord>287</yCoord>
        </edgeMap>
        <edgeMap>
          <xCoord>148</xCoord>
          <yCoord>286</yCoord>
        </edgeMap>
        <edgeMap>
          <xCoord>149</xCoord>
          <yCoord>285</yCoord>
        </edgeMap>
        <edgeMap>
          <xCoord>150</xCoord>
          <yCoord>284</yCoord>
        </edgeMap>
        <edgeMap>
          <xCoord>151</xCoord>
          <yCoord>283</yCoord>
        </edgeMap>
        <edgeMap>
          <xCoord>151</xCoord>
          <yCoord>282</yCoord>
        </edgeMap>
        <edgeMap>
          <xCoord>152</xCoord>
          <yCoord>281</yCoord>
        </edgeMap>
        <edgeMap>
          <xCoord>152</xCoord>
          <yCoord>280</yCoord>
        </edgeMap>
        <edgeMap>
          <xCoord>151</xCoord>
          <yCoord>279</yCoord>
        </edgeMap>
        <edgeMap>
          <xCoord>150</xCoord>
          <yCoord>278</yCoord>
        </edgeMap>
        <edgeMap>
          <xCoord>150</xCoord>
          <yCoord>277</yCoord>
        </edgeMap>
        <edgeMap>
          <xCoord>151</xCoord>
          <yCoord>276</yCoord>
        </edgeMap>
        <edgeMap>
          <xCoord>151</xCoord>
          <yCoord>275</yCoord>
        </edgeMap>
        <edgeMap>
          <xCoord>150</xCoord>
          <yCoord>274</yCoord>
        </edgeMap>
        <edgeMap>
          <xCoord>149</xCoord>
          <yCoord>274</yCoord>
        </edgeMap>
        <edgeMap>
          <xCoord>148</xCoord>
          <yCoord>275</yCoord>
        </edgeMap>
        <edgeMap>
          <xCoord>147</xCoord>
          <yCoord>275</yCoord>
        </edgeMap>
        <edgeMap>
          <xCoord>146</xCoord>
          <yCoord>274</yCoord>
        </edgeMap>
        <edgeMap>
          <xCoord>145</xCoord>
          <yCoord>274</yCoord>
        </edgeMap>
        <edgeMap>
          <xCoord>144</xCoord>
          <yCoord>274</yCoord>
        </edgeMap>
        <edgeMap>
          <xCoord>143</xCoord>
          <yCoord>273</yCoord>
        </edgeMap>
        <edgeMap>
          <xCoord>142</xCoord>
          <yCoord>273</yCoord>
        </edgeMap>
        <edgeMap>
          <xCoord>141</xCoord>
          <yCoord>274</yCoord>
        </edgeMap>
        <edgeMap>
          <xCoord>140</xCoord>
          <yCoord>275</yCoord>
        </edgeMap>
        <edgeMap>
          <xCoord>140</xCoord>
          <yCoord>276</yCoord>
        </edgeMap>
        <edgeMap>
          <xCoord>140</xCoord>
          <yCoord>277</yCoord>
        </edgeMap>
        <edgeMap>
          <xCoord>140</xCoord>
          <yCoord>278</yCoord>
        </edgeMap>
        <edgeMap>
          <xCoord>139</xCoord>
          <yCoord>279</yCoord>
        </edgeMap>
        <edgeMap>
          <xCoord>138</xCoord>
          <yCoord>280</yCoord>
        </edgeMap>
        <edgeMap>
          <xCoord>137</xCoord>
          <yCoord>281</yCoord>
        </edgeMap>
        <edgeMap>
          <xCoord>136</xCoord>
          <yCoord>282</yCoord>
        </edgeMap>
        <edgeMap>
          <xCoord>135</xCoord>
          <yCoord>283</yCoord>
        </edgeMap>
        <edgeMap>
          <xCoord>134</xCoord>
          <yCoord>284</yCoord>
        </edgeMap>
        <edgeMap>
          <xCoord>133</xCoord>
          <yCoord>285</yCoord>
        </edgeMap>
        <edgeMap>
          <xCoord>134</xCoord>
          <yCoord>286</yCoord>
        </edgeMap>
        <edgeMap>
          <xCoord>133</xCoord>
          <yCoord>287</yCoord>
        </edgeMap>
        <edgeMap>
          <xCoord>134</xCoord>
          <yCoord>288</yCoord>
        </edgeMap>
        <edgeMap>
          <xCoord>135</xCoord>
          <yCoord>289</yCoord>
        </edgeMap>
        <edgeMap>
          <xCoord>135</xCoord>
          <yCoord>290</yCoord>
        </edgeMap>
        <edgeMap>
          <xCoord>136</xCoord>
          <yCoord>291</yCoord>
        </edgeMap>
        <edgeMap>
          <xCoord>137</xCoord>
          <yCoord>291</yCoord>
        </edgeMap>
        <edgeMap>
          <xCoord>138</xCoord>
          <yCoord>291</yCoord>
        </edgeMap>
        <edgeMap>
          <xCoord>139</xCoord>
          <yCoord>291</yCoord>
        </edgeMap>
        <edgeMap>
          <xCoord>140</xCoord>
          <yCoord>291</yCoord>
        </edgeMap>
        <edgeMap>
          <xCoord>141</xCoord>
          <yCoord>291</yCoord>
        </edgeMap>
        <edgeMap>
          <xCoord>142</xCoord>
          <yCoord>291</yCoord>
        </edgeMap>
      </roi>
    </unblindedReadNodule>
    <nonNodule>
      <nonNoduleID>IL057_127020</nonNoduleID>
      <imageZposition>-252.5</imageZposition>
      <imageSOP_UID>1.3.6.1.4.1.14519.5.2.1.6279.6001.110601282807149210382582656398</imageSOP_UID>
      <locus>
        <xCoord>162</xCoord>
        <yCoord>168</yCoord>
      </locus>
    </nonNodule>
  </readingSession>
<readingSession>
<annotationVersion>3.12</annotationVersion>
<servicingRadiologistID>-1537491580</servicingRadiologistID>
<unblindedReadNodule>
<noduleID>MI014_12034</noduleID>
<characteristics>
<subtlety>5</subtlety>
<internalStructure>1</internalStructure>
<calcification>6</calcification>
<sphericity>3</sphericity>
<margin>4</margin>
<lobulation>2</lobulation>
<spiculation>2</spiculation>
<texture>5</texture>
<malignancy>5</malignancy>
</characteristics>
<roi>
<imageZposition>-182.5</imageZposition>
<imageSOP_UID>1.3.6.1.4.1.14519.5.2.1.6279.6001.812177612832261498860825733358</imageSOP_UID>
<inclusion>TRUE</inclusion>
<edgeMap>
<xCoord>146</xCoord>
<yCoord>291</yCoord>
</edgeMap>
<edgeMap>
<xCoord>147</xCoord>
<yCoord>290</yCoord>
</edgeMap>
<edgeMap>
<xCoord>147</xCoord>
<yCoord>289</yCoord>
</edgeMap>
<edgeMap>
<xCoord>147</xCoord>
<yCoord>288</yCoord>
</edgeMap>
<edgeMap>
<xCoord>147</xCoord>
<yCoord>287</yCoord>
</edgeMap>
<edgeMap>
<xCoord>147</xCoord>
<yCoord>286</yCoord>
</edgeMap>
<edgeMap>
<xCoord>147</xCoord>
<yCoord>285</yCoord>
</edgeMap>
<edgeMap>
<xCoord>147</xCoord>
<yCoord>284</yCoord>
</edgeMap>
<edgeMap>
<xCoord>147</xCoord>
<yCoord>283</yCoord>
</edgeMap>
<edgeMap>
<xCoord>147</xCoord>
<yCoord>282</yCoord>
</edgeMap>
<edgeMap>
<xCoord>147</xCoord>
<yCoord>281</yCoord>
</edgeMap>
<edgeMap>
<xCoord>147</xCoord>
<yCoord>280</yCoord>
</edgeMap>
<edgeMap>
<xCoord>146</xCoord>
<yCoord>279</yCoord>
</edgeMap>
<edgeMap>
<xCoord>145</xCoord>
<yCoord>278</yCoord>
</edgeMap>
<edgeMap>
<xCoord>144</xCoord>
<yCoord>278</yCoord>
</edgeMap>
<edgeMap>
<xCoord>143</xCoord>
<yCoord>278</yCoord>
</edgeMap>
<edgeMap>
<xCoord>142</xCoord>
<yCoord>278</yCoord>
</edgeMap>
<edgeMap>
<xCoord>141</xCoord>
<yCoord>278</yCoord>
</edgeMap>
<edgeMap>
<xCoord>140</xCoord>
<yCoord>278</yCoord>
</edgeMap>
<edgeMap>
<xCoord>139</xCoord>
<yCoord>279</yCoord>
</edgeMap>
<edgeMap>
<xCoord>138</xCoord>
<yCoord>278</yCoord>
</edgeMap>
<edgeMap>
<xCoord>137</xCoord>
<yCoord>278</yCoord>
</edgeMap>
<edgeMap>
<xCoord>136</xCoord>
<yCoord>278</yCoord>
</edgeMap>
<edgeMap>
<xCoord>135</xCoord>
<yCoord>279</yCoord>
</edgeMap>
<edgeMap>
<xCoord>134</xCoord>
<yCoord>280</yCoord>
</edgeMap>
<edgeMap>
<xCoord>134</xCoord>
<yCoord>281</yCoord>
</edgeMap>
<edgeMap>
<xCoord>134</xCoord>
<yCoord>282</yCoord>
</edgeMap>
<edgeMap>
<xCoord>134</xCoord>
<yCoord>283</yCoord>
</edgeMap>
<edgeMap>
<xCoord>135</xCoord>
<yCoord>284</yCoord>
</edgeMap>
<edgeMap>
<xCoord>135</xCoord>
<yCoord>285</yCoord>
</edgeMap>
<edgeMap>
<xCoord>136</xCoord>
<yCoord>286</yCoord>
</edgeMap>
<edgeMap>
<xCoord>137</xCoord>
<yCoord>287</yCoord>
</edgeMap>
<edgeMap>
<xCoord>138</xCoord>
<yCoord>288</yCoord>
</edgeMap>
<edgeMap>
<xCoord>138</xCoord>
<yCoord>289</yCoord>
</edgeMap>
<edgeMap>
<xCoord>139</xCoord>
<yCoord>290</yCoord>
</edgeMap>
<edgeMap>
<xCoord>140</xCoord>
<yCoord>290</yCoord>
</edgeMap>
<edgeMap>
<xCoord>141</xCoord>
<yCoord>290</yCoord>
</edgeMap>
<edgeMap>
<xCoord>142</xCoord>
<yCoord>290</yCoord>
</edgeMap>
<edgeMap>
<xCoord>143</xCoord>
<yCoord>290</yCoord>
</edgeMap>
<edgeMap>
<xCoord>144</xCoord>
<yCoord>291</yCoord>
</edgeMap>
<edgeMap>
<xCoord>145</xCoord>
<yCoord>291</yCoord>
</edgeMap>
<edgeMap>
<xCoord>146</xCoord>
<yCoord>291</yCoord>
</edgeMap>
</roi>
<roi>
<imageZposition>-185.0</imageZposition>
<imageSOP_UID>1.3.6.1.4.1.14519.5.2.1.6279.6001.244233625252851014884616968657</imageSOP_UID>
<inclusion>TRUE</inclusion>
<edgeMap>
<xCoord>144</xCoord>
<yCoord>291</yCoord>
</edgeMap>
<edgeMap>
<xCoord>145</xCoord>
<yCoord>290</yCoord>
</edgeMap>
<edgeMap>
<xCoord>146</xCoord>
<yCoord>290</yCoord>
</edgeMap>
<edgeMap>
<xCoord>147</xCoord>
<yCoord>289</yCoord>
</edgeMap>
<edgeMap>
<xCoord>147</xCoord>
<yCoord>288</yCoord>
</edgeMap>
<edgeMap>
<xCoord>147</xCoord>
<yCoord>287</yCoord>
</edgeMap>
<edgeMap>
<xCoord>147</xCoord>
<yCoord>286</yCoord>
</edgeMap>
<edgeMap>
<xCoord>147</xCoord>
<yCoord>285</yCoord>
</edgeMap>
<edgeMap>
<xCoord>147</xCoord>
<yCoord>284</yCoord>
</edgeMap>
<edgeMap>
<xCoord>148</xCoord>
<yCoord>283</yCoord>
</edgeMap>
<edgeMap>
<xCoord>149</xCoord>
<yCoord>283</yCoord>
</edgeMap>
<edgeMap>
<xCoord>150</xCoord>
<yCoord>283</yCoord>
</edgeMap>
<edgeMap>
<xCoord>151</xCoord>
<yCoord>282</yCoord>
</edgeMap>
<edgeMap>
<xCoord>151</xCoord>
<yCoord>281</yCoord>
</edgeMap>
<edgeMap>
<xCoord>150</xCoord>
<yCoord>280</yCoord>
</edgeMap>
<edgeMap>
<xCoord>149</xCoord>
<yCoord>279</yCoord>
</edgeMap>
<edgeMap>
<xCoord>150</xCoord>
<yCoord>278</yCoord>
</edgeMap>
<edgeMap>
<xCoord>151</xCoord>
<yCoord>277</yCoord>
</edgeMap>
<edgeMap>
<xCoord>150</xCoord>
<yCoord>276</yCoord>
</edgeMap>
<edgeMap>
<xCoord>149</xCoord>
<yCoord>275</yCoord>
</edgeMap>
<edgeMap>
<xCoord>148</xCoord>
<yCoord>275</yCoord>
</edgeMap>
<edgeMap>
<xCoord>147</xCoord>
<yCoord>276</yCoord>
</edgeMap>
<edgeMap>
<xCoord>146</xCoord>
<yCoord>276</yCoord>
</edgeMap>
<edgeMap>
<xCoord>145</xCoord>
<yCoord>275</yCoord>
</edgeMap>
<edgeMap>
<xCoord>144</xCoord>
<yCoord>275</yCoord>
</edgeMap>
<edgeMap>
<xCoord>143</xCoord>
<yCoord>275</yCoord>
</edgeMap>
<edgeMap>
<xCoord>142</xCoord>
<yCoord>275</yCoord>
</edgeMap>
<edgeMap>
<xCoord>141</xCoord>
<yCoord>275</yCoord>
</edgeMap>
<edgeMap>
<xCoord>140</xCoord>
<yCoord>275</yCoord>
</edgeMap>
<edgeMap>
<xCoord>139</xCoord>
<yCoord>275</yCoord>
</edgeMap>
<edgeMap>
<xCoord>138</xCoord>
<yCoord>275</yCoord>
</edgeMap>
<edgeMap>
<xCoord>137</xCoord>
<yCoord>275</yCoord>
</edgeMap>
<edgeMap>
<xCoord>136</xCoord>
<yCoord>276</yCoord>
</edgeMap>
<edgeMap>
<xCoord>137</xCoord>
<yCoord>277</yCoord>
</edgeMap>
<edgeMap>
<xCoord>136</xCoord>
<yCoord>278</yCoord>
</edgeMap>
<edgeMap>
<xCoord>136</xCoord>
<yCoord>279</yCoord>
</edgeMap>
<edgeMap>
<xCoord>135</xCoord>
<yCoord>280</yCoord>
</edgeMap>
<edgeMap>
<xCoord>134</xCoord>
<yCoord>281</yCoord>
</edgeMap>
<edgeMap>
<xCoord>133</xCoord>
<yCoord>282</yCoord>
</edgeMap>
<edgeMap>
<xCoord>133</xCoord>
<yCoord>283</yCoord>
</edgeMap>
<edgeMap>
<xCoord>134</xCoord>
<yCoord>284</yCoord>
</edgeMap>
<edgeMap>
<xCoord>134</xCoord>
<yCoord>285</yCoord>
</edgeMap>
<edgeMap>
<xCoord>134</xCoord>
<yCoord>286</yCoord>
</edgeMap>
<edgeMap>
<xCoord>135</xCoord>
<yCoord>287</yCoord>
</edgeMap>
<edgeMap>
<xCoord>136</xCoord>
<yCoord>288</yCoord>
</edgeMap>
<edgeMap>
<xCoord>137</xCoord>
<yCoord>289</yCoord>
</edgeMap>
<edgeMap>
<xCoord>138</xCoord>
<yCoord>290</yCoord>
</edgeMap>
<edgeMap>
<xCoord>139</xCoord>
<yCoord>291</yCoord>
</edgeMap>
<edgeMap>
<xCoord>140</xCoord>
<yCoord>291</yCoord>
</edgeMap>
<edgeMap>
<xCoord>141</xCoord>
<yCoord>291</yCoord>
</edgeMap>
<edgeMap>
<xCoord>142</xCoord>
<yCoord>291</yCoord>
</edgeMap>
<edgeMap>
<xCoord>143</xCoord>
<yCoord>291</yCoord>
</edgeMap>
<edgeMap>
<xCoord>144</xCoord>
<yCoord>291</yCoord>
</edgeMap>
</roi>
<roi>
<imageZposition>-187.5</imageZposition>
<imageSOP_UID>1.3.6.1.4.1.14519.5.2.1.6279.6001.158863062959956345764009173453</imageSOP_UID>
<inclusion>TRUE</inclusion>
<edgeMap>
<xCoord>137</xCoord>
<yCoord>293</yCoord>
</edgeMap>
<edgeMap>
<xCoord>138</xCoord>
<yCoord>292</yCoord>
</edgeMap>
<edgeMap>
<xCoord>139</xCoord>
<yCoord>292</yCoord>
</edgeMap>
<edgeMap>
<xCoord>140</xCoord>
<yCoord>291</yCoord>
</edgeMap>
<edgeMap>
<xCoord>141</xCoord>
<yCoord>291</yCoord>
</edgeMap>
<edgeMap>
<xCoord>142</xCoord>
<yCoord>292</yCoord>
</edgeMap>
<edgeMap>
<xCoord>143</xCoord>
<yCoord>292</yCoord>
</edgeMap>
<edgeMap>
<xCoord>144</xCoord>
<yCoord>292</yCoord>
</edgeMap>
<edgeMap>
<xCoord>145</xCoord>
<yCoord>291</yCoord>
</edgeMap>
<edgeMap>
<xCoord>146</xCoord>
<yCoord>290</yCoord>
</edgeMap>
<edgeMap>
<xCoord>146</xCoord>
<yCoord>289</yCoord>
</edgeMap>
<edgeMap>
<xCoord>147</xCoord>
<yCoord>288</yCoord>
</edgeMap>
<edgeMap>
<xCoord>148</xCoord>
<yCoord>287</yCoord>
</edgeMap>
<edgeMap>
<xCoord>149</xCoord>
<yCoord>286</yCoord>
</edgeMap>
<edgeMap>
<xCoord>150</xCoord>
<yCoord>286</yCoord>
</edgeMap>
<edgeMap>
<xCoord>151</xCoord>
<yCoord>285</yCoord>
</edgeMap>
<edgeMap>
<xCoord>152</xCoord>
<yCoord>284</yCoord>
</edgeMap>
<edgeMap>
<xCoord>152</xCoord>
<yCoord>283</yCoord>
</edgeMap>
<edgeMap>
<xCoord>152</xCoord>
<yCoord>282</yCoord>
</edgeMap>
<edgeMap>
<xCoord>151</xCoord>
<yCoord>281</yCoord>
</edgeMap>
<edgeMap>
<xCoord>150</xCoord>
<yCoord>280</yCoord>
</edgeMap>
<edgeMap>
<xCoord>149</xCoord>
<yCoord>280</yCoord>
</edgeMap>
<edgeMap>
<xCoord>148</xCoord>
<yCoord>279</yCoord>
</edgeMap>
<edgeMap>
<xCoord>148</xCoord>
<yCoord>278</yCoord>
</edgeMap>
<edgeMap>
<xCoord>147</xCoord>
<yCoord>277</yCoord>
</edgeMap>
<edgeMap>
<xCoord>146</xCoord>
<yCoord>276</yCoord>
</edgeMap>
<edgeMap>
<xCoord>145</xCoord>
<yCoord>276</yCoord>
</edgeMap>
<edgeMap>
<xCoord>144</xCoord>
<yCoord>275</yCoord>
</edgeMap>
<edgeMap>
<xCoord>143</xCoord>
<yCoord>274</yCoord>
</edgeMap>
<edgeMap>
<xCoord>142</xCoord>
<yCoord>274</yCoord>
</edgeMap>
<edgeMap>
<xCoord>141</xCoord>
<yCoord>275</yCoord>
</edgeMap>
<edgeMap>
<xCoord>140</xCoord>
<yCoord>276</yCoord>
</edgeMap>
<edgeMap>
<xCoord>140</xCoord>
<yCoord>277</yCoord>
</edgeMap>
<edgeMap>
<xCoord>139</xCoord>
<yCoord>278</yCoord>
</edgeMap>
<edgeMap>
<xCoord>138</xCoord>
<yCoord>279</yCoord>
</edgeMap>
<edgeMap>
<xCoord>138</xCoord>
<yCoord>280</yCoord>
</edgeMap>
<edgeMap>
<xCoord>137</xCoord>
<yCoord>281</yCoord>
</edgeMap>
<edgeMap>
<xCoord>136</xCoord>
<yCoord>282</yCoord>
</edgeMap>
<edgeMap>
<xCoord>135</xCoord>
<yCoord>283</yCoord>
</edgeMap>
<edgeMap>
<xCoord>134</xCoord>
<yCoord>284</yCoord>
</edgeMap>
<edgeMap>
<xCoord>134</xCoord>
<yCoord>285</yCoord>
</edgeMap>
<edgeMap>
<xCoord>134</xCoord>
<yCoord>286</yCoord>
</edgeMap>
<edgeMap>
<xCoord>134</xCoord>
<yCoord>287</yCoord>
</edgeMap>
<edgeMap>
<xCoord>134</xCoord>
<yCoord>288</yCoord>
</edgeMap>
<edgeMap>
<xCoord>134</xCoord>
<yCoord>289</yCoord>
</edgeMap>
<edgeMap>
<xCoord>134</xCoord>
<yCoord>290</yCoord>
</edgeMap>
<edgeMap>
<xCoord>135</xCoord>
<yCoord>291</yCoord>
</edgeMap>
<edgeMap>
<xCoord>136</xCoord>
<yCoord>292</yCoord>
</edgeMap>
<edgeMap>
<xCoord>137</xCoord>
<yCoord>293</yCoord>
</edgeMap>
</roi>
<roi>
<imageZposition>-190.0</imageZposition>
<imageSOP_UID>1.3.6.1.4.1.14519.5.2.1.6279.6001.834008902010408017044104797747</imageSOP_UID>
<inclusion>TRUE</inclusion>
<edgeMap>
<xCoord>143</xCoord>
<yCoord>291</yCoord>
</edgeMap>
<edgeMap>
<xCoord>144</xCoord>
<yCoord>290</yCoord>
</edgeMap>
<edgeMap>
<xCoord>143</xCoord>
<yCoord>289</yCoord>
</edgeMap>
<edgeMap>
<xCoord>143</xCoord>
<yCoord>288</yCoord>
</edgeMap>
<edgeMap>
<xCoord>142</xCoord>
<yCoord>287</yCoord>
</edgeMap>
<edgeMap>
<xCoord>143</xCoord>
<yCoord>286</yCoord>
</edgeMap>
<edgeMap>
<xCoord>144</xCoord>
<yCoord>286</yCoord>
</edgeMap>
<edgeMap>
<xCoord>145</xCoord>
<yCoord>286</yCoord>
</edgeMap>
<edgeMap>
<xCoord>146</xCoord>
<yCoord>286</yCoord>
</edgeMap>
<edgeMap>
<xCoord>147</xCoord>
<yCoord>286</yCoord>
</edgeMap>
<edgeMap>
<xCoord>148</xCoord>
<yCoord>286</yCoord>
</edgeMap>
<edgeMap>
<xCoord>149</xCoord>
<yCoord>286</yCoord>
</edgeMap>
<edgeMap>
<xCoord>150</xCoord>
<yCoord>286</yCoord>
</edgeMap>
<edgeMap>
<xCoord>151</xCoord>
<yCoord>286</yCoord>
</edgeMap>
<edgeMap>
<xCoord>152</xCoord>
<yCoord>285</yCoord>
</edgeMap>
<edgeMap>
<xCoord>152</xCoord>
<yCoord>284</yCoord>
</edgeMap>
<edgeMap>
<xCoord>153</xCoord>
<yCoord>283</yCoord>
</edgeMap>
<edgeMap>
<xCoord>153</xCoord>
<yCoord>282</yCoord>
</edgeMap>
<edgeMap>
<xCoord>152</xCoord>
<yCoord>281</yCoord>
</edgeMap>
<edgeMap>
<xCoord>152</xCoord>
<yCoord>280</yCoord>
</edgeMap>
<edgeMap>
<xCoord>151</xCoord>
<yCoord>279</yCoord>
</edgeMap>
<edgeMap>
<xCoord>150</xCoord>
<yCoord>279</yCoord>
</edgeMap>
<edgeMap>
<xCoord>149</xCoord>
<yCoord>280</yCoord>
</edgeMap>
<edgeMap>
<xCoord>148</xCoord>
<yCoord>280</yCoord>
</edgeMap>
<edgeMap>
<xCoord>147</xCoord>
<yCoord>281</yCoord>
</edgeMap>
<edgeMap>
<xCoord>146</xCoord>
<yCoord>281</yCoord>
</edgeMap>
<edgeMap>
<xCoord>145</xCoord>
<yCoord>281</yCoord>
</edgeMap>
<edgeMap>
<xCoord>144</xCoord>
<yCoord>281</yCoord>
</edgeMap>
<edgeMap>
<xCoord>143</xCoord>
<yCoord>282</yCoord>
</edgeMap>
<edgeMap>
<xCoord>143</xCoord>
<yCoord>283</yCoord>
</edgeMap>
<edgeMap>
<xCoord>142</xCoord>
<yCoord>284</yCoord>
</edgeMap>
<edgeMap>
<xCoord>142</xCoord>
<yCoord>285</yCoord>
</edgeMap>
<edgeMap>
<xCoord>141</xCoord>
<yCoord>286</yCoord>
</edgeMap>
<edgeMap>
<xCoord>140</xCoord>
<yCoord>286</yCoord>
</edgeMap>
<edgeMap>
<xCoord>139</xCoord>
<yCoord>286</yCoord>
</edgeMap>
<edgeMap>
<xCoord>138</xCoord>
<yCoord>286</yCoord>
</edgeMap>
<edgeMap>
<xCoord>137</xCoord>
<yCoord>286</yCoord>
</edgeMap>
<edgeMap>
<xCoord>136</xCoord>
<yCoord>286</yCoord>
</edgeMap>
<edgeMap>
<xCoord>135</xCoord>
<yCoord>286</yCoord>
</edgeMap>
<edgeMap>
<xCoord>134</xCoord>
<yCoord>286</yCoord>
</edgeMap>
<edgeMap>
<xCoord>133</xCoord>
<yCoord>286</yCoord>
</edgeMap>
<edgeMap>
<xCoord>132</xCoord>
<yCoord>287</yCoord>
</edgeMap>
<edgeMap>
<xCoord>133</xCoord>
<yCoord>288</yCoord>
</edgeMap>
<edgeMap>
<xCoord>134</xCoord>
<yCoord>289</yCoord>
</edgeMap>
<edgeMap>
<xCoord>135</xCoord>
<yCoord>290</yCoord>
</edgeMap>
<edgeMap>
<xCoord>136</xCoord>
<yCoord>291</yCoord>
</edgeMap>
<edgeMap>
<xCoord>137</xCoord>
<yCoord>291</yCoord>
</edgeMap>
<edgeMap>
<xCoord>138</xCoord>
<yCoord>291</yCoord>
</edgeMap>
<edgeMap>
<xCoord>139</xCoord>
<yCoord>290</yCoord>
</edgeMap>
<edgeMap>
<xCoord>140</xCoord>
<yCoord>291</yCoord>
</edgeMap>
<edgeMap>
<xCoord>141</xCoord>
<yCoord>291</yCoord>
</edgeMap>
<edgeMap>
<xCoord>142</xCoord>
<yCoord>291</yCoord>
</edgeMap>
<edgeMap>
<xCoord>143</xCoord>
<yCoord>291</yCoord>
</edgeMap>
</roi>
</unblindedReadNodule>
<unblindedReadNodule>
<noduleID>MI014_12043</noduleID>
<roi>
<imageZposition>-225.0</imageZposition>
<imageSOP_UID>1.3.6.1.4.1.14519.5.2.1.6279.6001.283198875757649960014804917664</imageSOP_UID>
<inclusion>TRUE</inclusion>
<edgeMap>
<xCoord>177</xCoord>
<yCoord>205</yCoord>
</edgeMap>
</roi>
</unblindedReadNodule>
<nonNodule>
<nonNoduleID>MI014_12039</nonNoduleID>
<imageZposition>-250.0</imageZposition>
<imageSOP_UID>1.3.6.1.4.1.14519.5.2.1.6279.6001.100237830254703637757540782738</imageSOP_UID>
<locus>
<xCoord>170</xCoord>
<yCoord>170</yCoord>
</locus>
</nonNodule>
<nonNodule>
<nonNoduleID>MI014_12040</nonNoduleID>
<imageZposition>-250.0</imageZposition>
<imageSOP_UID>1.3.6.1.4.1.14519.5.2.1.6279.6001.100237830254703637757540782738</imageSOP_UID>
<locus>
<xCoord>163</xCoord>
<yCoord>167</yCoord>
</locus>
</nonNodule>
<nonNodule>
<nonNoduleID>MI014_12041</nonNoduleID>
<imageZposition>-277.5</imageZposition>
<imageSOP_UID>1.3.6.1.4.1.14519.5.2.1.6279.6001.208715086133719995328367055787</imageSOP_UID>
<locus>
<xCoord>145</xCoord>
<yCoord>165</yCoord>
</locus>
</nonNodule>
</readingSession>
<readingSession>
		<annotationVersion>3.12</annotationVersion>
		<servicingRadiologistID>1498066684</servicingRadiologistID>
			<unblindedReadNodule>
				<noduleID>0</noduleID>
				<characteristics>
					<subtlety>5</subtlety>
					<internalStructure>1</internalStructure>
					<calcification>6</calcification>
					<sphericity>5</sphericity>
					<margin>5</margin>
					<lobulation>4</lobulation>
					<spiculation>1</spiculation>
					<texture>5</texture>
					<malignancy>3</malignancy>
				</characteristics>
				<roi>
					<imageZposition>-182.5</imageZposition>
					<imageSOP_UID>1.3.6.1.4.1.14519.5.2.1.6279.6001.812177612832261498860825733358</imageSOP_UID>
					<inclusion>TRUE</inclusion>
					<edgeMap>
					<xCoord>137</xCoord>
					<yCoord>279</yCoord>
					</edgeMap>
					<edgeMap>
					<xCoord>138</xCoord>
					<yCoord>279</yCoord>
					</edgeMap>
					<edgeMap>
					<xCoord>139</xCoord>
					<yCoord>279</yCoord>
					</edgeMap>
					<edgeMap>
					<xCoord>140</xCoord>
					<yCoord>279</yCoord>
					</edgeMap>
					<edgeMap>
					<xCoord>141</xCoord>
					<yCoord>279</yCoord>
					</edgeMap>
					<edgeMap>
					<xCoord>142</xCoord>
					<yCoord>279</yCoord>
					</edgeMap>
					<edgeMap>
					<xCoord>143</xCoord>
					<yCoord>278</yCoord>
					</edgeMap>
					<edgeMap>
					<xCoord>144</xCoord>
					<yCoord>278</yCoord>
					</edgeMap>
					<edgeMap>
					<xCoord>145</xCoord>
					<yCoord>278</yCoord>
					</edgeMap>
					<edgeMap>
					<xCoord>146</xCoord>
					<yCoord>278</yCoord>
					</edgeMap>
					<edgeMap>
					<xCoord>147</xCoord>
					<yCoord>278</yCoord>
					</edgeMap>
					<edgeMap>
					<xCoord>148</xCoord>
					<yCoord>277</yCoord>
					</edgeMap>
					<edgeMap>
					<xCoord>148</xCoord>
					<yCoord>278</yCoord>
					</edgeMap>
					<edgeMap>
					<xCoord>149</xCoord>
					<yCoord>279</yCoord>
					</edgeMap>
					<edgeMap>
					<xCoord>150</xCoord>
					<yCoord>280</yCoord>
					</edgeMap>
					<edgeMap>
					<xCoord>149</xCoord>
					<yCoord>281</yCoord>
					</edgeMap>
					<edgeMap>
					<xCoord>148</xCoord>
					<yCoord>282</yCoord>
					</edgeMap>
					<edgeMap>
					<xCoord>148</xCoord>
					<yCoord>283</yCoord>
					</edgeMap>
					<edgeMap>
					<xCoord>148</xCoord>
					<yCoord>284</yCoord>
					</edgeMap>
					<edgeMap>
					<xCoord>148</xCoord>
					<yCoord>285</yCoord>
					</edgeMap>
					<edgeMap>
					<xCoord>149</xCoord>
					<yCoord>286</yCoord>
					</edgeMap>
					<edgeMap>
					<xCoord>149</xCoord>
					<yCoord>287</yCoord>
					</edgeMap>
					<edgeMap>
					<xCoord>149</xCoord>
					<yCoord>288</yCoord>
					</edgeMap>
					<edgeMap>
					<xCoord>149</xCoord>
					<yCoord>289</yCoord>
					</edgeMap>
					<edgeMap>
					<xCoord>149</xCoord>
					<yCoord>290</yCoord>
					</edgeMap>
					<edgeMap>
					<xCoord>149</xCoord>
					<yCoord>291</yCoord>
					</edgeMap>
					<edgeMap>
					<xCoord>148</xCoord>
					<yCoord>291</yCoord>
					</edgeMap>
					<edgeMap>
					<xCoord>147</xCoord>
					<yCoord>292</yCoord>
					</edgeMap>
					<edgeMap>
					<xCoord>146</xCoord>
					<yCoord>291</yCoord>
					</edgeMap>
					<edgeMap>
					<xCoord>145</xCoord>
					<yCoord>291</yCoord>
					</edgeMap>
					<edgeMap>
					<xCoord>144</xCoord>
					<yCoord>291</yCoord>
					</edgeMap>
					<edgeMap>
					<xCoord>143</xCoord>
					<yCoord>290</yCoord>
					</edgeMap>
					<edgeMap>
					<xCoord>142</xCoord>
					<yCoord>290</yCoord>
					</edgeMap>
					<edgeMap>
					<xCoord>141</xCoord>
					<yCoord>290</yCoord>
					</edgeMap>
					<edgeMap>
					<xCoord>140</xCoord>
					<yCoord>290</yCoord>
					</edgeMap>
					<edgeMap>
					<xCoord>139</xCoord>
					<yCoord>290</yCoord>
					</edgeMap>
					<edgeMap>
					<xCoord>138</xCoord>
					<yCoord>290</yCoord>
					</edgeMap>
					<edgeMap>
					<xCoord>137</xCoord>
					<yCoord>289</yCoord>
					</edgeMap>
					<edgeMap>
					<xCoord>137</xCoord>
					<yCoord>288</yCoord>
					</edgeMap>
					<edgeMap>
					<xCoord>137</xCoord>
					<yCoord>287</yCoord>
					</edgeMap>
					<edgeMap>
					<xCoord>136</xCoord>
					<yCoord>286</yCoord>
					</edgeMap>
					<edgeMap>
					<xCoord>135</xCoord>
					<yCoord>285</yCoord>
					</edgeMap>
					<edgeMap>
					<xCoord>134</xCoord>
					<yCoord>284</yCoord>
					</edgeMap>
					<edgeMap>
					<xCoord>134</xCoord>
					<yCoord>283</yCoord>
					</edgeMap>
					<edgeMap>
					<xCoord>133</xCoord>
					<yCoord>282</yCoord>
					</edgeMap>
					<edgeMap>
					<xCoord>132</xCoord>
					<yCoord>282</yCoord>
					</edgeMap>
					<edgeMap>
					<xCoord>131</xCoord>
					<yCoord>281</yCoord>
					</edgeMap>
					<edgeMap>
					<xCoord>132</xCoord>
					<yCoord>280</yCoord>
					</edgeMap>
					<edgeMap>
					<xCoord>133</xCoord>
					<yCoord>280</yCoord>
					</edgeMap>
					<edgeMap>
					<xCoord>134</xCoord>
					<yCoord>280</yCoord>
					</edgeMap>
					<edgeMap>
					<xCoord>135</xCoord>
					<yCoord>280</yCoord>
					</edgeMap>
					<edgeMap>
					<xCoord>136</xCoord>
					<yCoord>279</yCoord>
					</edgeMap>
					<edgeMap>
					<xCoord>137</xCoord>
					<yCoord>279</yCoord>
					</edgeMap>
				</roi>
				<roi>
					<imageZposition>-185.0</imageZposition>
					<imageSOP_UID>1.3.6.1.4.1.14519.5.2.1.6279.6001.244233625252851014884616968657</imageSOP_UID>
					<inclusion>TRUE</inclusion>
					<edgeMap>
					<xCoord>137</xCoord>
					<yCoord>278</yCoord>
					</edgeMap>
					<edgeMap>
					<xCoord>136</xCoord>
					<yCoord>279</yCoord>
					</edgeMap>
					<edgeMap>
					<xCoord>135</xCoord>
					<yCoord>279</yCoord>
					</edgeMap>
					<edgeMap>
					<xCoord>134</xCoord>
					<yCoord>279</yCoord>
					</edgeMap>
					<edgeMap>
					<xCoord>133</xCoord>
					<yCoord>279</yCoord>
					</edgeMap>
					<edgeMap>
					<xCoord>133</xCoord>
					<yCoord>280</yCoord>
					</edgeMap>
					<edgeMap>
					<xCoord>132</xCoord>
					<yCoord>281</yCoord>
					</edgeMap>
					<edgeMap>
					<xCoord>132</xCoord>
					<yCoord>282</yCoord>
					</edgeMap>
					<edgeMap>
					<xCoord>132</xCoord>
					<yCoord>283</yCoord>
					</edgeMap>
					<edgeMap>
					<xCoord>132</xCoord>
					<yCoord>284</yCoord>
					</edgeMap>
					<edgeMap>
					<xCoord>133</xCoord>
					<yCoord>284</yCoord>
					</edgeMap>
					<edgeMap>
					<xCoord>133</xCoord>
					<yCoord>285</yCoord>
					</edgeMap>
					<edgeMap>
					<xCoord>133</xCoord>
					<yCoord>286</yCoord>
					</edgeMap>
					<edgeMap>
					<xCoord>134</xCoord>
					<yCoord>286</yCoord>
					</edgeMap>
					<edgeMap>
					<xCoord>135</xCoord>
					<yCoord>287</yCoord>
					</edgeMap>
					<edgeMap>
					<xCoord>135</xCoord>
					<yCoord>288</yCoord>
					</edgeMap>
					<edgeMap>
					<xCoord>136</xCoord>
					<yCoord>289</yCoord>
					</edgeMap>
					<edgeMap>
					<xCoord>137</xCoord>
					<yCoord>289</yCoord>
					</edgeMap>
					<edgeMap>
					<xCoord>138</xCoord>
					<yCoord>290</yCoord>
					</edgeMap>
					<edgeMap>
					<xCoord>139</xCoord>
					<yCoord>290</yCoord>
					</edgeMap>
					<edgeMap>
					<xCoord>140</xCoord>
					<yCoord>290</yCoord>
					</edgeMap>
					<edgeMap>
					<xCoord>141</xCoord>
					<yCoord>290</yCoord>
					</edgeMap>
					<edgeMap>
					<xCoord>142</xCoord>
					<yCoord>290</yCoord>
					</edgeMap>
					<edgeMap>
					<xCoord>143</xCoord>
					<yCoord>291</yCoord>
					</edgeMap>
					<edgeMap>
					<xCoord>144</xCoord>
					<yCoord>291</yCoord>
					</edgeMap>
					<edgeMap>
					<xCoord>145</xCoord>
					<yCoord>292</yCoord>
					</edgeMap>
					<edgeMap>
					<xCoord>144</xCoord>
					<yCoord>293</yCoord>
					</edgeMap>
					<edgeMap>
					<xCoord>144</xCoord>
					<yCoord>294</yCoord>
					</edgeMap>
					<edgeMap>
					<xCoord>145</xCoord>
					<yCoord>294</yCoord>
					</edgeMap>
					<edgeMap>
					<xCoord>146</xCoord>
					<yCoord>294</yCoord>
					</edgeMap>
					<edgeMap>
					<xCoord>147</xCoord>
					<yCoord>294</yCoord>
					</edgeMap>
					<edgeMap>
					<xCoord>148</xCoord>
					<yCoord>294</yCoord>
					</edgeMap>
					<edgeMap>
					<xCoord>149</xCoord>
					<yCoord>294</yCoord>
					</edgeMap>
					<edgeMap>
					<xCoord>150</xCoord>
					<yCoord>294</yCoord>
					</edgeMap>
					<edgeMap>
					<xCoord>151</xCoord>
					<yCoord>294</yCoord>
					</edgeMap>
					<edgeMap>
					<xCoord>151</xCoord>
					<yCoord>293</yCoord>
					</edgeMap>
					<edgeMap>
					<xCoord>152</xCoord>
					<yCoord>292</yCoord>
					</edgeMap>
					<edgeMap>
					<xCoord>152</xCoord>
					<yCoord>291</yCoord>
					</edgeMap>
					<edgeMap>
					<xCoord>152</xCoord>
					<yCoord>290</yCoord>
					</edgeMap>
					<edgeMap>
					<xCoord>151</xCoord>
					<yCoord>290</yCoord>
					</edgeMap>
					<edgeMap>
					<xCoord>150</xCoord>
					<yCoord>290</yCoord>
					</edgeMap>
					<edgeMap>
					<xCoord>149</xCoord>
					<yCoord>290</yCoord>
					</edgeMap>
					<edgeMap>
					<xCoord>149</xCoord>
					<yCoord>289</yCoord>
					</edgeMap>
					<edgeMap>
					<xCoord>148</xCoord>
					<yCoord>288</yCoord>
					</edgeMap>
					<edgeMap>
					<xCoord>147</xCoord>
					<yCoord>287</yCoord>
					</edgeMap>
					<edgeMap>
					<xCoord>146</xCoord>
					<yCoord>287</yCoord>
					</edgeMap>
					<edgeMap>
					<xCoord>147</xCoord>
					<yCoord>286</yCoord>
					</edgeMap>
					<edgeMap>
					<xCoord>146</xCoord>
					<yCoord>285</yCoord>
					</edgeMap>
					<edgeMap>
					<xCoord>146</xCoord>
					<yCoord>284</yCoord>
					</edgeMap>
					<edgeMap>
					<xCoord>146</xCoord>
					<yCoord>283</yCoord>
					</edgeMap>
					<edgeMap>
					<xCoord>147</xCoord>
					<yCoord>282</yCoord>
					</edgeMap>
					<edgeMap>
					<xCoord>148</xCoord>
					<yCoord>281</yCoord>
					</edgeMap>
					<edgeMap>
					<xCoord>148</xCoord>
					<yCoord>280</yCoord>
					</edgeMap>
					<edgeMap>
					<xCoord>149</xCoord>
					<yCoord>279</yCoord>
					</edgeMap>
					<edgeMap>
					<xCoord>150</xCoord>
					<yCoord>278</yCoord>
					</edgeMap>
					<edgeMap>
					<xCoord>150</xCoord>
					<yCoord>277</yCoord>
					</edgeMap>
					<edgeMap>
					<xCoord>151</xCoord>
					<yCoord>276</yCoord>
					</edgeMap>
					<edgeMap>
					<xCoord>152</xCoord>
					<yCoord>276</yCoord>
					</edgeMap>
					<edgeMap>
					<xCoord>152</xCoord>
					<yCoord>275</yCoord>
					</edgeMap>
					<edgeMap>
					<xCoord>153</xCoord>
					<yCoord>274</yCoord>
					</edgeMap>
					<edgeMap>
					<xCoord>154</xCoord>
					<yCoord>274</yCoord>
					</edgeMap>
					<edgeMap>
					<xCoord>153</xCoord>
					<yCoord>273</yCoord>
					</edgeMap>
					<edgeMap>
					<xCoord>152</xCoord>
					<yCoord>273</yCoord>
					</edgeMap>
					<edgeMap>
					<xCoord>151</xCoord>
					<yCoord>273</yCoord>
					</edgeMap>
					<edgeMap>
					<xCoord>150</xCoord>
					<yCoord>273</yCoord>
					</edgeMap>
					<edgeMap>
					<xCoord>149</xCoord>
					<yCoord>273</yCoord>
					</edgeMap>
					<edgeMap>
					<xCoord>148</xCoord>
					<yCoord>274</yCoord>
					</edgeMap>
					<edgeMap>
					<xCoord>147</xCoord>
					<yCoord>275</yCoord>
					</edgeMap>
					<edgeMap>
					<xCoord>146</xCoord>
					<yCoord>275</yCoord>
					</edgeMap>
					<edgeMap>
					<xCoord>145</xCoord>
					<yCoord>274</yCoord>
					</edgeMap>
					<edgeMap>
					<xCoord>144</xCoord>
					<yCoord>274</yCoord>
					</edgeMap>
					<edgeMap>
					<xCoord>143</xCoord>
					<yCoord>274</yCoord>
					</edgeMap>
					<edgeMap>
					<xCoord>142</xCoord>
					<yCoord>274</yCoord>
					</edgeMap>
					<edgeMap>
					<xCoord>141</xCoord>
					<yCoord>274</yCoord>
					</edgeMap>
					<edgeMap>
					<xCoord>140</xCoord>
					<yCoord>274</yCoord>
					</edgeMap>
					<edgeMap>
					<xCoord>139</xCoord>
					<yCoord>274</yCoord>
					</edgeMap>
					<edgeMap>
					<xCoord>138</xCoord>
					<yCoord>275</yCoord>
					</edgeMap>
					<edgeMap>
					<xCoord>138</xCoord>
					<yCoord>276</yCoord>
					</edgeMap>
					<edgeMap>
					<xCoord>138</xCoord>
					<yCoord>277</yCoord>
					</edgeMap>
					<edgeMap>
					<xCoord>137</xCoord>
					<yCoord>278</yCoord>
					</edgeMap>
				</roi>
				<roi>
					<imageZposition>-187.5</imageZposition>
					<imageSOP_UID>1.3.6.1.4.1.14519.5.2.1.6279.6001.158863062959956345764009173453</imageSOP_UID>
					<inclusion>TRUE</inclusion>
					<edgeMap>
					<xCoord>136</xCoord>
					<yCoord>280</yCoord>
					</edgeMap>
					<edgeMap>
					<xCoord>137</xCoord>
					<yCoord>279</yCoord>
					</edgeMap>
					<edgeMap>
					<xCoord>138</xCoord>
					<yCoord>278</yCoord>
					</edgeMap>
					<edgeMap>
					<xCoord>138</xCoord>
					<yCoord>277</yCoord>
					</edgeMap>
					<edgeMap>
					<xCoord>138</xCoord>
					<yCoord>276</yCoord>
					</edgeMap>
					<edgeMap>
					<xCoord>139</xCoord>
					<yCoord>275</yCoord>
					</edgeMap>
					<edgeMap>
					<xCoord>139</xCoord>
					<yCoord>274</yCoord>
					</edgeMap>
					<edgeMap>
					<xCoord>139</xCoord>
					<yCoord>273</yCoord>
					</edgeMap>
					<edgeMap>
					<xCoord>140</xCoord>
					<yCoord>273</yCoord>
					</edgeMap>
					<edgeMap>
					<xCoord>141</xCoord>
					<yCoord>272</yCoord>
					</edgeMap>
					<edgeMap>
					<xCoord>142</xCoord>
					<yCoord>272</yCoord>
					</edgeMap>
					<edgeMap>
					<xCoord>143</xCoord>
					<yCoord>272</yCoord>
					</edgeMap>
					<edgeMap>
					<xCoord>144</xCoord>
					<yCoord>273</yCoord>
					</edgeMap>
					<edgeMap>
					<xCoord>145</xCoord>
					<yCoord>273</yCoord>
					</edgeMap>
					<edgeMap>
					<xCoord>146</xCoord>
					<yCoord>273</yCoord>
					</edgeMap>
					<edgeMap>
					<xCoord>147</xCoord>
					<yCoord>273</yCoord>
					</edgeMap>
					<edgeMap>
					<xCoord>148</xCoord>
					<yCoord>273</yCoord>
					</edgeMap>
					<edgeMap>
					<xCoord>149</xCoord>
					<yCoord>273</yCoord>
					</edgeMap>
					<edgeMap>
					<xCoord>150</xCoord>
					<yCoord>272</yCoord>
					</edgeMap>
					<edgeMap>
					<xCoord>151</xCoord>
					<yCoord>273</yCoord>
					</edgeMap>
					<edgeMap>
					<xCoord>151</xCoord>
					<yCoord>274</yCoord>
					</edgeMap>
					<edgeMap>
					<xCoord>151</xCoord>
					<yCoord>275</yCoord>
					</edgeMap>
					<edgeMap>
					<xCoord>151</xCoord>
					<yCoord>276</yCoord>
					</edgeMap>
					<edgeMap>
					<xCoord>150</xCoord>
					<yCoord>277</yCoord>
					</edgeMap>
					<edgeMap>
					<xCoord>149</xCoord>
					<yCoord>277</yCoord>
					</edgeMap>
					<edgeMap>
					<xCoord>148</xCoord>
					<yCoord>278</yCoord>
					</edgeMap>
					<edgeMap>
					<xCoord>148</xCoord>
					<yCoord>279</yCoord>
					</edgeMap>
					<edgeMap>
					<xCoord>148</xCoord>
					<yCoord>280</yCoord>
					</edgeMap>
					<edgeMap>
					<xCoord>149</xCoord>
					<yCoord>279</yCoord>
					</edgeMap>
					<edgeMap>
					<xCoord>150</xCoord>
					<yCoord>279</yCoord>
					</edgeMap>
					<edgeMap>
					<xCoord>151</xCoord>
					<yCoord>278</yCoord>
					</edgeMap>
					<edgeMap>
					<xCoord>152</xCoord>
					<yCoord>279</yCoord>
					</edgeMap>
					<edgeMap>
					<xCoord>152</xCoord>
					<yCoord>280</yCoord>
					</edgeMap>
					<edgeMap>
					<xCoord>153</xCoord>
					<yCoord>281</yCoord>
					</edgeMap>
					<edgeMap>
					<xCoord>152</xCoord>
					<yCoord>282</yCoord>
					</edgeMap>
					<edgeMap>
					<xCoord>152</xCoord>
					<yCoord>283</yCoord>
					</edgeMap>
					<edgeMap>
					<xCoord>153</xCoord>
					<yCoord>284</yCoord>
					</edgeMap>
					<edgeMap>
					<xCoord>154</xCoord>
					<yCoord>285</yCoord>
					</edgeMap>
					<edgeMap>
					<xCoord>155</xCoord>
					<yCoord>286</yCoord>
					</edgeMap>
					<edgeMap>
					<xCoord>156</xCoord>
					<yCoord>287</yCoord>
					</edgeMap>
					<edgeMap>
					<xCoord>157</xCoord>
					<yCoord>288</yCoord>
					</edgeMap>
					<edgeMap>
					<xCoord>158</xCoord>
					<yCoord>289</yCoord>
					</edgeMap>
					<edgeMap>
					<xCoord>159</xCoord>
					<yCoord>289</yCoord>
					</edgeMap>
					<edgeMap>
					<xCoord>160</xCoord>
					<yCoord>290</yCoord>
					</edgeMap>
					<edgeMap>
					<xCoord>159</xCoord>
					<yCoord>290</yCoord>
					</edgeMap>
					<edgeMap>
					<xCoord>158</xCoord>
					<yCoord>291</yCoord>
					</edgeMap>
					<edgeMap>
					<xCoord>158</xCoord>
					<yCoord>292</yCoord>
					</edgeMap>
					<edgeMap>
					<xCoord>157</xCoord>
					<yCoord>292</yCoord>
					</edgeMap>
					<edgeMap>
					<xCoord>156</xCoord>
					<yCoord>292</yCoord>
					</edgeMap>
					<edgeMap>
					<xCoord>155</xCoord>
					<yCoord>292</yCoord>
					</edgeMap>
					<edgeMap>
					<xCoord>154</xCoord>
					<yCoord>292</yCoord>
					</edgeMap>
					<edgeMap>
					<xCoord>153</xCoord>
					<yCoord>291</yCoord>
					</edgeMap>
					<edgeMap>
					<xCoord>152</xCoord>
					<yCoord>290</yCoord>
					</edgeMap>
					<edgeMap>
					<xCoord>151</xCoord>
					<yCoord>290</yCoord>
					</edgeMap>
					<edgeMap>
					<xCoord>150</xCoord>
					<yCoord>290</yCoord>
					</edgeMap>
					<edgeMap>
					<xCoord>149</xCoord>
					<yCoord>289</yCoord>
					</edgeMap>
					<edgeMap>
					<xCoord>149</xCoord>
					<yCoord>288</yCoord>
					</edgeMap>
					<edgeMap>
					<xCoord>149</xCoord>
					<yCoord>287</yCoord>
					</edgeMap>
					<edgeMap>
					<xCoord>148</xCoord>
					<yCoord>286</yCoord>
					</edgeMap>
					<edgeMap>
					<xCoord>147</xCoord>
					<yCoord>286</yCoord>
					</edgeMap>
					<edgeMap>
					<xCoord>146</xCoord>
					<yCoord>286</yCoord>
					</edgeMap>
					<edgeMap>
					<xCoord>145</xCoord>
					<yCoord>287</yCoord>
					</edgeMap>
					<edgeMap>
					<xCoord>146</xCoord>
					<yCoord>288</yCoord>
					</edgeMap>
					<edgeMap>
					<xCoord>146</xCoord>
					<yCoord>289</yCoord>
					</edgeMap>
					<edgeMap>
					<xCoord>146</xCoord>
					<yCoord>290</yCoord>
					</edgeMap>
					<edgeMap>
					<xCoord>146</xCoord>
					<yCoord>291</yCoord>
					</edgeMap>
					<edgeMap>
					<xCoord>145</xCoord>
					<yCoord>291</yCoord>
					</edgeMap>
					<edgeMap>
					<xCoord>144</xCoord>
					<yCoord>291</yCoord>
					</edgeMap>
					<edgeMap>
					<xCoord>143</xCoord>
					<yCoord>291</yCoord>
					</edgeMap>
					<edgeMap>
					<xCoord>142</xCoord>
					<yCoord>291</yCoord>
					</edgeMap>
					<edgeMap>
					<xCoord>141</xCoord>
					<yCoord>291</yCoord>
					</edgeMap>
					<edgeMap>
					<xCoord>140</xCoord>
					<yCoord>291</yCoord>
					</edgeMap>
					<edgeMap>
					<xCoord>139</xCoord>
					<yCoord>291</yCoord>
					</edgeMap>
					<edgeMap>
					<xCoord>138</xCoord>
					<yCoord>291</yCoord>
					</edgeMap>
					<edgeMap>
					<xCoord>137</xCoord>
					<yCoord>292</yCoord>
					</edgeMap>
					<edgeMap>
					<xCoord>136</xCoord>
					<yCoord>292</yCoord>
					</edgeMap>
					<edgeMap>
					<xCoord>135</xCoord>
					<yCoord>293</yCoord>
					</edgeMap>
					<edgeMap>
					<xCoord>134</xCoord>
					<yCoord>292</yCoord>
					</edgeMap>
					<edgeMap>
					<xCoord>134</xCoord>
					<yCoord>291</yCoord>
					</edgeMap>
					<edgeMap>
					<xCoord>135</xCoord>
					<yCoord>290</yCoord>
					</edgeMap>
					<edgeMap>
					<xCoord>135</xCoord>
					<yCoord>289</yCoord>
					</edgeMap>
					<edgeMap>
					<xCoord>134</xCoord>
					<yCoord>289</yCoord>
					</edgeMap>
					<edgeMap>
					<xCoord>133</xCoord>
					<yCoord>289</yCoord>
					</edgeMap>
					<edgeMap>
					<xCoord>132</xCoord>
					<yCoord>289</yCoord>
					</edgeMap>
					<edgeMap>
					<xCoord>131</xCoord>
					<yCoord>289</yCoord>
					</edgeMap>
					<edgeMap>
					<xCoord>130</xCoord>
					<yCoord>289</yCoord>
					</edgeMap>
					<edgeMap>
					<xCoord>131</xCoord>
					<yCoord>288</yCoord>
					</edgeMap>
					<edgeMap>
					<xCoord>131</xCoord>
					<yCoord>287</yCoord>
					</edgeMap>
					<edgeMap>
					<xCoord>132</xCoord>
					<yCoord>286</yCoord>
					</edgeMap>
					<edgeMap>
					<xCoord>133</xCoord>
					<yCoord>286</yCoord>
					</edgeMap>
					<edgeMap>
					<xCoord>133</xCoord>
					<yCoord>285</yCoord>
					</edgeMap>
					<edgeMap>
					<xCoord>133</xCoord>
					<yCoord>284</yCoord>
					</edgeMap>
					<edgeMap>
					<xCoord>133</xCoord>
					<yCoord>283</yCoord>
					</edgeMap>
					<edgeMap>
					<xCoord>134</xCoord>
					<yCoord>283</yCoord>
					</edgeMap>
					<edgeMap>
					<xCoord>135</xCoord>
					<yCoord>283</yCoord>
					</edgeMap>
					<edgeMap>
					<xCoord>136</xCoord>
					<yCoord>283</yCoord>
					</edgeMap>
					<edgeMap>
					<xCoord>136</xCoord>
					<yCoord>282</yCoord>
					</edgeMap>
					<edgeMap>
					<xCoord>136</xCoord>
					<yCoord>281</yCoord>
					</edgeMap>
					<edgeMap>
					<xCoord>136</xCoord>
					<yCoord>280</yCoord>
					</edgeMap>
				</roi>
				<roi>
					<imageZposition>-190.0</imageZposition>
					<imageSOP_UID>1.3.6.1.4.1.14519.5.2.1.6279.6001.834008902010408017044104797747</imageSOP_UID>
					<inclusion>TRUE</inclusion>
					<edgeMap>
					<xCoord>135</xCoord>
					<yCoord>285</yCoord>
					</edgeMap>
					<edgeMap>
					<xCoord>136</xCoord>
					<yCoord>285</yCoord>
					</edgeMap>
					<edgeMap>
					<xCoord>137</xCoord>
					<yCoord>285</yCoord>
					</edgeMap>
					<edgeMap>
					<xCoord>138</xCoord>
					<yCoord>285</yCoord>
					</edgeMap>
					<edgeMap>
					<xCoord>139</xCoord>
					<yCoord>285</yCoord>
					</edgeMap>
					<edgeMap>
					<xCoord>140</xCoord>
					<yCoord>286</yCoord>
					</edgeMap>
					<edgeMap>
					<xCoord>141</xCoord>
					<yCoord>286</yCoord>
					</edgeMap>
					<edgeMap>
					<xCoord>142</xCoord>
					<yCoord>286</yCoord>
					</edgeMap>
					<edgeMap>
					<xCoord>143</xCoord>
					<yCoord>287</yCoord>
					</edgeMap>
					<edgeMap>
					<xCoord>143</xCoord>
					<yCoord>288</yCoord>
					</edgeMap>
					<edgeMap>
					<xCoord>144</xCoord>
					<yCoord>288</yCoord>
					</edgeMap>
					<edgeMap>
					<xCoord>145</xCoord>
					<yCoord>289</yCoord>
					</edgeMap>
					<edgeMap>
					<xCoord>146</xCoord>
					<yCoord>290</yCoord>
					</edgeMap>
					<edgeMap>
					<xCoord>147</xCoord>
					<yCoord>290</yCoord>
					</edgeMap>
					<edgeMap>
					<xCoord>148</xCoord>
					<yCoord>290</yCoord>
					</edgeMap>
					<edgeMap>
					<xCoord>149</xCoord>
					<yCoord>291</yCoord>
					</edgeMap>
					<edgeMap>
					<xCoord>150</xCoord>
					<yCoord>291</yCoord>
					</edgeMap>
					<edgeMap>
					<xCoord>150</xCoord>
					<yCoord>292</yCoord>
					</edgeMap>
					<edgeMap>
					<xCoord>150</xCoord>
					<yCoord>293</yCoord>
					</edgeMap>
					<edgeMap>
					<xCoord>150</xCoord>
					<yCoord>294</yCoord>
					</edgeMap>
					<edgeMap>
					<xCoord>149</xCoord>
					<yCoord>294</yCoord>
					</edgeMap>
					<edgeMap>
					<xCoord>148</xCoord>
					<yCoord>294</yCoord>
					</edgeMap>
					<edgeMap>
					<xCoord>147</xCoord>
					<yCoord>294</yCoord>
					</edgeMap>
					<edgeMap>
					<xCoord>146</xCoord>
					<yCoord>294</yCoord>
					</edgeMap>
					<edgeMap>
					<xCoord>145</xCoord>
					<yCoord>294</yCoord>
					</edgeMap>
					<edgeMap>
					<xCoord>144</xCoord>
					<yCoord>295</yCoord>
					</edgeMap>
					<edgeMap>
					<xCoord>144</xCoord>
					<yCoord>296</yCoord>
					</edgeMap>
					<edgeMap>
					<xCoord>144</xCoord>
					<yCoord>297</yCoord>
					</edgeMap>
					<edgeMap>
					<xCoord>143</xCoord>
					<yCoord>297</yCoord>
					</edgeMap>
					<edgeMap>
					<xCoord>142</xCoord>
					<yCoord>296</yCoord>
					</edgeMap>
					<edgeMap>
					<xCoord>141</xCoord>
					<yCoord>296</yCoord>
					</edgeMap>
					<edgeMap>
					<xCoord>140</xCoord>
					<yCoord>296</yCoord>
					</edgeMap>
					<edgeMap>
					<xCoord>139</xCoord>
					<yCoord>295</yCoord>
					</edgeMap>
					<edgeMap>
					<xCoord>139</xCoord>
					<yCoord>294</yCoord>
					</edgeMap>
					<edgeMap>
					<xCoord>139</xCoord>
					<yCoord>293</yCoord>
					</edgeMap>
					<edgeMap>
					<xCoord>140</xCoord>
					<yCoord>292</yCoord>
					</edgeMap>
					<edgeMap>
					<xCoord>139</xCoord>
					<yCoord>292</yCoord>
					</edgeMap>
					<edgeMap>
					<xCoord>138</xCoord>
					<yCoord>292</yCoord>
					</edgeMap>
					<edgeMap>
					<xCoord>137</xCoord>
					<yCoord>292</yCoord>
					</edgeMap>
					<edgeMap>
					<xCoord>137</xCoord>
					<yCoord>293</yCoord>
					</edgeMap>
					<edgeMap>
					<xCoord>136</xCoord>
					<yCoord>293</yCoord>
					</edgeMap>
					<edgeMap>
					<xCoord>136</xCoord>
					<yCoord>294</yCoord>
					</edgeMap>
					<edgeMap>
					<xCoord>135</xCoord>
					<yCoord>295</yCoord>
					</edgeMap>
					<edgeMap>
					<xCoord>135</xCoord>
					<yCoord>294</yCoord>
					</edgeMap>
					<edgeMap>
					<xCoord>134</xCoord>
					<yCoord>293</yCoord>
					</edgeMap>
					<edgeMap>
					<xCoord>134</xCoord>
					<yCoord>292</yCoord>
					</edgeMap>
					<edgeMap>
					<xCoord>133</xCoord>
					<yCoord>291</yCoord>
					</edgeMap>
					<edgeMap>
					<xCoord>132</xCoord>
					<yCoord>291</yCoord>
					</edgeMap>
					<edgeMap>
					<xCoord>132</xCoord>
					<yCoord>290</yCoord>
					</edgeMap>
					<edgeMap>
					<xCoord>132</xCoord>
					<yCoord>289</yCoord>
					</edgeMap>
					<edgeMap>
					<xCoord>132</xCoord>
					<yCoord>288</yCoord>
					</edgeMap>
					<edgeMap>
					<xCoord>132</xCoord>
					<yCoord>287</yCoord>
					</edgeMap>
					<edgeMap>
					<xCoord>133</xCoord>
					<yCoord>287</yCoord>
					</edgeMap>
					<edgeMap>
					<xCoord>134</xCoord>
					<yCoord>287</yCoord>
					</edgeMap>
					<edgeMap>
					<xCoord>135</xCoord>
					<yCoord>288</yCoord>
					</edgeMap>
					<edgeMap>
					<xCoord>135</xCoord>
					<yCoord>287</yCoord>
					</edgeMap>
					<edgeMap>
					<xCoord>135</xCoord>
					<yCoord>286</yCoord>
					</edgeMap>
					<edgeMap>
					<xCoord>135</xCoord>
					<yCoord>285</yCoord>
					</edgeMap>
				</roi>
				<roi>
					<imageZposition>-192.5</imageZposition>
					<imageSOP_UID>1.3.6.1.4.1.14519.5.2.1.6279.6001.116185839943173283133434345312</imageSOP_UID>
					<inclusion>TRUE</inclusion>
					<edgeMap>
					<xCoord>140</xCoord>
					<yCoord>286</yCoord>
					</edgeMap>
					<edgeMap>
					<xCoord>141</xCoord>
					<yCoord>287</yCoord>
					</edgeMap>
					<edgeMap>
					<xCoord>142</xCoord>
					<yCoord>288</yCoord>
					</edgeMap>
					<edgeMap>
					<xCoord>143</xCoord>
					<yCoord>288</yCoord>
					</edgeMap>
					<edgeMap>
					<xCoord>144</xCoord>
					<yCoord>288</yCoord>
					</edgeMap>
					<edgeMap>
					<xCoord>144</xCoord>
					<yCoord>289</yCoord>
					</edgeMap>
					<edgeMap>
					<xCoord>143</xCoord>
					<yCoord>289</yCoord>
					</edgeMap>
					<edgeMap>
					<xCoord>143</xCoord>
					<yCoord>290</yCoord>
					</edgeMap>
					<edgeMap>
					<xCoord>142</xCoord>
					<yCoord>291</yCoord>
					</edgeMap>
					<edgeMap>
					<xCoord>141</xCoord>
					<yCoord>292</yCoord>
					</edgeMap>
					<edgeMap>
					<xCoord>140</xCoord>
					<yCoord>291</yCoord>
					</edgeMap>
					<edgeMap>
					<xCoord>139</xCoord>
					<yCoord>291</yCoord>
					</edgeMap>
					<edgeMap>
					<xCoord>139</xCoord>
					<yCoord>290</yCoord>
					</edgeMap>
					<edgeMap>
					<xCoord>139</xCoord>
					<yCoord>289</yCoord>
					</edgeMap>
					<edgeMap>
					<xCoord>139</xCoord>
					<yCoord>288</yCoord>
					</edgeMap>
					<edgeMap>
					<xCoord>138</xCoord>
					<yCoord>287</yCoord>
					</edgeMap>
					<edgeMap>
					<xCoord>138</xCoord>
					<yCoord>286</yCoord>
					</edgeMap>
					<edgeMap>
					<xCoord>139</xCoord>
					<yCoord>286</yCoord>
					</edgeMap>
					<edgeMap>
					<xCoord>140</xCoord>
					<yCoord>286</yCoord>
					</edgeMap>
				</roi>
			</unblindedReadNodule>
			<unblindedReadNodule>
				<noduleID>1</noduleID>
				<roi>
					<imageZposition>-227.5</imageZposition>
					<imageSOP_UID>1.3.6.1.4.1.14519.5.2.1.6279.6001.277866348788231339584293476293</imageSOP_UID>
					<inclusion>TRUE</inclusion>
					<edgeMap>
					<xCoord>177</xCoord>
					<yCoord>204</yCoord>
					</edgeMap>
				</roi>
			</unblindedReadNodule>
			<nonNodule>
				<nonNoduleID>2</nonNoduleID>
				<imageZposition>-247.5</imageZposition>
				<imageSOP_UID>1.3.6.1.4.1.14519.5.2.1.6279.6001.256286809205002146193214076859</imageSOP_UID>
				<locus>
					<xCoord>167</xCoord>
					<yCoord>160</yCoord>
				</locus>
			</nonNodule>
	</readingSession>
</LidcReadMessage>