<?xml version="1.0" encoding="UTF-8"?>
<LidcReadMessage uid="1.3.6.1.4.1.14519.5.2.1.6279.6001.1307390643688.0" xmlns="http://www.nih.gov" xmlns:xsi="http://www.w3.org/2001/XMLSchema-instance" xsi:schemaLocation="http://www.nih.gov  http://troll.rad.med.umich.edu/lidc/LidcReadMessage.xsd">
<ResponseHeader>
<Version>1.8.1</Version>
<MessageId>919654356</MessageId>
<DateRequest>2008-09-15</DateRequest>
<TimeRequest>10:23:25</TimeRequest>
<RequestingSite>removed</RequestingSite>
<ServicingSite>removed</ServicingSite>
<TaskDescription>Second unblinded read</TaskDescription>
<CtImageFile>removed</CtImageFile>
<SeriesInstanceUid>1.3.6.1.4.1.14519.5.2.1.6279.6001.461155505515403114280165935891</SeriesInstanceUid>
<DateService>2009-03-05</DateService>
<TimeService>07:06:42</TimeService>
<ResponseDescription>1 - Reading complete</ResponseDescription>
<StudyInstanceUID>1.3.6.1.4.1.14519.5.2.1.6279.6001.282376078213521832826757169162</StudyInstanceUID></ResponseHeader>
<readingSession>
    <annotationVersion>3.12</annotationVersion>
    <servicingRadiologistID>525035201</servicingRadiologistID>
    <unblindedReadNodule>
      <noduleID>Nodule 001</noduleID>
      <characteristics>
        <subtlety>4</subtlety>
        <internalStructure>1</internalStructure>
        <calcification>6</calcification>
        <sphericity>3</sphericity>
        <margin>4</margin>
        <lobulation>1</lobulation>
        <spiculation>1</spiculation>
        <texture>5</texture>
        <malignancy>2</malignancy>
      </characteristics>
      <roi>
        <imageZposition>-211.250</imageZposition>
        <imageSOP_UID>1.3.6.1.4.1.14519.5.2.1.6279.6001.866797895092826707698039454922</imageSOP_UID>
        <inclusion>TRUE</inclusion>
        <edgeMap>
          <xCoord>147</xCoord>
          <yCoord>273</yCoord>
        </edgeMap>
        <edgeMap>
          <xCoord>146</xCoord>
          <yCoord>274</yCoord>
        </edgeMap>
        <edgeMap>
          <xCoord>145</xCoord>
          <yCoord>275</yCoord>
        </edgeMap>
        <edgeMap>
          <xCoord>144</xCoord>
          <yCoord>276</yCoord>
        </edgeMap>
        <edgeMap>
          <xCoord>144</xCoord>
          <yCoord>277</yCoord>
        </edgeMap>
        <edgeMap>
          <xCoord>145</xCoord>
          <yCoord>278</yCoord>
        </edgeMap>
        <edgeMap>
          <xCoord>146</xCoord>
          <yCoord>279</yCoord>
        </edgeMap>
        <edgeMap>
          <xCoord>147</xCoord>
          <yCoord>280</yCoord>
        </edgeMap>
        <edgeMap>
          <xCoord>148</xCoord>
          <yCoord>281</yCoord>
        </edgeMap>
        <edgeMap>
          <xCoord>149</xCoord>
          <yCoord>282</yCoord>
        </edgeMap>
        <edgeMap>
          <xCoord>150</xCoord>
          <yCoord>282</yCoord>
        </edgeMap>
        <edgeMap>
          <xCoord>151</xCoord>
          <yCoord>283</yCoord>
        </edgeMap>
        <edgeMap>
          <xCoord>152</xCoord>
          <yCoord>283</yCoord>
        </edgeMap>
        <edgeMap>
          <xCoord>153</xCoord>
          <yCoord>283</yCoord>
        </edgeMap>
        <edgeMap>
          <xCoord>154</xCoord>
          <yCoord>282</yCoord>
        </edgeMap>
        <edgeMap>
          <xCoord>155</xCoord>
          <yCoord>281</yCoord>
        </edgeMap>
        <edgeMap>
          <xCoord>156</xCoord>
          <yCoord>281</yCoord>
        </edgeMap>
        <edgeMap>
          <xCoord>157</xCoord>
          <yCoord>280</yCoord>
        </edgeMap>
        <edgeMap>
          <xCoord>156</xCoord>
          <yCoord>279</yCoord>
        </edgeMap>
        <edgeMap>
          <xCoord>155</xCoord>
          <yCoord>278</yCoord>
        </edgeMap>
        <edgeMap>
          <xCoord>154</xCoord>
          <yCoord>277</yCoord>
        </edgeMap>
        <edgeMap>
          <xCoord>153</xCoord>
          <yCoord>276</yCoord>
        </edgeMap>
        <edgeMap>
          <xCoord>152</xCoord>
          <yCoord>275</yCoord>
        </edgeMap>
        <edgeMap>
          <xCoord>151</xCoord>
          <yCoord>274</yCoord>
        </edgeMap>
        <edgeMap>
          <xCoord>150</xCoord>
          <yCoord>273</yCoord>
        </edgeMap>
        <edgeMap>
          <xCoord>149</xCoord>
          <yCoord>273</yCoord>
        </edgeMap>
        <edgeMap>
          <xCoord>148</xCoord>
          <yCoord>273</yCoord>
        </edgeMap>
        <edgeMap>
          <xCoord>147</xCoord>
          <yCoord>273</yCoord>
        </edgeMap>
      </roi>
      <roi>
        <imageZposition>-210.000</imageZposition>
        <imageSOP_UID>1.3.6.1.4.1.14519.5.2.1.6279.6001.301405643323637666969957815517</imageSOP_UID>
        <inclusion>TRUE</inclusion>
        <edgeMap>
          <xCoord>142</xCoord>
          <yCoord>274</yCoord>
        </edgeMap>
        <edgeMap>
          <xCoord>141</xCoord>
          <yCoord>275</yCoord>
        </edgeMap>
        <edgeMap>
          <xCoord>141</xCoord>
          <yCoord>276</yCoord>
        </edgeMap>
        <edgeMap>
          <xCoord>142</xCoord>
          <yCoord>277</yCoord>
        </edgeMap>
        <edgeMap>
          <xCoord>143</xCoord>
          <yCoord>278</yCoord>
        </edgeMap>
        <edgeMap>
          <xCoord>143</xCoord>
          <yCoord>279</yCoord>
        </edgeMap>
        <edgeMap>
          <xCoord>144</xCoord>
          <yCoord>280</yCoord>
        </edgeMap>
        <edgeMap>
          <xCoord>145</xCoord>
          <yCoord>281</yCoord>
        </edgeMap>
        <edgeMap>
          <xCoord>145</xCoord>
          <yCoord>282</yCoord>
        </edgeMap>
        <edgeMap>
          <xCoord>146</xCoord>
          <yCoord>283</yCoord>
        </edgeMap>
        <edgeMap>
          <xCoord>147</xCoord>
          <yCoord>284</yCoord>
        </edgeMap>
        <edgeMap>
          <xCoord>148</xCoord>
          <yCoord>285</yCoord>
        </edgeMap>
        <edgeMap>
          <xCoord>149</xCoord>
          <yCoord>285</yCoord>
        </edgeMap>
        <edgeMap>
          <xCoord>150</xCoord>
          <yCoord>285</yCoord>
        </edgeMap>
        <edgeMap>
          <xCoord>151</xCoord>
          <yCoord>285</yCoord>
        </edgeMap>
        <edgeMap>
          <xCoord>152</xCoord>
          <yCoord>285</yCoord>
        </edgeMap>
        <edgeMap>
          <xCoord>153</xCoord>
          <yCoord>285</yCoord>
        </edgeMap>
        <edgeMap>
          <xCoord>154</xCoord>
          <yCoord>284</yCoord>
        </edgeMap>
        <edgeMap>
          <xCoord>154</xCoord>
          <yCoord>283</yCoord>
        </edgeMap>
        <edgeMap>
          <xCoord>155</xCoord>
          <yCoord>282</yCoord>
        </edgeMap>
        <edgeMap>
          <xCoord>156</xCoord>
          <yCoord>282</yCoord>
        </edgeMap>
        <edgeMap>
          <xCoord>157</xCoord>
          <yCoord>281</yCoord>
        </edgeMap>
        <edgeMap>
          <xCoord>157</xCoord>
          <yCoord>280</yCoord>
        </edgeMap>
        <edgeMap>
          <xCoord>156</xCoord>
          <yCoord>279</yCoord>
        </edgeMap>
        <edgeMap>
          <xCoord>155</xCoord>
          <yCoord>278</yCoord>
        </edgeMap>
        <edgeMap>
          <xCoord>154</xCoord>
          <yCoord>278</yCoord>
        </edgeMap>
        <edgeMap>
          <xCoord>153</xCoord>
          <yCoord>277</yCoord>
        </edgeMap>
        <edgeMap>
          <xCoord>152</xCoord>
          <yCoord>276</yCoord>
        </edgeMap>
        <edgeMap>
          <xCoord>151</xCoord>
          <yCoord>275</yCoord>
        </edgeMap>
        <edgeMap>
          <xCoord>150</xCoord>
          <yCoord>274</yCoord>
        </edgeMap>
        <edgeMap>
          <xCoord>149</xCoord>
          <yCoord>274</yCoord>
        </edgeMap>
        <edgeMap>
          <xCoord>148</xCoord>
          <yCoord>274</yCoord>
        </edgeMap>
        <edgeMap>
          <xCoord>147</xCoord>
          <yCoord>274</yCoord>
        </edgeMap>
        <edgeMap>
          <xCoord>146</xCoord>
          <yCoord>274</yCoord>
        </edgeMap>
        <edgeMap>
          <xCoord>145</xCoord>
          <yCoord>274</yCoord>
        </edgeMap>
        <edgeMap>
          <xCoord>144</xCoord>
          <yCoord>274</yCoord>
        </edgeMap>
        <edgeMap>
          <xCoord>143</xCoord>
          <yCoord>274</yCoord>
        </edgeMap>
        <edgeMap>
          <xCoord>142</xCoord>
          <yCoord>274</yCoord>
        </edgeMap>
      </roi>
      <roi>
        <imageZposition>-208.750</imageZposition>
        <imageSOP_UID>1.3.6.1.4.1.14519.5.2.1.6279.6001.306384568723070804388008851492</imageSOP_UID>
        <inclusion>TRUE</inclusion>
        <edgeMap>
          <xCoord>143</xCoord>
          <yCoord>275</yCoord>
        </edgeMap>
        <edgeMap>
          <xCoord>142</xCoord>
          <yCoord>276</yCoord>
        </edgeMap>
        <edgeMap>
          <xCoord>142</xCoord>
          <yCoord>277</yCoord>
        </edgeMap>
        <edgeMap>
          <xCoord>142</xCoord>
          <yCoord>278</yCoord>
        </edgeMap>
        <edgeMap>
          <xCoord>142</xCoord>
          <yCoord>279</yCoord>
        </edgeMap>
        <edgeMap>
          <xCoord>142</xCoord>
          <yCoord>280</yCoord>
        </edgeMap>
        <edgeMap>
          <xCoord>143</xCoord>
          <yCoord>281</yCoord>
        </edgeMap>
        <edgeMap>
          <xCoord>144</xCoord>
          <yCoord>282</yCoord>
        </edgeMap>
        <edgeMap>
          <xCoord>145</xCoord>
          <yCoord>283</yCoord>
        </edgeMap>
        <edgeMap>
          <xCoord>146</xCoord>
          <yCoord>283</yCoord>
        </edgeMap>
        <edgeMap>
          <xCoord>147</xCoord>
          <yCoord>283</yCoord>
        </edgeMap>
        <edgeMap>
          <xCoord>148</xCoord>
          <yCoord>283</yCoord>
        </edgeMap>
        <edgeMap>
          <xCoord>149</xCoord>
          <yCoord>283</yCoord>
        </edgeMap>
        <edgeMap>
          <xCoord>150</xCoord>
          <yCoord>283</yCoord>
        </edgeMap>
        <edgeMap>
          <xCoord>151</xCoord>
          <yCoord>282</yCoord>
        </edgeMap>
        <edgeMap>
          <xCoord>152</xCoord>
          <yCoord>282</yCoord>
        </edgeMap>
        <edgeMap>
          <xCoord>153</xCoord>
          <yCoord>282</yCoord>
        </edgeMap>
        <edgeMap>
          <xCoord>154</xCoord>
          <yCoord>282</yCoord>
        </edgeMap>
        <edgeMap>
          <xCoord>155</xCoord>
          <yCoord>281</yCoord>
        </edgeMap>
        <edgeMap>
          <xCoord>155</xCoord>
          <yCoord>280</yCoord>
        </edgeMap>
        <edgeMap>
          <xCoord>154</xCoord>
          <yCoord>279</yCoord>
        </edgeMap>
        <edgeMap>
          <xCoord>153</xCoord>
          <yCoord>278</yCoord>
        </edgeMap>
        <edgeMap>
          <xCoord>153</xCoord>
          <yCoord>277</yCoord>
        </edgeMap>
        <edgeMap>
          <xCoord>152</xCoord>
          <yCoord>276</yCoord>
        </edgeMap>
        <edgeMap>
          <xCoord>151</xCoord>
          <yCoord>276</yCoord>
        </edgeMap>
        <edgeMap>
          <xCoord>150</xCoord>
          <yCoord>276</yCoord>
        </edgeMap>
        <edgeMap>
          <xCoord>149</xCoord>
          <yCoord>275</yCoord>
        </edgeMap>
        <edgeMap>
          <xCoord>148</xCoord>
          <yCoord>275</yCoord>
        </edgeMap>
        <edgeMap>
          <xCoord>147</xCoord>
          <yCoord>275</yCoord>
        </edgeMap>
        <edgeMap>
          <xCoord>146</xCoord>
          <yCoord>275</yCoord>
        </edgeMap>
        <edgeMap>
          <xCoord>145</xCoord>
          <yCoord>275</yCoord>
        </edgeMap>
        <edgeMap>
          <xCoord>144</xCoord>
          <yCoord>275</yCoord>
        </edgeMap>
        <edgeMap>
          <xCoord>143</xCoord>
          <yCoord>275</yCoord>
        </edgeMap>
      </roi>
      <roi>
        <imageZposition>-207.500</imageZposition>
        <imageSOP_UID>1.3.6.1.4.1.14519.5.2.1.6279.6001.114247021326750766664645144777</imageSOP_UID>
        <inclusion>TRUE</inclusion>
        <edgeMap>
          <xCoord>142</xCoord>
          <yCoord>274</yCoord>
        </edgeMap>
        <edgeMap>
          <xCoord>141</xCoord>
          <yCoord>275</yCoord>
        </edgeMap>
        <edgeMap>
          <xCoord>140</xCoord>
          <yCoord>276</yCoord>
        </edgeMap>
        <edgeMap>
          <xCoord>139</xCoord>
          <yCoord>277</yCoord>
        </edgeMap>
        <edgeMap>
          <xCoord>140</xCoord>
          <yCoord>278</yCoord>
        </edgeMap>
        <edgeMap>
          <xCoord>140</xCoord>
          <yCoord>279</yCoord>
        </edgeMap>
        <edgeMap>
          <xCoord>141</xCoord>
          <yCoord>280</yCoord>
        </edgeMap>
        <edgeMap>
          <xCoord>142</xCoord>
          <yCoord>280</yCoord>
        </edgeMap>
        <edgeMap>
          <xCoord>143</xCoord>
          <yCoord>281</yCoord>
        </edgeMap>
        <edgeMap>
          <xCoord>144</xCoord>
          <yCoord>281</yCoord>
        </edgeMap>
        <edgeMap>
          <xCoord>145</xCoord>
          <yCoord>282</yCoord>
        </edgeMap>
        <edgeMap>
          <xCoord>146</xCoord>
          <yCoord>282</yCoord>
        </edgeMap>
        <edgeMap>
          <xCoord>147</xCoord>
          <yCoord>283</yCoord>
        </edgeMap>
        <edgeMap>
          <xCoord>148</xCoord>
          <yCoord>283</yCoord>
        </edgeMap>
        <edgeMap>
          <xCoord>149</xCoord>
          <yCoord>283</yCoord>
        </edgeMap>
        <edgeMap>
          <xCoord>150</xCoord>
          <yCoord>283</yCoord>
        </edgeMap>
        <edgeMap>
          <xCoord>151</xCoord>
          <yCoord>283</yCoord>
        </edgeMap>
        <edgeMap>
          <xCoord>152</xCoord>
          <yCoord>282</yCoord>
        </edgeMap>
        <edgeMap>
          <xCoord>152</xCoord>
          <yCoord>281</yCoord>
        </edgeMap>
        <edgeMap>
          <xCoord>151</xCoord>
          <yCoord>280</yCoord>
        </edgeMap>
        <edgeMap>
          <xCoord>150</xCoord>
          <yCoord>279</yCoord>
        </edgeMap>
        <edgeMap>
          <xCoord>149</xCoord>
          <yCoord>278</yCoord>
        </edgeMap>
        <edgeMap>
          <xCoord>148</xCoord>
          <yCoord>277</yCoord>
        </edgeMap>
        <edgeMap>
          <xCoord>147</xCoord>
          <yCoord>276</yCoord>
        </edgeMap>
        <edgeMap>
          <xCoord>146</xCoord>
          <yCoord>275</yCoord>
        </edgeMap>
        <edgeMap>
          <xCoord>145</xCoord>
          <yCoord>274</yCoord>
        </edgeMap>
        <edgeMap>
          <xCoord>144</xCoord>
          <yCoord>274</yCoord>
        </edgeMap>
        <edgeMap>
          <xCoord>143</xCoord>
          <yCoord>274</yCoord>
        </edgeMap>
        <edgeMap>
          <xCoord>142</xCoord>
          <yCoord>274</yCoord>
        </edgeMap>
      </roi>
      <roi>
        <imageZposition>-206.250</imageZposition>
        <imageSOP_UID>1.3.6.1.4.1.14519.5.2.1.6279.6001.129497119849183416599927599205</imageSOP_UID>
        <inclusion>TRUE</inclusion>
        <edgeMap>
          <xCoord>143</xCoord>
          <yCoord>275</yCoord>
        </edgeMap>
        <edgeMap>
          <xCoord>142</xCoord>
          <yCoord>276</yCoord>
        </edgeMap>
        <edgeMap>
          <xCoord>141</xCoord>
          <yCoord>277</yCoord>
        </edgeMap>
        <edgeMap>
          <xCoord>141</xCoord>
          <yCoord>278</yCoord>
        </edgeMap>
        <edgeMap>
          <xCoord>142</xCoord>
          <yCoord>279</yCoord>
        </edgeMap>
        <edgeMap>
          <xCoord>143</xCoord>
          <yCoord>280</yCoord>
        </edgeMap>
        <edgeMap>
          <xCoord>144</xCoord>
          <yCoord>281</yCoord>
        </edgeMap>
        <edgeMap>
          <xCoord>145</xCoord>
          <yCoord>281</yCoord>
        </edgeMap>
        <edgeMap>
          <xCoord>146</xCoord>
          <yCoord>281</yCoord>
        </edgeMap>
        <edgeMap>
          <xCoord>147</xCoord>
          <yCoord>281</yCoord>
        </edgeMap>
        <edgeMap>
          <xCoord>148</xCoord>
          <yCoord>281</yCoord>
        </edgeMap>
        <edgeMap>
          <xCoord>149</xCoord>
          <yCoord>280</yCoord>
        </edgeMap>
        <edgeMap>
          <xCoord>149</xCoord>
          <yCoord>279</yCoord>
        </edgeMap>
        <edgeMap>
          <xCoord>149</xCoord>
          <yCoord>278</yCoord>
        </edgeMap>
        <edgeMap>
          <xCoord>148</xCoord>
          <yCoord>277</yCoord>
        </edgeMap>
        <edgeMap>
          <xCoord>148</xCoord>
          <yCoord>276</yCoord>
        </edgeMap>
        <edgeMap>
          <xCoord>147</xCoord>
          <yCoord>275</yCoord>
        </edgeMap>
        <edgeMap>
          <xCoord>146</xCoord>
          <yCoord>275</yCoord>
        </edgeMap>
        <edgeMap>
          <xCoord>145</xCoord>
          <yCoord>275</yCoord>
        </edgeMap>
        <edgeMap>
          <xCoord>144</xCoord>
          <yCoord>275</yCoord>
        </edgeMap>
        <edgeMap>
          <xCoord>143</xCoord>
          <yCoord>275</yCoord>
        </edgeMap>
      </roi>
    </unblindedReadNodule>
    <unblindedReadNodule>
      <noduleID>Nodule 002</noduleID>
      <roi>
        <imageZposition>-108.750</imageZposition>
        <imageSOP_UID>1.3.6.1.4.1.14519.5.2.1.6279.6001.432713286731382574840180538601</imageSOP_UID>
        <inclusion>TRUE</inclusion>
        <edgeMap>
          <xCoord>376</xCoord>
          <yCoord>229</yCoord>
        </edgeMap>
      </roi>
    </unblindedReadNodule>
    <unblindedReadNodule>
      <noduleID>Nodule 003</noduleID>
      <roi>
        <imageZposition>-227.500</imageZposition>
        <imageSOP_UID>1.3.6.1.4.1.14519.5.2.1.6279.6001.160685324335254368460443795531</imageSOP_UID>
        <inclusion>TRUE</inclusion>
        <edgeMap>
          <xCoord>418</xCoord>
          <yCoord>255</yCoord>
        </edgeMap>
      </roi>
    </unblindedReadNodule>
    <unblindedReadNodule>
      <noduleID>Nodule 004</noduleID>
      <roi>
        <imageZposition>-316.250</imageZposition>
        <imageSOP_UID>1.3.6.1.4.1.14519.5.2.1.6279.6001.117412910945557665648924088573</imageSOP_UID>
        <inclusion>TRUE</inclusion>
        <edgeMap>
          <xCoord>306</xCoord>
          <yCoord>361</yCoord>
        </edgeMap>
      </roi>
    </unblindedReadNodule>
    <nonNodule>
      <nonNoduleID>_Non-nodule 001</nonNoduleID>
      <imageZposition>-222.500</imageZposition>
      <imageSOP_UID>1.3.6.1.4.1.14519.5.2.1.6279.6001.171812385564935891804470155769</imageSOP_UID>
      <locus>
        <xCoord>162</xCoord>
        <yCoord>144</yCoord>
      </locus>
    </nonNodule>
    <nonNodule>
      <nonNoduleID>_Non-nodule 002</nonNoduleID>
      <imageZposition>-235.000</imageZposition>
      <imageSOP_UID>1.3.6.1.4.1.14519.5.2.1.6279.6001.242135460262515292560175024863</imageSOP_UID>
      <locus>
        <xCoord>100</xCoord>
        <yCoord>219</yCoord>
      </locus>
    </nonNodule>
    <nonNodule>
      <nonNoduleID>_Non-nodule 003</nonNoduleID>
      <imageZposition>-207.500</imageZposition>
      <imageSOP_UID>1.3.6.1.4.1.14519.5.2.1.6279.6001.114247021326750766664645144777</imageSOP_UID>
      <locus>
        <xCoord>141</xCoord>
        <yCoord>160</yCoord>
      </locus>
    </nonNodule>
  </readingSession>
<readingSession>
    <annotationVersion>3.12</annotationVersion>
    <servicingRadiologistID>-2003995188</servicingRadiologistID>
    <unblindedReadNodule>
      <noduleID>IL057_197104</noduleID>
      <characteristics>
        <subtlety>5</subtlety>
        <internalStructure>1</internalStructure>
        <calcification>6</calcification>
        <sphericity>3</sphericity>
        <margin>5</margin>
        <lobulation>2</lobulation>
        <spiculation>1</spiculation>
        <texture>5</texture>
        <malignancy>3</malignancy>
      </characteristics>
      <roi>
        <imageZposition>-206.25</imageZposition>
        <imageSOP_UID>1.3.6.1.4.1.14519.5.2.1.6279.6001.129497119849183416599927599205</imageSOP_UID>
        <inclusion>TRUE</inclusion>
        <edgeMap>
          <xCoord>155</xCoord>
          <yCoord>283</yCoord>
        </edgeMap>
        <edgeMap>
          <xCoord>156</xCoord>
          <yCoord>282</yCoord>
        </edgeMap>
        <edgeMap>
          <xCoord>155</xCoord>
          <yCoord>281</yCoord>
        </edgeMap>
        <edgeMap>
          <xCoord>154</xCoord>
          <yCoord>280</yCoord>
        </edgeMap>
        <edgeMap>
          <xCoord>153</xCoord>
          <yCoord>280</yCoord>
        </edgeMap>
        <edgeMap>
          <xCoord>152</xCoord>
          <yCoord>279</yCoord>
        </edgeMap>
        <edgeMap>
          <xCoord>151</xCoord>
          <yCoord>278</yCoord>
        </edgeMap>
        <edgeMap>
          <xCoord>150</xCoord>
          <yCoord>277</yCoord>
        </edgeMap>
        <edgeMap>
          <xCoord>149</xCoord>
          <yCoord>277</yCoord>
        </edgeMap>
        <edgeMap>
          <xCoord>148</xCoord>
          <yCoord>276</yCoord>
        </edgeMap>
        <edgeMap>
          <xCoord>147</xCoord>
          <yCoord>275</yCoord>
        </edgeMap>
        <edgeMap>
          <xCoord>146</xCoord>
          <yCoord>275</yCoord>
        </edgeMap>
        <edgeMap>
          <xCoord>145</xCoord>
          <yCoord>275</yCoord>
        </edgeMap>
        <edgeMap>
          <xCoord>144</xCoord>
          <yCoord>275</yCoord>
        </edgeMap>
        <edgeMap>
          <xCoord>143</xCoord>
          <yCoord>275</yCoord>
        </edgeMap>
        <edgeMap>
          <xCoord>142</xCoord>
          <yCoord>275</yCoord>
        </edgeMap>
        <edgeMap>
          <xCoord>141</xCoord>
          <yCoord>276</yCoord>
        </edgeMap>
        <edgeMap>
          <xCoord>140</xCoord>
          <yCoord>276</yCoord>
        </edgeMap>
        <edgeMap>
          <xCoord>139</xCoord>
          <yCoord>276</yCoord>
        </edgeMap>
        <edgeMap>
          <xCoord>138</xCoord>
          <yCoord>277</yCoord>
        </edgeMap>
        <edgeMap>
          <xCoord>137</xCoord>
          <yCoord>278</yCoord>
        </edgeMap>
        <edgeMap>
          <xCoord>137</xCoord>
          <yCoord>279</yCoord>
        </edgeMap>
        <edgeMap>
          <xCoord>138</xCoord>
          <yCoord>280</yCoord>
        </edgeMap>
        <edgeMap>
          <xCoord>139</xCoord>
          <yCoord>280</yCoord>
        </edgeMap>
        <edgeMap>
          <xCoord>140</xCoord>
          <yCoord>280</yCoord>
        </edgeMap>
        <edgeMap>
          <xCoord>141</xCoord>
          <yCoord>280</yCoord>
        </edgeMap>
        <edgeMap>
          <xCoord>142</xCoord>
          <yCoord>281</yCoord>
        </edgeMap>
        <edgeMap>
          <xCoord>143</xCoord>
          <yCoord>281</yCoord>
        </edgeMap>
        <edgeMap>
          <xCoord>144</xCoord>
          <yCoord>282</yCoord>
        </edgeMap>
        <edgeMap>
          <xCoord>145</xCoord>
          <yCoord>282</yCoord>
        </edgeMap>
        <edgeMap>
          <xCoord>146</xCoord>
          <yCoord>282</yCoord>
        </edgeMap>
        <edgeMap>
          <xCoord>147</xCoord>
          <yCoord>282</yCoord>
        </edgeMap>
        <edgeMap>
          <xCoord>148</xCoord>
          <yCoord>282</yCoord>
        </edgeMap>
        <edgeMap>
          <xCoord>149</xCoord>
          <yCoord>282</yCoord>
        </edgeMap>
        <edgeMap>
          <xCoord>150</xCoord>
          <yCoord>282</yCoord>
        </edgeMap>
        <edgeMap>
          <xCoord>151</xCoord>
          <yCoord>282</yCoord>
        </edgeMap>
        <edgeMap>
          <xCoord>152</xCoord>
          <yCoord>282</yCoord>
        </edgeMap>
        <edgeMap>
          <xCoord>153</xCoord>
          <yCoord>283</yCoord>
        </edgeMap>
        <edgeMap>
          <xCoord>154</xCoord>
          <yCoord>283</yCoord>
        </edgeMap>
        <edgeMap>
          <xCoord>155</xCoord>
          <yCoord>283</yCoord>
        </edgeMap>
      </roi>
      <roi>
        <imageZposition>-207.5</imageZposition>
        <imageSOP_UID>1.3.6.1.4.1.14519.5.2.1.6279.6001.114247021326750766664645144777</imageSOP_UID>
        <inclusion>TRUE</inclusion>
        <edgeMap>
          <xCoord>154</xCoord>
          <yCoord>283</yCoord>
        </edgeMap>
        <edgeMap>
          <xCoord>155</xCoord>
          <yCoord>282</yCoord>
        </edgeMap>
        <edgeMap>
          <xCoord>156</xCoord>
          <yCoord>281</yCoord>
        </edgeMap>
        <edgeMap>
          <xCoord>155</xCoord>
          <yCoord>280</yCoord>
        </edgeMap>
        <edgeMap>
          <xCoord>154</xCoord>
          <yCoord>279</yCoord>
        </edgeMap>
        <edgeMap>
          <xCoord>153</xCoord>
          <yCoord>279</yCoord>
        </edgeMap>
        <edgeMap>
          <xCoord>152</xCoord>
          <yCoord>278</yCoord>
        </edgeMap>
        <edgeMap>
          <xCoord>151</xCoord>
          <yCoord>277</yCoord>
        </edgeMap>
        <edgeMap>
          <xCoord>150</xCoord>
          <yCoord>276</yCoord>
        </edgeMap>
        <edgeMap>
          <xCoord>149</xCoord>
          <yCoord>276</yCoord>
        </edgeMap>
        <edgeMap>
          <xCoord>148</xCoord>
          <yCoord>275</yCoord>
        </edgeMap>
        <edgeMap>
          <xCoord>147</xCoord>
          <yCoord>275</yCoord>
        </edgeMap>
        <edgeMap>
          <xCoord>146</xCoord>
          <yCoord>275</yCoord>
        </edgeMap>
        <edgeMap>
          <xCoord>145</xCoord>
          <yCoord>274</yCoord>
        </edgeMap>
        <edgeMap>
          <xCoord>144</xCoord>
          <yCoord>274</yCoord>
        </edgeMap>
        <edgeMap>
          <xCoord>143</xCoord>
          <yCoord>275</yCoord>
        </edgeMap>
        <edgeMap>
          <xCoord>142</xCoord>
          <yCoord>275</yCoord>
        </edgeMap>
        <edgeMap>
          <xCoord>141</xCoord>
          <yCoord>275</yCoord>
        </edgeMap>
        <edgeMap>
          <xCoord>140</xCoord>
          <yCoord>276</yCoord>
        </edgeMap>
        <edgeMap>
          <xCoord>140</xCoord>
          <yCoord>277</yCoord>
        </edgeMap>
        <edgeMap>
          <xCoord>140</xCoord>
          <yCoord>278</yCoord>
        </edgeMap>
        <edgeMap>
          <xCoord>141</xCoord>
          <yCoord>279</yCoord>
        </edgeMap>
        <edgeMap>
          <xCoord>141</xCoord>
          <yCoord>280</yCoord>
        </edgeMap>
        <edgeMap>
          <xCoord>142</xCoord>
          <yCoord>281</yCoord>
        </edgeMap>
        <edgeMap>
          <xCoord>143</xCoord>
          <yCoord>282</yCoord>
        </edgeMap>
        <edgeMap>
          <xCoord>144</xCoord>
          <yCoord>283</yCoord>
        </edgeMap>
        <edgeMap>
          <xCoord>145</xCoord>
          <yCoord>283</yCoord>
        </edgeMap>
        <edgeMap>
          <xCoord>146</xCoord>
          <yCoord>283</yCoord>
        </edgeMap>
        <edgeMap>
          <xCoord>147</xCoord>
          <yCoord>283</yCoord>
        </edgeMap>
        <edgeMap>
          <xCoord>148</xCoord>
          <yCoord>283</yCoord>
        </edgeMap>
        <edgeMap>
          <xCoord>149</xCoord>
          <yCoord>283</yCoord>
        </edgeMap>
        <edgeMap>
          <xCoord>150</xCoord>
          <yCoord>283</yCoord>
        </edgeMap>
        <edgeMap>
          <xCoord>151</xCoord>
          <yCoord>282</yCoord>
        </edgeMap>
        <edgeMap>
          <xCoord>152</xCoord>
          <yCoord>283</yCoord>
        </edgeMap>
        <edgeMap>
          <xCoord>153</xCoord>
          <yCoord>283</yCoord>
        </edgeMap>
        <edgeMap>
          <xCoord>154</xCoord>
          <yCoord>283</yCoord>
        </edgeMap>
      </roi>
      <roi>
        <imageZposition>-208.75</imageZposition>
        <imageSOP_UID>1.3.6.1.4.1.14519.5.2.1.6279.6001.306384568723070804388008851492</imageSOP_UID>
        <inclusion>TRUE</inclusion>
        <edgeMap>
          <xCoord>153</xCoord>
          <yCoord>284</yCoord>
        </edgeMap>
        <edgeMap>
          <xCoord>154</xCoord>
          <yCoord>283</yCoord>
        </edgeMap>
        <edgeMap>
          <xCoord>155</xCoord>
          <yCoord>282</yCoord>
        </edgeMap>
        <edgeMap>
          <xCoord>156</xCoord>
          <yCoord>281</yCoord>
        </edgeMap>
        <edgeMap>
          <xCoord>157</xCoord>
          <yCoord>280</yCoord>
        </edgeMap>
        <edgeMap>
          <xCoord>156</xCoord>
          <yCoord>279</yCoord>
        </edgeMap>
        <edgeMap>
          <xCoord>155</xCoord>
          <yCoord>279</yCoord>
        </edgeMap>
        <edgeMap>
          <xCoord>154</xCoord>
          <yCoord>278</yCoord>
        </edgeMap>
        <edgeMap>
          <xCoord>153</xCoord>
          <yCoord>277</yCoord>
        </edgeMap>
        <edgeMap>
          <xCoord>152</xCoord>
          <yCoord>277</yCoord>
        </edgeMap>
        <edgeMap>
          <xCoord>151</xCoord>
          <yCoord>276</yCoord>
        </edgeMap>
        <edgeMap>
          <xCoord>150</xCoord>
          <yCoord>275</yCoord>
        </edgeMap>
        <edgeMap>
          <xCoord>149</xCoord>
          <yCoord>274</yCoord>
        </edgeMap>
        <edgeMap>
          <xCoord>148</xCoord>
          <yCoord>274</yCoord>
        </edgeMap>
        <edgeMap>
          <xCoord>147</xCoord>
          <yCoord>274</yCoord>
        </edgeMap>
        <edgeMap>
          <xCoord>146</xCoord>
          <yCoord>274</yCoord>
        </edgeMap>
        <edgeMap>
          <xCoord>145</xCoord>
          <yCoord>274</yCoord>
        </edgeMap>
        <edgeMap>
          <xCoord>144</xCoord>
          <yCoord>274</yCoord>
        </edgeMap>
        <edgeMap>
          <xCoord>143</xCoord>
          <yCoord>275</yCoord>
        </edgeMap>
        <edgeMap>
          <xCoord>143</xCoord>
          <yCoord>276</yCoord>
        </edgeMap>
        <edgeMap>
          <xCoord>143</xCoord>
          <yCoord>277</yCoord>
        </edgeMap>
        <edgeMap>
          <xCoord>143</xCoord>
          <yCoord>278</yCoord>
        </edgeMap>
        <edgeMap>
          <xCoord>143</xCoord>
          <yCoord>279</yCoord>
        </edgeMap>
        <edgeMap>
          <xCoord>143</xCoord>
          <yCoord>280</yCoord>
        </edgeMap>
        <edgeMap>
          <xCoord>143</xCoord>
          <yCoord>281</yCoord>
        </edgeMap>
        <edgeMap>
          <xCoord>144</xCoord>
          <yCoord>282</yCoord>
        </edgeMap>
        <edgeMap>
          <xCoord>145</xCoord>
          <yCoord>283</yCoord>
        </edgeMap>
        <edgeMap>
          <xCoord>146</xCoord>
          <yCoord>284</yCoord>
        </edgeMap>
        <edgeMap>
          <xCoord>147</xCoord>
          <yCoord>284</yCoord>
        </edgeMap>
        <edgeMap>
          <xCoord>148</xCoord>
          <yCoord>284</yCoord>
        </edgeMap>
        <edgeMap>
          <xCoord>149</xCoord>
          <yCoord>284</yCoord>
        </edgeMap>
        <edgeMap>
          <xCoord>150</xCoord>
          <yCoord>284</yCoord>
        </edgeMap>
        <edgeMap>
          <xCoord>151</xCoord>
          <yCoord>283</yCoord>
        </edgeMap>
        <edgeMap>
          <xCoord>152</xCoord>
          <yCoord>284</yCoord>
        </edgeMap>
        <edgeMap>
          <xCoord>153</xCoord>
          <yCoord>284</yCoord>
        </edgeMap>
      </roi>
      <roi>
        <imageZposition>-210.0</imageZposition>
        <imageSOP_UID>1.3.6.1.4.1.14519.5.2.1.6279.6001.301405643323637666969957815517</imageSOP_UID>
        <inclusion>TRUE</inclusion>
        <edgeMap>
          <xCoord>152</xCoord>
          <yCoord>286</yCoord>
        </edgeMap>
        <edgeMap>
          <xCoord>153</xCoord>
          <yCoord>285</yCoord>
        </edgeMap>
        <edgeMap>
          <xCoord>154</xCoord>
          <yCoord>284</yCoord>
        </edgeMap>
        <edgeMap>
          <xCoord>155</xCoord>
          <yCoord>283</yCoord>
        </edgeMap>
        <edgeMap>
          <xCoord>156</xCoord>
          <yCoord>282</yCoord>
        </edgeMap>
        <edgeMap>
          <xCoord>157</xCoord>
          <yCoord>281</yCoord>
        </edgeMap>
        <edgeMap>
          <xCoord>158</xCoord>
          <yCoord>280</yCoord>
        </edgeMap>
        <edgeMap>
          <xCoord>157</xCoord>
          <yCoord>279</yCoord>
        </edgeMap>
        <edgeMap>
          <xCoord>156</xCoord>
          <yCoord>278</yCoord>
        </edgeMap>
        <edgeMap>
          <xCoord>155</xCoord>
          <yCoord>277</yCoord>
        </edgeMap>
        <edgeMap>
          <xCoord>154</xCoord>
          <yCoord>277</yCoord>
        </edgeMap>
        <edgeMap>
          <xCoord>153</xCoord>
          <yCoord>276</yCoord>
        </edgeMap>
        <edgeMap>
          <xCoord>152</xCoord>
          <yCoord>275</yCoord>
        </edgeMap>
        <edgeMap>
          <xCoord>151</xCoord>
          <yCoord>274</yCoord>
        </edgeMap>
        <edgeMap>
          <xCoord>150</xCoord>
          <yCoord>274</yCoord>
        </edgeMap>
        <edgeMap>
          <xCoord>149</xCoord>
          <yCoord>274</yCoord>
        </edgeMap>
        <edgeMap>
          <xCoord>148</xCoord>
          <yCoord>274</yCoord>
        </edgeMap>
        <edgeMap>
          <xCoord>147</xCoord>
          <yCoord>274</yCoord>
        </edgeMap>
        <edgeMap>
          <xCoord>146</xCoord>
          <yCoord>274</yCoord>
        </edgeMap>
        <edgeMap>
          <xCoord>145</xCoord>
          <yCoord>273</yCoord>
        </edgeMap>
        <edgeMap>
          <xCoord>144</xCoord>
          <yCoord>273</yCoord>
        </edgeMap>
        <edgeMap>
          <xCoord>143</xCoord>
          <yCoord>273</yCoord>
        </edgeMap>
        <edgeMap>
          <xCoord>142</xCoord>
          <yCoord>274</yCoord>
        </edgeMap>
        <edgeMap>
          <xCoord>142</xCoord>
          <yCoord>275</yCoord>
        </edgeMap>
        <edgeMap>
          <xCoord>143</xCoord>
          <yCoord>276</yCoord>
        </edgeMap>
        <edgeMap>
          <xCoord>143</xCoord>
          <yCoord>277</yCoord>
        </edgeMap>
        <edgeMap>
          <xCoord>144</xCoord>
          <yCoord>278</yCoord>
        </edgeMap>
        <edgeMap>
          <xCoord>144</xCoord>
          <yCoord>279</yCoord>
        </edgeMap>
        <edgeMap>
          <xCoord>145</xCoord>
          <yCoord>280</yCoord>
        </edgeMap>
        <edgeMap>
          <xCoord>145</xCoord>
          <yCoord>281</yCoord>
        </edgeMap>
        <edgeMap>
          <xCoord>145</xCoord>
          <yCoord>282</yCoord>
        </edgeMap>
        <edgeMap>
          <xCoord>146</xCoord>
          <yCoord>283</yCoord>
        </edgeMap>
        <edgeMap>
          <xCoord>147</xCoord>
          <yCoord>284</yCoord>
        </edgeMap>
        <edgeMap>
          <xCoord>148</xCoord>
          <yCoord>284</yCoord>
        </edgeMap>
        <edgeMap>
          <xCoord>149</xCoord>
          <yCoord>284</yCoord>
        </edgeMap>
        <edgeMap>
          <xCoord>150</xCoord>
          <yCoord>284</yCoord>
        </edgeMap>
        <edgeMap>
          <xCoord>151</xCoord>
          <yCoord>285</yCoord>
        </edgeMap>
        <edgeMap>
          <xCoord>152</xCoord>
          <yCoord>286</yCoord>
        </edgeMap>
      </roi>
      <roi>
        <imageZposition>-211.25</imageZposition>
        <imageSOP_UID>1.3.6.1.4.1.14519.5.2.1.6279.6001.866797895092826707698039454922</imageSOP_UID>
        <inclusion>TRUE</inclusion>
        <edgeMap>
          <xCoord>153</xCoord>
          <yCoord>285</yCoord>
        </edgeMap>
        <edgeMap>
          <xCoord>154</xCoord>
          <yCoord>284</yCoord>
        </edgeMap>
        <edgeMap>
          <xCoord>155</xCoord>
          <yCoord>283</yCoord>
        </edgeMap>
        <edgeMap>
          <xCoord>156</xCoord>
          <yCoord>282</yCoord>
        </edgeMap>
        <edgeMap>
          <xCoord>157</xCoord>
          <yCoord>281</yCoord>
        </edgeMap>
        <edgeMap>
          <xCoord>158</xCoord>
          <yCoord>281</yCoord>
        </edgeMap>
        <edgeMap>
          <xCoord>159</xCoord>
          <yCoord>281</yCoord>
        </edgeMap>
        <edgeMap>
          <xCoord>160</xCoord>
          <yCoord>280</yCoord>
        </edgeMap>
        <edgeMap>
          <xCoord>159</xCoord>
          <yCoord>279</yCoord>
        </edgeMap>
        <edgeMap>
          <xCoord>158</xCoord>
          <yCoord>278</yCoord>
        </edgeMap>
        <edgeMap>
          <xCoord>157</xCoord>
          <yCoord>278</yCoord>
        </edgeMap>
        <edgeMap>
          <xCoord>156</xCoord>
          <yCoord>277</yCoord>
        </edgeMap>
        <edgeMap>
          <xCoord>155</xCoord>
          <yCoord>276</yCoord>
        </edgeMap>
        <edgeMap>
          <xCoord>154</xCoord>
          <yCoord>275</yCoord>
        </edgeMap>
        <edgeMap>
          <xCoord>153</xCoord>
          <yCoord>274</yCoord>
        </edgeMap>
        <edgeMap>
          <xCoord>152</xCoord>
          <yCoord>274</yCoord>
        </edgeMap>
        <edgeMap>
          <xCoord>151</xCoord>
          <yCoord>274</yCoord>
        </edgeMap>
        <edgeMap>
          <xCoord>150</xCoord>
          <yCoord>274</yCoord>
        </edgeMap>
        <edgeMap>
          <xCoord>149</xCoord>
          <yCoord>273</yCoord>
        </edgeMap>
        <edgeMap>
          <xCoord>148</xCoord>
          <yCoord>273</yCoord>
        </edgeMap>
        <edgeMap>
          <xCoord>147</xCoord>
          <yCoord>273</yCoord>
        </edgeMap>
        <edgeMap>
          <xCoord>146</xCoord>
          <yCoord>273</yCoord>
        </edgeMap>
        <edgeMap>
          <xCoord>145</xCoord>
          <yCoord>273</yCoord>
        </edgeMap>
        <edgeMap>
          <xCoord>144</xCoord>
          <yCoord>274</yCoord>
        </edgeMap>
        <edgeMap>
          <xCoord>144</xCoord>
          <yCoord>275</yCoord>
        </edgeMap>
        <edgeMap>
          <xCoord>145</xCoord>
          <yCoord>276</yCoord>
        </edgeMap>
        <edgeMap>
          <xCoord>145</xCoord>
          <yCoord>277</yCoord>
        </edgeMap>
        <edgeMap>
          <xCoord>146</xCoord>
          <yCoord>278</yCoord>
        </edgeMap>
        <edgeMap>
          <xCoord>147</xCoord>
          <yCoord>279</yCoord>
        </edgeMap>
        <edgeMap>
          <xCoord>147</xCoord>
          <yCoord>280</yCoord>
        </edgeMap>
        <edgeMap>
          <xCoord>148</xCoord>
          <yCoord>281</yCoord>
        </edgeMap>
        <edgeMap>
          <xCoord>149</xCoord>
          <yCoord>282</yCoord>
        </edgeMap>
        <edgeMap>
          <xCoord>150</xCoord>
          <yCoord>282</yCoord>
        </edgeMap>
        <edgeMap>
          <xCoord>151</xCoord>
          <yCoord>283</yCoord>
        </edgeMap>
        <edgeMap>
          <xCoord>152</xCoord>
          <yCoord>284</yCoord>
        </edgeMap>
        <edgeMap>
          <xCoord>153</xCoord>
          <yCoord>285</yCoord>
        </edgeMap>
      </roi>
    </unblindedReadNodule>
    <unblindedReadNodule>
      <noduleID>IL057_197110</noduleID>
      <roi>
        <imageZposition>-316.25</imageZposition>
        <imageSOP_UID>1.3.6.1.4.1.14519.5.2.1.6279.6001.117412910945557665648924088573</imageSOP_UID>
        <inclusion>TRUE</inclusion>
        <edgeMap>
          <xCoord>308</xCoord>
          <yCoord>362</yCoord>
        </edgeMap>
      </roi>
    </unblindedReadNodule>
    <unblindedReadNodule>
      <noduleID>IL057_197107</noduleID>
      <roi>
        <imageZposition>-108.75</imageZposition>
        <imageSOP_UID>1.3.6.1.4.1.14519.5.2.1.6279.6001.432713286731382574840180538601</imageSOP_UID>
        <inclusion>TRUE</inclusion>
        <edgeMap>
          <xCoord>376</xCoord>
          <yCoord>229</yCoord>
        </edgeMap>
      </roi>
    </unblindedReadNodule>
    <unblindedReadNodule>
      <noduleID>IL057_197115</noduleID>
      <roi>
        <imageZposition>-121.25</imageZposition>
        <imageSOP_UID>1.3.6.1.4.1.14519.5.2.1.6279.6001.602624391066388622841996972419</imageSOP_UID>
        <inclusion>TRUE</inclusion>
        <edgeMap>
          <xCoord>142</xCoord>
          <yCoord>211</yCoord>
        </edgeMap>
      </roi>
    </unblindedReadNodule>
    <unblindedReadNodule>
      <noduleID>IL057_197118</noduleID>
      <roi>
        <imageZposition>-227.5</imageZposition>
        <imageSOP_UID>1.3.6.1.4.1.14519.5.2.1.6279.6001.160685324335254368460443795531</imageSOP_UID>
        <inclusion>TRUE</inclusion>
        <edgeMap>
          <xCoord>420</xCoord>
          <yCoord>257</yCoord>
        </edgeMap>
      </roi>
    </unblindedReadNodule>
    <unblindedReadNodule>
      <noduleID>IL057_197122</noduleID>
      <roi>
        <imageZposition>-110.0</imageZposition>
        <imageSOP_UID>1.3.6.1.4.1.14519.5.2.1.6279.6001.183760623464097709703043924675</imageSOP_UID>
        <inclusion>TRUE</inclusion>
        <edgeMap>
          <xCoord>372</xCoord>
          <yCoord>273</yCoord>
        </edgeMap>
      </roi>
    </unblindedReadNodule>
    <unblindedReadNodule>
      <noduleID>IL057_197123</noduleID>
      <roi>
        <imageZposition>-111.25</imageZposition>
        <imageSOP_UID>1.3.6.1.4.1.14519.5.2.1.6279.6001.233413543789471957687781566463</imageSOP_UID>
        <inclusion>TRUE</inclusion>
        <edgeMap>
          <xCoord>330</xCoord>
          <yCoord>222</yCoord>
        </edgeMap>
      </roi>
    </unblindedReadNodule>
    <unblindedReadNodule>
      <noduleID>IL057_197124</noduleID>
      <roi>
        <imageZposition>-190.0</imageZposition>
        <imageSOP_UID>1.3.6.1.4.1.14519.5.2.1.6279.6001.764311500060484423957573740260</imageSOP_UID>
        <inclusion>TRUE</inclusion>
        <edgeMap>
          <xCoord>372</xCoord>
          <yCoord>210</yCoord>
        </edgeMap>
      </roi>
    </unblindedReadNodule>
    <nonNodule>
      <nonNoduleID>IL057_197112</nonNoduleID>
      <imageZposition>-215.0</imageZposition>
      <imageSOP_UID>1.3.6.1.4.1.14519.5.2.1.6279.6001.190622009131857233940486553817</imageSOP_UID>
      <locus>
        <xCoord>155</xCoord>
        <yCoord>145</yCoord>
      </locus>
    </nonNodule>
  </readingSession>
<readingSession>
<annotationVersion>3.12</annotationVersion>
<servicingRadiologistID>-1483063267</servicingRadiologistID>
<unblindedReadNodule>
<noduleID>MI014_14870</noduleID>
<roi>
<imageZposition>-108.75</imageZposition>
<imageSOP_UID>1.3.6.1.4.1.14519.5.2.1.6279.6001.432713286731382574840180538601</imageSOP_UID>
<inclusion>TRUE</inclusion>
<edgeMap>
<xCoord>378</xCoord>
<yCoord>230</yCoord>
</edgeMap>
</roi>
</unblindedReadNodule>
<unblindedReadNodule>
<noduleID>MI014_14871</noduleID>
<roi>
<imageZposition>-121.25</imageZposition>
<imageSOP_UID>1.3.6.1.4.1.14519.5.2.1.6279.6001.602624391066388622841996972419</imageSOP_UID>
<inclusion>TRUE</inclusion>
<edgeMap>
<xCoord>141</xCoord>
<yCoord>212</yCoord>
</edgeMap>
</roi>
</unblindedReadNodule>
<unblindedReadNodule>
<noduleID>MI014_14873</noduleID>
<roi>
<imageZposition>-135.0</imageZposition>
<imageSOP_UID>1.3.6.1.4.1.14519.5.2.1.6279.6001.716865324019119402927091630824</imageSOP_UID>
<inclusion>TRUE</inclusion>
<edgeMap>
<xCoord>397</xCoord>
<yCoord>241</yCoord>
</edgeMap>
</roi>
</unblindedReadNodule>
<unblindedReadNodule>
<noduleID>MI014_14868</noduleID>
<roi>
<imageZposition>-316.25</imageZposition>
<imageSOP_UID>1.3.6.1.4.1.14519.5.2.1.6279.6001.117412910945557665648924088573</imageSOP_UID>
<inclusion>TRUE</inclusion>
<edgeMap>
<xCoord>307</xCoord>
<yCoord>362</yCoord>
</edgeMap>
</roi>
</unblindedReadNodule>
<unblindedReadNodule>
<noduleID>MI014_14875</noduleID>
<roi>
<imageZposition>-227.5</imageZposition>
<imageSOP_UID>1.3.6.1.4.1.14519.5.2.1.6279.6001.160685324335254368460443795531</imageSOP_UID>
<inclusion>TRUE</inclusion>
<edgeMap>
<xCoord>420</xCoord>
<yCoord>257</yCoord>
</edgeMap>
</roi>
</unblindedReadNodule>
<unblindedReadNodule>
<noduleID>MI014_14879</noduleID>
<roi>
<imageZposition>-110.0</imageZposition>
<imageSOP_UID>1.3.6.1.4.1.14519.5.2.1.6279.6001.183760623464097709703043924675</imageSOP_UID>
<inclusion>TRUE</inclusion>
<edgeMap>
<xCoord>372</xCoord>
<yCoord>273</yCoord>
</edgeMap>
</roi>
</unblindedReadNodule>
<unblindedReadNodule>
<noduleID>MI014_14880</noduleID>
<roi>
<imageZposition>-111.25</imageZposition>
<imageSOP_UID>1.3.6.1.4.1.14519.5.2.1.6279.6001.233413543789471957687781566463</imageSOP_UID>
<inclusion>TRUE</inclusion>
<edgeMap>
<xCoord>330</xCoord>
<yCoord>222</yCoord>
</edgeMap>
</roi>
</unblindedReadNodule>
<unblindedReadNodule>
<noduleID>MI014_14881</noduleID>
<roi>
<imageZposition>-190.0</imageZposition>
<imageSOP_UID>1.3.6.1.4.1.14519.5.2.1.6279.6001.764311500060484423957573740260</imageSOP_UID>
<inclusion>TRUE</inclusion>
<edgeMap>
<xCoord>372</xCoord>
<yCoord>210</yCoord>
</edgeMap>
</roi>
</unblindedReadNodule>
<unblindedReadNodule>
<noduleID>MI014_14884</noduleID>
<characteristics>
<subtlety>4</subtlety>
<internalStructure>1</internalStructure>
<calcification>6</calcification>
<sphericity>3</sphericity>
<margin>5</margin>
<lobulation>1</lobulation>
<spiculation>1</spiculation>
<texture>5</texture>
<malignancy>3</malignancy>
</characteristics>
<roi>
<imageZposition>-202.5</imageZposition>
<imageSOP_UID>1.3.6.1.4.1.14519.5.2.1.6279.6001.188238687680059331573573140327</imageSOP_UID>
<inclusion>TRUE</inclusion>
<edgeMap>
<xCoord>132</xCoord>
<yCoord>281</yCoord>
</edgeMap>
<edgeMap>
<xCoord>133</xCoord>
<yCoord>280</yCoord>
</edgeMap>
<edgeMap>
<xCoord>134</xCoord>
<yCoord>280</yCoord>
</edgeMap>
<edgeMap>
<xCoord>135</xCoord>
<yCoord>280</yCoord>
</edgeMap>
<edgeMap>
<xCoord>136</xCoord>
<yCoord>280</yCoord>
</edgeMap>
<edgeMap>
<xCoord>137</xCoord>
<yCoord>279</yCoord>
</edgeMap>
<edgeMap>
<xCoord>138</xCoord>
<yCoord>279</yCoord>
</edgeMap>
<edgeMap>
<xCoord>139</xCoord>
<yCoord>279</yCoord>
</edgeMap>
<edgeMap>
<xCoord>140</xCoord>
<yCoord>279</yCoord>
</edgeMap>
<edgeMap>
<xCoord>141</xCoord>
<yCoord>279</yCoord>
</edgeMap>
<edgeMap>
<xCoord>142</xCoord>
<yCoord>279</yCoord>
</edgeMap>
<edgeMap>
<xCoord>143</xCoord>
<yCoord>279</yCoord>
</edgeMap>
<edgeMap>
<xCoord>144</xCoord>
<yCoord>279</yCoord>
</edgeMap>
<edgeMap>
<xCoord>145</xCoord>
<yCoord>279</yCoord>
</edgeMap>
<edgeMap>
<xCoord>146</xCoord>
<yCoord>279</yCoord>
</edgeMap>
<edgeMap>
<xCoord>147</xCoord>
<yCoord>279</yCoord>
</edgeMap>
<edgeMap>
<xCoord>146</xCoord>
<yCoord>278</yCoord>
</edgeMap>
<edgeMap>
<xCoord>145</xCoord>
<yCoord>277</yCoord>
</edgeMap>
<edgeMap>
<xCoord>144</xCoord>
<yCoord>278</yCoord>
</edgeMap>
<edgeMap>
<xCoord>143</xCoord>
<yCoord>278</yCoord>
</edgeMap>
<edgeMap>
<xCoord>142</xCoord>
<yCoord>279</yCoord>
</edgeMap>
<edgeMap>
<xCoord>141</xCoord>
<yCoord>279</yCoord>
</edgeMap>
<edgeMap>
<xCoord>140</xCoord>
<yCoord>279</yCoord>
</edgeMap>
<edgeMap>
<xCoord>139</xCoord>
<yCoord>279</yCoord>
</edgeMap>
<edgeMap>
<xCoord>138</xCoord>
<yCoord>279</yCoord>
</edgeMap>
<edgeMap>
<xCoord>137</xCoord>
<yCoord>279</yCoord>
</edgeMap>
<edgeMap>
<xCoord>136</xCoord>
<yCoord>279</yCoord>
</edgeMap>
<edgeMap>
<xCoord>135</xCoord>
<yCoord>279</yCoord>
</edgeMap>
<edgeMap>
<xCoord>134</xCoord>
<yCoord>278</yCoord>
</edgeMap>
<edgeMap>
<xCoord>133</xCoord>
<yCoord>278</yCoord>
</edgeMap>
<edgeMap>
<xCoord>133</xCoord>
<yCoord>279</yCoord>
</edgeMap>
<edgeMap>
<xCoord>132</xCoord>
<yCoord>280</yCoord>
</edgeMap>
<edgeMap>
<xCoord>131</xCoord>
<yCoord>281</yCoord>
</edgeMap>
<edgeMap>
<xCoord>132</xCoord>
<yCoord>281</yCoord>
</edgeMap>
</roi>
<roi>
<imageZposition>-203.75</imageZposition>
<imageSOP_UID>1.3.6.1.4.1.14519.5.2.1.6279.6001.131357606252656287941855185630</imageSOP_UID>
<inclusion>TRUE</inclusion>
<edgeMap>
<xCoord>149</xCoord>
<yCoord>280</yCoord>
</edgeMap>
<edgeMap>
<xCoord>148</xCoord>
<yCoord>279</yCoord>
</edgeMap>
<edgeMap>
<xCoord>147</xCoord>
<yCoord>278</yCoord>
</edgeMap>
<edgeMap>
<xCoord>146</xCoord>
<yCoord>277</yCoord>
</edgeMap>
<edgeMap>
<xCoord>145</xCoord>
<yCoord>277</yCoord>
</edgeMap>
<edgeMap>
<xCoord>144</xCoord>
<yCoord>277</yCoord>
</edgeMap>
<edgeMap>
<xCoord>143</xCoord>
<yCoord>278</yCoord>
</edgeMap>
<edgeMap>
<xCoord>142</xCoord>
<yCoord>278</yCoord>
</edgeMap>
<edgeMap>
<xCoord>141</xCoord>
<yCoord>278</yCoord>
</edgeMap>
<edgeMap>
<xCoord>142</xCoord>
<yCoord>279</yCoord>
</edgeMap>
<edgeMap>
<xCoord>143</xCoord>
<yCoord>279</yCoord>
</edgeMap>
<edgeMap>
<xCoord>144</xCoord>
<yCoord>279</yCoord>
</edgeMap>
<edgeMap>
<xCoord>145</xCoord>
<yCoord>280</yCoord>
</edgeMap>
<edgeMap>
<xCoord>146</xCoord>
<yCoord>280</yCoord>
</edgeMap>
<edgeMap>
<xCoord>147</xCoord>
<yCoord>280</yCoord>
</edgeMap>
<edgeMap>
<xCoord>148</xCoord>
<yCoord>280</yCoord>
</edgeMap>
<edgeMap>
<xCoord>149</xCoord>
<yCoord>280</yCoord>
</edgeMap>
</roi>
<roi>
<imageZposition>-205.0</imageZposition>
<imageSOP_UID>1.3.6.1.4.1.14519.5.2.1.6279.6001.108840814907933695331218637650</imageSOP_UID>
<inclusion>TRUE</inclusion>
<edgeMap>
<xCoord>150</xCoord>
<yCoord>281</yCoord>
</edgeMap>
<edgeMap>
<xCoord>150</xCoord>
<yCoord>280</yCoord>
</edgeMap>
<edgeMap>
<xCoord>149</xCoord>
<yCoord>279</yCoord>
</edgeMap>
<edgeMap>
<xCoord>148</xCoord>
<yCoord>278</yCoord>
</edgeMap>
<edgeMap>
<xCoord>147</xCoord>
<yCoord>277</yCoord>
</edgeMap>
<edgeMap>
<xCoord>146</xCoord>
<yCoord>277</yCoord>
</edgeMap>
<edgeMap>
<xCoord>145</xCoord>
<yCoord>277</yCoord>
</edgeMap>
<edgeMap>
<xCoord>144</xCoord>
<yCoord>277</yCoord>
</edgeMap>
<edgeMap>
<xCoord>143</xCoord>
<yCoord>277</yCoord>
</edgeMap>
<edgeMap>
<xCoord>142</xCoord>
<yCoord>277</yCoord>
</edgeMap>
<edgeMap>
<xCoord>141</xCoord>
<yCoord>277</yCoord>
</edgeMap>
<edgeMap>
<xCoord>140</xCoord>
<yCoord>278</yCoord>
</edgeMap>
<edgeMap>
<xCoord>139</xCoord>
<yCoord>278</yCoord>
</edgeMap>
<edgeMap>
<xCoord>138</xCoord>
<yCoord>278</yCoord>
</edgeMap>
<edgeMap>
<xCoord>137</xCoord>
<yCoord>278</yCoord>
</edgeMap>
<edgeMap>
<xCoord>136</xCoord>
<yCoord>278</yCoord>
</edgeMap>
<edgeMap>
<xCoord>135</xCoord>
<yCoord>278</yCoord>
</edgeMap>
<edgeMap>
<xCoord>135</xCoord>
<yCoord>279</yCoord>
</edgeMap>
<edgeMap>
<xCoord>136</xCoord>
<yCoord>279</yCoord>
</edgeMap>
<edgeMap>
<xCoord>137</xCoord>
<yCoord>279</yCoord>
</edgeMap>
<edgeMap>
<xCoord>138</xCoord>
<yCoord>279</yCoord>
</edgeMap>
<edgeMap>
<xCoord>139</xCoord>
<yCoord>279</yCoord>
</edgeMap>
<edgeMap>
<xCoord>140</xCoord>
<yCoord>279</yCoord>
</edgeMap>
<edgeMap>
<xCoord>141</xCoord>
<yCoord>279</yCoord>
</edgeMap>
<edgeMap>
<xCoord>142</xCoord>
<yCoord>279</yCoord>
</edgeMap>
<edgeMap>
<xCoord>143</xCoord>
<yCoord>279</yCoord>
</edgeMap>
<edgeMap>
<xCoord>144</xCoord>
<yCoord>280</yCoord>
</edgeMap>
<edgeMap>
<xCoord>145</xCoord>
<yCoord>280</yCoord>
</edgeMap>
<edgeMap>
<xCoord>146</xCoord>
<yCoord>280</yCoord>
</edgeMap>
<edgeMap>
<xCoord>147</xCoord>
<yCoord>280</yCoord>
</edgeMap>
<edgeMap>
<xCoord>148</xCoord>
<yCoord>280</yCoord>
</edgeMap>
<edgeMap>
<xCoord>149</xCoord>
<yCoord>280</yCoord>
</edgeMap>
<edgeMap>
<xCoord>150</xCoord>
<yCoord>281</yCoord>
</edgeMap>
</roi>
<roi>
<imageZposition>-206.25</imageZposition>
<imageSOP_UID>1.3.6.1.4.1.14519.5.2.1.6279.6001.129497119849183416599927599205</imageSOP_UID>
<inclusion>TRUE</inclusion>
<edgeMap>
<xCoord>155</xCoord>
<yCoord>282</yCoord>
</edgeMap>
<edgeMap>
<xCoord>154</xCoord>
<yCoord>281</yCoord>
</edgeMap>
<edgeMap>
<xCoord>153</xCoord>
<yCoord>281</yCoord>
</edgeMap>
<edgeMap>
<xCoord>152</xCoord>
<yCoord>280</yCoord>
</edgeMap>
<edgeMap>
<xCoord>151</xCoord>
<yCoord>279</yCoord>
</edgeMap>
<edgeMap>
<xCoord>150</xCoord>
<yCoord>278</yCoord>
</edgeMap>
<edgeMap>
<xCoord>149</xCoord>
<yCoord>278</yCoord>
</edgeMap>
<edgeMap>
<xCoord>148</xCoord>
<yCoord>277</yCoord>
</edgeMap>
<edgeMap>
<xCoord>147</xCoord>
<yCoord>276</yCoord>
</edgeMap>
<edgeMap>
<xCoord>146</xCoord>
<yCoord>276</yCoord>
</edgeMap>
<edgeMap>
<xCoord>145</xCoord>
<yCoord>276</yCoord>
</edgeMap>
<edgeMap>
<xCoord>144</xCoord>
<yCoord>276</yCoord>
</edgeMap>
<edgeMap>
<xCoord>143</xCoord>
<yCoord>276</yCoord>
</edgeMap>
<edgeMap>
<xCoord>142</xCoord>
<yCoord>276</yCoord>
</edgeMap>
<edgeMap>
<xCoord>141</xCoord>
<yCoord>277</yCoord>
</edgeMap>
<edgeMap>
<xCoord>140</xCoord>
<yCoord>277</yCoord>
</edgeMap>
<edgeMap>
<xCoord>139</xCoord>
<yCoord>277</yCoord>
</edgeMap>
<edgeMap>
<xCoord>138</xCoord>
<yCoord>278</yCoord>
</edgeMap>
<edgeMap>
<xCoord>138</xCoord>
<yCoord>279</yCoord>
</edgeMap>
<edgeMap>
<xCoord>139</xCoord>
<yCoord>279</yCoord>
</edgeMap>
<edgeMap>
<xCoord>140</xCoord>
<yCoord>279</yCoord>
</edgeMap>
<edgeMap>
<xCoord>141</xCoord>
<yCoord>279</yCoord>
</edgeMap>
<edgeMap>
<xCoord>142</xCoord>
<yCoord>280</yCoord>
</edgeMap>
<edgeMap>
<xCoord>143</xCoord>
<yCoord>280</yCoord>
</edgeMap>
<edgeMap>
<xCoord>144</xCoord>
<yCoord>281</yCoord>
</edgeMap>
<edgeMap>
<xCoord>145</xCoord>
<yCoord>281</yCoord>
</edgeMap>
<edgeMap>
<xCoord>146</xCoord>
<yCoord>281</yCoord>
</edgeMap>
<edgeMap>
<xCoord>147</xCoord>
<yCoord>281</yCoord>
</edgeMap>
<edgeMap>
<xCoord>148</xCoord>
<yCoord>281</yCoord>
</edgeMap>
<edgeMap>
<xCoord>149</xCoord>
<yCoord>281</yCoord>
</edgeMap>
<edgeMap>
<xCoord>150</xCoord>
<yCoord>281</yCoord>
</edgeMap>
<edgeMap>
<xCoord>151</xCoord>
<yCoord>281</yCoord>
</edgeMap>
<edgeMap>
<xCoord>152</xCoord>
<yCoord>281</yCoord>
</edgeMap>
<edgeMap>
<xCoord>153</xCoord>
<yCoord>282</yCoord>
</edgeMap>
<edgeMap>
<xCoord>154</xCoord>
<yCoord>282</yCoord>
</edgeMap>
<edgeMap>
<xCoord>155</xCoord>
<yCoord>282</yCoord>
</edgeMap>
</roi>
<roi>
<imageZposition>-207.5</imageZposition>
<imageSOP_UID>1.3.6.1.4.1.14519.5.2.1.6279.6001.114247021326750766664645144777</imageSOP_UID>
<inclusion>TRUE</inclusion>
<edgeMap>
<xCoord>154</xCoord>
<yCoord>282</yCoord>
</edgeMap>
<edgeMap>
<xCoord>155</xCoord>
<yCoord>281</yCoord>
</edgeMap>
<edgeMap>
<xCoord>154</xCoord>
<yCoord>280</yCoord>
</edgeMap>
<edgeMap>
<xCoord>153</xCoord>
<yCoord>280</yCoord>
</edgeMap>
<edgeMap>
<xCoord>152</xCoord>
<yCoord>279</yCoord>
</edgeMap>
<edgeMap>
<xCoord>151</xCoord>
<yCoord>278</yCoord>
</edgeMap>
<edgeMap>
<xCoord>150</xCoord>
<yCoord>277</yCoord>
</edgeMap>
<edgeMap>
<xCoord>149</xCoord>
<yCoord>277</yCoord>
</edgeMap>
<edgeMap>
<xCoord>148</xCoord>
<yCoord>276</yCoord>
</edgeMap>
<edgeMap>
<xCoord>147</xCoord>
<yCoord>276</yCoord>
</edgeMap>
<edgeMap>
<xCoord>146</xCoord>
<yCoord>276</yCoord>
</edgeMap>
<edgeMap>
<xCoord>145</xCoord>
<yCoord>275</yCoord>
</edgeMap>
<edgeMap>
<xCoord>144</xCoord>
<yCoord>275</yCoord>
</edgeMap>
<edgeMap>
<xCoord>143</xCoord>
<yCoord>276</yCoord>
</edgeMap>
<edgeMap>
<xCoord>142</xCoord>
<yCoord>276</yCoord>
</edgeMap>
<edgeMap>
<xCoord>141</xCoord>
<yCoord>276</yCoord>
</edgeMap>
<edgeMap>
<xCoord>141</xCoord>
<yCoord>277</yCoord>
</edgeMap>
<edgeMap>
<xCoord>141</xCoord>
<yCoord>278</yCoord>
</edgeMap>
<edgeMap>
<xCoord>142</xCoord>
<yCoord>279</yCoord>
</edgeMap>
<edgeMap>
<xCoord>142</xCoord>
<yCoord>280</yCoord>
</edgeMap>
<edgeMap>
<xCoord>143</xCoord>
<yCoord>281</yCoord>
</edgeMap>
<edgeMap>
<xCoord>144</xCoord>
<yCoord>282</yCoord>
</edgeMap>
<edgeMap>
<xCoord>145</xCoord>
<yCoord>282</yCoord>
</edgeMap>
<edgeMap>
<xCoord>146</xCoord>
<yCoord>282</yCoord>
</edgeMap>
<edgeMap>
<xCoord>147</xCoord>
<yCoord>282</yCoord>
</edgeMap>
<edgeMap>
<xCoord>148</xCoord>
<yCoord>282</yCoord>
</edgeMap>
<edgeMap>
<xCoord>149</xCoord>
<yCoord>282</yCoord>
</edgeMap>
<edgeMap>
<xCoord>150</xCoord>
<yCoord>281</yCoord>
</edgeMap>
<edgeMap>
<xCoord>151</xCoord>
<yCoord>281</yCoord>
</edgeMap>
<edgeMap>
<xCoord>152</xCoord>
<yCoord>282</yCoord>
</edgeMap>
<edgeMap>
<xCoord>153</xCoord>
<yCoord>282</yCoord>
</edgeMap>
<edgeMap>
<xCoord>154</xCoord>
<yCoord>282</yCoord>
</edgeMap>
</roi>
<roi>
<imageZposition>-208.75</imageZposition>
<imageSOP_UID>1.3.6.1.4.1.14519.5.2.1.6279.6001.306384568723070804388008851492</imageSOP_UID>
<inclusion>TRUE</inclusion>
<edgeMap>
<xCoord>153</xCoord>
<yCoord>283</yCoord>
</edgeMap>
<edgeMap>
<xCoord>154</xCoord>
<yCoord>282</yCoord>
</edgeMap>
<edgeMap>
<xCoord>155</xCoord>
<yCoord>281</yCoord>
</edgeMap>
<edgeMap>
<xCoord>156</xCoord>
<yCoord>280</yCoord>
</edgeMap>
<edgeMap>
<xCoord>155</xCoord>
<yCoord>280</yCoord>
</edgeMap>
<edgeMap>
<xCoord>154</xCoord>
<yCoord>279</yCoord>
</edgeMap>
<edgeMap>
<xCoord>153</xCoord>
<yCoord>278</yCoord>
</edgeMap>
<edgeMap>
<xCoord>152</xCoord>
<yCoord>278</yCoord>
</edgeMap>
<edgeMap>
<xCoord>151</xCoord>
<yCoord>277</yCoord>
</edgeMap>
<edgeMap>
<xCoord>150</xCoord>
<yCoord>276</yCoord>
</edgeMap>
<edgeMap>
<xCoord>149</xCoord>
<yCoord>275</yCoord>
</edgeMap>
<edgeMap>
<xCoord>148</xCoord>
<yCoord>275</yCoord>
</edgeMap>
<edgeMap>
<xCoord>147</xCoord>
<yCoord>275</yCoord>
</edgeMap>
<edgeMap>
<xCoord>146</xCoord>
<yCoord>275</yCoord>
</edgeMap>
<edgeMap>
<xCoord>145</xCoord>
<yCoord>275</yCoord>
</edgeMap>
<edgeMap>
<xCoord>144</xCoord>
<yCoord>275</yCoord>
</edgeMap>
<edgeMap>
<xCoord>143</xCoord>
<yCoord>275</yCoord>
</edgeMap>
<edgeMap>
<xCoord>142</xCoord>
<yCoord>275</yCoord>
</edgeMap>
<edgeMap>
<xCoord>142</xCoord>
<yCoord>276</yCoord>
</edgeMap>
<edgeMap>
<xCoord>143</xCoord>
<yCoord>277</yCoord>
</edgeMap>
<edgeMap>
<xCoord>143</xCoord>
<yCoord>278</yCoord>
</edgeMap>
<edgeMap>
<xCoord>144</xCoord>
<yCoord>279</yCoord>
</edgeMap>
<edgeMap>
<xCoord>144</xCoord>
<yCoord>280</yCoord>
</edgeMap>
<edgeMap>
<xCoord>144</xCoord>
<yCoord>281</yCoord>
</edgeMap>
<edgeMap>
<xCoord>145</xCoord>
<yCoord>282</yCoord>
</edgeMap>
<edgeMap>
<xCoord>146</xCoord>
<yCoord>283</yCoord>
</edgeMap>
<edgeMap>
<xCoord>147</xCoord>
<yCoord>283</yCoord>
</edgeMap>
<edgeMap>
<xCoord>148</xCoord>
<yCoord>283</yCoord>
</edgeMap>
<edgeMap>
<xCoord>149</xCoord>
<yCoord>283</yCoord>
</edgeMap>
<edgeMap>
<xCoord>150</xCoord>
<yCoord>283</yCoord>
</edgeMap>
<edgeMap>
<xCoord>151</xCoord>
<yCoord>282</yCoord>
</edgeMap>
<edgeMap>
<xCoord>152</xCoord>
<yCoord>283</yCoord>
</edgeMap>
<edgeMap>
<xCoord>153</xCoord>
<yCoord>283</yCoord>
</edgeMap>
</roi>
<roi>
<imageZposition>-210.0</imageZposition>
<imageSOP_UID>1.3.6.1.4.1.14519.5.2.1.6279.6001.301405643323637666969957815517</imageSOP_UID>
<inclusion>TRUE</inclusion>
<edgeMap>
<xCoord>152</xCoord>
<yCoord>285</yCoord>
</edgeMap>
<edgeMap>
<xCoord>153</xCoord>
<yCoord>284</yCoord>
</edgeMap>
<edgeMap>
<xCoord>154</xCoord>
<yCoord>283</yCoord>
</edgeMap>
<edgeMap>
<xCoord>154</xCoord>
<yCoord>282</yCoord>
</edgeMap>
<edgeMap>
<xCoord>155</xCoord>
<yCoord>281</yCoord>
</edgeMap>
<edgeMap>
<xCoord>156</xCoord>
<yCoord>280</yCoord>
</edgeMap>
<edgeMap>
<xCoord>157</xCoord>
<yCoord>280</yCoord>
</edgeMap>
<edgeMap>
<xCoord>156</xCoord>
<yCoord>279</yCoord>
</edgeMap>
<edgeMap>
<xCoord>155</xCoord>
<yCoord>278</yCoord>
</edgeMap>
<edgeMap>
<xCoord>154</xCoord>
<yCoord>278</yCoord>
</edgeMap>
<edgeMap>
<xCoord>153</xCoord>
<yCoord>277</yCoord>
</edgeMap>
<edgeMap>
<xCoord>152</xCoord>
<yCoord>276</yCoord>
</edgeMap>
<edgeMap>
<xCoord>151</xCoord>
<yCoord>275</yCoord>
</edgeMap>
<edgeMap>
<xCoord>150</xCoord>
<yCoord>275</yCoord>
</edgeMap>
<edgeMap>
<xCoord>149</xCoord>
<yCoord>275</yCoord>
</edgeMap>
<edgeMap>
<xCoord>148</xCoord>
<yCoord>275</yCoord>
</edgeMap>
<edgeMap>
<xCoord>147</xCoord>
<yCoord>275</yCoord>
</edgeMap>
<edgeMap>
<xCoord>146</xCoord>
<yCoord>275</yCoord>
</edgeMap>
<edgeMap>
<xCoord>145</xCoord>
<yCoord>274</yCoord>
</edgeMap>
<edgeMap>
<xCoord>144</xCoord>
<yCoord>274</yCoord>
</edgeMap>
<edgeMap>
<xCoord>143</xCoord>
<yCoord>274</yCoord>
</edgeMap>
<edgeMap>
<xCoord>143</xCoord>
<yCoord>275</yCoord>
</edgeMap>
<edgeMap>
<xCoord>144</xCoord>
<yCoord>276</yCoord>
</edgeMap>
<edgeMap>
<xCoord>144</xCoord>
<yCoord>277</yCoord>
</edgeMap>
<edgeMap>
<xCoord>145</xCoord>
<yCoord>278</yCoord>
</edgeMap>
<edgeMap>
<xCoord>145</xCoord>
<yCoord>279</yCoord>
</edgeMap>
<edgeMap>
<xCoord>146</xCoord>
<yCoord>280</yCoord>
</edgeMap>
<edgeMap>
<xCoord>146</xCoord>
<yCoord>281</yCoord>
</edgeMap>
<edgeMap>
<xCoord>146</xCoord>
<yCoord>282</yCoord>
</edgeMap>
<edgeMap>
<xCoord>147</xCoord>
<yCoord>283</yCoord>
</edgeMap>
<edgeMap>
<xCoord>148</xCoord>
<yCoord>283</yCoord>
</edgeMap>
<edgeMap>
<xCoord>149</xCoord>
<yCoord>283</yCoord>
</edgeMap>
<edgeMap>
<xCoord>150</xCoord>
<yCoord>283</yCoord>
</edgeMap>
<edgeMap>
<xCoord>151</xCoord>
<yCoord>284</yCoord>
</edgeMap>
<edgeMap>
<xCoord>152</xCoord>
<yCoord>285</yCoord>
</edgeMap>
</roi>
<roi>
<imageZposition>-211.25</imageZposition>
<imageSOP_UID>1.3.6.1.4.1.14519.5.2.1.6279.6001.866797895092826707698039454922</imageSOP_UID>
<inclusion>TRUE</inclusion>
<edgeMap>
<xCoord>153</xCoord>
<yCoord>284</yCoord>
</edgeMap>
<edgeMap>
<xCoord>154</xCoord>
<yCoord>283</yCoord>
</edgeMap>
<edgeMap>
<xCoord>155</xCoord>
<yCoord>282</yCoord>
</edgeMap>
<edgeMap>
<xCoord>156</xCoord>
<yCoord>281</yCoord>
</edgeMap>
<edgeMap>
<xCoord>157</xCoord>
<yCoord>280</yCoord>
</edgeMap>
<edgeMap>
<xCoord>158</xCoord>
<yCoord>280</yCoord>
</edgeMap>
<edgeMap>
<xCoord>158</xCoord>
<yCoord>279</yCoord>
</edgeMap>
<edgeMap>
<xCoord>157</xCoord>
<yCoord>279</yCoord>
</edgeMap>
<edgeMap>
<xCoord>156</xCoord>
<yCoord>278</yCoord>
</edgeMap>
<edgeMap>
<xCoord>155</xCoord>
<yCoord>277</yCoord>
</edgeMap>
<edgeMap>
<xCoord>154</xCoord>
<yCoord>276</yCoord>
</edgeMap>
<edgeMap>
<xCoord>153</xCoord>
<yCoord>275</yCoord>
</edgeMap>
<edgeMap>
<xCoord>152</xCoord>
<yCoord>275</yCoord>
</edgeMap>
<edgeMap>
<xCoord>151</xCoord>
<yCoord>275</yCoord>
</edgeMap>
<edgeMap>
<xCoord>150</xCoord>
<yCoord>275</yCoord>
</edgeMap>
<edgeMap>
<xCoord>149</xCoord>
<yCoord>274</yCoord>
</edgeMap>
<edgeMap>
<xCoord>148</xCoord>
<yCoord>274</yCoord>
</edgeMap>
<edgeMap>
<xCoord>147</xCoord>
<yCoord>274</yCoord>
</edgeMap>
<edgeMap>
<xCoord>146</xCoord>
<yCoord>274</yCoord>
</edgeMap>
<edgeMap>
<xCoord>145</xCoord>
<yCoord>274</yCoord>
</edgeMap>
<edgeMap>
<xCoord>145</xCoord>
<yCoord>275</yCoord>
</edgeMap>
<edgeMap>
<xCoord>146</xCoord>
<yCoord>276</yCoord>
</edgeMap>
<edgeMap>
<xCoord>146</xCoord>
<yCoord>277</yCoord>
</edgeMap>
<edgeMap>
<xCoord>147</xCoord>
<yCoord>278</yCoord>
</edgeMap>
<edgeMap>
<xCoord>148</xCoord>
<yCoord>279</yCoord>
</edgeMap>
<edgeMap>
<xCoord>148</xCoord>
<yCoord>280</yCoord>
</edgeMap>
<edgeMap>
<xCoord>149</xCoord>
<yCoord>281</yCoord>
</edgeMap>
<edgeMap>
<xCoord>150</xCoord>
<yCoord>281</yCoord>
</edgeMap>
<edgeMap>
<xCoord>151</xCoord>
<yCoord>282</yCoord>
</edgeMap>
<edgeMap>
<xCoord>152</xCoord>
<yCoord>283</yCoord>
</edgeMap>
<edgeMap>
<xCoord>153</xCoord>
<yCoord>284</yCoord>
</edgeMap>
</roi>
</unblindedReadNodule>
<nonNodule>
<nonNoduleID>MI014_14876</nonNoduleID>
<imageZposition>-207.5</imageZposition>
<imageSOP_UID>1.3.6.1.4.1.14519.5.2.1.6279.6001.114247021326750766664645144777</imageSOP_UID>
<locus>
<xCoord>141</xCoord>
<yCoord>161</yCoord>
</locus>
</nonNodule>
<nonNodule>
<nonNoduleID>MI014_14877</nonNoduleID>
<imageZposition>-227.5</imageZposition>
<imageSOP_UID>1.3.6.1.4.1.14519.5.2.1.6279.6001.160685324335254368460443795531</imageSOP_UID>
<locus>
<xCoord>170</xCoord>
<yCoord>143</yCoord>
</locus>
</nonNodule>
<nonNodule>
<nonNoduleID>MI014_14878</nonNoduleID>
<imageZposition>-235.0</imageZposition>
<imageSOP_UID>1.3.6.1.4.1.14519.5.2.1.6279.6001.242135460262515292560175024863</imageSOP_UID>
<locus>
<xCoord>101</xCoord>
<yCoord>219</yCoord>
</locus>
</nonNodule>
<nonNodule>
<nonNoduleID>MI014_14866</nonNoduleID>
<imageZposition>-222.5</imageZposition>
<imageSOP_UID>1.3.6.1.4.1.14519.5.2.1.6279.6001.171812385564935891804470155769</imageSOP_UID>
<locus>
<xCoord>162</xCoord>
<yCoord>144</yCoord>
</locus>
</nonNodule>
<nonNodule>
<nonNoduleID>MI014_14869</nonNoduleID>
<imageZposition>-215.0</imageZposition>
<imageSOP_UID>1.3.6.1.4.1.14519.5.2.1.6279.6001.190622009131857233940486553817</imageSOP_UID>
<locus>
<xCoord>155</xCoord>
<yCoord>145</yCoord>
</locus>
</nonNodule>
<nonNodule>
<nonNoduleID>MI014_14882</nonNoduleID>
<imageZposition>-215.0</imageZposition>
<imageSOP_UID>1.3.6.1.4.1.14519.5.2.1.6279.6001.190622009131857233940486553817</imageSOP_UID>
<locus>
<xCoord>153</xCoord>
<yCoord>144</yCoord>
</locus>
</nonNodule>
</readingSession>
<readingSession>
		<annotationVersion>3.12</annotationVersion>
		<servicingRadiologistID>-1419199883</servicingRadiologistID>
			<unblindedReadNodule>
				<noduleID>1</noduleID>
				<roi>
					<imageZposition>-110.0</imageZposition>
					<imageSOP_UID>1.3.6.1.4.1.14519.5.2.1.6279.6001.183760623464097709703043924675</imageSOP_UID>
					<inclusion>TRUE</inclusion>
					<edgeMap>
					<xCoord>372</xCoord>
					<yCoord>273</yCoord>
					</edgeMap>
				</roi>
			</unblindedReadNodule>
			<unblindedReadNodule>
				<noduleID>2</noduleID>
				<roi>
					<imageZposition>-112.5</imageZposition>
					<imageSOP_UID>1.3.6.1.4.1.14519.5.2.1.6279.6001.231997688909781123904037950870</imageSOP_UID>
					<inclusion>TRUE</inclusion>
					<edgeMap>
					<xCoord>330</xCoord>
					<yCoord>221</yCoord>
					</edgeMap>
				</roi>
			</unblindedReadNodule>
			<unblindedReadNodule>
				<noduleID>3</noduleID>
				<roi>
					<imageZposition>-190.0</imageZposition>
					<imageSOP_UID>1.3.6.1.4.1.14519.5.2.1.6279.6001.764311500060484423957573740260</imageSOP_UID>
					<inclusion>TRUE</inclusion>
					<edgeMap>
					<xCoord>372</xCoord>
					<yCoord>210</yCoord>
					</edgeMap>
				</roi>
			</unblindedReadNodule>
			<unblindedReadNodule>
				<noduleID>5</noduleID>
				<roi>
					<imageZposition>-108.75</imageZposition>
					<imageSOP_UID>1.3.6.1.4.1.14519.5.2.1.6279.6001.432713286731382574840180538601</imageSOP_UID>
					<inclusion>TRUE</inclusion>
					<edgeMap>
					<xCoord>377</xCoord>
					<yCoord>229</yCoord>
					</edgeMap>
				</roi>
			</unblindedReadNodule>
			<unblindedReadNodule>
				<noduleID>6</noduleID>
				<roi>
					<imageZposition>-316.25</imageZposition>
					<imageSOP_UID>1.3.6.1.4.1.14519.5.2.1.6279.6001.117412910945557665648924088573</imageSOP_UID>
					<inclusion>TRUE</inclusion>
					<edgeMap>
					<xCoord>306</xCoord>
					<yCoord>360</yCoord>
					</edgeMap>
				</roi>
			</unblindedReadNodule>
			<unblindedReadNodule>
				<noduleID>8</noduleID>
				<roi>
					<imageZposition>-121.25</imageZposition>
					<imageSOP_UID>1.3.6.1.4.1.14519.5.2.1.6279.6001.602624391066388622841996972419</imageSOP_UID>
					<inclusion>TRUE</inclusion>
					<edgeMap>
					<xCoord>142</xCoord>
					<yCoord>211</yCoord>
					</edgeMap>
				</roi>
			</unblindedReadNodule>
			<unblindedReadNodule>
				<noduleID>9</noduleID>
				<roi>
					<imageZposition>-135.0</imageZposition>
					<imageSOP_UID>1.3.6.1.4.1.14519.5.2.1.6279.6001.716865324019119402927091630824</imageSOP_UID>
					<inclusion>TRUE</inclusion>
					<edgeMap>
					<xCoord>395</xCoord>
					<yCoord>240</yCoord>
					</edgeMap>
				</roi>
			</unblindedReadNodule>
			<nonNodule>
				<nonNoduleID>0</nonNoduleID>
				<imageZposition>-210.0</imageZposition>
				<imageSOP_UID>1.3.6.1.4.1.14519.5.2.1.6279.6001.301405643323637666969957815517</imageSOP_UID>
				<locus>
					<xCoord>149</xCoord>
					<yCoord>280</yCoord>
				</locus>
			</nonNodule>
			<nonNodule>
				<nonNoduleID>4</nonNoduleID>
				<imageZposition>-235.0</imageZposition>
				<imageSOP_UID>1.3.6.1.4.1.14519.5.2.1.6279.6001.242135460262515292560175024863</imageSOP_UID>
				<locus>
					<xCoord>183</xCoord>
					<yCoord>128</yCoord>
				</locus>
			</nonNodule>
			<nonNodule>
				<nonNoduleID>7</nonNoduleID>
				<imageZposition>-215.0</imageZposition>
				<imageSOP_UID>1.3.6.1.4.1.14519.5.2.1.6279.6001.190622009131857233940486553817</imageSOP_UID>
				<locus>
					<xCoord>153</xCoord>
					<yCoord>144</yCoord>
				</locus>
			</nonNodule>
	</readingSession>
</LidcReadMessage>