<?xml version="1.0" encoding="UTF-8"?>
<LidcReadMessage uid="1.3.6.1.4.1.14519.5.2.1.6279.6001.1307390752016.0" xmlns="http://www.nih.gov" xmlns:xsi="http://www.w3.org/2001/XMLSchema-instance" xsi:schemaLocation="http://www.nih.gov  http://troll.rad.med.umich.edu/lidc/LidcReadMessage.xsd">
<ResponseHeader>
<Version>1.8.1</Version>
<MessageId>-1872719524</MessageId>
<DateRequest>2008-05-30</DateRequest>
<TimeRequest>12:02:27</TimeRequest>
<RequestingSite>removed</RequestingSite>
<ServicingSite>removed</ServicingSite>
<TaskDescription>Second unblinded read</TaskDescription>
<CtImageFile>removed</CtImageFile>
<SeriesInstanceUid>1.3.6.1.4.1.14519.5.2.1.6279.6001.234400932423244218697302970157</SeriesInstanceUid>
<DateService>2009-02-08</DateService>
<TimeService>03:37:42</TimeService>
<ResponseDescription>1 - Reading complete</ResponseDescription>
<StudyInstanceUID>1.3.6.1.4.1.14519.5.2.1.6279.6001.144098736774350495825430776051</StudyInstanceUID></ResponseHeader>
<readingSession>
    <annotationVersion>3.12</annotationVersion>
    <servicingRadiologistID>-1618465445</servicingRadiologistID>
    <unblindedReadNodule>
      <noduleID>Nodule 001</noduleID>
      <roi>
        <imageZposition>-247.250</imageZposition>
        <imageSOP_UID>1.3.6.1.4.1.14519.5.2.1.6279.6001.303833100574913361471192238027</imageSOP_UID>
        <inclusion>TRUE</inclusion>
        <edgeMap>
          <xCoord>438</xCoord>
          <yCoord>338</yCoord>
        </edgeMap>
      </roi>
    </unblindedReadNodule>
    <unblindedReadNodule>
      <noduleID>Nodule 002</noduleID>
      <roi>
        <imageZposition>-159.750</imageZposition>
        <imageSOP_UID>1.3.6.1.4.1.14519.5.2.1.6279.6001.283789361384908796773365594779</imageSOP_UID>
        <inclusion>TRUE</inclusion>
        <edgeMap>
          <xCoord>402</xCoord>
          <yCoord>346</yCoord>
        </edgeMap>
      </roi>
    </unblindedReadNodule>
    <unblindedReadNodule>
      <noduleID>Nodule 003</noduleID>
      <roi>
        <imageZposition>-124.750</imageZposition>
        <imageSOP_UID>1.3.6.1.4.1.14519.5.2.1.6279.6001.243974358048908869705481915473</imageSOP_UID>
        <inclusion>TRUE</inclusion>
        <edgeMap>
          <xCoord>377</xCoord>
          <yCoord>370</yCoord>
        </edgeMap>
      </roi>
    </unblindedReadNodule>
    <unblindedReadNodule>
      <noduleID>Nodule 004</noduleID>
      <roi>
        <imageZposition>-199.750</imageZposition>
        <imageSOP_UID>1.3.6.1.4.1.14519.5.2.1.6279.6001.306162097662923989828143256431</imageSOP_UID>
        <inclusion>TRUE</inclusion>
        <edgeMap>
          <xCoord>98</xCoord>
          <yCoord>327</yCoord>
        </edgeMap>
      </roi>
    </unblindedReadNodule>
    <unblindedReadNodule>
      <noduleID>Nodule 005</noduleID>
      <roi>
        <imageZposition>-267.250</imageZposition>
        <imageSOP_UID>1.3.6.1.4.1.14519.5.2.1.6279.6001.179867025736713351050472689302</imageSOP_UID>
        <inclusion>TRUE</inclusion>
        <edgeMap>
          <xCoord>237</xCoord>
          <yCoord>349</yCoord>
        </edgeMap>
      </roi>
    </unblindedReadNodule>
    <unblindedReadNodule>
      <noduleID>Nodule 006</noduleID>
      <roi>
        <imageZposition>-244.750</imageZposition>
        <imageSOP_UID>1.3.6.1.4.1.14519.5.2.1.6279.6001.315728964351620154241844816318</imageSOP_UID>
        <inclusion>TRUE</inclusion>
        <edgeMap>
          <xCoord>406</xCoord>
          <yCoord>366</yCoord>
        </edgeMap>
      </roi>
    </unblindedReadNodule>
    <nonNodule>
      <nonNoduleID>_Non-nodule 001</nonNoduleID>
      <imageZposition>-259.750</imageZposition>
      <imageSOP_UID>1.3.6.1.4.1.14519.5.2.1.6279.6001.210331110141346512546912388440</imageSOP_UID>
      <locus>
        <xCoord>414</xCoord>
        <yCoord>363</yCoord>
      </locus>
    </nonNodule>
  </readingSession>
<readingSession>
    <annotationVersion>3.12</annotationVersion>
    <servicingRadiologistID>1687543936</servicingRadiologistID>
    <unblindedReadNodule>
      <noduleID>IL057_167698</noduleID>
      <roi>
        <imageZposition>-244.75</imageZposition>
        <imageSOP_UID>1.3.6.1.4.1.14519.5.2.1.6279.6001.315728964351620154241844816318</imageSOP_UID>
        <inclusion>TRUE</inclusion>
        <edgeMap>
          <xCoord>406</xCoord>
          <yCoord>366</yCoord>
        </edgeMap>
      </roi>
    </unblindedReadNodule>
    <unblindedReadNodule>
      <noduleID>IL057_167693</noduleID>
      <characteristics>
        <subtlety>2</subtlety>
        <internalStructure>1</internalStructure>
        <calcification>6</calcification>
        <sphericity>4</sphericity>
        <margin>3</margin>
        <lobulation>1</lobulation>
        <spiculation>1</spiculation>
        <texture>5</texture>
        <malignancy>2</malignancy>
      </characteristics>
      <roi>
        <imageZposition>-244.75</imageZposition>
        <imageSOP_UID>1.3.6.1.4.1.14519.5.2.1.6279.6001.315728964351620154241844816318</imageSOP_UID>
        <inclusion>TRUE</inclusion>
        <edgeMap>
          <xCoord>439</xCoord>
          <yCoord>342</yCoord>
        </edgeMap>
        <edgeMap>
          <xCoord>439</xCoord>
          <yCoord>341</yCoord>
        </edgeMap>
        <edgeMap>
          <xCoord>440</xCoord>
          <yCoord>340</yCoord>
        </edgeMap>
        <edgeMap>
          <xCoord>441</xCoord>
          <yCoord>339</yCoord>
        </edgeMap>
        <edgeMap>
          <xCoord>441</xCoord>
          <yCoord>338</yCoord>
        </edgeMap>
        <edgeMap>
          <xCoord>441</xCoord>
          <yCoord>337</yCoord>
        </edgeMap>
        <edgeMap>
          <xCoord>441</xCoord>
          <yCoord>336</yCoord>
        </edgeMap>
        <edgeMap>
          <xCoord>441</xCoord>
          <yCoord>335</yCoord>
        </edgeMap>
        <edgeMap>
          <xCoord>441</xCoord>
          <yCoord>334</yCoord>
        </edgeMap>
        <edgeMap>
          <xCoord>440</xCoord>
          <yCoord>334</yCoord>
        </edgeMap>
        <edgeMap>
          <xCoord>439</xCoord>
          <yCoord>334</yCoord>
        </edgeMap>
        <edgeMap>
          <xCoord>438</xCoord>
          <yCoord>335</yCoord>
        </edgeMap>
        <edgeMap>
          <xCoord>437</xCoord>
          <yCoord>335</yCoord>
        </edgeMap>
        <edgeMap>
          <xCoord>436</xCoord>
          <yCoord>336</yCoord>
        </edgeMap>
        <edgeMap>
          <xCoord>435</xCoord>
          <yCoord>336</yCoord>
        </edgeMap>
        <edgeMap>
          <xCoord>435</xCoord>
          <yCoord>337</yCoord>
        </edgeMap>
        <edgeMap>
          <xCoord>435</xCoord>
          <yCoord>338</yCoord>
        </edgeMap>
        <edgeMap>
          <xCoord>435</xCoord>
          <yCoord>339</yCoord>
        </edgeMap>
        <edgeMap>
          <xCoord>435</xCoord>
          <yCoord>340</yCoord>
        </edgeMap>
        <edgeMap>
          <xCoord>435</xCoord>
          <yCoord>341</yCoord>
        </edgeMap>
        <edgeMap>
          <xCoord>436</xCoord>
          <yCoord>342</yCoord>
        </edgeMap>
        <edgeMap>
          <xCoord>437</xCoord>
          <yCoord>342</yCoord>
        </edgeMap>
        <edgeMap>
          <xCoord>438</xCoord>
          <yCoord>342</yCoord>
        </edgeMap>
        <edgeMap>
          <xCoord>439</xCoord>
          <yCoord>342</yCoord>
        </edgeMap>
      </roi>
      <roi>
        <imageZposition>-247.25</imageZposition>
        <imageSOP_UID>1.3.6.1.4.1.14519.5.2.1.6279.6001.303833100574913361471192238027</imageSOP_UID>
        <inclusion>TRUE</inclusion>
        <edgeMap>
          <xCoord>440</xCoord>
          <yCoord>342</yCoord>
        </edgeMap>
        <edgeMap>
          <xCoord>441</xCoord>
          <yCoord>341</yCoord>
        </edgeMap>
        <edgeMap>
          <xCoord>441</xCoord>
          <yCoord>340</yCoord>
        </edgeMap>
        <edgeMap>
          <xCoord>441</xCoord>
          <yCoord>339</yCoord>
        </edgeMap>
        <edgeMap>
          <xCoord>441</xCoord>
          <yCoord>338</yCoord>
        </edgeMap>
        <edgeMap>
          <xCoord>441</xCoord>
          <yCoord>337</yCoord>
        </edgeMap>
        <edgeMap>
          <xCoord>440</xCoord>
          <yCoord>336</yCoord>
        </edgeMap>
        <edgeMap>
          <xCoord>439</xCoord>
          <yCoord>335</yCoord>
        </edgeMap>
        <edgeMap>
          <xCoord>438</xCoord>
          <yCoord>335</yCoord>
        </edgeMap>
        <edgeMap>
          <xCoord>437</xCoord>
          <yCoord>336</yCoord>
        </edgeMap>
        <edgeMap>
          <xCoord>436</xCoord>
          <yCoord>337</yCoord>
        </edgeMap>
        <edgeMap>
          <xCoord>436</xCoord>
          <yCoord>338</yCoord>
        </edgeMap>
        <edgeMap>
          <xCoord>436</xCoord>
          <yCoord>339</yCoord>
        </edgeMap>
        <edgeMap>
          <xCoord>436</xCoord>
          <yCoord>340</yCoord>
        </edgeMap>
        <edgeMap>
          <xCoord>437</xCoord>
          <yCoord>341</yCoord>
        </edgeMap>
        <edgeMap>
          <xCoord>438</xCoord>
          <yCoord>342</yCoord>
        </edgeMap>
        <edgeMap>
          <xCoord>439</xCoord>
          <yCoord>342</yCoord>
        </edgeMap>
        <edgeMap>
          <xCoord>440</xCoord>
          <yCoord>342</yCoord>
        </edgeMap>
      </roi>
    </unblindedReadNodule>
    <unblindedReadNodule>
      <noduleID>IL057_167699</noduleID>
      <roi>
        <imageZposition>-159.75</imageZposition>
        <imageSOP_UID>1.3.6.1.4.1.14519.5.2.1.6279.6001.283789361384908796773365594779</imageSOP_UID>
        <inclusion>TRUE</inclusion>
        <edgeMap>
          <xCoord>402</xCoord>
          <yCoord>346</yCoord>
        </edgeMap>
      </roi>
    </unblindedReadNodule>
    <unblindedReadNodule>
      <noduleID>IL057_167702</noduleID>
      <roi>
        <imageZposition>-199.75</imageZposition>
        <imageSOP_UID>1.3.6.1.4.1.14519.5.2.1.6279.6001.306162097662923989828143256431</imageSOP_UID>
        <inclusion>TRUE</inclusion>
        <edgeMap>
          <xCoord>98</xCoord>
          <yCoord>327</yCoord>
        </edgeMap>
      </roi>
    </unblindedReadNodule>
    <unblindedReadNodule>
      <noduleID>IL057_167705</noduleID>
      <roi>
        <imageZposition>-259.75</imageZposition>
        <imageSOP_UID>1.3.6.1.4.1.14519.5.2.1.6279.6001.210331110141346512546912388440</imageSOP_UID>
        <inclusion>TRUE</inclusion>
        <edgeMap>
          <xCoord>414</xCoord>
          <yCoord>363</yCoord>
        </edgeMap>
      </roi>
    </unblindedReadNodule>
    <unblindedReadNodule>
      <noduleID>IL057_167710</noduleID>
      <roi>
        <imageZposition>-269.75</imageZposition>
        <imageSOP_UID>1.3.6.1.4.1.14519.5.2.1.6279.6001.102432004793200370629914103692</imageSOP_UID>
        <inclusion>TRUE</inclusion>
        <edgeMap>
          <xCoord>236</xCoord>
          <yCoord>349</yCoord>
        </edgeMap>
      </roi>
    </unblindedReadNodule>
    <unblindedReadNodule>
      <noduleID>IL057_174172</noduleID>
      <roi>
        <imageZposition>-124.75</imageZposition>
        <imageSOP_UID>1.3.6.1.4.1.14519.5.2.1.6279.6001.243974358048908869705481915473</imageSOP_UID>
        <inclusion>TRUE</inclusion>
        <edgeMap>
          <xCoord>378</xCoord>
          <yCoord>370</yCoord>
        </edgeMap>
      </roi>
    </unblindedReadNodule>
  </readingSession>
<readingSession>
<annotationVersion>3.12</annotationVersion>
<servicingRadiologistID>-612588445</servicingRadiologistID>
<unblindedReadNodule>
<noduleID>MI014_17984</noduleID>
<roi>
<imageZposition>-197.25</imageZposition>
<imageSOP_UID>1.3.6.1.4.1.14519.5.2.1.6279.6001.205304198229635925696432471104</imageSOP_UID>
<inclusion>TRUE</inclusion>
<edgeMap>
<xCoord>426</xCoord>
<yCoord>316</yCoord>
</edgeMap>
</roi>
</unblindedReadNodule>
<unblindedReadNodule>
<noduleID>MI014_17974</noduleID>
<characteristics>
<subtlety>1</subtlety>
<internalStructure>1</internalStructure>
<calcification>6</calcification>
<sphericity>3</sphericity>
<margin>3</margin>
<lobulation>2</lobulation>
<spiculation>1</spiculation>
<texture>5</texture>
<malignancy>3</malignancy>
</characteristics>
<roi>
<imageZposition>-244.75</imageZposition>
<imageSOP_UID>1.3.6.1.4.1.14519.5.2.1.6279.6001.315728964351620154241844816318</imageSOP_UID>
<inclusion>TRUE</inclusion>
<edgeMap>
<xCoord>438</xCoord>
<yCoord>341</yCoord>
</edgeMap>
<edgeMap>
<xCoord>439</xCoord>
<yCoord>340</yCoord>
</edgeMap>
<edgeMap>
<xCoord>439</xCoord>
<yCoord>339</yCoord>
</edgeMap>
<edgeMap>
<xCoord>439</xCoord>
<yCoord>338</yCoord>
</edgeMap>
<edgeMap>
<xCoord>440</xCoord>
<yCoord>337</yCoord>
</edgeMap>
<edgeMap>
<xCoord>441</xCoord>
<yCoord>336</yCoord>
</edgeMap>
<edgeMap>
<xCoord>441</xCoord>
<yCoord>335</yCoord>
</edgeMap>
<edgeMap>
<xCoord>441</xCoord>
<yCoord>334</yCoord>
</edgeMap>
<edgeMap>
<xCoord>440</xCoord>
<yCoord>334</yCoord>
</edgeMap>
<edgeMap>
<xCoord>439</xCoord>
<yCoord>334</yCoord>
</edgeMap>
<edgeMap>
<xCoord>438</xCoord>
<yCoord>334</yCoord>
</edgeMap>
<edgeMap>
<xCoord>437</xCoord>
<yCoord>335</yCoord>
</edgeMap>
<edgeMap>
<xCoord>436</xCoord>
<yCoord>336</yCoord>
</edgeMap>
<edgeMap>
<xCoord>435</xCoord>
<yCoord>337</yCoord>
</edgeMap>
<edgeMap>
<xCoord>435</xCoord>
<yCoord>338</yCoord>
</edgeMap>
<edgeMap>
<xCoord>435</xCoord>
<yCoord>339</yCoord>
</edgeMap>
<edgeMap>
<xCoord>436</xCoord>
<yCoord>340</yCoord>
</edgeMap>
<edgeMap>
<xCoord>436</xCoord>
<yCoord>341</yCoord>
</edgeMap>
<edgeMap>
<xCoord>437</xCoord>
<yCoord>341</yCoord>
</edgeMap>
<edgeMap>
<xCoord>438</xCoord>
<yCoord>341</yCoord>
</edgeMap>
</roi>
<roi>
<imageZposition>-247.25</imageZposition>
<imageSOP_UID>1.3.6.1.4.1.14519.5.2.1.6279.6001.303833100574913361471192238027</imageSOP_UID>
<inclusion>TRUE</inclusion>
<edgeMap>
<xCoord>438</xCoord>
<yCoord>341</yCoord>
</edgeMap>
<edgeMap>
<xCoord>439</xCoord>
<yCoord>340</yCoord>
</edgeMap>
<edgeMap>
<xCoord>440</xCoord>
<yCoord>340</yCoord>
</edgeMap>
<edgeMap>
<xCoord>441</xCoord>
<yCoord>339</yCoord>
</edgeMap>
<edgeMap>
<xCoord>441</xCoord>
<yCoord>338</yCoord>
</edgeMap>
<edgeMap>
<xCoord>442</xCoord>
<yCoord>337</yCoord>
</edgeMap>
<edgeMap>
<xCoord>442</xCoord>
<yCoord>336</yCoord>
</edgeMap>
<edgeMap>
<xCoord>442</xCoord>
<yCoord>335</yCoord>
</edgeMap>
<edgeMap>
<xCoord>441</xCoord>
<yCoord>334</yCoord>
</edgeMap>
<edgeMap>
<xCoord>440</xCoord>
<yCoord>334</yCoord>
</edgeMap>
<edgeMap>
<xCoord>439</xCoord>
<yCoord>334</yCoord>
</edgeMap>
<edgeMap>
<xCoord>438</xCoord>
<yCoord>335</yCoord>
</edgeMap>
<edgeMap>
<xCoord>437</xCoord>
<yCoord>336</yCoord>
</edgeMap>
<edgeMap>
<xCoord>436</xCoord>
<yCoord>337</yCoord>
</edgeMap>
<edgeMap>
<xCoord>435</xCoord>
<yCoord>338</yCoord>
</edgeMap>
<edgeMap>
<xCoord>435</xCoord>
<yCoord>339</yCoord>
</edgeMap>
<edgeMap>
<xCoord>436</xCoord>
<yCoord>340</yCoord>
</edgeMap>
<edgeMap>
<xCoord>437</xCoord>
<yCoord>341</yCoord>
</edgeMap>
<edgeMap>
<xCoord>438</xCoord>
<yCoord>341</yCoord>
</edgeMap>
</roi>
</unblindedReadNodule>
<unblindedReadNodule>
<noduleID>MI014_17985</noduleID>
<roi>
<imageZposition>-259.75</imageZposition>
<imageSOP_UID>1.3.6.1.4.1.14519.5.2.1.6279.6001.210331110141346512546912388440</imageSOP_UID>
<inclusion>TRUE</inclusion>
<edgeMap>
<xCoord>414</xCoord>
<yCoord>363</yCoord>
</edgeMap>
</roi>
</unblindedReadNodule>
<unblindedReadNodule>
<noduleID>MI014_17977</noduleID>
<characteristics>
<subtlety>1</subtlety>
<internalStructure>1</internalStructure>
<calcification>6</calcification>
<sphericity>5</sphericity>
<margin>3</margin>
<lobulation>1</lobulation>
<spiculation>1</spiculation>
<texture>5</texture>
<malignancy>3</malignancy>
</characteristics>
<roi>
<imageZposition>-244.75</imageZposition>
<imageSOP_UID>1.3.6.1.4.1.14519.5.2.1.6279.6001.315728964351620154241844816318</imageSOP_UID>
<inclusion>TRUE</inclusion>
<edgeMap>
<xCoord>407</xCoord>
<yCoord>368</yCoord>
</edgeMap>
<edgeMap>
<xCoord>408</xCoord>
<yCoord>367</yCoord>
</edgeMap>
<edgeMap>
<xCoord>409</xCoord>
<yCoord>366</yCoord>
</edgeMap>
<edgeMap>
<xCoord>409</xCoord>
<yCoord>365</yCoord>
</edgeMap>
<edgeMap>
<xCoord>408</xCoord>
<yCoord>364</yCoord>
</edgeMap>
<edgeMap>
<xCoord>407</xCoord>
<yCoord>363</yCoord>
</edgeMap>
<edgeMap>
<xCoord>406</xCoord>
<yCoord>363</yCoord>
</edgeMap>
<edgeMap>
<xCoord>405</xCoord>
<yCoord>363</yCoord>
</edgeMap>
<edgeMap>
<xCoord>404</xCoord>
<yCoord>364</yCoord>
</edgeMap>
<edgeMap>
<xCoord>403</xCoord>
<yCoord>365</yCoord>
</edgeMap>
<edgeMap>
<xCoord>403</xCoord>
<yCoord>366</yCoord>
</edgeMap>
<edgeMap>
<xCoord>403</xCoord>
<yCoord>367</yCoord>
</edgeMap>
<edgeMap>
<xCoord>404</xCoord>
<yCoord>368</yCoord>
</edgeMap>
<edgeMap>
<xCoord>405</xCoord>
<yCoord>368</yCoord>
</edgeMap>
<edgeMap>
<xCoord>406</xCoord>
<yCoord>368</yCoord>
</edgeMap>
<edgeMap>
<xCoord>407</xCoord>
<yCoord>368</yCoord>
</edgeMap>
</roi>
</unblindedReadNodule>
<unblindedReadNodule>
<noduleID>MI014_17979</noduleID>
<roi>
<imageZposition>-159.75</imageZposition>
<imageSOP_UID>1.3.6.1.4.1.14519.5.2.1.6279.6001.283789361384908796773365594779</imageSOP_UID>
<inclusion>TRUE</inclusion>
<edgeMap>
<xCoord>402</xCoord>
<yCoord>346</yCoord>
</edgeMap>
</roi>
</unblindedReadNodule>
<unblindedReadNodule>
<noduleID>MI014_17981</noduleID>
<roi>
<imageZposition>-124.75</imageZposition>
<imageSOP_UID>1.3.6.1.4.1.14519.5.2.1.6279.6001.243974358048908869705481915473</imageSOP_UID>
<inclusion>TRUE</inclusion>
<edgeMap>
<xCoord>377</xCoord>
<yCoord>370</yCoord>
</edgeMap>
</roi>
</unblindedReadNodule>
<unblindedReadNodule>
<noduleID>MI014_17983</noduleID>
<roi>
<imageZposition>-267.25</imageZposition>
<imageSOP_UID>1.3.6.1.4.1.14519.5.2.1.6279.6001.179867025736713351050472689302</imageSOP_UID>
<inclusion>TRUE</inclusion>
<edgeMap>
<xCoord>237</xCoord>
<yCoord>349</yCoord>
</edgeMap>
</roi>
</unblindedReadNodule>
</readingSession>
<readingSession>
		<annotationVersion>3.12</annotationVersion>
		<servicingRadiologistID>1666739015</servicingRadiologistID>
			<unblindedReadNodule>
				<noduleID>0</noduleID>
				<roi>
					<imageZposition>-247.25</imageZposition>
					<imageSOP_UID>1.3.6.1.4.1.14519.5.2.1.6279.6001.303833100574913361471192238027</imageSOP_UID>
					<inclusion>TRUE</inclusion>
					<edgeMap>
					<xCoord>438</xCoord>
					<yCoord>339</yCoord>
					</edgeMap>
				</roi>
			</unblindedReadNodule>
			<unblindedReadNodule>
				<noduleID>1</noduleID>
				<roi>
					<imageZposition>-184.75</imageZposition>
					<imageSOP_UID>1.3.6.1.4.1.14519.5.2.1.6279.6001.127986890014501727277648775107</imageSOP_UID>
					<inclusion>TRUE</inclusion>
					<edgeMap>
					<xCoord>136</xCoord>
					<yCoord>382</yCoord>
					</edgeMap>
				</roi>
			</unblindedReadNodule>
			<unblindedReadNodule>
				<noduleID>2</noduleID>
				<roi>
					<imageZposition>-212.25</imageZposition>
					<imageSOP_UID>1.3.6.1.4.1.14519.5.2.1.6279.6001.314067266368413273524496868555</imageSOP_UID>
					<inclusion>TRUE</inclusion>
					<edgeMap>
					<xCoord>332</xCoord>
					<yCoord>393</yCoord>
					</edgeMap>
				</roi>
			</unblindedReadNodule>
			<unblindedReadNodule>
				<noduleID>3</noduleID>
				<roi>
					<imageZposition>-254.75</imageZposition>
					<imageSOP_UID>1.3.6.1.4.1.14519.5.2.1.6279.6001.269888718158864291722585792928</imageSOP_UID>
					<inclusion>TRUE</inclusion>
					<edgeMap>
					<xCoord>425</xCoord>
					<yCoord>349</yCoord>
					</edgeMap>
				</roi>
			</unblindedReadNodule>
			<unblindedReadNodule>
				<noduleID>4</noduleID>
				<roi>
					<imageZposition>-159.75</imageZposition>
					<imageSOP_UID>1.3.6.1.4.1.14519.5.2.1.6279.6001.283789361384908796773365594779</imageSOP_UID>
					<inclusion>TRUE</inclusion>
					<edgeMap>
					<xCoord>401</xCoord>
					<yCoord>347</yCoord>
					</edgeMap>
				</roi>
			</unblindedReadNodule>
			<unblindedReadNodule>
				<noduleID>5</noduleID>
				<roi>
					<imageZposition>-124.75</imageZposition>
					<imageSOP_UID>1.3.6.1.4.1.14519.5.2.1.6279.6001.243974358048908869705481915473</imageSOP_UID>
					<inclusion>TRUE</inclusion>
					<edgeMap>
					<xCoord>377</xCoord>
					<yCoord>369</yCoord>
					</edgeMap>
				</roi>
			</unblindedReadNodule>
			<unblindedReadNodule>
				<noduleID>6</noduleID>
				<roi>
					<imageZposition>-199.75</imageZposition>
					<imageSOP_UID>1.3.6.1.4.1.14519.5.2.1.6279.6001.306162097662923989828143256431</imageSOP_UID>
					<inclusion>TRUE</inclusion>
					<edgeMap>
					<xCoord>98</xCoord>
					<yCoord>327</yCoord>
					</edgeMap>
				</roi>
			</unblindedReadNodule>
			<unblindedReadNodule>
				<noduleID>7</noduleID>
				<roi>
					<imageZposition>-269.75</imageZposition>
					<imageSOP_UID>1.3.6.1.4.1.14519.5.2.1.6279.6001.102432004793200370629914103692</imageSOP_UID>
					<inclusion>TRUE</inclusion>
					<edgeMap>
					<xCoord>236</xCoord>
					<yCoord>349</yCoord>
					</edgeMap>
				</roi>
			</unblindedReadNodule>
			<unblindedReadNodule>
				<noduleID>8</noduleID>
				<roi>
					<imageZposition>-244.75</imageZposition>
					<imageSOP_UID>1.3.6.1.4.1.14519.5.2.1.6279.6001.315728964351620154241844816318</imageSOP_UID>
					<inclusion>TRUE</inclusion>
					<edgeMap>
					<xCoord>406</xCoord>
					<yCoord>365</yCoord>
					</edgeMap>
				</roi>
			</unblindedReadNodule>
			<unblindedReadNodule>
				<noduleID>9</noduleID>
				<roi>
					<imageZposition>-197.25</imageZposition>
					<imageSOP_UID>1.3.6.1.4.1.14519.5.2.1.6279.6001.205304198229635925696432471104</imageSOP_UID>
					<inclusion>TRUE</inclusion>
					<edgeMap>
					<xCoord>427</xCoord>
					<yCoord>315</yCoord>
					</edgeMap>
				</roi>
			</unblindedReadNodule>
			<unblindedReadNodule>
				<noduleID>10</noduleID>
				<roi>
					<imageZposition>-259.75</imageZposition>
					<imageSOP_UID>1.3.6.1.4.1.14519.5.2.1.6279.6001.210331110141346512546912388440</imageSOP_UID>
					<inclusion>TRUE</inclusion>
					<edgeMap>
					<xCoord>413</xCoord>
					<yCoord>363</yCoord>
					</edgeMap>
				</roi>
			</unblindedReadNodule>
			<unblindedReadNodule>
				<noduleID>11</noduleID>
				<roi>
					<imageZposition>-177.25</imageZposition>
					<imageSOP_UID>1.3.6.1.4.1.14519.5.2.1.6279.6001.718105307232036749540092469982</imageSOP_UID>
					<inclusion>TRUE</inclusion>
					<edgeMap>
					<xCoord>416</xCoord>
					<yCoord>317</yCoord>
					</edgeMap>
				</roi>
			</unblindedReadNodule>
	</readingSession>
</LidcReadMessage>