<?xml version="1.0" encoding="UTF-8"?>
<LidcReadMessage uid="1.3.6.1.4.1.14519.5.2.1.6279.6001.1307390732273.0" xmlns="http://www.nih.gov" xmlns:xsi="http://www.w3.org/2001/XMLSchema-instance" xsi:schemaLocation="http://www.nih.gov  http://troll.rad.med.umich.edu/lidc/LidcReadMessage.xsd">
<ResponseHeader>
<Version>1.8</Version>
<MessageId>2441616</MessageId>
<DateRequest>2005-10-26</DateRequest>
<TimeRequest>00:00:00</TimeRequest>
<RequestingSite>removed</RequestingSite>
<ServicingSite>removed</ServicingSite>
<TaskDescription>Second unblinded read</TaskDescription>

<CtImageFile>removed</CtImageFile>
<SeriesInstanceUid>1.3.6.1.4.1.14519.5.2.1.6279.6001.266485463235825902797310439568</SeriesInstanceUid>
<DateService>2005-10-26</DateService>
<TimeService>00:00:00</TimeService>
<ResponseDescription>1 - Reading complete</ResponseDescription>
<StudyInstanceUID>1.3.6.1.4.1.14519.5.2.1.6279.6001.223728112116674740171130784710</StudyInstanceUID></ResponseHeader>
<readingSession>
<annotationVersion>3.12</annotationVersion>
<servicingRadiologistID>anon</servicingRadiologistID>
<unblindedReadNodule>

<noduleID>70386</noduleID>
<characteristics>
<subtlety>4</subtlety>
<internalStructure>1</internalStructure>
<calcification>6</calcification>
<sphericity>4</sphericity>
<margin>5</margin>
<lobulation>1</lobulation>
<spiculation>1</spiculation>

<texture>4</texture>
<malignancy>3</malignancy>
</characteristics>
<roi>
<imageZposition>-163.0</imageZposition>
<imageSOP_UID>1.3.6.1.4.1.14519.5.2.1.6279.6001.315263568041346017437615359908</imageSOP_UID>
<inclusion>TRUE</inclusion>
<edgeMap>
<xCoord>421</xCoord>
<yCoord>362</yCoord>

</edgeMap>
<edgeMap>
<xCoord>422</xCoord>
<yCoord>361</yCoord>
</edgeMap>
<edgeMap>
<xCoord>423</xCoord>
<yCoord>360</yCoord>
</edgeMap>
<edgeMap>
<xCoord>424</xCoord>
<yCoord>359</yCoord>

</edgeMap>
<edgeMap>
<xCoord>424</xCoord>
<yCoord>358</yCoord>
</edgeMap>
<edgeMap>
<xCoord>423</xCoord>
<yCoord>357</yCoord>
</edgeMap>
<edgeMap>
<xCoord>422</xCoord>
<yCoord>356</yCoord>

</edgeMap>
<edgeMap>
<xCoord>421</xCoord>
<yCoord>355</yCoord>
</edgeMap>
<edgeMap>
<xCoord>420</xCoord>
<yCoord>355</yCoord>
</edgeMap>
<edgeMap>
<xCoord>419</xCoord>
<yCoord>355</yCoord>

</edgeMap>
<edgeMap>
<xCoord>418</xCoord>
<yCoord>355</yCoord>
</edgeMap>
<edgeMap>
<xCoord>417</xCoord>
<yCoord>355</yCoord>
</edgeMap>
<edgeMap>
<xCoord>416</xCoord>
<yCoord>355</yCoord>

</edgeMap>
<edgeMap>
<xCoord>415</xCoord>
<yCoord>356</yCoord>
</edgeMap>
<edgeMap>
<xCoord>415</xCoord>
<yCoord>357</yCoord>
</edgeMap>
<edgeMap>
<xCoord>415</xCoord>
<yCoord>358</yCoord>

</edgeMap>
<edgeMap>
<xCoord>415</xCoord>
<yCoord>359</yCoord>
</edgeMap>
<edgeMap>
<xCoord>416</xCoord>
<yCoord>360</yCoord>
</edgeMap>
<edgeMap>
<xCoord>417</xCoord>
<yCoord>361</yCoord>

</edgeMap>
<edgeMap>
<xCoord>418</xCoord>
<yCoord>362</yCoord>
</edgeMap>
<edgeMap>
<xCoord>419</xCoord>
<yCoord>362</yCoord>
</edgeMap>
<edgeMap>
<xCoord>420</xCoord>
<yCoord>362</yCoord>

</edgeMap>
<edgeMap>
<xCoord>421</xCoord>
<yCoord>362</yCoord>
</edgeMap>
</roi>
<roi>
<imageZposition>-166.0</imageZposition>
<imageSOP_UID>1.3.6.1.4.1.14519.5.2.1.6279.6001.132928682625110367107392060649</imageSOP_UID>
<inclusion>TRUE</inclusion>
<edgeMap>
<xCoord>419</xCoord>

<yCoord>363</yCoord>
</edgeMap>
<edgeMap>
<xCoord>420</xCoord>
<yCoord>362</yCoord>
</edgeMap>
<edgeMap>
<xCoord>421</xCoord>
<yCoord>361</yCoord>
</edgeMap>
<edgeMap>
<xCoord>422</xCoord>

<yCoord>360</yCoord>
</edgeMap>
<edgeMap>
<xCoord>422</xCoord>
<yCoord>359</yCoord>
</edgeMap>
<edgeMap>
<xCoord>422</xCoord>
<yCoord>358</yCoord>
</edgeMap>
<edgeMap>
<xCoord>422</xCoord>

<yCoord>357</yCoord>
</edgeMap>
<edgeMap>
<xCoord>422</xCoord>
<yCoord>356</yCoord>
</edgeMap>
<edgeMap>
<xCoord>421</xCoord>
<yCoord>355</yCoord>
</edgeMap>
<edgeMap>
<xCoord>420</xCoord>

<yCoord>354</yCoord>
</edgeMap>
<edgeMap>
<xCoord>419</xCoord>
<yCoord>354</yCoord>
</edgeMap>
<edgeMap>
<xCoord>418</xCoord>
<yCoord>354</yCoord>
</edgeMap>
<edgeMap>
<xCoord>417</xCoord>

<yCoord>354</yCoord>
</edgeMap>
<edgeMap>
<xCoord>416</xCoord>
<yCoord>354</yCoord>
</edgeMap>
<edgeMap>
<xCoord>415</xCoord>
<yCoord>355</yCoord>
</edgeMap>
<edgeMap>
<xCoord>415</xCoord>

<yCoord>356</yCoord>
</edgeMap>
<edgeMap>
<xCoord>415</xCoord>
<yCoord>357</yCoord>
</edgeMap>
<edgeMap>
<xCoord>415</xCoord>
<yCoord>358</yCoord>
</edgeMap>
<edgeMap>
<xCoord>415</xCoord>

<yCoord>359</yCoord>
</edgeMap>
<edgeMap>
<xCoord>415</xCoord>
<yCoord>360</yCoord>
</edgeMap>
<edgeMap>
<xCoord>416</xCoord>
<yCoord>361</yCoord>
</edgeMap>
<edgeMap>
<xCoord>417</xCoord>

<yCoord>362</yCoord>
</edgeMap>
<edgeMap>
<xCoord>418</xCoord>
<yCoord>363</yCoord>
</edgeMap>
<edgeMap>
<xCoord>419</xCoord>
<yCoord>363</yCoord>
</edgeMap>
</roi>
</unblindedReadNodule>

<unblindedReadNodule>
<noduleID>70399</noduleID>
<roi>
<imageZposition>-151.0</imageZposition>
<imageSOP_UID>1.3.6.1.4.1.14519.5.2.1.6279.6001.310599043324193602560882684632</imageSOP_UID>
<inclusion>TRUE</inclusion>
<edgeMap>
<xCoord>362</xCoord>
<yCoord>439</yCoord>
</edgeMap>
</roi>

</unblindedReadNodule>
<unblindedReadNodule>
<noduleID>70400</noduleID>
<roi>
<imageZposition>-151.0</imageZposition>
<imageSOP_UID>1.3.6.1.4.1.14519.5.2.1.6279.6001.310599043324193602560882684632</imageSOP_UID>
<inclusion>TRUE</inclusion>
<edgeMap>
<xCoord>351</xCoord>
<yCoord>440</yCoord>
</edgeMap>

</roi>
</unblindedReadNodule>
<unblindedReadNodule>
<noduleID>96644</noduleID>
<roi>
<imageZposition>-133.0</imageZposition>
<imageSOP_UID>1.3.6.1.4.1.14519.5.2.1.6279.6001.280449509448385393508898241770</imageSOP_UID>
<inclusion>TRUE</inclusion>
<edgeMap>
<xCoord>375</xCoord>
<yCoord>351</yCoord>

</edgeMap>
</roi>
</unblindedReadNodule>
<nonNodule>
<nonNoduleID>70392</nonNoduleID>
<imageZposition>-235.0</imageZposition>
<imageSOP_UID>1.3.6.1.4.1.14519.5.2.1.6279.6001.263150682630281920353378055697</imageSOP_UID>
<locus>
<xCoord>91</xCoord>
<yCoord>186</yCoord>
</locus>
</nonNodule>

<nonNodule>
<nonNoduleID>70396</nonNoduleID>
<imageZposition>-250.0</imageZposition>
<imageSOP_UID>1.3.6.1.4.1.14519.5.2.1.6279.6001.469778385821407199905043763000</imageSOP_UID>
<locus>
<xCoord>72</xCoord>
<yCoord>241</yCoord>
</locus>
</nonNodule>
<nonNodule>
<nonNoduleID>70401</nonNoduleID>

<imageZposition>-223.0</imageZposition>
<imageSOP_UID>1.3.6.1.4.1.14519.5.2.1.6279.6001.169721939089333090097914845436</imageSOP_UID>
<locus>
<xCoord>455</xCoord>
<yCoord>247</yCoord>
</locus>
</nonNodule>
<nonNodule>
<nonNoduleID>70402</nonNoduleID>
<imageZposition>-109.0</imageZposition>
<imageSOP_UID>1.3.6.1.4.1.14519.5.2.1.6279.6001.293306865343970688125009025519</imageSOP_UID>

<locus>
<xCoord>293</xCoord>
<yCoord>397</yCoord>
</locus>
</nonNodule>
<nonNodule>
<nonNoduleID>70397</nonNoduleID>
<imageZposition>-181.0</imageZposition>
<imageSOP_UID>1.3.6.1.4.1.14519.5.2.1.6279.6001.215206454482604805008080302656</imageSOP_UID>
<locus>
<xCoord>454</xCoord>

<yCoord>360</yCoord>
</locus>
</nonNodule>
<nonNodule>
<nonNoduleID>70398</nonNoduleID>
<imageZposition>-223.0</imageZposition>
<imageSOP_UID>1.3.6.1.4.1.14519.5.2.1.6279.6001.169721939089333090097914845436</imageSOP_UID>
<locus>
<xCoord>459</xCoord>
<yCoord>242</yCoord>
</locus>

</nonNodule>
<nonNodule>
<nonNoduleID>70403</nonNoduleID>
<imageZposition>-211.0</imageZposition>
<imageSOP_UID>1.3.6.1.4.1.14519.5.2.1.6279.6001.202084775232678434999366288769</imageSOP_UID>
<locus>
<xCoord>461</xCoord>
<yCoord>213</yCoord>
</locus>
</nonNodule>
<nonNodule>
<nonNoduleID>96646</nonNoduleID>

<imageZposition>-244.0</imageZposition>
<imageSOP_UID>1.3.6.1.4.1.14519.5.2.1.6279.6001.250306138169213323613128598263</imageSOP_UID>
<locus>
<xCoord>320</xCoord>
<yCoord>407</yCoord>
</locus>
</nonNodule>
</readingSession>


  <readingSession>
    <annotationVersion>3.12</annotationVersion>
    <servicingRadiologistID>anon</servicingRadiologistID>
    <unblindedReadNodule>

      <noduleID>70016</noduleID>
      <characteristics>
        <subtlety>2</subtlety>
        <internalStructure>1</internalStructure>
        <calcification>6</calcification>
        <sphericity>4</sphericity>

        <margin>5</margin>
        <lobulation>1</lobulation>
        <spiculation>1</spiculation>
        <texture>4</texture>
        <malignancy>3</malignancy>
      </characteristics>

      <roi>
        <imageZposition>-163.0</imageZposition>
        <imageSOP_UID>1.3.6.1.4.1.14519.5.2.1.6279.6001.315263568041346017437615359908</imageSOP_UID>
        <inclusion>TRUE</inclusion>
        <edgeMap>
          <xCoord>420</xCoord>
          <yCoord>363</yCoord>

        </edgeMap>
        <edgeMap>
          <xCoord>421</xCoord>
          <yCoord>362</yCoord>
        </edgeMap>
        <edgeMap>
          <xCoord>422</xCoord>

          <yCoord>362</yCoord>
        </edgeMap>
        <edgeMap>
          <xCoord>423</xCoord>
          <yCoord>361</yCoord>
        </edgeMap>
        <edgeMap>

          <xCoord>424</xCoord>
          <yCoord>360</yCoord>
        </edgeMap>
        <edgeMap>
          <xCoord>424</xCoord>
          <yCoord>359</yCoord>
        </edgeMap>

        <edgeMap>
          <xCoord>424</xCoord>
          <yCoord>358</yCoord>
        </edgeMap>
        <edgeMap>
          <xCoord>424</xCoord>
          <yCoord>357</yCoord>

        </edgeMap>
        <edgeMap>
          <xCoord>423</xCoord>
          <yCoord>356</yCoord>
        </edgeMap>
        <edgeMap>
          <xCoord>422</xCoord>

          <yCoord>355</yCoord>
        </edgeMap>
        <edgeMap>
          <xCoord>421</xCoord>
          <yCoord>355</yCoord>
        </edgeMap>
        <edgeMap>

          <xCoord>420</xCoord>
          <yCoord>354</yCoord>
        </edgeMap>
        <edgeMap>
          <xCoord>419</xCoord>
          <yCoord>354</yCoord>
        </edgeMap>

        <edgeMap>
          <xCoord>418</xCoord>
          <yCoord>354</yCoord>
        </edgeMap>
        <edgeMap>
          <xCoord>417</xCoord>
          <yCoord>355</yCoord>

        </edgeMap>
        <edgeMap>
          <xCoord>416</xCoord>
          <yCoord>355</yCoord>
        </edgeMap>
        <edgeMap>
          <xCoord>415</xCoord>

          <yCoord>356</yCoord>
        </edgeMap>
        <edgeMap>
          <xCoord>415</xCoord>
          <yCoord>357</yCoord>
        </edgeMap>
        <edgeMap>

          <xCoord>414</xCoord>
          <yCoord>358</yCoord>
        </edgeMap>
        <edgeMap>
          <xCoord>415</xCoord>
          <yCoord>359</yCoord>
        </edgeMap>

        <edgeMap>
          <xCoord>415</xCoord>
          <yCoord>360</yCoord>
        </edgeMap>
        <edgeMap>
          <xCoord>416</xCoord>
          <yCoord>361</yCoord>

        </edgeMap>
        <edgeMap>
          <xCoord>417</xCoord>
          <yCoord>362</yCoord>
        </edgeMap>
        <edgeMap>
          <xCoord>418</xCoord>

          <yCoord>362</yCoord>
        </edgeMap>
        <edgeMap>
          <xCoord>419</xCoord>
          <yCoord>363</yCoord>
        </edgeMap>
        <edgeMap>

          <xCoord>420</xCoord>
          <yCoord>363</yCoord>
        </edgeMap>
      </roi>
      <roi>
        <imageZposition>-166.0</imageZposition>
        <imageSOP_UID>1.3.6.1.4.1.14519.5.2.1.6279.6001.132928682625110367107392060649</imageSOP_UID>

        <inclusion>TRUE</inclusion>
        <edgeMap>
          <xCoord>420</xCoord>
          <yCoord>363</yCoord>
        </edgeMap>
        <edgeMap>
          <xCoord>421</xCoord>

          <yCoord>362</yCoord>
        </edgeMap>
        <edgeMap>
          <xCoord>422</xCoord>
          <yCoord>361</yCoord>
        </edgeMap>
        <edgeMap>

          <xCoord>422</xCoord>
          <yCoord>360</yCoord>
        </edgeMap>
        <edgeMap>
          <xCoord>423</xCoord>
          <yCoord>359</yCoord>
        </edgeMap>

        <edgeMap>
          <xCoord>423</xCoord>
          <yCoord>358</yCoord>
        </edgeMap>
        <edgeMap>
          <xCoord>423</xCoord>
          <yCoord>357</yCoord>

        </edgeMap>
        <edgeMap>
          <xCoord>422</xCoord>
          <yCoord>356</yCoord>
        </edgeMap>
        <edgeMap>
          <xCoord>421</xCoord>

          <yCoord>355</yCoord>
        </edgeMap>
        <edgeMap>
          <xCoord>420</xCoord>
          <yCoord>354</yCoord>
        </edgeMap>
        <edgeMap>

          <xCoord>419</xCoord>
          <yCoord>354</yCoord>
        </edgeMap>
        <edgeMap>
          <xCoord>418</xCoord>
          <yCoord>354</yCoord>
        </edgeMap>

        <edgeMap>
          <xCoord>417</xCoord>
          <yCoord>354</yCoord>
        </edgeMap>
        <edgeMap>
          <xCoord>416</xCoord>
          <yCoord>354</yCoord>

        </edgeMap>
        <edgeMap>
          <xCoord>415</xCoord>
          <yCoord>355</yCoord>
        </edgeMap>
        <edgeMap>
          <xCoord>414</xCoord>

          <yCoord>356</yCoord>
        </edgeMap>
        <edgeMap>
          <xCoord>414</xCoord>
          <yCoord>357</yCoord>
        </edgeMap>
        <edgeMap>

          <xCoord>414</xCoord>
          <yCoord>358</yCoord>
        </edgeMap>
        <edgeMap>
          <xCoord>415</xCoord>
          <yCoord>359</yCoord>
        </edgeMap>

        <edgeMap>
          <xCoord>415</xCoord>
          <yCoord>360</yCoord>
        </edgeMap>
        <edgeMap>
          <xCoord>415</xCoord>
          <yCoord>361</yCoord>

        </edgeMap>
        <edgeMap>
          <xCoord>416</xCoord>
          <yCoord>362</yCoord>
        </edgeMap>
        <edgeMap>
          <xCoord>417</xCoord>

          <yCoord>363</yCoord>
        </edgeMap>
        <edgeMap>
          <xCoord>418</xCoord>
          <yCoord>363</yCoord>
        </edgeMap>
        <edgeMap>

          <xCoord>419</xCoord>
          <yCoord>363</yCoord>
        </edgeMap>
        <edgeMap>
          <xCoord>420</xCoord>
          <yCoord>363</yCoord>
        </edgeMap>

      </roi>
    </unblindedReadNodule>
    <nonNodule>
      <nonNoduleID>70022</nonNoduleID>
      <imageZposition>-235.0</imageZposition>
      <imageSOP_UID>1.3.6.1.4.1.14519.5.2.1.6279.6001.263150682630281920353378055697</imageSOP_UID>
      <locus>

        <xCoord>91</xCoord>
        <yCoord>186</yCoord>
      </locus>
    </nonNodule>
    <nonNodule>
      <nonNoduleID>70026</nonNoduleID>
      <imageZposition>-250.0</imageZposition>

      <imageSOP_UID>1.3.6.1.4.1.14519.5.2.1.6279.6001.469778385821407199905043763000</imageSOP_UID>
      <locus>
        <xCoord>72</xCoord>
        <yCoord>243</yCoord>
      </locus>
    </nonNodule>
    <nonNodule>

      <nonNoduleID>70028</nonNoduleID>
      <imageZposition>-181.0</imageZposition>
      <imageSOP_UID>1.3.6.1.4.1.14519.5.2.1.6279.6001.215206454482604805008080302656</imageSOP_UID>
      <locus>
        <xCoord>454</xCoord>
        <yCoord>360</yCoord>

      </locus>
    </nonNodule>
    <nonNodule>
      <nonNoduleID>70029</nonNoduleID>
      <imageZposition>-223.0</imageZposition>
      <imageSOP_UID>1.3.6.1.4.1.14519.5.2.1.6279.6001.169721939089333090097914845436</imageSOP_UID>
      <locus>

        <xCoord>459</xCoord>
        <yCoord>242</yCoord>
      </locus>
    </nonNodule>
  </readingSession>


<readingSession>
<annotationVersion>3.12</annotationVersion>
<servicingRadiologistID>anon</servicingRadiologistID>
<unblindedReadNodule>
<noduleID>14393</noduleID>
<characteristics>
<subtlety>1</subtlety>
<internalStructure>1</internalStructure>
<calcification>6</calcification>
<sphericity>4</sphericity>
<margin>3</margin>
<lobulation>1</lobulation>
<spiculation>1</spiculation>
<texture>2</texture>
<malignancy>3</malignancy>
</characteristics>
<roi>
<imageZposition>-163.0</imageZposition>
<imageSOP_UID>1.3.6.1.4.1.14519.5.2.1.6279.6001.315263568041346017437615359908</imageSOP_UID>
<inclusion>TRUE</inclusion>
<edgeMap>
<xCoord>421</xCoord>
<yCoord>362</yCoord>
</edgeMap>
<edgeMap>
<xCoord>422</xCoord>
<yCoord>361</yCoord>
</edgeMap>
<edgeMap>
<xCoord>423</xCoord>
<yCoord>360</yCoord>
</edgeMap>
<edgeMap>
<xCoord>424</xCoord>
<yCoord>359</yCoord>
</edgeMap>
<edgeMap>
<xCoord>424</xCoord>
<yCoord>358</yCoord>
</edgeMap>
<edgeMap>
<xCoord>423</xCoord>
<yCoord>357</yCoord>
</edgeMap>
<edgeMap>
<xCoord>422</xCoord>
<yCoord>356</yCoord>
</edgeMap>
<edgeMap>
<xCoord>421</xCoord>
<yCoord>355</yCoord>
</edgeMap>
<edgeMap>
<xCoord>420</xCoord>
<yCoord>355</yCoord>
</edgeMap>
<edgeMap>
<xCoord>419</xCoord>
<yCoord>355</yCoord>
</edgeMap>
<edgeMap>
<xCoord>418</xCoord>
<yCoord>355</yCoord>
</edgeMap>
<edgeMap>
<xCoord>417</xCoord>
<yCoord>355</yCoord>
</edgeMap>
<edgeMap>
<xCoord>416</xCoord>
<yCoord>355</yCoord>
</edgeMap>
<edgeMap>
<xCoord>415</xCoord>
<yCoord>356</yCoord>
</edgeMap>
<edgeMap>
<xCoord>415</xCoord>
<yCoord>357</yCoord>
</edgeMap>
<edgeMap>
<xCoord>415</xCoord>
<yCoord>358</yCoord>
</edgeMap>
<edgeMap>
<xCoord>415</xCoord>
<yCoord>359</yCoord>
</edgeMap>
<edgeMap>
<xCoord>416</xCoord>
<yCoord>360</yCoord>
</edgeMap>
<edgeMap>
<xCoord>417</xCoord>
<yCoord>361</yCoord>
</edgeMap>
<edgeMap>
<xCoord>418</xCoord>
<yCoord>362</yCoord>
</edgeMap>
<edgeMap>
<xCoord>419</xCoord>
<yCoord>362</yCoord>
</edgeMap>
<edgeMap>
<xCoord>420</xCoord>
<yCoord>362</yCoord>
</edgeMap>
<edgeMap>
<xCoord>421</xCoord>
<yCoord>362</yCoord>
</edgeMap>
</roi>
<roi>
<imageZposition>-166.0</imageZposition>
<imageSOP_UID>1.3.6.1.4.1.14519.5.2.1.6279.6001.132928682625110367107392060649</imageSOP_UID>
<inclusion>TRUE</inclusion>
<edgeMap>
<xCoord>419</xCoord>
<yCoord>363</yCoord>
</edgeMap>
<edgeMap>
<xCoord>420</xCoord>
<yCoord>362</yCoord>
</edgeMap>
<edgeMap>
<xCoord>421</xCoord>
<yCoord>361</yCoord>
</edgeMap>
<edgeMap>
<xCoord>422</xCoord>
<yCoord>360</yCoord>
</edgeMap>
<edgeMap>
<xCoord>422</xCoord>
<yCoord>359</yCoord>
</edgeMap>
<edgeMap>
<xCoord>422</xCoord>
<yCoord>358</yCoord>
</edgeMap>
<edgeMap>
<xCoord>422</xCoord>
<yCoord>357</yCoord>
</edgeMap>
<edgeMap>
<xCoord>422</xCoord>
<yCoord>356</yCoord>
</edgeMap>
<edgeMap>
<xCoord>421</xCoord>
<yCoord>355</yCoord>
</edgeMap>
<edgeMap>
<xCoord>420</xCoord>
<yCoord>354</yCoord>
</edgeMap>
<edgeMap>
<xCoord>419</xCoord>
<yCoord>354</yCoord>
</edgeMap>
<edgeMap>
<xCoord>418</xCoord>
<yCoord>354</yCoord>
</edgeMap>
<edgeMap>
<xCoord>417</xCoord>
<yCoord>354</yCoord>
</edgeMap>
<edgeMap>
<xCoord>416</xCoord>
<yCoord>355</yCoord>
</edgeMap>
<edgeMap>
<xCoord>415</xCoord>
<yCoord>356</yCoord>
</edgeMap>
<edgeMap>
<xCoord>415</xCoord>
<yCoord>357</yCoord>
</edgeMap>
<edgeMap>
<xCoord>415</xCoord>
<yCoord>358</yCoord>
</edgeMap>
<edgeMap>
<xCoord>415</xCoord>
<yCoord>359</yCoord>
</edgeMap>
<edgeMap>
<xCoord>415</xCoord>
<yCoord>360</yCoord>
</edgeMap>
<edgeMap>
<xCoord>416</xCoord>
<yCoord>361</yCoord>
</edgeMap>
<edgeMap>
<xCoord>417</xCoord>
<yCoord>362</yCoord>
</edgeMap>
<edgeMap>
<xCoord>418</xCoord>
<yCoord>363</yCoord>
</edgeMap>
<edgeMap>
<xCoord>419</xCoord>
<yCoord>363</yCoord>
</edgeMap>
</roi>
</unblindedReadNodule>
<nonNodule>
<nonNoduleID>14400</nonNoduleID>
<imageZposition>-235.0</imageZposition>
<imageSOP_UID>1.3.6.1.4.1.14519.5.2.1.6279.6001.263150682630281920353378055697</imageSOP_UID>
<locus>
<xCoord>90</xCoord>
<yCoord>188</yCoord>
</locus>
</nonNodule>
<nonNodule>
<nonNoduleID>14402</nonNoduleID>
<imageZposition>-250.0</imageZposition>
<imageSOP_UID>1.3.6.1.4.1.14519.5.2.1.6279.6001.469778385821407199905043763000</imageSOP_UID>
<locus>
<xCoord>72</xCoord>
<yCoord>241</yCoord>
</locus>
</nonNodule>
<nonNodule>
<nonNoduleID>14404</nonNoduleID>
<imageZposition>-223.0</imageZposition>
<imageSOP_UID>1.3.6.1.4.1.14519.5.2.1.6279.6001.169721939089333090097914845436</imageSOP_UID>
<locus>
<xCoord>459</xCoord>
<yCoord>242</yCoord>
</locus>
</nonNodule>
<nonNodule>
<nonNoduleID>14407</nonNoduleID>
<imageZposition>-223.0</imageZposition>
<imageSOP_UID>1.3.6.1.4.1.14519.5.2.1.6279.6001.169721939089333090097914845436</imageSOP_UID>
<locus>
<xCoord>455</xCoord>
<yCoord>247</yCoord>
</locus>
</nonNodule>
<nonNodule>
<nonNoduleID>14408</nonNoduleID>
<imageZposition>-109.0</imageZposition>
<imageSOP_UID>1.3.6.1.4.1.14519.5.2.1.6279.6001.293306865343970688125009025519</imageSOP_UID>
<locus>
<xCoord>293</xCoord>
<yCoord>397</yCoord>
</locus>
</nonNodule>
<nonNodule>
<nonNoduleID>14409</nonNoduleID>
<imageZposition>-211.0</imageZposition>
<imageSOP_UID>1.3.6.1.4.1.14519.5.2.1.6279.6001.202084775232678434999366288769</imageSOP_UID>
<locus>
<xCoord>461</xCoord>
<yCoord>213</yCoord>
</locus>
</nonNodule>
</readingSession>


	<readingSession>
		<annotationVersion>3.12</annotationVersion>
		<servicingRadiologistID>anon</servicingRadiologistID>
			<unblindedReadNodule>
				<noduleID>0</noduleID>
				<characteristics>
					<subtlety>3</subtlety>
					<internalStructure>1</internalStructure>
					<calcification>6</calcification>
					<sphericity>5</sphericity>
					<margin>5</margin>
					<lobulation>1</lobulation>
					<spiculation>1</spiculation>
					<texture>5</texture>
					<malignancy>2</malignancy>
				</characteristics>
				<roi>
					<imageZposition>-163.0</imageZposition>
					<imageSOP_UID>1.3.6.1.4.1.14519.5.2.1.6279.6001.315263568041346017437615359908</imageSOP_UID>
					<inclusion>TRUE</inclusion>
					<edgeMap>
					<xCoord>418</xCoord>
					<yCoord>354</yCoord>
					</edgeMap>
					<edgeMap>
					<xCoord>419</xCoord>
					<yCoord>355</yCoord>
					</edgeMap>
					<edgeMap>
					<xCoord>420</xCoord>
					<yCoord>355</yCoord>
					</edgeMap>
					<edgeMap>
					<xCoord>421</xCoord>
					<yCoord>355</yCoord>
					</edgeMap>
					<edgeMap>
					<xCoord>422</xCoord>
					<yCoord>356</yCoord>
					</edgeMap>
					<edgeMap>
					<xCoord>423</xCoord>
					<yCoord>357</yCoord>
					</edgeMap>
					<edgeMap>
					<xCoord>423</xCoord>
					<yCoord>358</yCoord>
					</edgeMap>
					<edgeMap>
					<xCoord>423</xCoord>
					<yCoord>359</yCoord>
					</edgeMap>
					<edgeMap>
					<xCoord>423</xCoord>
					<yCoord>360</yCoord>
					</edgeMap>
					<edgeMap>
					<xCoord>422</xCoord>
					<yCoord>361</yCoord>
					</edgeMap>
					<edgeMap>
					<xCoord>421</xCoord>
					<yCoord>361</yCoord>
					</edgeMap>
					<edgeMap>
					<xCoord>420</xCoord>
					<yCoord>362</yCoord>
					</edgeMap>
					<edgeMap>
					<xCoord>419</xCoord>
					<yCoord>362</yCoord>
					</edgeMap>
					<edgeMap>
					<xCoord>418</xCoord>
					<yCoord>361</yCoord>
					</edgeMap>
					<edgeMap>
					<xCoord>417</xCoord>
					<yCoord>361</yCoord>
					</edgeMap>
					<edgeMap>
					<xCoord>416</xCoord>
					<yCoord>360</yCoord>
					</edgeMap>
					<edgeMap>
					<xCoord>415</xCoord>
					<yCoord>360</yCoord>
					</edgeMap>
					<edgeMap>
					<xCoord>415</xCoord>
					<yCoord>359</yCoord>
					</edgeMap>
					<edgeMap>
					<xCoord>415</xCoord>
					<yCoord>358</yCoord>
					</edgeMap>
					<edgeMap>
					<xCoord>415</xCoord>
					<yCoord>357</yCoord>
					</edgeMap>
					<edgeMap>
					<xCoord>416</xCoord>
					<yCoord>357</yCoord>
					</edgeMap>
					<edgeMap>
					<xCoord>416</xCoord>
					<yCoord>356</yCoord>
					</edgeMap>
					<edgeMap>
					<xCoord>417</xCoord>
					<yCoord>355</yCoord>
					</edgeMap>
					<edgeMap>
					<xCoord>418</xCoord>
					<yCoord>354</yCoord>
					</edgeMap>
				</roi>
				<roi>
					<imageZposition>-166.0</imageZposition>
					<imageSOP_UID>1.3.6.1.4.1.14519.5.2.1.6279.6001.132928682625110367107392060649</imageSOP_UID>
					<inclusion>TRUE</inclusion>
					<edgeMap>
					<xCoord>420</xCoord>
					<yCoord>354</yCoord>
					</edgeMap>
					<edgeMap>
					<xCoord>419</xCoord>
					<yCoord>354</yCoord>
					</edgeMap>
					<edgeMap>
					<xCoord>418</xCoord>
					<yCoord>355</yCoord>
					</edgeMap>
					<edgeMap>
					<xCoord>417</xCoord>
					<yCoord>355</yCoord>
					</edgeMap>
					<edgeMap>
					<xCoord>416</xCoord>
					<yCoord>355</yCoord>
					</edgeMap>
					<edgeMap>
					<xCoord>416</xCoord>
					<yCoord>356</yCoord>
					</edgeMap>
					<edgeMap>
					<xCoord>415</xCoord>
					<yCoord>357</yCoord>
					</edgeMap>
					<edgeMap>
					<xCoord>415</xCoord>
					<yCoord>358</yCoord>
					</edgeMap>
					<edgeMap>
					<xCoord>415</xCoord>
					<yCoord>359</yCoord>
					</edgeMap>
					<edgeMap>
					<xCoord>415</xCoord>
					<yCoord>360</yCoord>
					</edgeMap>
					<edgeMap>
					<xCoord>415</xCoord>
					<yCoord>361</yCoord>
					</edgeMap>
					<edgeMap>
					<xCoord>416</xCoord>
					<yCoord>362</yCoord>
					</edgeMap>
					<edgeMap>
					<xCoord>417</xCoord>
					<yCoord>362</yCoord>
					</edgeMap>
					<edgeMap>
					<xCoord>418</xCoord>
					<yCoord>362</yCoord>
					</edgeMap>
					<edgeMap>
					<xCoord>419</xCoord>
					<yCoord>362</yCoord>
					</edgeMap>
					<edgeMap>
					<xCoord>420</xCoord>
					<yCoord>361</yCoord>
					</edgeMap>
					<edgeMap>
					<xCoord>421</xCoord>
					<yCoord>361</yCoord>
					</edgeMap>
					<edgeMap>
					<xCoord>422</xCoord>
					<yCoord>361</yCoord>
					</edgeMap>
					<edgeMap>
					<xCoord>422</xCoord>
					<yCoord>360</yCoord>
					</edgeMap>
					<edgeMap>
					<xCoord>422</xCoord>
					<yCoord>359</yCoord>
					</edgeMap>
					<edgeMap>
					<xCoord>422</xCoord>
					<yCoord>358</yCoord>
					</edgeMap>
					<edgeMap>
					<xCoord>422</xCoord>
					<yCoord>357</yCoord>
					</edgeMap>
					<edgeMap>
					<xCoord>421</xCoord>
					<yCoord>356</yCoord>
					</edgeMap>
					<edgeMap>
					<xCoord>420</xCoord>
					<yCoord>355</yCoord>
					</edgeMap>
					<edgeMap>
					<xCoord>420</xCoord>
					<yCoord>354</yCoord>
					</edgeMap>
				</roi>
			</unblindedReadNodule>
			<unblindedReadNodule>
				<noduleID>3</noduleID>
				<characteristics>
					<subtlety>1</subtlety>
					<internalStructure>1</internalStructure>
					<calcification>6</calcification>
					<sphericity>5</sphericity>
					<margin>5</margin>
					<lobulation>1</lobulation>
					<spiculation>1</spiculation>
					<texture>5</texture>
					<malignancy>2</malignancy>
				</characteristics>
				<roi>
					<imageZposition>-133.0</imageZposition>
					<imageSOP_UID>1.3.6.1.4.1.14519.5.2.1.6279.6001.280449509448385393508898241770</imageSOP_UID>
					<inclusion>TRUE</inclusion>
					<edgeMap>
					<xCoord>373</xCoord>
					<yCoord>348</yCoord>
					</edgeMap>
					<edgeMap>
					<xCoord>374</xCoord>
					<yCoord>348</yCoord>
					</edgeMap>
					<edgeMap>
					<xCoord>375</xCoord>
					<yCoord>347</yCoord>
					</edgeMap>
					<edgeMap>
					<xCoord>376</xCoord>
					<yCoord>347</yCoord>
					</edgeMap>
					<edgeMap>
					<xCoord>377</xCoord>
					<yCoord>347</yCoord>
					</edgeMap>
					<edgeMap>
					<xCoord>378</xCoord>
					<yCoord>347</yCoord>
					</edgeMap>
					<edgeMap>
					<xCoord>379</xCoord>
					<yCoord>347</yCoord>
					</edgeMap>
					<edgeMap>
					<xCoord>380</xCoord>
					<yCoord>347</yCoord>
					</edgeMap>
					<edgeMap>
					<xCoord>380</xCoord>
					<yCoord>348</yCoord>
					</edgeMap>
					<edgeMap>
					<xCoord>381</xCoord>
					<yCoord>349</yCoord>
					</edgeMap>
					<edgeMap>
					<xCoord>380</xCoord>
					<yCoord>350</yCoord>
					</edgeMap>
					<edgeMap>
					<xCoord>379</xCoord>
					<yCoord>351</yCoord>
					</edgeMap>
					<edgeMap>
					<xCoord>378</xCoord>
					<yCoord>352</yCoord>
					</edgeMap>
					<edgeMap>
					<xCoord>377</xCoord>
					<yCoord>352</yCoord>
					</edgeMap>
					<edgeMap>
					<xCoord>376</xCoord>
					<yCoord>352</yCoord>
					</edgeMap>
					<edgeMap>
					<xCoord>375</xCoord>
					<yCoord>352</yCoord>
					</edgeMap>
					<edgeMap>
					<xCoord>374</xCoord>
					<yCoord>351</yCoord>
					</edgeMap>
					<edgeMap>
					<xCoord>374</xCoord>
					<yCoord>350</yCoord>
					</edgeMap>
					<edgeMap>
					<xCoord>373</xCoord>
					<yCoord>349</yCoord>
					</edgeMap>
					<edgeMap>
					<xCoord>373</xCoord>
					<yCoord>348</yCoord>
					</edgeMap>
				</roi>
			</unblindedReadNodule>
			<nonNodule>
				<nonNoduleID>1</nonNoduleID>
				<imageZposition>-211.0</imageZposition>
				<imageSOP_UID>1.3.6.1.4.1.14519.5.2.1.6279.6001.202084775232678434999366288769</imageSOP_UID>
				<locus>
					<xCoord>461</xCoord>
					<yCoord>213</yCoord>
				</locus>
			</nonNodule>
			<nonNodule>
				<nonNoduleID>2</nonNoduleID>
				<imageZposition>-235.0</imageZposition>
				<imageSOP_UID>1.3.6.1.4.1.14519.5.2.1.6279.6001.263150682630281920353378055697</imageSOP_UID>
				<locus>
					<xCoord>92</xCoord>
					<yCoord>187</yCoord>
				</locus>
			</nonNodule>
			<nonNodule>
				<nonNoduleID>4</nonNoduleID>
				<imageZposition>-244.0</imageZposition>
				<imageSOP_UID>1.3.6.1.4.1.14519.5.2.1.6279.6001.250306138169213323613128598263</imageSOP_UID>
				<locus>
					<xCoord>320</xCoord>
					<yCoord>407</yCoord>
				</locus>
			</nonNodule>
			<nonNodule>
				<nonNoduleID>5</nonNoduleID>
				<imageZposition>-151.0</imageZposition>
				<imageSOP_UID>1.3.6.1.4.1.14519.5.2.1.6279.6001.310599043324193602560882684632</imageSOP_UID>
				<locus>
					<xCoord>362</xCoord>
					<yCoord>439</yCoord>
				</locus>
			</nonNodule>
			<nonNodule>
				<nonNoduleID>6</nonNoduleID>
				<imageZposition>-151.0</imageZposition>
				<imageSOP_UID>1.3.6.1.4.1.14519.5.2.1.6279.6001.310599043324193602560882684632</imageSOP_UID>
				<locus>
					<xCoord>362</xCoord>
					<yCoord>439</yCoord>
				</locus>
			</nonNodule>
	</readingSession>


</LidcReadMessage>